:020000040000fa
:10000000f88b01202926020115920001e5960001d6
:100010005dcf010125d00101bd6f0201000000008c
:10002000000000000000000000000000b11003010b
:10003000c5fb000100000000c16f02013dfd02018f
:10004000fd460301fd460301fd460301dd2b0301cf
:10005000fd460301fd460301fd460301fd46030184
:10006000fd460301fd460301fd460301fd46030174
:100070009d7e0201fd460301fd460301fd4603018d
:10008000fd460301fd460301fd460301fd46030154
:10009000fd460301fd460301fd460301fd46030144
:1000a000fd460301fd460301fd460301fd46030134
:1000b000fd460301fd460301fd460301b167020150
:1000c00089dd0101fd460301fd460301fd460301f3
:1000d000fd460301fd460301c5790201fd4603010a
:020000040000fa
:020000040004f6
:045f8800ffff000017
:020000040000fa
:020000040004f6
:045f8c0000400e843f
:020000040000fa
:020000040004f6
:045f900038fc745f06
:020000040000fa
:020000040004f6
:045f94003844121467
:020000040000fa
:020000040004f6
:045f98000300007191
:020000040000fa
:020000040004f6
:045f9c000000000001
:020000040000fa
:020000040004f6
:045fbc0000000010d1
:020000040000fa
:020000040100f9
:104000000f2020004cbd0020000000000000000038
:104010000e2020004cbd0020000000000000000029
:104020000d2020004cbd002000000000000000001a
:104030000c2020004cbd002000000000000000000b
:104040000b2020004cbd00200000000000000000fc
:104050000a2020004cbd00200000000000000000ed
:10406000092020004cbd00200000000000000000de
:10407000082020004cbd00200000000000000000cf
:10408000072032007cbc002000000000000000007f
:10409000062032007cbc0020000000000000000070
:1040a000052032007cbc0020000000000000000061
:1040b000042032007cbc0020000000000000000052
:1040c000032032007cbc0020000000000000000043
:1040d000022032007cbc0020000000000000000034
:1040e000012032007cbc0020000000000000000025
:1040f000002032007cbc0020000000000000000016
:10410000f8b500bff8bc08bc9e46704785bf0201e9
:10411000f8b500bff8bc08bc9e46704761bf0201fd
:020000040000fa
:020000040100f9
:084120003885000001000000d9
:020000040000fa
:020000040100f9
:10412800ccbd00201c0000000000000024bf0020bf
:10413800100000000000000021b200200100000073
:1041480000000000fcff0120040000000000000047
:10415800b4bf00200800000000000000b1bf00202c
:104168000100000000000000f8c400201800000052
:10417800010000000201060a0944494d4d45525ffd
:1041880030300916dafe0002000500007cc000206d
:10419800080000000000000079c0002001000000b5
:1041a80000000000a2c20020010000000000000082
:1041b80084c000200800000000000000a3c2002006
:1041c80001000000000000008cc000200c0000006e
:1041d80000000000e1c20020010000000100000012
:1041e800010000009dc20020020000000000000045
:1041f80024b2002000020000000000009fc200203e
:104208000100000000000000a5c20020010000001d
:104218000000000040fe0120f40000000000000043
:104228002cbd0020200000000000000024b4002065
:10423800f400000000000000a6c2002001000000f9
:1042480000000000bcbf00200800000000000000c3
:1042580098c0002008000000000000004cbd0020ad
:1042680020000000000000007cbc0020320000009c
:1042780000000000a0c000200400000000000000b2
:10428800a7c200200100000000000000a4c0002018
:104298000800000000000000fcbb002040000000f7
:1042a8000000000010c500201400000001000000fc
:1042b800e0c50020d8c50020d0c50020c8c5002012
:1042c800c0c50020c0c50020280000000100000073
:1042d800403a030101000000543a030100000000c5
:1042e800683a0301000000007c3a03010100000065
:1042f800903a03010000000018b50020f00000000b
:1043080000000000cca40020a00400000000000071
:10431800acc0002004000000000000006ca90020d0
:10432800a004000000000000b0c00020040000004d
:104338000000000024c50020140000000100000057
:104348000000000088c30020d0450301a000a80099
:104358000200000088c30020900000000100000057
:104368007e0c0201a4c5002076c8010110000001de
:10437800be07020160c50020d2ac01011300000194
:1043880094c500209cc20020f6c50020f7000d103f
:1043980032fa0101a0c2002032a401010200211159
:1043a800be0702014cc500207e8b010113000001ed
:1043b80084c50020a4c20020bec50020f7000d104f
:1043c800be07020138c50020ba84010113000001ac
:1043d80074c50020a8c2002086c30020f7000d1075
:1043e80032fa0101acc20020b27c010102002111a5
:1043f800acc20020020000000000000086c30020bc
:10440800020000000100000001000000a8c2002016
:10441800010000000000000074c50020100000002a
:10442800010000007e3b07ff1c51492fb3398a4c1d
:104438004353534938c50020130000000100000011
:104448001ca7007e3b07ff1c51492fb3398a4c43f8
:1044580053534900bec500200200000001000000bf
:1044680001000000a4c200200100000000000000bc
:1044780084c500201000000001000000b39b7234c6
:10448800beecd4a8f4434188435353494cc500209b
:1044980013000000010000000ca500b39b7234be9d
:1044a800ecd4a8f44341884353534900a0c20020e8
:1044b8000200000000000000f6c500200200000015
:1044c80001000000010000009cc200200100000063
:1044d8000000000094c5002010000000010000004a
:1044e80016962447c62361bad94b4d1e43535349e8
:1044f80060c50020130000000100000018a200168b
:10450800962447c62361bad94b4d1e4353534900dd
:10451800a4c50020100000000100000055e405d2e9
:10452800af9fa98fe54a7dfe43535349d8c4002065
:104538002000000001000000064a136823f49f735e
:1045480023f0010343f011031360092300bf013b6b
:10455800fcd1704700240144b8bb0020440000008f
:1045680000000000b4c000200400000000000000ab
:10457800c4bf0020100000000000000020b8002088
:1045880000010000000000003cbc002040000000ca
:1045980000000000b8c00020040000000000000077
:1045a800a9c20020010000000000000034ff012023
:1045b800c80000000000000084bf002018000000b0
:1045c80000000000bcc000200c000000000000003b
:1045d800aac200200200000000000000aec20020b5
:1045e8000200000000000000e8b60020a80000005b
:1045f80000000000b4c500200a000000010000000f
:1046080050524f565f4641494c000000e8c5002013
:10461800080000000100000050524f565f4f4b0049
:10462800debc00200200000000000000a8bf00203f
:104638000900000000000000b0c2002003000000d4
:1046480000000000c8c000201000000000000000aa
:10465800b3c20020030000000000000000fc01209d
:104668004002000000000000e8bd00201c0000001f
:104678000000000008b60020e00000000000000074
:1046880004c600200200000001000000ffff000037
:1046980010a00020bc04000000000000b6c20020ea
:1046a8000200000000000000d4bf00200800000045
:1046b80000000000d8c000202c000000000000000e
:1046c80098be0020140000000000000004c1002073
:1046d8000400000000000000acbe0020280000001c
:1046e8000000000008c100200800000000000000d1
:1046f800d4be00202800000000000000a0b900205f
:10470800640000000000000010c100200400000048
:1047180000000000f8c500200400000001000000af
:10472800aaaaaaaa14c100201400000000000000d0
:10473800dcbf00200800000000000000100000207e
:1047480000a000000000000068ba0020600000001f
:1047580000000000e4bf0020080000000000000086
:1047680028c100200800000000000000b8c2002096
:104778000100000000000000ecbf0020080000005d
:104788000000000030c1002004000000000000000c
:10479800f4bf0020080000000000000034c1002021
:1047a8000c0000000000000096be0020020000007f
:1047b80000000000b9c20020010000000000000055
:1047c8006dc0002005000000000000006cbd002046
:1047d800200000000000000072c00020020000005d
:1047e8000000000090b700209000000000000000ca
:1047f800fcbf00200800000000000000fcbe0020f4
:1048080014000000000000004bc50020010000005b
:104818000100000001000000f0c5002005000000b4
:1048280001000000020700a62a00000040c1002085
:104838001000000000000000bac2002001000000c3
:104848000000000054c00020070000000000000025
:1048580034bf00201000000000000000bbc2002090
:10486800010000000000000050c1002014000000fa
:104878000000000004c00020080000000000000044
:1048880064c10020040000000000000044bf0020b4
:1048980010000000000000000cc00020080000000c
:1048a8000000000068c100200c00000000000000ab
:1048b800bcc20020010000000000000014c000205d
:1048c80008000000000000008cbd0020200000004f
:1048d80000000000bdc20020010000000000000030
:1048e80074c100200800000000000000bec20020c3
:1048f80001000000000000007cc10020080000004a
:1049080000000000bfc200200100000000000000fd
:1049180084c100200400000000000000c0c2002084
:10492800030000000000000022b200200200000086
:1049380000000000b2bf00200200000000000000dc
:104948007ac00020020000000000000018c4002007
:10495800c0000000010000008bfc02018bfc02017a
:104968008bfc02018bfc02018bfc02018bfc020117
:104978008bfc02018bfc02018bfc02018bfc020107
:104988008bfc02018bfc02018bfc02018bfc0201f7
:104998008bfc02018bfc02018bfc02018bfc0201e7
:1049a8008bfc02018bfc02018bfc02018bfc0201d7
:1049b8008bfc02018bfc02018bfc02018bfc0201c7
:1049c8008bfc02018bfc02018bfc02018bfc0201b7
:1049d8008bfc02018bfc02018bfc02018bfc0201a7
:1049e8008bfc02018bfc02018bfc02018bfc020197
:1049f8008bfc02018bfc02018bfc02018bfc020187
:104a08008bfc02018bfc02018bfc02018bfc020176
:104a18008bfc02018bfc020154bf00202000000027
:104a280000000000c3c200200100000000000000d8
:104a38001cc00020080000000000000088c1002001
:104a48000c0000000000000094c1002004000000d9
:104a58000000000020be0020180000000000000038
:104a6800c4c20020010000000000000098c100201e
:104a78000c0000000000000088c2002002000000b6
:104a88000000000024c00020180000000000000002
:104a980038be00201800000000000000c5c2002039
:104aa80001000000000000008ac20020040000008d
:104ab80000000000c8ba00205000000000000000fc
:104ac800c6c200200100000000000000a4c10020b0
:104ad80004000000000000003cc0002008000000a6
:104ae80000000000a8c100200c0000000000000029
:104af8009cbf00200c00000000000000b4c1002092
:104b08001800000000000000acbd002020000000dc
:104b1800000000008ec2002002000000000000001b
:104b2800ccc100200c00000000000000c7c200201b
:104b3800010000000000000008bd00202400000063
:104b480000000000d8c10020100000000000000094
:104b5800c8c20020010000000000000050be002074
:104b68001800000000000000c9c200200100000079
:104b780000000000e2c20020a400000001000000c4
:104b880020200001ffffffffffffffffffffffffe8
:104b9800000000000000000000000000010000000c
:104ba800ffffffff512563fcc2cab9f3849e17a714
:104bb800adfae6bcffffffffffffffff00000000ac
:104bc800ffffffff96c298d84539a1f4a033eb2d1b
:104bd800817d0377f240a463e5e6bcf847422ce107
:104be800f2d1176bf551bf376840b6cbce5e316b4b
:104bf8005733ce2b169e0f7c4aebe78e9b7f1afe0f
:104c0800e242e34f4b60d2273e3cce3bf6b053cc5a
:104c1800b0061d65bc86987655bdebb3e7933aaaf6
:104c2800d835c65ae8c10020100000000000000076
:104c380044c000200800000000000000f8c1002067
:104c4800040000000000000006c60020020000006a
:104c58000100000070000000fcc1002008000000f6
:104c6800000000004cc00020080000000000000008
:104c780004c200200400000000000000cac2002096
:104c8800010000000000000074bf002010000000b8
:104c98000000000090c20020020000000000000098
:104ca80020b90020800000000000000010bf002094
:104cb800140000000000000008c2002004000000ea
:104cc8000000000018bb0020500000000000000099
:104cd8000cc200200400000000000000cbc200202d
:104ce800020000000000000080be00201600000046
:104cf8000000000092c20020040000000000000034
:104d0800cdc20020010000000000000096c2002073
:104d1800020000000000000010c200200400000093
:104d280000000000cec200200300000000000000c8
:104d380098c200200200000000000000d1c200203c
:104d4800010000000000000014c200201000000054
:104d58000000000068be00201800000000000000ed
:104d6800d2c200200100000000000000fcc50020a5
:104d78000800000001000000c3470301c347030106
:104d880024c200201000000000000000d3c2002050
:104d9800010000000000000034c2002004000000f0
:104da800000000005bc000200600000000000000ba
:104db800d4c200200100000000000000e0bc002078
:104dc8002800000000000000d5c2002005000000f7
:104dd8000000000038c200201000000000000000a1
:104de800dac20020020000000000000048c20020d3
:104df800040000000000000061c000200600000060
:104e08000000000004ba0020640000000000000058
:104e1800dcc200200100000000000000aebc002041
:104e2800300000000000000067c0002006000000fd
:104e3800000000004cc20020080000000000000034
:104e4800ddc20020020000000000000054c2002063
:104e58000400000000000000dfc200200100000084
:104e68000000000058c200200c00000000000000f4
:104e7800e0c2002001000000000000009ac20020eb
:104e8800020000000000000064c2002010000000c2
:104e98000000000074c000200500000000000000b1
:104ea80000000020010000000000000004000020b5
:104eb8000c0000000000000004be00201c000000e0
:104ec8000000000074c2002008000000000000007c
:104ed8000cae002015040000000000007cc2002079
:104ee800040000000000000080c200200400000050
:104ef8000000000068bb0020500000000000000017
:104f080084c200200400000000000000000000002f
:104f180000000000666666666666666666666666c1
:020000040000fa
:020000040100f9
:104f280008b5044b186818b1804780f00100c0b27a
:104f380008bd00bf0cae002009b91046704780b10b
:104f4800037883ea122383ea131343ea022282eaec
:104f5800033282ea431292b200b10130013989b2b8
:104f6800eae7ff23ede72de9f04f85b081460e9e75
:104f78008a46904606b11e4443449cb2474655466d
:104f8800a74203d1012005b0bde8f08f95b36a466a
:104f980010232946484606f0cdfdbdf8042094426a
:104fa80008d9bdf8063013449bb29f4202d29c42f6
:104fb80003d91f46bdf80a50e8e79742a4eb02015f
:104fc80028bfe31b89b234bf0b469bb2a4eb030492
:104fd80032bfbdf80ab04746d346a4b246b1103531
:104fe8002944f61ac91a324689b2484606f0a2fd83
:104ff8005d46c5e72846c6e72de9f74fd488968869
:10500800dff8588082468b4644f307254ff6ff7732
:10501800002d03da384603b0bde8f08f1ad0a4f5a6
:1050280080741ffa84f94ff48074cdf80080234609
:10503800324659465046fff796ff38b13a46214660
:105048004046fff779ff2644b6b20746013d6db2e8
:105058004c46dde7002cddd0a146e6e710ae002087
:1050680010b5094c94f8040106f002fe4ff4005202
:10507800002194f8040106f025fe18b14ff480735e
:10508800a4f8063110bd00bf0cae00202de9f04198
:10509800094c05460e46174613460a46014694f83b
:1050a800040106f07dfd3b463246294694f804018a
:1050b800bde8f04106f054be0cae002003292cd800
:1050c800dfe801f002091b23184bb3f8062110444e
:1050d800a3f806017047154ab2f80631184480b2a1
:1050e800c11c4ff6fc730b40984203d90430a2f858
:1050f80006017047a2f8063170470c4ab2f806312b
:105108000f33184420f00f00f1e7084ab2f80631cf
:105118003f33184420f03f00e9e74ff0200383f3c2
:105128001188bff36f8fbff34f8ffee70cae0020df
:105138004ff0200383f31188bff36f8fbff34f8fb6
:10514800fee770b50c4a92f808410023d9b28c42a8
:1051580001d800200be05d1c9b00d118b1f8096153
:10516800864207d1b1f80b2112b10448184470bd2a
:10517800fff7deff2b46e9e70cae002015af002055
:1051880008b5fff7deff00b1408808bd10b504463a
:10519800fff7d7ff40b14ff0200383f31188bff327
:1051a8006f8fbff34f8ffee7094b93f80801020694
:1051b80001d5fff7bdff421c83f8082103eb8002ed
:1051c80003f20913a2f8094103eb800010bd00bfe8
:1051d8000cae002008b5fff7b4ff08b9fff7a8ff29
:1051e800064a92f80831013bdbb282f8083102eb3b
:1051f8008303d3f80931036008bd00bf0cae00205b
:105208002de9f041244cb4f80a33b4f80c63034494
:105218009bb204f20e37ff2b0546a4f80a3307ebbe
:10522800060004f104080ad82a46414635442df000
:10523800bdfe0126a4f80c533046bde8f081c6f542
:10524800807241462df0b2fe4ff480723946b4f8b0
:105258000601fff71bff06460028edd000214ff49a
:105268008070fff72bffb4f80a53b4f80c13a5f5b8
:1052780080750023adb2a4f80c33a4f80a53002dae
:10528800dad0c1f580712a4618fa81f138462df036
:105298008dfea4f80c53cfe70cae00207fb545f285
:1052a8004143adf806300d4bcde902300c4bc043fd
:1052b800b3f80e3404904ff6ff7210210df106007a
:1052c800adf81430fff738fe1222adf8040001a93a
:1052d8000020fff7dbfe07b05df804fb534e763283
:1052e8000cae00202de9f04f724c94f804710025a3
:1052f8008fb0122309aa29463846a4f81054a4f8f6
:105308001254a4f80c53a4f80a5306f013fc0b9b90
:10531800039394f804310133dbb2012b94bf84f872
:10532800043184f8045194f80431bb4208d14ff099
:10533800200383f31188bff36f8fbff34f8ffee70e
:10534800fff78efe0028e4d04ff0000adff87081e6
:1053580080e004eb8a091023b9f80bb105aa594675
:10536800384606f0e7fb0026bdf81c50adf81a5089
:1053780005aa59463846adf81860adf81e60adf874
:105388002060fff739fe4ff6ff72adf814000e21ca
:1053980005a8fff7d1fdf022adf82200ff2146480d
:1053a8002ef026fa05ab03cb1035c8f80000c8f874
:1053b8000410b4f80c2303cbb4f80631c8f808007d
:1053c800adb21344b5f5807fc8f80c10a9f80b31bd
:1053d80019d8394b00933246bdf81c305946384627
:1053e800fff7c1fd50b1b4f80631b4f80c231344eb
:1053f800a9f80b312846fff703ff38bb00242046e5
:105408000fb0bde8f08f1023b5f5807f2a4628bf7e
:105418004ff48072a2eb03091ffa89f94344029200
:10542800009332464b4659463846fff79cfd002804
:10543800e4d00298fff7e4fe0028dfd0029bed1ac3
:105448004e44adb2b6b20023002dddd10af10103fe
:105458005ffa83fa94f8083153453ff67aafb4f807
:105468000a23fab9b4f80a030021fff727feb4f8b3
:105478000631a4f80e34039b581efff70fff0446ad
:105488000028bbd002210020fff718fe1222ff21be
:1054980009a82ef0adf9122309aa0021384606f012
:1054a8007ffbace70549b4f80601fff7effd0028dc
:1054b800d8d1a3e70cae002020ae00201ab10020fe
:1054c80010ae002008b50a4bb3f80631c3f50053f7
:1054d8009bb283420bd2fff705ff40b94ff0200380
:1054e80083f31188bff36f8fbff34f8ffee708bdbb
:1054f8000cae00202de9f84f344e0446351d894680
:105508004ff48072ff2128462ef072f9e1884ff699
:10551800ff724846fff710fd4ff6ff7220800e21fc
:105528002046fff709fd2346e08103cb70606960e0
:1055380003cba860e960e28802f11007bfb2b9f1b5
:10554800000f07d0b7f5807f17d8494606f1140039
:105558002df02cfde2881e49b6f80601f02a28bf76
:10556800f022103292b2fff791fd8046e0881030a9
:10557800022180b2fff7a2fd25e04ff0000b1020ba
:10558800b7f5807f3c4628bf4ff48074a4eb000a2f
:10559800524609eb0b0128442df008fd22460c4920
:1055a800b6f80601fff772fd804660b12046022179
:1055b8003f1bfff783fdbfb20beb0a031ffa83fb08
:1055c8000020002fdcd14046bde8f88f0cae00204b
:1055d80010ae00202de9f041674c00258eb084f80c
:1055e80008514ff0ff38ff27122304aa002128464c
:1055f80006f0a0fadde906637340013326d19df871
:105608001230412b22d19df81330542b1ed19df816
:105618001430532b1ad19df815304e2b16d19df806
:105628001630762b12d19df81730322b0ed14ff64b
:10563800ff7210210df11200fff77efcbdf810304b
:10564800834203d146453cbfb0462f46e5b1ff2f04
:105658002cd1002384f804314ff6ff766ff0010552
:10566800fff7fefc90b994f804310133dbb2012b4b
:1056780084f80431f4d94ff0200383f31188bff381
:105688006f8fbff34f8ffee70125ade72846a4f8db
:105698000e64fff703fe0028e5d0002384f80831e4
:1056a800012384f814340eb0bde8f0814ff4807300
:1056b800a4f806313846122309aa002184f8047197
:1056c80006f038fa4ff6ff77b4f80631b3f5005f05
:1056d800e6d2bdf83420ba4201d09a4217d8022146
:1056e8000020fff7ebfc022510236a46b4f80611e8
:1056f80094f8040106f01efa6a46102312f8011bfa
:10570800ff291ed1013b9bb2002bf7d1c8e700252a
:10571800eae729461020fff7d1fcd5e7bdf802607b
:105728003046fff70efd10b93046fff72ffdb4f8ed
:1057380006314380bdf80830bbb93046fff74afd53
:1057480013e03a460e216846fff7f6fbbdf80e60f7
:105758008642ded16a46b4f8061194f80401fff7d0
:105768004bfcbdf800308342d8d0bdf8060010309d
:10577800294680b2cfe700bf0cae0020034b93f858
:1057880014340bb9fff726bf704700bf0cae0020da
:105798002de9ff478a4616469846054630b12bb193
:1057a800fff7befb044650b1052045e04ff020034b
:1057b80083f31188bff36f8fbff34f8ffee706f1b6
:1057c800100080b2fff77efe2846fff7bafc0746b6
:1057d800a8b3b0f802901d4d10236a46494695f8c3
:1057e800040106f0a7f9bdf808300aeb06029a4250
:1057f80027d8b34218bfbdf80c40adf804a01cbfb1
:105808000134a4b241466846adf80c40adf80660d4
:10581800adf80a90b5f80641fff76cfe98b1bdf8ef
:105828000c307c80642b4ff0000005d9bdf80230a5
:10583800a5f81034a5f8120404b0bde8f0870320d9
:10584800fae70420f8e70120f6e700bf0cae0020d5
:1058580073b50c4615461e46c0b1bbb1fff790fca8
:1058680080b16319b3f5803f09d201460c48009610
:105878002b46224690f80401fff775fb20b9042057
:1058880002b070bd0320fbe70020f9e74ff02003ca
:1058980083f31188bff36f8fbff34f8ffee700bf0d
:1058a8000cae00201fb540b94ff0200383f31188d8
:1058b800bff36f8fbff34f8ffee7fff761fc48b16f
:1058c80001460648102390f804016a4606f032f9aa
:1058d800bdf8080005b05df804fb00bf0cae002061
:1058e8002de9f04f431e14469bb24ff6fd729342ca
:1058f8008bb080460e461dd8b1f5006f1ad8fff759
:105908003ffc00bbfff70cfb054648bb06f1100047
:1059180080b2fff7d7fd8d4b93f90821002a80f25a
:10592800f7804ff0200383f31188bff36f8fbff325
:105938004f8ffee74ff0200383f31188bff36f8f7b
:10594800bff34f8ffee74046fff7acff86420fd00c
:105958007e4da5f81084a5f81264fff7e1fa08b1a6
:1059680005200ee0b5f8120470b9b5f810347bb90b
:10597800002c00f0e6802346324600214046fff71f
:1059880067ff0bb0bde8f08f103080b2fff79afdcb
:10599800b5f81004fff7d5fb81460028e8d0b0f829
:1059a80002b095f80401102306aa594606f0c2f879
:1059b800b5f81234ebb9bdf82000103080b2fff70b
:1059c80081fdb5f81004fff7bcfb814640b94ff0e4
:1059d800200383f31188bff36f8fbff34f8ffee768
:1059e800b0f802b095f80401102306aa594606f04b
:1059f800a1f8b5f81224b5f806310493bdf82030a3
:105a080022b19342adf8202028bf13460022bdf8ea
:105a18002010adf81c20adf81e10adf82220adf80e
:105a280024200df1180cbce80300dff824a16860fd
:105a380003f11007caf80410bce80300bfb2b7f5b9
:105a4800807fcaf80800caf80c1030d80af1100193
:105a5800009195f804015946fff785fa002872d09d
:105a680006ab03cbbdf81e206860caf8041003cb50
:105a78001032caf80800caf80c1092b25146b5f8ac
:105a88000601fff703fb00283ff472afbdf81e00c4
:105a98001030022180b2fff711fb2c4b0022a3f833
:105aa8001024a3f81224049ba9f8023060e71546d5
:105ab8001023cdf814a0b7f5807fba4628bf4ff45d
:105ac800807aaaeb030292b20392059a1f48134404
:105ad80000932a46039b90f804015946fff743fabe
:105ae80088b31b495246b1f80201fff7cffa0028e4
:105af8003ff43eaf02215046fff7e0fa039ba7ebc5
:105b08000a072b44bfb29db20023002fd3d1c4e7ac
:105b1800214606a8b3f80671adf81a80adf81c50f6
:105b2800adf81e60adf82060adf82250adf82450f5
:105b3800fff7e0fc38b14046fff728fb478002201a
:105b48001fe720461de701201be700bf0cae002021
:105b580010ae0020f0b5074685b040b94ff02003dd
:105b680083f31188bff36f8fbff34f8ffee7fff703
:105b780007fb00283fd0fff7d3f9044600283cd1a3
:105b88001020fff79ffc4ff6ff720e216846adf814
:105b98000020adf80270cde90144adf80c40fff7e4
:105ba800cbf96b46adf80e0003cb154d6860a960c4
:105bb80003cb2e1de860296110223146b5f8060195
:105bc800fff764fa68b91022b5f8061195f80401d0
:105bd80006f078f818b902211020fff76ffa0120b3
:105be80007e002211020fff769fa3846fff7f2faba
:105bf800204605b0f0bd0320fbe70520f9e700bf0c
:105c08000cae0020f8b50446fff78af9054668bbd4
:105c180064b106f02df8012006f02af84ff400725e
:105c2800294613482df0e4fd002020e0114d95f899
:105c38000871e3b29f420cd8fff754fb0028f3d158
:105c48004ff0200383f31188bff36f8fbff34f8f9b
:105c5800fee705eb8403b3f80961304601f036fa34
:105c680010b93046fff7b6fa0134e2e70520f8bd6f
:105c780015af00200cae0020014b1860704700bf24
:105c88000cae002008b5fff77bfa003018bf0120e2
:105c980008bd08b5fff726fb40b94ff0200383f392
:105ca8001188bff36f8fbff34f8ffee708bd00bfaa
:020000040000fa
:020000040100f9
:105cb8002b4b2c4941f24852995002f5de724ff4b1
:105cc8008041995018324ff01451995003f5b95248
:105cd8002549116041f2247224499950043224491b
:105ce8009950043223499950043223499950043277
:105cf800e0219950043221499950043220499950a1
:105d080003f5ba524ff44031116041f244721d4913
:105d1800995004321c49995004321c499950043254
:105d28000621995004321a49995004321949995058
:105d380004324ff40041995003f5bb5216491160e3
:105d480041f2647215499950043245f23361995011
:105d580004324ff4f0519950043240219950704761
:105d6800002001411e00ffffc0464654a040000c21
:105d780010928fbe18d410007aa64f4053a948211c
:105d88004b055046f1813d8cd3080c0c9002061847
:105d980020875c006400ffff110d400605292400e0
:105da800024a536823f4006353607047004001417e
:105db800c82300bf00bf00bf00bf00bf00bf00bfb7
:105dc80000bf00bf00bf00bf00bf00bf00bf00bfd3
:105dd80000bf00bf00bf00bf00bf00bf00bf013b46
:105de80013f0ff03e5d1704708b540f65a210120aa
:105df8000ff0bcf84ff49e7103200ff0b7f84ff482
:105e0800987104200ff0b2f843f2152105200ff025
:105e1800adf843f2060107200ff0a8f84ff400612f
:105e280013200ff0a3f840f2ad2114200ff09ef8d4
:105e380044f2e00117200ff099f84ff48941182037
:105e48000ff094f84cf6862119200ff08ff84ff4d4
:105e58007e711f200ff08af84ff4686133200ff02d
:105e680085f846f27a213a200ff080f841f60401cd
:105e78003e200ff07bf84cf6052144200ff076f811
:105e8800012147200ff072f84cf6072148200ff047
:105e98006df8ff214f200ff069f84af6ac31512018
:105ea8000ff064f84ff478615d200ff05ff84df65d
:105eb80060016b200ff05af847f678016c200ff05c
:105ec80055f84ef619116d200ff050f84ff6e171a4
:105ed80071200ff04bf84ff648617220bde808407a
:105ee8000ff044b808b54ef24e3108200ff03ef8d6
:105ef8004ef254313d200ff039f842f202014920a8
:105f08000ff034f842f2ff6162200ff02ff842f2ee
:105f1800ff0164200ff02af842f202016a200ff014
:105f280025f842f2040175200ff020f842f204012e
:105f38007d200ff01bf842f2ff7180200ff016f859
:105f48004ef24e3181200ff011f842f2fa718220a0
:105f58000ff00cf84ef24e3183200ff007f842f2a2
:105f6800f57184200ff002f84ef24e3185200ef0c4
:105f7800fdff42f2f27186200ef0f8ff4ef24e312c
:105f880087200ef0f3ff42f2ea7188200ef0eeff50
:105f98004ef24e3189200ef0e9ff42f2e0718a207c
:105fa8000ef0e4ff4ef24e318b200ef0dfff42f28e
:105fb800d6718c200ef0daff4ef24e318d200ef0a5
:105fc800d5ff42f2fb118e200ef0d0ff4ef2543175
:105fd8008f200ef0cbff42f2ed1190200ef0c6ff9d
:105fe8004ef2543191200ef0c1ff42f2e01192209e
:105ff8000ef0bcff4ef2543193200ef0b7ff42f280
:10600800d61194200ef0b2ff4ef2543195200ef0c6
:10601800adff42f2ca1196200ef0a8ff4ef254319d
:1060280097200ef0a3ff4ff4075198200ef09eff23
:106038004ef2543199200ef099ff42f296119a20af
:106048000ef094ff4ef254319b200ef08fff42f277
:1060580090119c200ef08aff4ef254319d200ef0d4
:1060680085ff42f28a119e200ef080ff4ef25431d5
:106078009f20bde808400ef079bf08b508216020d0
:106088000ef074fffff794fefff792fefff790fe05
:10609800fff78efefff78cfe00216020bde8084068
:1060a8000ef064bf2de9f74f00200ef077ff1f2098
:1060b8000ef074ff83461d200ef070ff82466020ac
:1060c8000ef06cff814654200ef068ff8046592080
:1060d8000ef064ff07461a200ef060ff06465520b2
:1060e8000ef05cff05464f200ef058ff0446742062
:1060f8000ef054ff44f48071009089b24f200ef0e6
:1061080035ff009bc3f30b0141f4405174200ef09e
:106118002dff522100200ef029ff40f6f8311f20f4
:106128000ef024ff4ff620011d200ef01fff042162
:1061380060200ef01bff42f6b05154200ef016ffff
:1061480048f21c0159200ef011ff48f21c011a20d8
:106158000ef00cff4ef2100155200ef007fffff76e
:1061680027fefff725fe2549d1f83c3443f0080304
:10617800c1f83c34fff71cfe214b1a6842f4007248
:106188001a601a46136813f40073fbd141f2505297
:1061980001938a58d1f83c04009220f00800c1f815
:1061a8003c044ff6ff6121404f200ef0dffe5946b8
:1061b8001f200ef0dbfe51461d200ef0d7fe49468b
:1061c80060200ef0d3fe414654200ef0cffe394633
:1061d80059200ef0cbfe31461a200ef0c7fe294694
:1061e80055200ef0c3fe019b122019460ef0befe8c
:1061f800009ac2f3094003b0bde8f08f00200141c6
:106208004035014173b506460df106000c4615f000
:106218008bf9bdf8060000284cd0314d2a78801b38
:10622800002a49d02bf011fd27a3d3e900230ff052
:1062380011fc24f07ffa07ee900ab3ee047ac7ee59
:10624800877a17ee900a28f009fc9fed210b41eca4
:10625800110b02f0ddff0022224b51ec100b0ff066
:10626800f9fb41ec100b1cf04ffd51ec100b2bf01f
:106278002ffb2a78c3b2002a14bf19201e203c2bfa
:1062880020d8984238bf184641f26873164ad15848
:1062980021f4fc41d150d15841ea4021d150a30703
:1062a80008d5a2f5005292f8a03003f0c0031843b5
:1062b80082f8a00002b070bd2bf0c7fc06a3d3e99a
:1062c8000023b4e73c20dfe7ce1951da1b7ca13f5d
:1062d8000000000000002440e59b6d6e4c4f883f95
:1062e80004000020008045400020014173b50646a7
:1062f8000df106000d4615f017f9bdf80640dcb1a2
:106308000df1050001f07bfda41ba5235c4343f6ba
:10631800cf439c42c9bf9df805309df90530023b2b
:106328005bb2aa0708d5054991f8a42002f0e0025b
:106338001343dbb281f8a43002b070bd0000014104
:1063480037b505460df1060015f0eef8bdf8064024
:10635800ecb16d200ef022fec0f38210052816d194
:10636800a523641b5c43a3f5e7539c42124c10da47
:1063780001200ef013fe4ff61f71014041f060013d
:1063880001200ef0f3fdfff778fe0123237003b020
:1063980030bd2378002bfad001200ef0fffd4ff618
:1063a8001f71014041f0400101200ef0dffdfff7b1
:1063b80064fe0023eae700bf08000020094a41f60e
:1063c8002863d358084a12689b1a084a23f0704376
:1063d800934205d8064b1878003018bf0120704743
:1063e80000207047002001410c000020feffff073d
:1063f80005000020f7b50023adf806300646fff784
:1064080051fe05460df1060015f08ef8bdf8063070
:10641800dbb1144f5b1ba5245c434ff48b7394fbd7
:10642800f3f4b7f900301934a342b4bfe31a1b1bc5
:10643800132b02ddfff721fe3c8031462846fff78b
:10644800e1fe31462846fff751ff074a41f6286327
:10645800d358064a03f5403323f07043136003b062
:10646800f0bd00bf06000020002001410c00002004
:1064780013b5244a05211170234a00238df80530ed
:106488001370044628b1fff7affcfff711fcfff7c4
:1064980087fc22460df10501072001f003fc5cb3df
:1064a8009df805300bb9fff71dfdfff7e6fd0df16f
:1064b800060015f039f8bdf806201449144beab166
:1064c80019220a8001221a70124b4ff440321a60c6
:1064d800114b00221a704ff08843104a1a65104b6e
:1064e80040f27142012c9a600cbfff227f229a6110
:1064f80013221a604022da6002b010bdff20088023
:10650800e1e700bf00000020040000200600002092
:10651800050000200c000020080000204c0040e08e
:1065280000100141002112200ef020bd08b5064bd5
:106538004ff088721a6046f2e2515e200ef016fda6
:10654800bde80840fff7eebf004001410c4b0d4984
:1065580001221a700c4b02225a615a630b4a536883
:1065680043f44033536041f638028b5843f40053e8
:106578008b50074b02f5081202f2da721a60704764
:106588000400002000200141002300440040014194
:046598000840014175
:020000040000fa
:020000040100f9
:10659c0020504f520000000020424f5200000000db
:1065ac00205744544f000000205357520000000065
:1065bc0020455854520000000d0a524553455420b2
:1065cc0052434f4e3d30782530385825732573256e
:1065dc0073257325730d0a000d0a3d3d3d20554e64
:1065ec0050524f564953494f4e4544202874656dbf
:1065fc00702049443d256429203d3d3d0d0a000095
:10660c0050726f766973696f6e3a2030302030307b
:10661c002030302030352030352058580d0a0000fd
:10662c000d0a3d3d3d2044494d4d45525f253032cc
:10663c0064202850726f766973696f6e65642920c7
:10664c003d3d3d0d0a00000041647665727469732e
:10665c00696e672e2e2e0d0a000000005363616eca
:10666c006e696e6720666f722070656572732e2e70
:10667c002e0d0a00434d443a2025730d0a000000ec
:10668c004e6f64653d25642050656572733d2564cd
:10669c000d0a0000417070207175657565204655b6
:1066ac004c4c2c206576656e742064726f7070652e
:1066bc00640d0a0041445620726573746172742033
:1066cc007265733d3078253034580d0a0000000097
:1066dc0044494d4d45525f3031000000110749537c
:1066ec005343fe7d4ae58fa99fafd205e4550000c8
:1066fc00536b69702044494d4d45525f25303264cf
:10670c003a206e6f74207365656e0d0a00000000f0
:10671c00536b69702044494d4d45525f25303264ae
:10672c003a206e6f206672656520736c6f740d0a6b
:10673c0000000000536b69702044494d4d45525f79
:10674c00253032643a206261636b6f666620663d69
:10675c0025640d0a00000000436f6e6e656374695a
:10676c006e6720746f2044494d4d45525f25303281
:10677c00640d0a00437265617465436f6e6e20464a
:10678c0041494c203078253034580d0a0000000067
:10679c0044656772616465642c20616c6c6f776909
:1067ac006e67207570776172640d0a0043000000fb
:1067bc0050000000436f6e6e656374206661696cf7
:1067cc006564207374617475733d3078253032586c
:1067dc000d0a0000416464436f6e6e2046554c4cac
:1067ec002068646c3d3078253034580d0a00000068
:1067fc00446973636f7665727920656e6465642095
:10680c00666f756e643d25640d0a00004c617465fd
:10681c0020636f6e6e656374207265736f6c766542
:10682c00642044494d4d45525f253032640d0a00b9
:10683c00436f6e6e65637465642068646c3d30787c
:10684c002530345820726f6c653d257320433d25ef
:10685c006420503d25640d0a0000000044697363f8
:10686c006f6e6e65637465642068646c3d3078256a
:10687c0030345820726561736f6e3d30782530323c
:10688c00580d0a0044494d4d45525f004455504c3b
:10689c004943415445204e4f4445204944202575d9
:1068ac002064657465637465640d0a005045455237
:1068bc00204241434b2044494d4d45525f253032d7
:1068cc00640d0a00466f756e642044494d4d455267
:1068dc005f253032642028256420746f74616c2924
:1068ec000d0a00005363616e20646f6e6520433d9a
:1068fc00256420503d256420666f756e643d2564cb
:10690c000d0a000050454552204c4f535420444929
:10691c004d4d45525f25303264202873696c656e8d
:10692c007420257573290d0a00000000414456207f
:10693c00656e61626c65204641494c20307825308b
:10694c0034580d0a000000005363616e2077696ea5
:10695c00646f7720636c6f736564206c6f63616c1c
:10696c006c790d0a00000000436f6e6e6563742035
:10697c0074696d656f75742044494d4d45525f25a2
:10698c003032640d0a000000436f6e6e6563742034
:10699c0063616e63656c2070656e64696e670d0a69
:1069ac0000000000436f6e6e6563742063616e635c
:1069bc00656c204641494c203078253034580d0afe
:1069cc000000000049736f6c61746564202564736a
:1069dc002c20726573657474696e672064697363c7
:1069ec006f766572790d0a0044656772616465643f
:1069fc0020313230732c2072656275696c64696e5b
:106a0c006720646973636f76657279206c696e6b4d
:106a1c00733d25750d0a0000506572696f646963da
:106a2c0020746f706f6c6f6779207363616e0d0ae1
:106a3c0000000000545253504320444c206f7065aa
:106a4c006e2068646c3d3078253034580d0a000097
:106a5c005452535043206469736320636f6d706ca0
:106a6c006574652068646c3d3078253034580d0aa7
:106a7c00000000005452535053204354524c0d0a02
:106a8c00000000005452535053205458207265613a
:106a9c0064792068646c3d3078253034580d0a00d8
:106aac0042494e206473743d2530325820636d6426
:106abc003d253032580d0a004845582070617273dc
:106acc00656420256420420d0a00000055e405d2bf
:106adc00af9fa98fe54a7dfe435353490000000048
:106aec00424c45004150505f5461736b7300000081
:106afc005377656570207374616c652068646c3db8
:106b0c003078253034580d0a000000004475706c44
:106b1c00696361746520706565722025753a20641f
:106b2c00726f702068646c3d307825303458207258
:106b3c006f6c653d25630d0a0000000053656e64a3
:106b4c00204641494c2068646c3d307825303458df
:106b5c00206572723d3078253034580d0a000000e3
:106b6c005458207175657565642068646c3d307887
:106b7c002530345820636d643d3078253032580d03
:106b8c000a00000054582071756575652046554cf7
:106b9c004c2068646c3d3078253034580d0a000068
:106bac0046574420736b69702068646c3d307825bf
:106bbc00303458206e6f742072656164790d0a0050
:106bcc0046574420736b69702068646c3d3078259f
:106bdc00303458206a6f696e2070656e64696e6718
:106bec000d0a00004657443a206e6f20706565729e
:106bfc007320746f20666f727761726420746f0dee
:106c0c000a0000004657443a2073656e7420746f76
:106c1c002025642070656572730d0a00534554205d
:106c2c00523d256420473d256420423d25640d0ad4
:106c3c00000000004944454e544946590d0a0000d5
:106c4c0050524f564953494f4e2069643d25640daf
:106c5c000a00000053746f7265642e205265626fd7
:106c6c006f74696e672e2e2e0d0a0000554e505211
:106c7c004f564953494f4e0d0a0000005458206599
:106c8c007870697265642068646c3d3078253034a6
:106c9c005820636d643d3078253032580d0a000061
:106cac0041434b2074696d656f7574206473743d3a
:106cbc002575207365713d25750d0a004865617257
:106ccc0074626561742041434b2074696d656f7506
:106cdc007420706565723d25752068646c3d307854
:106cec00253034580d0a0000535441545553206933
:106cfc00643d2575206c696e6b733d257520726f34
:106d0c006f743d25752064657074683d2575207021
:106d1c006172656e743d257520667265653d2575dd
:106d2c000d0a00004e564d2065726173652040209f
:106d3c003078253038580d0a000000004e564d2092
:106d4c006572617365204552520d0a004e564d20f6
:106d5c007772697465204552520d0a004e564d20cb
:106d6c007665726966793a206d616769633d253095
:106d7c0038582069643d25640d0a000049444c458f
:016d8c000006
:020000040000fa
:020000040100f9
:036d8d00300000d3
:020000040000fa
:020000040100f9
:106d900080b588b000afb96011461a460346fb8142
:106da0000b46bb811346fb80fb893b82bb687b6142
:106db000bb893b83fb887b830e4b1b68fb6110e028
:106dc000fb691b6807f1100210469847034683f0e1
:106dd0000103dbb2002b01d0002306e0fb695b68f6
:106de000fb61fb69002bebd1012318462037bd4620
:106df00080bd00bf04be00201fb504466946008860
:106e000000f0acf968b3bdf80230abb1019b9bb1a7
:106e1000029bd3b9a2882088cab1a368bbb161889c
:106e2000fef7bafcd0b14ff0200383f31188bff313
:106e30006f8fbff34f8ffee74ff0200383f311886e
:106e4000bff36f8fbff34f8ffee79847e2e7019bd9
:106e5000bdf802200021fef79ffce3e7208800f048
:106e6000c4f904b010bd7fb56946054600f076f957
:106e700010b9002004b070bdbdf80230a3b1019b71
:106e800093b1029bcbb92846fef710fd019abdf8dd
:106e9000021006462846fef727fd022804460ed1ba
:106ea000b4fa84f04009e5e74ff0200383f311883a
:106eb000bff36f8fbff34f8ffee79847e3e740b113
:106ec0004ff0200383f31188bff36f8fbff34f8f11
:106ed000fee73346bdf8022001992846fff758ff28
:106ee0000028ddd1c5e71fb504466946008800f0db
:106ef00035f910b9002004b010bdbdf8023093b1cf
:106f0000019b83b1029b83b96188a288bdf80230de
:106f100088189842eedca3682088fef79dfcb0fa42
:106f200080f04009e7e700f029f89847ece773b5ef
:106f3000104adff844c005460e4600236c46bcf8f4
:106f40000210994201d800200de092e8030084e885
:106f50000300d1888d4208d1adf8065094e80300b3
:106f600086e80300012002b070bd013308329bb2f5
:106f7000e5e700bf0041000108be00204ff02003fc
:106f800083f31188bff36f8fbff34f8ffee72de9b7
:106f90007f431b4d804628682cf0c2fc00248146ac
:106fa0002646a14509d836bb3246414614482cf046
:106fb000acf901281fd0fff7e1ff002201a9284604
:106fc0002cf093fc01280dd1019ad8f8003001a9ca
:106fd0009a4208bf01262846002201342cf095f978
:106fe000e4b2dee74ff0200383f31188bff36f8f25
:106ff000bff34f8ffee7012004b0bde8708300bff0
:1070000074c2002010b5044688b108200ef054fe6a
:1070100040b94ff0200383f31188bff36f8fbff3a4
:107020004f8ffee7024b04601a694260186110bd81
:1070300008be002010b5044688b108200ef03cfec2
:1070400040b94ff0200383f31188bff36f8fbff374
:107050004f8ffee7024b04601a684260186010bd53
:1070600004be002010b5044608200ef025fe28b10d
:10707000034b04805a6942605861012010bd00bf73
:1070800008be002000f44063b3f5406f13b514d17f
:107090006946fff74cff70b9002002b010bd009b9d
:1070a00033f81400fef75afd0134e4b2bdf80430a1
:1070b000a342f4d8f0e70024f8e7fef74ffdebe732
:1070c000034b00229880181dda801a81da605ee78f
:1070d00008be0020054b5b690bb9184670471a883b
:1070e000824201d05b68f7e70120704708be0020ac
:1070f0007fb5184b184d5e6904464eb90120fef766
:1071000085fd314628681af08ffc002004b070bd60
:10711000fef77cfd24b1002128681af085fcf4e715
:1071200028682cf0fdfb0646a642eed9002201a9f4
:1071300028462cf0dafb012809d1bdf80400fff73e
:10714000c9ff20b1002201a928462cf0def8013445
:10715000e4b2e9e708be002074c200202de97041c6
:10716000dff848c0dff8488085b086460e46002527
:107170006c46bcf80030ab4201d8002010e008ebb0
:1071800005130fcb84e80f00bdf8003073450ad11a
:10719000234603cb3060716003cbb060f160012007
:1071a00005b0bde870810135e3e700bf08be0020ef
:1071b000004000011fb50446008800f44063b3f5a9
:1071c000406f02d1002004b010bd6946fff7c6ff32
:1071d0000028f7d0a28863881344bdf802209342a8
:1071e000f0dc2046fff7d3feede738b5044b1c6911
:1071f000054604b938bd2368284698476468f8e70f
:1072000008be002030b585b0044669460088fff707
:10721000a5ff002845d0bdf80230d3b1019bc3b112
:10722000029bfbb92088fef731fd2588e0b9019a61
:10723000bdf802102846fef757fb10f0fd0f2dd0c9
:107240004ff0200383f31188bff36f8fbff34f8f8d
:10725000fee74ff0200383f31188bff36f8fbff376
:107260004f8ffee79847dde7a2887ab1a3686bb13c
:1072700061882846fef790fa80b14ff0200383f32f
:107280001188bff36f8fbff34f8ffee7019bbdf8ef
:10729000022000212846fef77ffaede72088fff75d
:1072a000a4ff05b030bd08b5024b18682cf038fbc0
:1072b000c0b208bd74c2002030b5184d89b000229c
:1072c00002a928462cf011fb012801d009b030bddd
:1072d000bdf8080000f44063b3f5406f19d169466a
:1072e000fff725fe0028ead00024adf81640adf8df
:1072f00018400794bdf80430a342e0d9009b05a8cc
:1073000033f81430adf814300134fff77bffe4b2ea
:10731000f0e702a8fff776ffd1e700bf74c20020b4
:1073200030b50446008800f44063b3f5406f85b083
:1073300003d10025284605b030bd6946fff70eff92
:1073400005460028f5d0a28863881344bdf80220c2
:107350009342eedc2046fff755ffebe700f4406375
:10736000b3f5406f37b518d16946fff7e0fd054624
:1073700088b900250ce0009b33f81400fef786fc6a
:107380000028f6d00134e4b2bdf80430a342f2d8ac
:10739000284603b030bd0024f6e7fef777fc05462b
:1073a000f6e700f44063b3f5406f13b516d16946b4
:1073b000fff7bdfd80b9012002b010bd009b33f87e
:1073c0001400fff750fd0028f6d00134e4b2bdf8f8
:1073d0000430a342f2d8eee70024f8e7fff743fdbc
:1073e000eae7038803f44063b3f5406f00d07ae521
:0473f00000207047c2
:020000040000fa
:020000040100f9
:1073f4002de9f04f85b00b78012b05d0042b00f05c
:10740400ed8005b0bde8f08f04460028f9d04d6842
:107414002b78012b77d0032b00f08880002bf0d140
:10742400ab78002bedd1a94b1f683b1f002600bf92
:1074340053f8042f1ab10136082ef9d1e1e7b0460a
:1074440010202df0cbf847f82600a04b1b6853f80a
:1074540026203ab10021116051609160d16053f847
:107464002620967253f82860002ecad0ab88338148
:1074740000233373ab79f37208202df0aff830603a
:10748400924bd3f800c09cf8f83073b10cf13c0275
:107494000023af88b07a52f8241b21f830700133ee
:1074a4009cf8f800d9b28842f3d8336803b30022b9
:1074b4001a605a60237813f0080f13d113f0020fe7
:1074c40001d0f27a2ab113f0040f11d0f27a012a12
:1074d4000ed113f0010f0bd101237373304619f051
:1074e400b1fe05e0237823f0080323700123b3736e
:1074f40002238df80c303389adf80e30744b1b68c1
:1075040003a898477de7688825f0b8fe00283ff473
:1075140078af25f05bf903238df80c306b88adf858
:107524000e306b4b1b6803a898476ae72b79002b36
:107534007ff467af688825f0a1fe054600283ff474
:1075440060af036823b39a7912b3062a07d0082ad6
:1075540008d0042a11d02b6800229a7151e719f03f
:1075640071fef8e75a881988008924f0fdf8072885
:10757400f1d12b6808225a71ede75a8819880089dd
:1075840024f014f90728e6d12b6804225a71e2e7a3
:10759400227812f0010f3ff434af4c49096891f896
:1075a400f81000293ff42daf002b3ff42aafab7b3a
:1075b400002b7ff426af12f0020f01d0eb7a3bb11f
:1075c40012f0040f3ff41dafeb7a012b7ff419afd7
:1075d40001236b73284619f035fe12e74f683b7898
:1075e400132b3ff60eaf01a252f823f041760001af
:1075f40007740001d9760001557700014378000132
:107604000774000107740001077400010774000186
:107614000774000107740001077400010774000176
:107624000774000107740001077400010774000166
:10763400077400010774000103790001b88825f07c
:107644001dfe044600283ff4dcae437b002b3ff4d0
:10765400d8aebb7a0f2b0cd0052b0ad0bb79062be6
:1076640018d0082b28d0042b7ff4cbae23f0fcf9e0
:10767400c7e62368ba799a71154b1b68002b3ff44f
:10768400c0ae01228df80c202289adf80e2003a88b
:107694009847b6e603681a795ab15a881988008956
:1076a40024f062f807287ff4acae236808225a71ec
:1076b400a7e623f0d9f9a4e61ff0e8fb00287ff43d
:1076c400a0ae204623f0d0f99be600bfa4c0002062
:1076d400a8c00020b88825f0d1fd0446437b002bc8
:1076e4003ff48fae0268797a3b7a03eb012313806f
:1076f4000268f97abb7a03eb012353809a4b1a6828
:10770400037b03ebc30302eb83035b6b5bb1016895
:1077140009881980037b03ebc30302eb8302536bd9
:10772400026852885a80236801221a7197f8fe3041
:1077340093427ff466ae23685a881988208924f01e
:1077440013f807287ff45dae236808225a7158e6bf
:10775400b88825f093fd0646437b002b3ff451aed9
:10776400bb79152b0cbf4ff0100a4ff0020a3b896e
:10777400002b55d07c4bd3f800804ff000093de03e
:107784000134337b03ebc30308eb830393f84020fa
:10779400e3b29a422bd955f8043f1a7912f0010f3b
:1077a400eed11868037c5345ead1524659462af073
:1077b4003dfa0028e4d104eb4403726802eb43026f
:1077c40007eb0901c87a897a01eb0021918070687e
:1077d400019aba1892f80ec0517b01eb0c2120f8e3
:1077e4001310117b726802eb43029170c8e7bb79f6
:1077f4004b441ffa83f93b894b4511d9cdf80490ca
:1078040009f10f0bbb44337b03ebc30208eb820289
:10781400956b92f84030002be9d0043d0024bae780
:1078240097f8ff30012b7ff4ecad30461ff02efbb0
:1078340000287ff4e6ad304623f016f9e1e5b88878
:1078440025f01cfd8046437b002b3ff4daad3b89d9
:1078540043b997f8ff30012b7ff4d3ad404623f0b2
:1078640003f9cee5404bd3f800904ff0000b4b46a4
:107874002de00635b44221d054f8043f1a7912f0b1
:10788400010ff6d0d8f8042002eb050a525b002a57
:10789400efd11868037c022bebd1022239462af07f
:1078a400c5f90028e5d1019f4b4607eb0b02d17abd
:1078b400927a02eb0122aaf8002001e0019f4b46d4
:1078c4000bf1040b1ffa8bfb3a895a45c1d90bf112
:1078d4000c09b94498f80c2002ebc20103eb8101b6
:1078e4008e6b91f84020002aead0341f013a92b2fc
:1078f40006eb8206002501974f469946bce7b888f7
:1079040025f0bcfc0446437b002b3ff47aad0268af
:107914005379062b13d0082b16d0042b7ff471adaa
:107924000023537103685a881988008923f03effa5
:1079340007287ff466ad236804225a7161e50023a9
:10794400537119f07ffc5ce50023537103685a8876
:107954001988008923f008ff07287ff452ad2368b3
:0c79640008225a714de500bfa4c00020ad
:020000040000fa
:020000040100f9
:10797000704770b5e9b101444ff6ff7348f208450e
:1079800089b210f8014b082284ea030616f0010fb1
:107990004fea530302f1ff3214bf6b409bb212f067
:1079a000ff024fea5404efd182b28a42e9d1db43ad
:1079b00099b2084670bd10b51378ed2b144611d15d
:1079c0005378032b0ed1937853b1012b0ad1fff7d3
:1079d000d0ff2279e37803eb02231b1a18bf01239f
:1079e000184610bd0123fbe7f0b503464078062298
:1079f000b0fbf2f102fb110212f0ff001fd1114e99
:107a0000114fdff848c0cdb20146a94200d1f0bd08
:107a1000dc789a7893f804e002eb042202f18244c5
:107a200004f59034013184f800e05c7994559c7938
:107a3000d455dc7902f80c40c9b20633e5e70120e1
:107a4000e5e700bf0120014102200141032001417f
:107a50002de9f04343780622b3fbf2f602fb16321f
:107a600012f0ff0237d102391c4fdff874c0dff883
:107a700074e0f6b203461546c9b2b54202d11046cb
:107a8000bde8f083dc789878012900eb042080b20f
:107a900012d800f1824404f5803893f8049088f8f5
:107aa000009004f1011493f8058084f800809c791b
:107ab000c455dc7900f80c40a42808d1187900f0ee
:107ac0001f00c40648bf60f01f008ef8000001359b
:107ad000edb20633d1e70122d1e700bf0200014138
:107ae00003000141000000204078023818bf012047
:107af00070474378042b05d1034bd0f802201a605d
:107b000001221a710020704774c00020f8b50f469a
:107b100004460026a1f10805a54202d84ff0ff3423
:107b200006e02378ff2b13d1230703d144f07f44d1
:107b30002046f8bd24f003031c1da742eed95a6865
:107b4000013205d15b69013302d114f00c0fedd085
:107b50002378012b0ad16378012b07d1a178621d0c
:107b60000a44e01cfff727ff0028e1d00eb1d3e75d
:107b70000434a542d0d923680133cdd0234613f86d
:107b8000012bef2a0bd16378002bf1d1a378ed2bd9
:107b9000eed1e378032bebd107340126bce71c467a
:107ba000e7e72de9f04785789df8206004460f4609
:107bb0009046994603354ff0010a2378434508bfa4
:107bc00089f800a02378082b2bd00fd8022b1bd0cc
:107bd000072b20d00020a7421bd96378023ded1a65
:107be0002db20233002d1c44e7dc12e00a2b22d018
:107bf0001bd3552beed1a4f5c043b3f5776fe9d273
:107c00002046fff776ff02e02046fff76dff0128d0
:107c1000e1d1bde8f087002edcd0204613f068fcef
:107c2000f5e7204613f022fcf1e7002ed2d02046e3
:107c3000fff7dafeebe731462046fff709ffe6e7fc
:107c40002de9f7430f469046994628b3164b1a790b
:107c50003ab3186800f5776600250be04346cdf887
:107c600000903a463146fff79cff0546a07804f1a4
:107c70000a031844b0420bd23146fff747ff10f019
:107c80007f4f0446ead084b2b4f5c04f08bf012547
:107c9000284603b0bde8f08346f670764ff4c04046
:107ca000dae78525f4e700bf74c0002013b513465a
:107cb00014460a4601460020fff7c2ff054b1b7918
:107cc00033b123460df1070200210120fff7b8ff71
:107cd00002b010bd74c000202de9f0478678089de1
:107ce0009df824a08946044617469846033600218d
:107cf00023786278ff2fdbb208d1013bdbb2fd2b8a
:107d00002ed828880232214640440ae0bb4227d1bf
:107d1000baf1000ff5d0062f0cd1072a1cd1a11cf7
:107d200040462bf047f92b889a1c637813442b802c
:107d3000012115e00b2f01d1042aefe70c2f01d10f
:107d4000012aebe7102f01d1022ae7e7152f01d115
:107d5000082ae3e7182fefd02b8802331a442a8031
:107d60006378023ef61a36b20233002e1c4401dd5f
:107d70004c45bdd3012914bf80200020bde8f08709
:107d80002de9ff47002407468846adf80e404ff422
:107d9000c04046f670754ff0010946f66f762946e9
:107da000fff7b4fe10f07f4f824613d10df10e03a2
:107db0000093cdf8049043463a462946fff78cffde
:107dc00000289af802000af10a03184408bf0124a7
:107dd000b042e4d9012c14bf8020002004b0bde8db
:107de000f087014608b50620fff7caffb0fa80f019
:107df000400908bd014608b51520fff7c1ffb0fadc
:107e000080f0400908bd034b93f900300370012056
:107e1000704700bf0000002013b5044601a90b20e5
:107e2000fff7aeff28b9bdf804302380012002b06f
:107e300010bd0020fbe713b5044601a90b20fff796
:107e40009fff28b9bdf806302380012002b010bd85
:107e50000020fbe713b504460df107010c20fff7e6
:107e60008fff28b99df807302370012002b010bda4
:107e70000020fbe7014b1879704700bf74c0002059
:107e8000014b1871704700bf74c00020014b186887
:087e9000704700bf74c0002020
:020000040000fa
:020000040100f9
:107e980070b50378c4b004461f2b3ad8dfe813f056
:107ea80020004b000e0239003900390039006e00fd
:107eb80039004001390039006f016c02390039007e
:107ec80039009c01e7019100150239003900390099
:107ed80039003900390039001d0248023900c7014c
:107ee800c588284627f03cf80246a8b9b74b009346
:107ef800cde9015004231021ee2011f0ebff002200
:107f0800043401920094062305214ff4827027f06f
:107f1800c1ff012044b070bd26f0def9e388adf85a
:107f28001230237a8df8143004a801238df810300c
:107f380021f078fde3e7c588284627f011f80246c6
:107f480080b90123cde90153a04b009310210423ec
:107f5800ee2011f0bfff00220434019200940623a2
:107f68000821d2e703238df8103004a82379adf84f
:107f780012508df8143021f055fdece7c5882846dd
:107f880026f0eeff024680b90723cde901538f4b57
:107f9800009310210423ee2011f09cff00220434ea
:107fa8000192009404233021afe703238df81030a9
:107fb80004a82379adf812508df8143021f032fd61
:107fc800ece7037a824d012b60d1286800f5da705e
:107fd80011f03efd2a681378002123f00103137085
:107fe800084627f0d3fe23f057fb2379002b40f0f7
:107ff8008480e388002861d12278cde90132754b6d
:108008000093024604231121ee2011f063ff237927
:108018008df8123004f10a06e388adf814303146c1
:10802800237a607a8df8163028f030fbe389adf8b2
:108038001c30637d8df8170003f0c003d4f80a00e4
:108048000690402b5ed1234653f8102fcdf81e2002
:108058009b88adf822302346002553f8160f099067
:108068009b88adf82830a38badf82a3004a8d4f843
:108078001e300b9304348df8105021f0d3fc019579
:10808800009420232a464ff49f713ee72a6813780c
:1080980023f0040313700221002027f077fe2b68d9
:1080a80003f5087203f5107352f8040b10b1c17888
:1080b80001299ad09342f7d1002096e70380022342
:1080c800c370237a8370a38b8381e38bc381238c52
:1080d80003822b6893f821200271627d02f0c002ae
:1080e800402a0abf234653f8221f53f8101fc0f82e
:1080f8000510421d9b88938089e7002887d026f0c9
:10810800ebf884e72b6893f82120022a02d153f870
:10811800222f9be70023cdf81e30adf822309ae7d6
:10812800c588284626f01cff024688b90923cde9f0
:108138000153264b009310210423ee2011f0cafeb0
:1081480000220434019200940a2340f23e31dce616
:108158000023837402238df81030e388adf81230c1
:1081680023798df814302389adf81630a268a389d5
:10817800069204a8adf81c3021f054fce0e785888d
:10818800284626f0edfe024688b90c23cde90153b6
:108198000e4b009310210423ee2011f09bfe0022c9
:1081a8000434019200940a2340f23e61ade60623ae
:1081b8008df81030d4f80630059304a8d4f80a30a6
:1081c800adf81250069321f02dfce8e7286c020167
:1081d80028c100205c6c0201c588284626f0c0fe34
:1081e80090b91123cde90153674b0093024604234c
:1081f8001021ee2011f06efe00220434019200944a
:108208000c2340f23e4180e62379002bf4d1237af7
:108218009b0605d540f64802fb21008820f08efb1e
:10822800172304a88df8103021f0fcfbe4e78588bb
:10823800284626f095fe024680b91f23cde9015352
:10824800514b009310210423ee2011f043fe00222d
:108258000434019200940223572156e60b2304a804
:108268008df81030adf8125021f0dcfbefe7c5882f
:10827800284626f075fe024688b91223cde9015337
:10828800414b009310210423ee2011f023fe00221d
:10829800043401920094062340f63e4135e60c234f
:1082a8008df8103023798df8143004a82389adf89f
:1082b8001250adf8153021f0b5fbe8e70022043480
:1082c800019200940a230c211fe600220434019233
:1082d8000094042341f23e4117e6c588284626f05b
:1082e8003ffe024688b91c23cde90153274b009372
:1082f80011210423ee2011f0edfd00220434019237
:1083080000940a2342f23e11ffe514238df8103041
:1083180023798df81230a26894f90c30adf8145016
:1083280004a8cdf816208df81a3021f07bfbe4e77d
:108338008588284626f014fe024688b91d23cde913
:108348000153124b009311210423ee2011f0c2fdba
:108358000022043401920094042342f23e01d4e541
:1083680016238df8103004a8e388adf81250adf844
:10837800143021f057fbebe70022043401920094fb
:108388000a2340f23e71c0e5286c02015c6c0201d0
:020000040000fa
:020000040100f9
:108398002de9f04f87b02bf029ff07462cf02cf978
:1083a80081464ff00008c34641e0243408e02bf032
:1083b8000bff022840d805f804bcb44230d024345e
:1083c800254614f8043c002bf7d0e369fb1a41f268
:1083d80087329342ebd8a369fb1a002beddb237994
:1083e800b8fa88f25209012b14bf002301239a42dc
:1083f800e3d134f8020c26f06bfd30b3227d214620
:108408001ef0a6fd28b3002304f8043c0af1010a73
:108418005ffa8afab44203d0baf1070fc5d900bf90
:1084280008f101085ffa88f8b8f1020f1cd0a04cd7
:1084380004f50776da46c3e72bf0c0fe237934f853
:10844800022c9c491df0a8ffb5e7002304f8043c62
:10845800b3e7637d042b9cbf01336375627d64239e
:1084680093403b44a361a8e7934b1b7823b1924bfd
:108478009b69fb1a002b03da4c4609f1a8092ae08c
:108488008e4b19784a1c1a708b4ce1700c2323719f
:108498008b4b187813f062fa4ff6ff72617d601cff
:1084a80011f0a6fca37d013bdbb2a37513b9002232
:1084b8002270e1e707f548737f4a9361dce7288873
:1084c80018f0dafb6f612b7e042b9cbf01332b76ef
:1084d8001c344c451dd02546e379002bf8d0637930
:1084e800002bf5d0a379002bf2d1628840f201234a
:1084f8009a42edd1227e6369002be0d0052a28bf7d
:1085080005224ff47a7101fa02f2fb1a9a42dfd877
:10851800d5e74ff000085ee02bf056fe02284bd856
:10852800002306f8013c01351c34082d4cd02646a2
:1085380014f8013c002bf6d0d4f81730fb1a002ba6
:10854800f1db2379b8fa88f25209012b14bf002312
:1085580001239a42e7d1637d022bddd8dff89481ad
:10856800c5ebc50408eb84044ff6ff72617d304605
:1085780011f03efca37d0133dbb2a3754ff42f72db
:1085880002fa03f33b44a3614e4b1b68fb1a002b12
:1085980024da4d4b1b68fb1a4c4a934200f2d480f4
:1085a8004b4b1b782bb14b4b1b68fb1a002b80f2f3
:1085b800d38007b0bde8f08f2bf000fea3782278b7
:1085c80045491df0e9feabe708f101085ffa88f8b4
:1085d800b8f1020fd8d0414c0025a8e72cf00cf8d0
:1085e80006462af033fb07f5c34328333c4aa2fb6f
:1085f8000012520b42f2117101fb12000344314a7e
:1086080013603446a83618e02bf0defd022804d8a3
:108618001321288824f068fe0ce02bf0cffd238876
:10862800227930491df0b8fef2e7eb68fb1a2e4ab2
:10863800934238d81c34b4425ed02546e379002be7
:10864800f8d06379002bf5d0a379002bf2d0e3782a
:10865800022befd1e37e2bb1a37e0133dbb2a376ed
:10866800022bd1d8214b1b788df81030204b1b786a
:108678008df811302af082fe8df812006b7e0133de
:10868800dbb26b768df813302979288801230193a2
:108698000423009304ab0c221af0cafc0028c4d0af
:1086a8000123eb76c1e71321288824f01dfec1e7da
:1086b80004fc0120886c0001e8bd0020b6c200203f
:1086c800b7c20020d4c00020d0c00020df9304002f
:1086d800b2c20020ccc00020ac6c000109b600205a
:1086e80019b9b1d1c86c00018f5f0100b5c2002073
:1086f800b4c2002008b6002022f068ff2bf064fd09
:1087080002287ff646af2bf059fd04464d4b1e78e4
:1087180027f0f4fe05464c4b93f800804b4b93f83a
:1087280000904b4b93f800a02af028fe0390cdf858
:1087380008a0cdf80490cdf800802b463246454974
:1087480020461df029fe24e7434b1f60434b0122be
:108758001a7023f041fc23e728f07efc404b03f11c
:10876800090501214ff0ff0c02e00333ab4211d0a1
:108778001a78002af9d05a788e18ff2e9abf3246f6
:10878800d1b261469a788418ff2c9abf2246d0b29b
:108798006046eae72b4b1b788df810302c4c237879
:1087a8008df81130284b1b788df81230274b1b7829
:1087b8008df813308df814108df81500274b1b78a1
:1087c8008df816302bf018ff21780346a83002e008
:1087d8001c3398422cd01c46da79002af8d05a79f2
:1087e800002af5d01a798a42f2d119b320880123d8
:1087f80001930723009304ab0d221af019fc38b13a
:108808000023184a1370154a1370174a1370d0e6dc
:10881800154b1b78042b02d80133134a1370124be3
:108828001a784ff4fa7393403b44104a1360c0e639
:108838000029edd100230b4a1370084a13700a4a25
:108848001370b6e6b7c20020b5c20020b4c200203b
:10885800b3c20020f46c0001d0c00020b1c20020d7
:10886800a8bf0020b2c20020b0c20020ccc00020a7
:020000040000fa
:020000040100f9
:10887800f0b587b004460f4616461d4690f804c06a
:108888000cf1ff3cbcf10e0f6dd8dfe81cf038018d
:108898004f018501b101be01040218010f002a0031
:1088a8006e006500a000e7001401d200002a5ad02b
:1088b800284626f00dfb0446397828462bf094fb11
:1088c800022128462bf09efb28462bf094fb397892
:1088d800204612f0dbff002845d028462af063f82e
:1088e80041e0022a3fd9284626f0f2fa0446002839
:1088f80000f0e8818679397828462bf075fb02214b
:1089080028462bf07ffb28462bf075fb397820464c
:1089180012f0bcff38b3002e00f0e68128462af09a
:1089280042f8aa4b1b788df80c30a94b1b788df8b0
:108938000d302af023fd8df80e0001230193032347
:10894800009303ab0a22397828461af071fb22f00b
:108958003dfe23f041fb06e0407826f059fa13214a
:10896800284624f0c1fc07b0f0bd012afbd92846ef
:1089780026f0aefa68b1617828462bf035fb022163
:1089880028462bf03ffb28462bf035fb28462af0db
:108998000af863788f4a12789a42e4d93a788b4970
:1089a8000978914203d88c4909780029dbd1874995
:1089b8000a707a78fe2a28bffe22013284490a709a
:1089c800854a137022f002fe23f006fbcbe7284607
:1089d8002af099ff032e29d94ff6ff739d421bd128
:1089e80062787d4b1b789a42bdd13b78774a1278e2
:1089f8009a4206d17a78013275490978d2b2914201
:108a0800b1d0724a13707b780133714a137022f027
:108a1800ddfd23f0e1faa6e7012301930093fb1c97
:108a28000f22617828461af003fbd9e7012e9ad95c
:108a3800d6e7002a97d0284626f04afa002892d08e
:108a4800c27e002a8fd0417e3a7891428bd1002293
:108a5800c276827628462af056ff84e7062a82d90b
:108a680028462af050ff64783e797d795b4a0023d6
:108a7800ff200ce003eb4303584a13445e709d70db
:108a880023f0aafa6fe701330332032b06d01178db
:108a98008c42efd00029f6d1d8b2f4e7ff283ff492
:108aa80062af00eb40004d4b03441c705e709d703c
:108ab80023f092fa57e728462af025ff53e7012ac0
:108ac8007ff651af0a78434b1b789a427ff44baf3d
:108ad800434b002204e001321c33082a3ff443af21
:108ae80019780029f7d0d87879788842f3d1c2eb81
:108af800c2023b4b03eb820300221a7033e7022abf
:108b08007ff631af2bf060fb022805d8ba78797868
:108b1800387821f03dfb26e72bf050fbbb7800931b
:108b28007b783a782f491df037fcefe70df10a0200
:108b38000df1090102a823f02ffa28f08dfa8df81b
:108b48000b004ff6ff739d4203d0274b1b88ab42a7
:108b580006d0042302aa0321607810f00df802e77a
:108b680000238df80c301b4b1b788df80d301f4af5
:108b78001378591c11708df80e300c238df80f30b6
:108b880003238df81030029bcdf8113003aa092178
:108b9800284616f0b1fde6e6134b1d884ff6ff7325
:108ba8009d423ff4e0ae0068039023798df81030c1
:108bb800042a05d903aa711d284616f09dfdd2e6a0
:108bc8000df111002af0f2f9f4e700bfb5c2002058
:108bd800b4c20020b7c20020b3c20020a8bf002042
:108be80008b60020286c000104c60020b6c2002088
:108bf8001ef0f4fd2bf0e8fa02287ff6b4ae2bf055
:108c0800ddfa47491df0c8fbade6002a3ff4abaedc
:108c18000c782bf0d9fa022817d8204622f04efcff
:108c280018b9204610f066fbb0b90022114664203e
:108c380021f0aefa4ff6ff739d423ff494ae394ae5
:108c48000921284616f058fd8de62bf0b7fa224682
:108c580035491df0a1fbe0e700226421104621f010
:108c680097fa4ff6ff739d4209d12bf0adfa02280f
:108c78000bd84ff4fa7025f00bff28f0fff92b4ab8
:108c88000721284616f038fdefe72bf097fa284918
:108c98001df082fbede72bf097fa02280cd827f09d
:108ca80091fc00221146642021f072fa4ff4fa7008
:108cb80025f0eefe28f0e2f92bf080fa1d491df0b0
:108cc8006bfbece7397828462bf08ef90221284611
:108cd8002bf098f928462bf08ef93978002012f0fd
:108ce800d5fd00283ff43fae26f00af904287ff6a8
:108cf80015ae114b1b788df80c30104b1b788df886
:108d08000d30012301930223009303ab0b22397822
:108d180028461af08df91321284624f0e5fa22e6b0
:108d2800406c0001b4c500204c6c0001e8c500206f
:108d3800606c0001786c0001b5c20020b3c200204d
:020000040000fa
:020000040100f9
:108d48002de9f04f2ded028b99b0cde90e130b688c
:108d58000893d1e901a392ed007b0a930b69cd68d2
:108d68001490159351ec170b002200238ded027b14
:108d780025f04ef848b9089b580737d4089b13f0dc
:108d88000803099334d0202306e0dde9022101f12c
:108d98000043cde902232d232b700a9b013b079347
:108da80001230993dde9021323f00042a84b0026b2
:108db8009a4208bfb1421ed10f9b0998413b192b1b
:108dc80094bfa449a44928442bf084fb28462af0e0
:108dd800f9f8089b009302460a9b149829461bf051
:108de80069fc19b0bdec028bbde8f08f2b23d3e7eb
:108df8000a9b0793d6e78e42934108d20f9b0998a6
:108e0800413b192b94bf954995492844dce7dde996
:108e180002010022002325f080ff9fed8b7b044692
:108e28008ded047b002800f00a8134460f982bf062
:108e38006ef9baf1000fc3b20b93c0f2dd81672b54
:108e480040f04081baf1000f08bf4ff0010a211d20
:108e5800c0f23b81544580f23881002c4ff0660bfc
:108e68000fdabbf1660f0af1010a0ad1002c04da05
:108e78009fed757b8ded047b00240b9b672b00d049
:108e8800a2449ded047bdde902678ded0c7b4ff07c
:108e98000008dde90c233046394606f0a7f841ec16
:108ea800100b14f0bdf807f10043109611939dedd7
:108eb8000c1b9ded102b8ded160b29f099f953ec39
:108ec800102bdde90c01164603f100470022654b23
:108ed80006f08cf808f1010802460b46c245cde9b8
:108ee8000c23d6d1604b00220cf0b4fd32463b4631
:108ef8008046894624f070ff002840f0e980324619
:108f08003b464046494625f008ff30b1dde91601e9
:108f180021f03afdc20740f1db80dde9020142465b
:108f28004b4605f0d7f84f4bcde902010022dde9a9
:108f380004010cf08ffd02460b46cde90c23dde958
:108f4800022324f01ff8002800f0c780bbf1660f49
:108f580004f1010440f0c5800af1010aa046002787
:108f6800099ea8eb0a0ab946d04540f0e380b9f15a
:108f7800000f00f02a81a8190022bbf1650f0270ca
:108f880028d1159b013b9442ea54bcbf644201229c
:108f980002274ff00a0e591e002c40f01d81002fa9
:108fa80000f31a81002a0cbf2b222d226a540f9a33
:108fb800023b413a192a05eb030198bf4ff0450bd4
:108fc8009e4281f800b001da2bf084fa079b1f4417
:108fd8003b1f0793089b03f00303022b7ff4f6aeb5
:108fe800079b002b7ff7f2ae284629f0ebff079b83
:108ff800eb18099a824240f3fb800998079a3021be
:1090080028442af0f5fb00230a93dfe6cde904673c
:10901800013442464b46dde904010cf01bfd0646cf
:109028000f4602460b46dde9020124f0f1fe002856
:10903800ecd0dff8389000264ff0000836e0dff873
:1090480024904ff00008e4e7000000000000f03f23
:109058000000f07f3f22030143220301472203015e
:109068004b2203010000244000001440000050433c
:1090780014f5967f11da86b9dde9020142464b46be
:109088000cf0e8fc4246cde902014b46dde904015b
:109098000cf0e0fccde904010126dde904015a4b9e
:1090a800002205f0a3ffcde90401013cdde904231a
:1090b800dde9020124f0acfe0028d9d1b6e64ff074
:1090c800060ac4e6ddf82cb0cbe64ff0650bd8e60f
:1090d8004ff000084ff000091fe79ded047b8ded70
:1090e8000c7bbbf1650f14bfa0464ff0000836e7b4
:1090f800b9f1000f0bd1b8f1000f08da04992e224c
:109108006a54079a013a013607924ff00109ea19a1
:10911800a9193244302001e001f8010b9142fbd13a
:109128000799ba193033cf1bab547b1e561c0793d3
:10913800002728e00e9b04961b69053bb3427ff687
:1091480016afdde90c23dde9020105f04fff41ec24
:10915800100b13f065ff51ec100bb0ee408af0eee7
:10916800608a21f011fc089a092802f010020346cf
:10917800a8bf09230243bbd10b9a672ab8d1b8f11b
:10918800000fb5da0137029b1293039bb0ee481a21
:10919800f0ee681a03f1004313939ded122b9ded39
:1091a8000c0b29f025f853ec102b03f10043dde9f3
:1091b8000c0103930022144b8ded020a05f016fff3
:1091c80008f1ff38cde90c01cee6089bdb0642bf6b
:1091d8002e23ab550136cee60b4694fbfefc0ceb7a
:1091e8008c01a4eb41013031e9546446013fd2e6d9
:1091f8002a5c1a540138fce60b9b672b3ff45fafdf
:0c9208009b464ff0060a2ce600002440b4
:020000040000fa
:020000040100f9
:0492140000befee7b3
:020000040000fa
:020000040100f9
:109218002de9f04f2ded048b55ec104bc04b00267b
:1092280089b09d4208bfb4428ded001b22d052ec9c
:10923800111b11eb010e92465241b2f5001f8846f0
:10924800c0f09f8014eb040c45eb0503b3f5001f39
:109258002746a946c0f0d3804ff0ff306ff40011c5
:10926800604571eb030b08d2ae498b4208bfb44589
:1092780000f0c78145ec184b1ce0002d5edb40f286
:10928800ff73caf30a51994200f0fb81dde900013e
:1092980021f07afb064628f0d8fc8a4508bf8045ad
:1092a80027d0204629460022002324f0b1fd50b1e2
:1092b8009fed938bb0ee480af0ee680a09b0bdec5a
:1092c800048bbde8f08f3a4629f0004343ec102b9d
:1092d80006f076fcdde9000153ec102b0cf0bafb2c
:1092e80041ec100b05f05cfbb0ee408af0ee608ab2
:1092f800e0e7b6f1004fd4d0002ec0f2388140d05c
:1093080000279fed818bf10722462b4605d551ecae
:10931800180b0cf09ffb41ec180b760822462b46e5
:109328002046294628d1002fc4d053ec182b7c495d
:10933800002005f05bfe41ec180bbbe7704591413e
:1093480022d212f5001f08bfb64540f00d811af56c
:10935800801f08bfb04500f06381734b25f00042c1
:10936800a042934180f05981704b9d4208bfb4429e
:1093780007d09fed678b9de70cf06cfb04460d460c
:10938800c1e79fed618b95e7caf30a51a1f2ff335c
:10939800332b5bd9b3f5806f40f2f080644b6048a3
:1093a800def1000e63eb020200eae2700af000410f
:1093b800002240ea0103dde9000125f0aefc0028a7
:1093c80000f0d880c9f30a53013b40f2fd72934282
:1093d8007ff65cafdde9000121f0d6fa834628f07c
:1093e80034fc8a4508bf80457ff45bafbaf1000fb3
:1093f800c0f2b58000269fed488b31461ae0baf1dd
:10940800000fc0f29780002dc0f2cd80454b764505
:109418009341c0f0a980dde9000121f0b5fa834647
:1094280028f013fc8a4508bf80457ff43aaf9fedca
:109438003a8b31461bf0010f3ff43caf09f000496d
:10944800324689ea010343ec182b33e7c3f1340ba6
:109458004ff0ff32c3f1140c02fa0cfca3f114060e
:1094680002fa0bf022fa06f640ea0c0002fa0bf2b6
:1094780030430592921840eb000c4af4801626ea15
:109488000c0e28ea0202cbf12006a1f21f4102fad3
:1094980001f10690c3f1200c304607960efa03f648
:1094a80022fa0cfc0e4346ea0c060efa00f102fa08
:1094b80003f3abf1200c22fa0bf2db1842ea0102ab
:1094c8002efa0cf176410a432efa0bfe05990698fe
:1094d8004eea060e13430026cef3140208ea0101f1
:1094e8004ff4801e9e4202917eeb02020aea0001be
:1094f800039146d3dde902235de700bfaff30080a7
:10950800000000000000f87f000000000000f03fad
:10951800000000000000f07f0000000000000000d4
:109528000000f03f0000e0ffffffef3f0000f0bf4a
:109538000000c07f644b2221002d19604adb634b79
:109548007645934110d3dde9000121f01dfa8346e9
:1095580028f07bfb8a4508bf80457ff4a2ae9fedcb
:10956800528b5b49002665e79ded008ba2e67642ab
:109578000127c6e6544b21221a6099e6dde900234b
:1095880019e7079a012101fa0cf321fa02f201fa0c
:109598000bf1dde902bc5e4643ea02008a19614626
:1095a80040eb010307e712f5001ffff4edae12f5db
:1095b800001f08bfb645d7d1dde9000121f0e4f965
:1095c800834628f042fb424b8b4208bf86427ff419
:1095d80068ae2ce712f5001ffff4d6ae12f5001f97
:1095e80008bfb645c0d1dde9000121f0cdf98346b9
:1095f80028f02bfb11f5801f08bf86427ff451ae7f
:10960800ade776459141afd3314b9d4208bfb44297
:1096180017d1baf1000fbff6acae9fed258b49e626
:109628002c4b9d4208bfb4423ff4abae2a4b4ff0df
:10963800ff3229f00049ba4273eb0903bff499ae2f
:10964800ebe7baf1000f17db9fed1b9b9fed168b25
:10965800dde9000121f098f9044628f0f6fa8a4578
:1096680008bf80457ff426aee0077ff523aeb0ee55
:10967800498af0ee698a1de69fed119b9fed0c8be0
:10968800e6e7124b76459341fff46eaf1af5801f5b
:1096980008bfb045cad0104bb84273eb0903fff4ba
:1096a80068aebae7aff30080000000000000f07f6a
:1096b8000000000000000000000000000000f0ffb3
:1096c800000000000000008080c200200000e0ffd1
:0c96d8000000f07f0000f0bfffffef3f3c
:020000040000fa
:020000040100f9
:0496e40000befee7df
:020000040000fa
:020000040100f9
:1096e8002de9f04f95b0d2e900ab12930b680593c2
:1096f8004b680a938b6807930b69cc680e900f939d
:10970800002200235046594624f082fb40b9059bad
:1097180058072dd4059b13f008052bd0202303e010
:109728000bf100439b462d232370079b0125013b2a
:10973800b74a50462bf000410027914208bfb84273
:109748001ad1129b413b192b94bfb249b2496019f7
:109758002af0c0feb04829f035fc059b009302466c
:10976800079b0e9821461af0a5ff15b0bde8f08fab
:109778002b23d9e7079bdbe757458a41129aa2f1c9
:1097880041020b9208d2192a94bfa449a44960192e
:109798002af0a0fea248dee7302161550b996a1c29
:1097a80019298cbf78215821023ba1540693002225
:1097b8000023594625f0b1fa02350646002800f084
:1097c8007a819fed917b8ded027b3e460a9b002bb3
:1097d800b8bf1823dde90289cde908ab0c93013342
:1097e8001393002742464b46dde9080105f0fefbce
:1097f80041ec100b13f014fc424651ec100b4b4695
:109808008ded100b0cf026f902460b46dde9080138
:109818002af032ff834bcde9080100224046494631
:109828000cf018f90a9b002b8046894607f10107be
:1098380006dadde908010022002325f06efa20b9d6
:10984800139b9f42ced10c9f0137774b0022404695
:1098580049460cf0fff88046894602460b46dde98a
:10986800080124f0d5fa002840f02a81dde9080132
:1098780042464b4625f051fa30b1dde9100121f09e
:1098880083f8c10740f11c8142464b465046594671
:1098980004f020fccde90801dde9081323f00042bb
:1098a8005b4b4ff000089a4208bf41453ff449af6f
:1098b8000f9b053bab42109340f24e817b421293c3
:1098c8002f46ab46c246c146dde90223dde9080161
:1098d80005f08cfb41ec100b13f0a2fb51ec100bc4
:1098e8008ded0c0b21f050f8002840f0ee80b9f116
:1098f800000f00f0ea8008f10108dde90223dde944
:109908000c010cf0a7f802460b46dde908012af025
:10991800b3fe444bcde908010022dde902010cf059
:1099280099f8129b09f1ff399945cde9020103d055
:10993800109b9f42bb46c7d3baf1000f1dd1b8f1a7
:10994800000f40f30a810a9b002b40f30681059b18
:10995800da0700f10281e3192e221a7008eb0702d8
:109968002244302103f8011f9342fbd1069b474450
:109978006fea08084344013706930f9b0022e01959
:10998800013b96420270b8bf7642e2544ff001089c
:10999800b8bf01224ff00a0e591e002e40f0cb80ae
:1099a800b8f1010f00f0c780002a0cbf2b222d222e
:1099b80062540b9a023b192a04eb03018cbf7022f4
:1099c80050229f420a7001da2af084fd059b03f0b9
:1099d8000303022b15d1069b4344a3f10308b8f1f6
:1099e800000f0edd204629f0edfa04eb0803a8422b
:1099f80080f2ae8042463021601929f0f9fe00233a
:109a080007932046a7e600bf000000000000f03fd3
:109a18000000f07f3f220301432203014722030194
:109a28004b2203010000b03f00002040cde902892d
:109a38000136dde902231046194604f04bfb804647
:109a4800894602460b465046594624f0e1f900285b
:109a5800ecd0dff828914ff00008dde902235046ea
:109a6800594624f0d5f900283ff4b0ae424b002205
:109a7800dde902010bf0eeff0022002325f04df98d
:109a880078b1dde9020142464b460bf0e3ff42465e
:109a9800cde902014b46504659460bf0dbff8246a2
:109aa8008b46dde90201344b00220bf0d3ff013e67
:109ab800cde90201d1e79fed2e7b8ded027bb8e762
:109ac8004ff000084ff00009dee6baf1000f0bd1a5
:109ad800b9f1000f08d02e2304f80b30069b013b88
:109ae800013706934ff0010a04eb0803e2193b44df
:109af800302101e002f8011b9a42fbd1069b07ebdb
:109b0800080ba3eb08080b9b0928d4bf303057304b
:109b1800192b06d840f02003613b192b01d82af0f5
:109b2800fdfa08f1ff3304f80b000bf10107069367
:109b38004ff00008e1e60b4696fbfefc0ceb8c01af
:109b4800a6eb41013031e154664608f1ff3823e7be
:109b5800225c1a5401384ae72f46059bdb067ff53d
:109b68000caf2e23e355013707e700bfaff30080a2
:109b7800000000000000f03f0000e03f00005043fc
:020000040000fa
:020000040100f9
:109b88002de9f04186b0b84b0190064600930222b9
:109b980001231321ec2010f09df9012e09d9b34fb0
:109ba8003868f02104302af0f3fb044630b90c255c
:109bb8000fe02af04bf80028f1d0f8e7002e40f02b
:109bc800678190f86031012b12d116f00ff968b94e
:109bd8000725a74b0093019501230022ff21ec20c4
:109be80010f078f9284606b0bde8f08116f030fe8e
:109bf8003868f02104302af0cbfb0446032e00f22b
:109c08001981dfe816f04b005800b5001e011e252b
:109c18006ee1012e00f2768179e155b9294604a852
:109c280028f016f99df81030002b00f07b811225e2
:109c3800cfe7ab1e012b00f2758194f822209df826
:109c4800103062f300038df8103023464ff00008ff
:109c580053f8232fcdf811209b888df80e800df135
:109c68000e0104a8adf8153020f094f8002800f093
:109c78005981022d40f0508141460df10f0028f026
:109c8800e7f89df80f30cfe794f86031002bafd19b
:109c980025f0cefe054600289bd1a9e794f860215f
:109ca800012a03d1002120461cf0bef8012029f02a
:109cb800bdff002596e794f86051002df6d10121eb
:109cc800084619f0f7f994f8731020460bf08efa4d
:109cd8004ff48073a4f88c3194f87330e2692574da
:109ce80013f1ff3318bf012384f88e31042384f85d
:109cf8008f3103f26d235343c4f8a43142f2107339
:109d0800c4f8a831012384f8603129f007f9c4f8b0
:109d1800ec0116f06bf8d4f8ec31a2681a62d4f8aa
:109d2800ec31544a5a62d4f8ec31534a9a62d4f866
:109d3800ec31524ada62d4f8ec31514a1a63d4f859
:109d4800ec31504a5a6306462946d4f8ec010df026
:109d580057f9d4f8ec311d60d4f8ec3172685a60c8
:109d6800d4f8ec311360304673602af0ddfb9de7d0
:109d780094f8731020460bf039fa012384f8603107
:109d880000232374e56929f069ff4ff4c863584339
:109d9800b0fbf5f029f07aff28f048fc3d6894f80c
:109da80073302b7394f820306b7394f82930ab73ad
:109db80094f82130eb7394f822302b74234605f184
:109dc8000c0653f8232fc5f811209b88a5f81530e9
:109dd800b4f800212ab1d4f8fc1005f1180029f0d4
:109de800e5f8b4f80031eb75b4f810212ab1d4f8cd
:109df8000c1105f1380029f0d9f8b4f8103185f8bc
:109e0800373094f8f43085f85730502231461e48e0
:109e180028f0bef81df0c2fe1cf0fefd15f0befcd9
:109e2800a3680493e3680093042204ab1749022053
:109e38001ff017f8002029f0f9fe002029f0fefe97
:109e480037e7012384f860310023237426f038f8bb
:109e580008b128f0ebfb94f8731020460bf0c6f914
:109e6800dee71e25b5e600bf4329030188c10020af
:109e7800860d0301ed6e0101a947030139f80201be
:109e8800f5d2000185500201104001440b00010089
:109e9800032e7ff4beae3d684749502205f10c0001
:109ea80028f076f82b7b84f873306b7b84f82030ad
:109eb800ab7b84f82930ff2384f82e30eb7b84f8c1
:109ec80021302b4653f8112fc4f823209b88a4f87f
:109ed80027302b7c84f8223095f8573084f8f430fa
:109ee8006a7b002a3ff493ae002b0cbf1e25002589
:109ef8001ef0b0fa18f070fd14f0e8fb284310f0db
:109f0800ff0faed194f87330012b3ff450ae94f8a4
:109f18002150012d7ff481ae204629f06ffe0028e4
:109f28003ff485ae94f86031002b42d1204608f00a
:109f38006dfd054600287ff44cae012e3ff4a4ae1b
:109f480004201cf0fdfbe06000283ff441ae012036
:109f580022f0ecfe00283ff42aae032e7ff448ae30
:109f68003d68154905f10c00502228f011f8e87dec
:109f780048b111f061ffc4f8fc0020b1ea7d05f199
:109f8800180129f013f8eb7da4f8003195f8370093
:109f980050b111f051ffc4f80c0128b195f83720e1
:109fa80005f1380129f002f895f83730a4f8103196
:0c9fb8001ee6012ec4d11be6104001443f
:020000040000fa
:020000040100f9
:109fc40070b596b00378032b04d0012b00f05881b0
:109fd40016b070bd44682378062bf9d801a252f854
:109fe40023f000bf87a0000105a00001d59f000158
:109ff400d59f0001d59f000107a100015ba00001ce
:10a00400c34b1b78002be3d0a08824f033ff044615
:10a014000028ddd08378002bdad103a9807f0ff0ec
:10a02400f5f870b911ab0df142020df13a01208837
:10a0340020f0cefd0028cbd10121208828f009f999
:10a04400c6e7208824f000fa0028c1d10021208826
:10a0540028f0fff8bce7ae4b1b78002bb8d0a088e3
:10a0640024f008ff0028b3d08378012bb0d1a08856
:10a0740024f004fa0028abd10021a08828f0e9f8e4
:10a08400a6e7a3795bbba08824f0f4fe054600286c
:10a094009ed0a288237a03218df80c10adf80e20ef
:10a0a40000228df811208df8123003a821f02afa2d
:10a0b4000123eb72d4f80900d4f80d10d4f8112060
:10a0c400d4f81530e86029616a61ab61ab78002b84
:10a0d4007ff47eaf0121288828f0bbf878e7a188b7
:10a0e400e27904208df80c00adf80e1000218df8f3
:10a0f40011108df812308df8132003a821f002fa04
:10a1040066e7a08824f0b6fe064600283ff460af58
:10a114004c202af063fa054600283ff459af04f1b5
:10a12400780393e803002860a980090ca9712846e4
:10a1340015f044f80346082853d0b377b278002ac0
:10a144007dd194f8222012f0010f64d0a668e06853
:10a1540021696269ae63e86329646a64a66ee06e8d
:10a16400216f626fc5f80760c5f80b00c5f80f10c2
:10a17400c5f8132094f82220920895f8481062f349
:10a18400870185f8481094f82220c2f34002c9b22e
:10a1940062f3410185f8481094f8221095f848209c
:10a1a40061f3000285f84820666aa06ae16a226bbe
:10a1b400c5f81e60c5f82200c5f82610c5f82a2087
:10a1c400606bc5f81700218f94f83a20a5f81b108e
:10a1d4006a772946184612f0e9ff28462af002fa5f
:10a1e400f6e626f017ff03460828a6d105238df8c6
:10a1f4000c303388adf80e3008238df8113003a8e5
:10a2040021f080f926f006ff0346082895d1284658
:10a214002af0e8f9dce6e66c206d616da26dae63b0
:10a22400e86329646a64d4f85e10d4f86220c5f83f
:10a234002e10c5f83220b4f85c20ea868ee7d4f8f4
:10a2440008c0e06821696269c5f838c0e863296418
:10a254006a64d4f808c0e06821696269c6f80cc071
:10a2640030617161b261a66ee06e216f626fc5f8f4
:10a274000760c5f80b00c5f80f10c5f8132079e77f
:10a2840044682378052b15d0032b7ff4a1ae2379e2
:10a29400002b6fd1638803228df80c20adf80e30ab
:10a2a40001238df8113000238df8123003a821f01a
:10a2b40029f98de6608824f0ddfd054600283ff489
:10a2c40087ae0121008827f0c4ffeb7a002b37d139
:10a2d40003a9a87f0ef09affe0b911a9288823f0fa
:10a2e40075f800283ff474ae638804228df80420c6
:10a2f400adf8063001238df8093000238df80a30bb
:10a304008df80b300deb020021f0fcf860e600bf85
:10a31400a7c20020288824f015f8638804228df849
:10a324000420adf8063001238df8093000238df8a0
:10a334000a308df80b300deb020021f0e3f847e60c
:10a34400294631f80c0b23f041f800283ff440aec5
:10a35400638804228df80c20adf80e3001238df8ab
:10a36400113000238df812308df8133003a821f03a
:10a37400c9f82de6638804228df80c20adf80e3060
:10a3840001238df8113000238df812308df813302d
:08a3940003a821f0b7f81be655
:020000040000fa
:020000040100f9
:10a39c00f0b587b00378012b04d0042b00f0868035
:10a3ac0007b0f0bd42681378092bf9d801a151f818
:10a3bc0023f000bfe9a3000115a40001ada3000127
:10a3cc0071a40001ada30001ada30001ada3000178
:10a3dc00ada30001ada300016ba400019378002b89
:10a3ec00ded1af49087820b101339431082bf9d173
:10a3fc00d6e7ac49942000fb0311012081f89200b0
:10a40c004b7093884b80cbe7508823f05ffe04465b
:10a41c000028c5d0037bd3b100250be0a37b01330f
:10a42c00dbb2102b28bf0023a373237b013bdbb2d1
:10a43c00237363b1a37b04ebc30358690028edd0ed
:10a44c002af0ccf8a37b04ebc3035d61e6e794220e
:10a45c000021204629f0caf91723a380a0e725f094
:10a46c000ffc9de71379002b9ad154888e4900bfbd
:10a47c0031f83320a24203d00133082bf8d18fe7f7
:10a48c00894a02ebc3035b685b8a002b88d02046a9
:10a49c0023f01cfe002883d090f89130012b7ff420
:10a4ac007faf0321204623f0cdfc79e74468237865
:10a4bc00132b3ff675af01a252f823f02ba5000128
:10a4cc00ada30001ada30001ada30001ada300013c
:10a4dc00ada30001ada300016ba50001c5a5000152
:10a4ec00ada30001ada30001ada30001ada300011c
:10a4fc00ada3000119a50001ada30001ada300019e
:10a50c00ada30001ada3000103a70001a08823f0b7
:10a51c00ddfd00283ff444afe288828040e7a0884c
:10a52c0023f0d4fd024600283ff43aafa379122b56
:10a53c007ff436afa37a052b02d00f2b7ff430af0c
:10a54c005378c3eb0313594901eb430321891b8b4c
:10a55c0099427ff425af012382f8913020e7a0883f
:10a56c0023f0b4fd014600283ff41aaf228943784a
:10a57c00c3eb03144d4830f81400904218d04b48ec
:10a58c0000eb4400c088904212d0484800eb4400d5
:10a59c00808990420cd0454800eb4400408a9042a0
:10a5ac0006d0424800eb44031b8b93427ff4f8ae79
:10a5bc0008460cf03bf9f3e6a08823f087fd05462e
:10a5cc0000283ff4edaee188002300930193029341
:10a5dc004378c3eb0310354a32f810208a4230d04e
:10a5ec00c3eb0313314a02eb43035b8a8b427ff4c8
:10a5fc00d7aea37a002b68d1e37a142b7ff4d0aebc
:10a60c002b7843f020032b70227b637b03eb02231c
:10a61c00ab802b7aa27b1344dbb22b72244a1268d8
:10a62c00002a3ff4bdae02218df800106988adf808
:10a63c00041020218df806108df8073068469047dd
:10a64c00aee62b7b0f2b3ff6abae26890023039394
:10a65c0004930593304629f0bdff074650b33246ac
:10a66c0004f10a0128f0a0fc6b7b05ebc3021682f7
:10a67c0057610133dbb2102b28bf00236b732b7b8c
:10a68c0001332b7303238df80c306b88adf810302d
:10a69c00074b1b68002b3ff483ae03a898477fe65b
:10a6ac005ea50020cca40020fcbb002018b5002027
:10a6bc00acc0002007238df80c30184b1b68002b06
:10a6cc003ff46eae03a898476ae61f2b7ff668ae80
:10a6dc00124b1b68002b3ff463ae04228df8002054
:10a6ec006a88adf8042022898df806200a34029479
:10a6fc006846984754e6a08823f0e8fc00283ff40d
:10a70c004fae90f8902032b1c271002280f89020a8
:10a71c000cf08cf844e625f0b3fa41e6acc000200e
:020000040000fa
:020000040100f9
:10a72c002de9f04184b00378012b04d0042b77d0b1
:10a73c0004b0bde8f08142681378012b17d0092bc7
:10a74c0043d0002bf4d19378002bf1d188490878b1
:10a75c0020b101339431082bf9d1e9e785499420d4
:10a76c0000fb03130121597092885a80e0e750884e
:10a77c0023f0c6fc04460028dad0037cd3b10025b4
:10a78c000be0a37c0133dbb2102b28bf0023a37496
:10a79c00237c013bdbb2237463b1a37c04ebc303c6
:10a7ac0098690028edd029f019ffa37c04ebc303b2
:10a7bc009d61e6e7204628f07afd94220021204690
:10a7cc0029f014f81723a380b2e7508823f098fce3
:10a7dc0004460028acd0c16831b1437a012b0dd0ae
:10a7ec00022b14d028f063fd6378012ba0d1e37900
:10a7fc000c2b9dd920461ff07dfc99e7408822f058
:10a80c004dff0028f0d1204628f051fdece74088a0
:10a81c0022f028ff0028e7d1204628f048fde3e786
:10a82c00446823780b2b0ad00e2b81d1a08823f0ff
:10a83c0067fc00283ff47cafe288828078e7e688ea
:10a84c00a6f1a1039bb2072b3ff672afa08823f0b1
:10a85c0057fc0546277a162f00f00481002800f0db
:10a86c00fc80a33e052e00f2f680dfe816f0060011
:10a87c00f4002900f4006400d20000230193029339
:10a88c000393e27ba37b03eb02239bb2012b11d03e
:10a89c0093b92b7002238df804306b88adf8083017
:10a8ac002b788df80a30344b1b683bb101a89847c4
:10a8bc00002677e00123ece7802673e0002671e0a8
:10a8cc00037c0f2b01d90026c8e0a6890023019335
:10a8dc0002930393304629f07dfe804608b332463e
:10a8ec0004f10e0128f060fb6b7c05ebc3021775bd
:10a8fc00d682c2f818800133dbb2102b28bf00239c
:10a90c006b742b7c01332b7405238df804306b880e
:10a91c00adf80830184b1b680bb101a898470026fe
:10a92c0040e008238df80430134b1b680bb101a8d1
:10a93c009847002636e0a2890023019302930393e3
:10a94c00a37b142b1ad0152b4ed01f2b29d90a4bb5
:10a95c001b6833b306218df804104188adf808103c
:10a96c00adf80a2004f10e02039201a8984718e0f2
:10a97c006da900206ca90020b0c00020837943f0a1
:10a98c00020383711023c3711ff0b4fb444b1b688b
:10a99c003bb103228df804206a88adf8082001a889
:10a9ac0098470026237a03f0fb03122b7ff4c0aeea
:10a9bc00eb68002b7ff4bcae002e58d1fa2029f0a6
:10a9cc0009fe0146e86000283ff4b2ae1323037081
:10a9dc0001236b72a08822f061fe00287ff4a8aee0
:10a9ec00284628f064fca3e6837943f001038371c5
:10a9fc00037ae27b13440372294b1b68002bd0d0e3
:10aa0c0004228df804204288adf8082001a898474c
:10aa1c00c7e70023019302930393e27ba37b03eb31
:10aa2c0002239bb2012b12d81d4a12688ab1012154
:10aa3c008df804104188adf80810012b14bf0023c9
:10aa4c0001238df80a3001a890470026aae780263a
:10aa5c00a8e70026a6e70026a4e78026122f7ff49d
:10aa6c0067aea5e7c368002b7ff462ae0626042010
:10aa7c0029f0b0fd0146e86000283ff459ae237a76
:10aa8c000370e3884380467002236b72a08822f027
:10aa9c00e9fd00287ff44cae284628f008fc47e678
:04aaac00b0c0002016
:020000040000fa
:020000040100f9
:10aab0002de9f04fd0f84881d0f8549189b008f1d1
:10aac00002030093d0f844310393d0f8403104934b
:10aad00008238df81c3090f80031069004460633a8
:10aae0002546414606a88df81d300ff0dbfa4a4690
:10aaf00055f8333f42f8253bab88a9f80430019262
:10ab0000b4f800212ab1d4f8fc1009f1060028f0ad
:10ab100051fa05238df81c3094f8103100990694f1
:10ab2000063306a88df81d300ff0bcfa2b68c9f863
:10ab30002530019aab889380b4f810212ab1d4f85b
:10ab40000c1109f12b0028f035fa0025d4f8f87122
:10ab50002e4600bf94f8f430b34202d809b0bde8e5
:10ab6000f08fd7f810a0daf800306ff30203caf8bc
:10ab70000030daf80020012363f3c402caf8002091
:10ab8000daf800204ff0040b6bf3ca12caf8002069
:10ab9000daf8001052466bf3ce2142f8101bdaf8b7
:10aba000001092b262f3de31caf80010daf8002029
:10abb0006ff3df72caf80020daf804101ffa88f287
:10abc00062f30f01caf80410daf804101ffa89f2d0
:10abd00062f31f41caf80410daf8082063f3010297
:10abe000caf80820daf8082042ea0b02caf808205e
:10abf00098f8012094f83f1094f82b0023f0c9ff37
:10ac0000c7f810a004eb860a0022c7e907053a72cc
:10ac100087f82820c7e90589caf8c4703f682b184f
:10ac20003d690293a9b2caf890102968052060f323
:10ac3000020129602968012363f3c40129602b689c
:10ac40006bf3ca132b602b686bf3ce232b6094f845
:10ac5000f430013b9e420fbf2b682a6805f12003a8
:10ac60009bb20bbf62f3de3363f3de322b602a60ec
:10ac70006a68bdf80c3063f30f026a606a68bdf859
:10ac8000103063f31f426a60ab68022262f3010373
:10ac9000ab60ab6843f00403ab60aa6805f1100336
:10aca0009bb263f35822aa60ab686ff35a63ab6040
:10acb000252294f83f1094f82b0023f06aff052317
:10acc0003b72039b7b61049b3d61c7e90630002317
:10acd0003b6287f82830caf8d0502b6804eb460254
:10ace000c3f3cf33a2f8e830059294f83f1094f8fc
:10acf0002b000c2223f04dff98f8032094f83f100e
:10ad0000054694f82b0023f044ff029b03f5ce7315
:10ad10001d4428440eb9c4f8940194f8f4104b1e55
:10ad20009e4208bfc4f890010023f518a94266dcd2
:10ad3000d7f800b0029bdbf8107003f5a775bbb223
:10ad4000caf884303a68042363f302023a603a682e
:10ad5000012161f3c4023a603a6863f3ca123a60af
:10ad60003a6863f3ce223a6094f8f430013b9e4295
:10ad70000fbf3b683a6807f110039bb213bf63f340
:10ad8000de326ff3de333b603a607a68bdf8003044
:10ad900063f30f027a607a68bdf8043063f31f42f0
:10ada0007a60bb68022262f30103bb60bb6843f0b8
:10adb0000403bb6098f8032094f83f1094f82b002c
:10adc00023f0e7fe04238bf80830009bcbf8143007
:10add000019bcbf81070cbe906300023cbf8203074
:10ade0008bf82830caf8dc703b68059ac3f3cf3380
:10adf000a2f8ee300136dbf80070f6b2aae603ebfb
:10ae000043022a4404eb82020133c2f8a000dbb201
:04ae10008be700bf0d
:020000040000fa
:020000040100f9
:10ae1400f7b5046800260546adf8006020f0f8fd9b
:10ae2400267525f0d5fc236eda050ad509f06cfbee
:10ae340018f07af829f020fbbd4b9a8f66f3c712fd
:10ae44009a87b4f898300133a4f8983094f86430b1
:10ae5400012b64d1236edb0105d5d4f87831198f29
:10ae6400d86b26f0bdfbd4f88831df0109d5204624
:10ae740024f068fc28b1d4f87831198fd86b26f007
:10ae8400affb206ee36e10f0007700f0c3809b00f0
:10ae940040334ff6fc711940d4f87801276fa66f40
:10aea40024f020fcd4e91b2140f272234b4303eb32
:10aeb40042032033e36700236367013ed4f878310b
:10aec400f61b1e6694f86430012b28d1e3681bb985
:10aed400236e23f480532366236e13f4505f00f033
:10aee400f48018021bd514f083ff226e031e22f493
:10aef400000214bf00210721226681b9d4f8782109
:10af04001160d4f8782159685160d4f878210a6026
:10af14005a601b68002b00f00f8125f049fd20f0da
:10af240077fd236e23f03c5323f44c632366d4f85b
:10af3400883123f08073c4f8883125f049fc236eee
:10af44009b0715d520f064fd236e23f0020343f024
:10af54000403236625f03cfcd4f87821a36d126e1b
:10af64001344a365284627f06dfc0123c4f87c3103
:10af7400236e9f0214d520f04bfd236e23f400139f
:10af8400236625f025fc20461ff06bf8d4f87831b1
:10af9400c2b25a61d4f87831400000f4ff705866a8
:10afa400236e9e0540f1cb80b4f84c30002b00f0aa
:10afb400d680b4f80a33002b00f0d180013ba4f80a
:10afc4000a33002384f89c3120f022fd236eda0535
:10afd40054bf23f4844323f48643236625f0f8fb0b
:10afe40094f89d304bb101ab0422524901950120e4
:10aff4001bf018ff002384f89d3094f89e32d4f897
:10b00400780143f0400384f89e32694629f0b6fb88
:10b0140003b0f0bd10f0010035d0e66f226f20368a
:10b0240040f2722106eb430601fb0266617d59b1d1
:10b034000322b1fbf2f202eb42028a1a12f0ff0f72
:10b0440004bf06f272260746b6f5004fbff43aafc6
:10b05400b4f84a1040f271224a43963a9642bff439
:10b0640031af9b0040334ff6fc711940d4f878019e
:10b0740024f038fbd4f87821e667136e216f5b1a4d
:10b08400db1b13661ee7626fd4f878019b0003f59f
:10b0940098734ff6fc71022a01ea030194bf00265b
:10b0a400012624f01ffbe26fe16e236f7a323344f2
:10b0b40002eb410240f2722101fb0322d4f8781121
:10b0c400e2670a6ed31a0b66fce699067ff527af92
:10b0d400e27d012a7ff423afb4f84c20002a3ff428
:10b0e4001eaf1a023ff51baf14f082fe226e031e40
:10b0f40042f40002226618bf0021b4f84c20a4f8e0
:10b104000a2308bf072100297ff409afd4f8782166
:10b114001160d4f8782159685160d4f878210a6014
:10b124005a601b6843b1b4f84c1026f013fff6e6de
:10b1340000240141a204010115f08cfbefe6580440
:10b144000dd5190405d5204624f0e4fa8df8000045
:10b1540037e7d4f878319b7a8df8003031e7204610
:08b1640028f0befef2e700bf77
:020000040000fa
:020000040100f9
:10b16c002de9f04fd0f84891d0f8548189b009f10d
:10b17c0002030093d0f844310393d0f84031049388
:10b18c0000238df81c3090f80031069004460633ed
:10b19c002546494606a88df81d300ef07dff424627
:10b1ac0055f8333f42f8253bab88a8f804300192a0
:10b1bc00b4f800212ab1d4f8fc1008f1060027f0ed
:10b1cc00f3fe05238df81c3094f810310099069489
:10b1dc00063306a88df81d300ef05eff2b68c8f8fc
:10b1ec002530019aab889380b4f810212ab1d4f899
:10b1fc000c1108f12b0027f0d7fe0025d4f8f871bc
:10b20c002e4600bf94f8f430b34202d809b0bde822
:10b21c00f08fd7f810a0daf800306ff30203caf8f9
:10b22c000030daf80020012363f3c402caf80020ce
:10b23c00daf800204ff0040b6bf3ca12caf80020a6
:10b24c00daf8001052466bf3ce2142f8101bdaf8f4
:10b25c00001092b262f3de31caf80010daf8002066
:10b26c006ff3df72caf80020daf804101ffa89f2c3
:10b27c0062f30f01caf80410daf804101ffa88f20e
:10b28c0062f31f41caf80410daf8082063f30102d4
:10b29c00caf80820daf8082042ea0b02caf808209b
:10b2ac0099f8012094f83f1094f82b0023f06bfcd4
:10b2bc00c7f810a004eb860a0022c7e907053a720a
:10b2cc0087f82820c7e90598caf8c4703f682b187e
:10b2dc003d690293a9b2caf890102968052060f361
:10b2ec00020129602968012363f3c40129602b68da
:10b2fc006bf3ca132b602b686bf3ce232b6094f883
:10b30c00f430013b9e420fbf2b682a6805f12003e5
:10b31c009bb20bbf62f3de3363f3de322b602a6029
:10b32c006a68bdf80c3063f30f026a60bdf8103028
:10b33c006a6863f31f426a60ab68022262f301031e
:10b34c00ab60ab6843f00403ab60a96805f1100374
:10b35c009bb263f35821a960ab6862f35a63ab608c
:10b36c00252294f83f1094f82b0023f00cfc0523b5
:10b37c003b72039b7b61049b3d61c7e90630002354
:10b38c003b6287f82830caf8d0502b6804eb460291
:10b39c00c3f3cf33a2f8e830059294f83f1094f839
:10b3ac002b00222223f0effb029b03f59c73184425
:10b3bc000eb9c4f8940194f8f4104b1e9e4208bfc9
:10b3cc00c4f890010023f518a94266dcd7f800b048
:10b3dc00029bdbf8107003f5a775bbb2caf884307a
:10b3ec003a68042363f302023a603a68012161f37c
:10b3fc00c4023a603a6863f3ca123a603a6863f37b
:10b40c00ce223a6094f8f430013b9e420fbf3b6869
:10b41c003a6807f110039bb213bf63f3de326ff38c
:10b42c00de333b603a607a68bdf8003063f30f029c
:10b43c007a607a68bdf8043063f31f427a60bb68a7
:10b44c00022262f30103bb60bb6843f00403bb60e0
:10b45c0099f8032094f83f1094f82b0023f093fbf9
:10b46c0004238bf80830009bcbf81430019bcbf8ed
:10b47c001070cbe906300023cbf820308bf8283045
:10b48c00caf8dc703b68059ac3f3cf33a2f8ee30f0
:10b49c000136dbf80070f6b2b4e603eb43022a4443
:10b4ac0004eb82020133c2f8a000dbb28be700bfd1
:020000040000fa
:020000040100f9
:10b4bc002de9f047aeb00746164605914ff000084f
:10b4cc00059d2b78002b00f0e08000244ff0ff331b
:10b4dc00cde909430eab0c9380230b940d932b5d9c
:10b4ec000bb1252b30d134b12946224638462544a0
:10b4fc0025f09afb0595059b1a78252a40f0bc800f
:10b50c0003f10109cdf814904a46002113782b2b36
:10b51c00104602f1010223d02ed8202b24d0232b4d
:10b52c0026d001b105902a2b2ed01ff089fe059a4a
:10b53c000b900020114601320b78303b092b79d946
:10b54c00002830d005912ee00134c8e7099b43f068
:10b55c00010309930121d9e7099b43f00203f8e7a2
:10b56c00099b43f00403f4e7099b43f00803f0e75d
:10b57c00099b43f01003ece72d2be7d0302bebd0dd
:10b58c000029d2d00590d0e733681a1d1b683260b1
:10b59c000130002b05900b9305da099a5b4282f07f
:10b5ac00010209920b93099bda0744bf23f00203b3
:10b5bc000993059b1a782e2a0fd14ff0000acdf86b
:10b5cc0028a05a785d1c2a2a059535d1023305939b
:10b5dc0033681a1d1b6832600a9305a822f0defb43
:10b5ec00059d0390287828f090fd2528039900f0fc
:10b5fc00da806138172800f2e080172800f2dd802d
:10b60c00dfe810f02b00db00b6004700a700a70016
:10b61c00a700db004700db00db00db00db009e004b
:10b62c0065008300db00db00c700db005600db009d
:10b63c00db00740001207de728461ff001fe534615
:10b64c000a90294601350a78303a092a03d9002b89
:10b65c00c3d00591c1e70123f3e7324606a824f0d5
:10b66c000eff002872d06b1c059306aa2b7809a933
:10b67c003846fef733f804444444a04540f3a78011
:10b68c00544b4f221a604ff0ff3840462eb0bde8a5
:10b69c00f0873346012206a811f0f8fb002855d09c
:10b6ac00013506aa09a93846059514f019f9e2e7ff
:10b6bc003346002206a811f0e9fb002846d00135dc
:10b6cc0006aa09a9384605951df0f4fbd3e73346c5
:10b6dc00002206a811f0dafb002837d0013506aaa3
:10b6ec0009a93846059519f0b5ffc4e73346002281
:10b6fc0006a811f0cbfb48b36b1c05932b7806aa5c
:10b70c0009a938460bf000f8b5e733460022f021c2
:10b71c0006a811f0bbfbc8b1dde9063201351343b5
:10b72c0005950bd12c4827f04bfc099b00932a491b
:10b73c000b9b0246384618f0bbff9ce77823dee7ec
:10b74c00334608eb040206a81af0eef9013505950c
:10b75c0092e7324606a824f092fe0028f6d06b1c25
:10b76c00059306aa2b7809a93846fdf7e7fa82e774
:10b77c008029ebd1336801351a1d1b6832608df8b6
:10b78c0018300595012306aa09a938461df010fbaf
:10b79c0071e78029dad13268131d336001351268e4
:10b7ac0005950023f0e78029d0d1099b0093013542
:10b7bc000b9b059509490122bce700234ff0ff3292
:10b7cc00cdf8149009930b930a920093f2e7a046dc
:10b7dc0076e600bf80c20020372203013d22030120
:020000040000fa
:020000040100f9
:10b7ec002de9f0478d78046898b00023012d05935e
:10b7fc005bd9022d60d094f82e300e88cf78cde92d
:10b80c000153b34b0093022201238f21ec200ef045
:10b81c005ffb04eb85039621d3f8ec31d3f8b02011
:10b82c000292d3f8ac300193aa4b009302231a4630
:10b83c00ec200ef04dfb14f0d7fa0590002800f028
:10b84c004581a54b0093f6b20223922101961a462c
:10b85c00ec200ef03dfbb10640f1da809f4e94f8df
:10b86c006c9133689b699847336804f26d1a09f040
:10b87c0001098046db695146484698470546b8f1b0
:10b88c00000f40f0b980d0b1954b009302220123f8
:10b89c001821ec200ef01cfb05980468002c00f01d
:10b8ac00128128f044fe002003e094f86001002887
:10b8bc00a1d118b0bde8f08794f86101f7e74ff417
:10b8cc004371052019f0c0fc80460028e4d0c4f870
:10b8dc0088010568336828881b6a52464946984790
:10b8ec0094f87330063b012b28d8012385f8a83037
:10b8fc0094f87320072a07d80123934013f0130ff1
:10b90c0030d113f0c00f25d1336885f8f872db6e97
:10b91c00d4f87c21d4f8401140469847002f37d1f9
:10b92c00012205a920461af07dfa227c0123a4f8f5
:10b93c008031002ab0d0a4f88631ade7d4f8443178
:10b94c001b789a0604d50e2026f060fe0028ccd178
:10b95c000023cbe794f82d30022b08d0032b09d011
:10b96c00012bd1d141f21113a5f86630cce741f28d
:10b97c001223f9e794f83f3085f868302122012b27
:10b98c0085f8662014bf2322222285f86720bbe7a6
:10b99c000021204619f0ecfdb4f800313bb1d4f88d
:10b9ac00fc0008b122f0b4fd0023c4f8fc30b4f85c
:10b9bc0010313bb1d4f80c0108b122f0a9fd0023e1
:10b9cc00c4f80c31002684f86061304621f0acf9e3
:10b9dc0032462988204615f001f92a8895f8a830b6
:10b9ec008df81e3041f21401adf81810adf81c2082
:10b9fc0006a822f0abfe4fe73a4b0093022201233c
:10ba0c001721ec200ef064fa002d3ff445af3be714
:10ba1c00730609d5012205a920461af003fa43f64c
:10ba2c000143a4f8803137e7237cbbb194f875202f
:10ba3c00a2b194f863318bb985b994f874300133a1
:10ba4c00dbb29a4284f8743008d8012205a920464a
:10ba5c001af0e8f944f20133a4f8863194f8732013
:10ba6c00012a07d105a920461af0dcf943f6014357
:10ba7c00a4f88031002f3ff40faf0021204619f0bd
:10ba8c0077fdb4f800313bb1d4f8fc0008b122f0da
:10ba9c003ffd0023c4f8fc30b4f810313bb1d4f8ae
:10baac000c0108b122f034fd0023c4f80c31002540
:10babc0084f86051284621f037f98623adf8183008
:10bacc008df81c5094e714f0c1feece60720f0e66c
:10badc00d3740201ec740201057502018cc10020c3
:08baec00117502012175020130
:020000040000fa
:020000040100f9
:10baf4000c4b13f0ff0f08d04ff0200383f3118891
:10bb0400bff36f8fbff34f8ffee7074a934208d00e
:10bb14004ff0200383f31188bff36f8fbff34f8f70
:10bb2400fee770470000000100000001014b1860af
:10bb3400704700bf78c2002030b4184c1546184a2c
:10bb44000c4404eb4030541e844208d24ff02003ce
:10bb540083f31188bff36f8fbff34f8ffee71c1879
:10bb6400a24208d24ff0200383f31188bff36f8ff2
:10bb7400bff34f8ffee71944b1f5005f08dd4ff0c6
:10bb8400200383f31188bff36f8fbff34f8ffee75a
:10bb940001461a46284630bc27f00aba00000001c4
:10bba40000400001f8b5304d0d4405eb4035174613
:10bbb4002a071c4608d04ff0200383f31188bff3f3
:10bbc4006f8fbff34f8ffee743b94ff0200383f32a
:10bbd4001188bff36f8fbff34f8ffee7234b5a1ebd
:10bbe400aa4208d24ff0200383f31188bff36f8f6a
:10bbf400bff34f8ffee76219934208d24ff0200340
:10bc040083f31188bff36f8fbff34f8ffee7214497
:10bc1400b1f5005f08dd4ff0200383f31188bff313
:10bc24006f8fbff34f8ffee7114b1b6803b198472b
:10bc340023071ebf24f00f0310339cb24ff6f0739a
:10bc44002340fe18ed1bbe4204d127f049ff002813
:10bc5400fbd1f8bd27f044ff0028fbd17919384601
:10bc640024f026fc1037eee700000001004000013c
:10bc740078c2002010b5124c124b04eb4034a3429e
:10bc840014d327f02dff0028fbd1204628f086fa94
:10bc940004f5805427f024ff0028fbd1204628f027
:10bca4007dfa27f01dff0028fbd110bd4ff02003c3
:10bcb40083f31188bff36f8fbff34f8ffee700bf8d
:10bcc40000000001ff3f000137b542b94ff02003e7
:10bcd40083f31188bff36f8fbff34f8ffee71f4cc1
:10bce4000c4404eb40341e48431ea34208d24ff0d8
:10bcf400200383f31188bff36f8fbff34f8ffee7e9
:10bd04001319984208d24ff0200383f31188bff32c
:10bd14006f8fbff34f8ffee71144b1f5005f08dd6d
:10bd24004ff0200383f31188bff36f8fbff34f8f5e
:10bd3400fee74ff0ff3201929db204220deb0201a7
:10bd4400204625f073ff30b90434a3b29d42f4d1e8
:10bd5400012003b030bd0020fbe700bf000000015c
:10bd64000040000138b5154643b94ff0200383f372
:10bd74001188bff36f8fbff34f8ffee7184c194a3a
:10bd84000c4404eb4030541e844208d24ff020038c
:10bd940083f31188bff36f8fbff34f8ffee71c1837
:10bda400a24208d24ff0200383f31188bff36f8fb0
:10bdb400bff34f8ffee7ca18b2f5005f08dd4ff0fe
:10bdc400200383f31188bff36f8fbff34f8ffee718
:10bdd4001a46294625f02affb0fa80f0400938bdfa
:08bde400000000010040000115
:020000040000fa
:020000040100f9
:10bdec0038b528f001fa04469d4b1b68c31a42f281
:10bdfc000f7293422dd89b4b1b7833b19a4b1b6817
:10be0c00e31a42f2273293423ad8984b1b7833b15b
:10be1c00974b1b68e31a43f69722934246d824f0bb
:10be2c006bfb00286ed0934b1c6024f065fb002844
:10be3c0000f0a080904b00221a608a4b1b783bb913
:10be4c008a4b1b7823b98d4b1b78002b00f0d280ca
:10be5c0038bd0021012021f029fa814b1c600546d8
:10be6c000028c8d0b0f5867fc5d028f0abf90228e1
:10be7c00c1d928f0a1f92a4681491af08bfabae700
:10be8c0000231a46194618461ef0e6fe28f09af9c9
:10be9c00022805d80cf00cf828f0a6f90446b4e7f3
:10beac0028f08af977491af075faf3e728f08af93d
:10bebc00022814d823f06af80546c0b96b4b1878e1
:10becc001ef0f2f86d4b01221a7028f07bf9022853
:10bedc00a5d928f071f96c491af05cfa9fe728f0a3
:10beec006bf9624b1a7869491af054fae2e728f0b8
:10befc0069f9022893d928f05ff92a4664491af0a7
:10bf0c0049fa8ce75b4b1b68e31a4ef65f229342af
:10bf1c008bd9544b1b78002b87d1544b1b78002b9f
:10bf2c0083d1564b1b78002b7ff47faf28f04af956
:10bf3c00022818d816f0eafa4ff40072002155487e
:10bf4c0027f054fc0023544a1370544a1370474a88
:10bf5c0013704a4a1370474a1460514a01211170f8
:10bf6c00504a136061e728f027f93c224e491af039
:10bf7c0011fadfe7404b1b6813b93f4b1c605ce7c1
:10bf8c00e31a4a4a93427ff658af364b1b78002b84
:10bf9c007ff45eaf354b1b78002b7ff459af374bda
:10bfac001b78002b7ff44faf28f00cf9022816d821
:10bfbc0016f0acfa4ff400720021364827f016fc4c
:10bfcc000023354a1370354a1370394a1370344aba
:10bfdc0001211170334a1360274b1c602de728f0a8
:10bfec00ebf8054624f088fa0246324928461af046
:10bffc00d1f9dde71df008f800287ff429af284bb4
:10c00c001b78dbb10023254a1370294a137009f001
:10c01c00b7fd22f013ff00283ff41aaf204b00228b
:10c02c001a70204b1c6028f0cdf802287ff610af58
:10c03c0028f0c2f820491af0adf909e724f05cfaaf
:10c04c0000287ff405af164b1b78002bdad1154b6b
:10c05c001b68e31a47f22f5293427ff6f9aed1e7f1
:10c06c0080c00020e1c2002090c00020a5c20020aa
:10c07c008cc0002088c0002084c00020a3c20020f7
:10c08c003869000154690001946900017469000168
:10c09c00b069000124b200209ec200209dc2002085
:10c0ac00a2c2002094c00020d0690001bfd40100be
:0cc0bc0079c00020f4690001246a000132
:020000040000fa
:020000040100f9
:10c0c8002de9f04f89b00023074601930e4629b9a0
:10c0d8004ff00008404609b0bde8f08fd0f8449012
:10c0e8004c6ca1458bbfb9fbf4f3b4fbf9f304fb2b
:10c0f800139309fb13438bb12146484626f0d5fc20
:10c10800b0fbf9f3dbb2092b019304d9b0fbf4f0cf
:10c11800c0b20928dcd84ff0020801e04ff001084e
:10c12800fb7ad7f860b0356e726eb6f87010012bd6
:10c1380002bffb6babeb0303c3f3160af37a18bf1a
:10c14800da46012b08bff06bb6f8763004bf2d1a1b
:10c15800c5f31605b8f1010f67d1aaeb0500460231
:10c168001ed520468b4c0093cde9012123f0b0ff6a
:10c178002668dff824c2348976890299344440f26b
:10c188003916b4fbf6f4a5eb0a06e443044406eac0
:10c198000c06b442dde900329cbf2d1a05ea0c05f5
:10c1a80040f2391cb3fbfcf47b6edff8ec91b7f876
:10c1b8007660b6fbfcf62a44534402ea090203ea15
:10c1c80009030134013614441e44b1fbfcf2b7f8ec
:10c1d8007000b0fbfcf00132013004ea090406ea01
:10c1e8000906aa1aaaeb0000234602ea0902314608
:10c1f80000ea090027f0f3fb00283ff469af331b7e
:10c208005d024cbfa4eb0a0aa6eb0a0a0bf1030471
:10c2180097f84f300aea0909a144c9f3160443f014
:10c2280002033c6687f84f3054e75b48ac1840f28d
:10c23800391c0440b3fbfcf301332344034003934c
:10c24800544bb1fbfcf101311b680093691a0140a2
:10c2580012234ff0000802910493c246019b5345f4
:10c268007ff638af049b013b13f0ff0304933ff4c0
:10c278002faf3b6e059309fb0af023f029ff059bbe
:10c28800b7f870101844444b40f2391200ea030b17
:10c29800b1fbf2f1786e0131abeb01011940584462
:10c2a80006911840b7f87610b1fbf2f1013101445c
:10c2b800194000bfa4eb0b0040020fd50098b0f85e
:10c2c8000ac0b0f808e00eeb0c00abeb040cb0fbb6
:10c2d800f2f00cea030c0130604535d3dde90223a6
:10c2e800069827f07cfb00284ed0009b009a1b89fb
:10c2f8005289059840f239111344274ab3fbf1f3e8
:10c30800013323441340a3eb0b03134000f1030b49
:10c318005b443b66356eb6f87030746eb3fbf1f370
:10c328000133eb1a13402c4402931440b6f87630cc
:10c33800b3fbf1f10131214401ea020303934ff009
:10c34800000a4ff0010889e7706c079123f0c0fede
:10c35800114b746e05441d4040f23912b6f8700056
:10c36800b0fbf2f00130281a2c4400ea03011c400b
:10c37800b6f87600b0fbf2f001302044029100eaf2
:10c3880003010391079995e70af1010a5ffa8afa0e
:0cc3980064e700bff0c10020ffff7f0041
:020000040000fa
:020000040100f9
:10c3a4002de9f04f054685b041208b46904628f094
:10c3b400c9f9044650b9a54b009302460423c2218f
:10c3c400ee200df089fd05b0bde8f08feb78c21dbd
:10c3d40005f1040a039205f10b0900f1110600f1bd
:10c3e4002107002b40f0b280daf800300360baf87d
:10c3f400043083809af806308371d9f80030c0f88d
:10c404000730b9f80430938099f806309371904b53
:10c414001b681a7882735a79c2735b780374bbf110
:10c42400000f00f08d80dbf80030c0f81130dbf82d
:10c4340004307360dbf80830b360dbf80c30f36071
:10c44400aa6d02f5c07204f1310b1368c4f82130ef
:10c4540053687b609368bb60d368fb60aa6d02f588
:10c46400e07221461368c4f831305368cbf80430c5
:10c474009368cbf80830d368cbf80c30a86d412210
:10c4840000f5e873063003f08dfcd9f80030236022
:10c49400b9f80430a38099f80630a371daf80030b3
:10c4a400c4f80730baf80430a4f80b30e21d9af847
:10c4b40006309371ab6d93f8e430a373ab6d93f8ce
:10c4c400e530e373ab6d93f8e6302374b8f1000ff5
:10c4d40000f0b580d8f80030c4f81130d8f8043032
:10c4e4007360d8f80830b360d8f80c30f360aa6de4
:10c4f40002f5e07221461368c4f8213053687b606a
:10c504009368bb60d368fb60aa6d02f5c0721368c0
:10c51400c4f831305368cbf804309368cbf8083052
:10c52400d368cbf80c30a86d412200f5c8730630ef
:10c5340003f038fc204605b0bde8f04f28f004b9fc
:10c5440010225946304627f055f979e7d9f80030da
:10c554000360b9f80430838099f806308371daf8ff
:10c564000030c0f80730baf80430a0f80b30c21d10
:10c574009af806309371ab6d93f8e4308373ab6d26
:10c5840093f8e530c373ab6d93f8e6300374bbf1f5
:10c59400000f4ed0dbf80030c0f81130dbf8043067
:10c5a4007360dbf80830b360dbf80c30f360aa6d1d
:10c5b40002f5c07204f1310b1368c4f821305368da
:10c5c4007b609368bb60d368fb60aa6d02f5e07280
:10c5d40021461368c4f831305368cbf804309368ab
:10c5e400cbf80830d368cbf80c30a86d412200f5a5
:10c5f400e873063003f0d6fbdaf800302360baf8ab
:10c604000430a3809af80630a371d9f80030c4f836
:10c614000730b9f80430a4f80b30e21d99f806305d
:10c6240093710b4b1b681a78a2735a79e2735b7887
:10c634004be710225946304627f0dcf8b7e71022c2
:10c644004146304627f0d6f851e700bff4360301df
:04c65400fcc1002005
:020000040000fa
:020000040100f9
:10c658002de9f04786468c460846089e15467446de
:10c668001946002b40f0c2808242b2fa82f245d9c4
:10c678004ab1c2f1200300fa02fc2efa03f39540f6
:10c6880043ea0c0c94404fea154ea8b2bcfbfef8e6
:10c69800230c0efb18cc08fb00f943ea0c43994520
:10c6a80028d9eb1808f1ff3704d2994502d9a8f127
:10c6b80002072b44a3eb0903a4b2b3fbfefc0efb59
:10c6c8001c330cfb00f044ea0344a04214d92c1993
:10c6d8000cf1ff3304d2a04202d9acf102032c447e
:10c6e800241a43ea07401eb1d44000233460736023
:10c6f800bde8f0874746dde76346f1e792bb431b99
:10c7080001214fea154eafb2b3fbfefc200c0efb25
:10c718001c330cfb07f840ea0343984562d9eb1831
:10c728000cf1ff3004d2984502d9acf102002b4439
:10c73800a3eb0803a4b2b3fbfefc0efb1c330cfbfb
:10c7480007f744ea0344a7424ed92c190cf1ff33ea
:10c7580004d2a74202d9acf102032c44e41b43eaf9
:10c768000040c0e7c2f1200320fa03f19540904051
:10c778002efa03f303434fea154eafb2b1fbfefcaa
:10c788000efb1c10190c0cfb07f841ea0041884508
:10c7980004fa02f422d969180cf1ff3004d2884552
:10c7a80002d9acf102002944a1eb08019bb2b1fb0c
:10c7b800fefc0efb1c110cfb07f743ea01439f42ea
:10c7c8000ed9eb180cf1ff3104d29f4202d9acf11b
:10c7d80002012b44db1b41ea004192e76046e3e794
:10c7e8006146f7e76046a3e76346b7e7834206d9a1
:10c7f80016b9002108467be7c6e900e0f9e7b3fa75
:10c8080083f78fb9834201d3724508d8beeb02047f
:10c8180060eb030301209c461eb9002168e73846f7
:10c82800fae7c6e9004cf8e7c7f1200cbb4022fa4a
:10c838000cf41c432efa0cf120fa0cf3b840014317
:10c848004fea14490efa07f5b3fbf9f81ffa84fe0c
:10c8580009fb18300b0c08fb0efa43ea00439a4513
:10c8680002fa07f240d9e31808f1ff3004d29a45da
:10c8780002d9a8f102002344a3eb0a0389b2b3fb4f
:10c88800f9f809fb183308fb0efe41ea03418e450f
:10c898002cd9611808f1ff3304d28e4502d9a8f1ca
:10c8a8000203214443ea0040a0fb0298a1eb0e01d9
:10c8b8004145ce46434602d306d14d4504d2b9eb95
:10c8c800020e68eb04030138002ea6d0b5eb0e0269
:10c8d80061eb030101fa0cfc22fa07f34cea0303ab
:10c8e800f940c6e9003198e74046c5e74346d9e72d
:020000040000fa
:020000040100f9
:10c8f800f0b5c9b08d4b1b7853b3012b70d14ff4f1
:10c908007a7207a98a4826f0ecff50b19df81c30ce
:10c91800002b00f0cb80022b00f0cd80052b00f01f
:10c92800028127f063fc834b1b68c01ab0f57a7f3d
:10c9380056d327f05bfc7f4b1860fff753fa01f0e2
:10c94800a9fa47f2305019f097f9fbf721fd47e0b3
:10c95800794b1c6b5c6327f037fc022842d826f021
:10c9680081f90af0d9fb0121084626f063f9012074
:10c9780027f018fc0021714827f01afc23f00efe5e
:10c988000446002857d026f0effc20460bf08ef91d
:10c998001ef0d4f827f03dfb00286ad127f014fcdc
:10c9a800022859d827f010fc02285cd8002211462a
:10c9b80010461df0edfb0021012020f079fc27f046
:10c9c80003fc022866d84ff47a7022f061f822f04e
:10c9d80037fa27f0f9fb022862d8544b01221a7063
:10c9e80049b0f0bd27f0eafb14f0010f544b554a4b
:10c9f80018bf134614f0020f514a534918bf0a468c
:10ca080014f0100f4e49514d18bf294614f0400f2d
:10ca18004b4d4f4e18bf354614f0800f484e4d4fc2
:10ca280018bf3e46039602950191009222464a4954
:10ca380019f0b2fc93e705a821f0d0fc9df8154049
:10ca4800464ba3fb04239b0903eb430303eb43136c
:10ca5800e41a0134e4b296e727f0b0fb22464049d5
:10ca680019f09afc9ee727f0a9fb3e4919f094fcbf
:10ca78009ce727f0a9fb022805d80022642110466c
:10ca88001df086fb97e727f099fb2246364919f0f7
:10ca980083fcf2e727f092fb344919f07dfc92e71a
:10caa80027f08cfb324919f077fc96e70df11d0051
:10cab8001bf03cfe35e72f4b1b780d2b0cd00a2bb7
:10cac8000ad02d4a12780e2a3ff62baf501c2a495d
:10cad80008702a498b5424e7274b1b78002b3ff416
:10cae80020af264a0021d15427f06efb022807d830
:10caf80027f06afb02280ad81f4b00221a7010e799
:10cb080027f05cfb1d4a1e4919f046fcf0e727f0a8
:10cb180055fb044624f0a0fa034601221949204691
:10cb280019f03afce8e7fff75df9fae6b4bf002030
:10cb3800b8bf0020fcff0120000a0044e9ed020113
:10cb4800346900019c650001a4650001ac65000121
:10cb5800b4650001bc650001c465000103b57ea58c
:10cb6800e46500010c6600012c66000154660001b2
:10cb780068660001b1bf002021b2002024bf002058
:08cb8800806600018c660001cb
:020000040000fa
:020000040100f9
:10cb90002de9f84f9f4e9046336800f1a6020d46ee
:10cba00053f822203ab192f84d20022a03d1bde871
:10cbb000f84f25f004bc002840f08f8093f89432a1
:10cbc0007bb1dff854820c27336803ebc703d3f83b
:10cbd000c43143b9336893f8943213b117f1ff3776
:10cbe000f2d2bde8f88f9c68d3f80090637ad8f849
:10cbf0000020012b13684fd143f002031360a37b85
:10cc00005bb1d8f80020136823f0040313605dbb08
:10cc10002046bde8f84f05f015b8236ca3421bd1a0
:10cc2000204615f011fea37b002bead1d8f8002096
:10cc3000136843f004031360a36c33b194f85030cd
:10cc4000db07204622d516f0d7ff336893f89432dd
:10cc5000002bc6d04b46bce794f85030da07e5d538
:10cc6000204605f0bbf8dee7ac42d1d095f84d3058
:10cc7000012bcdd1284616f0bfffab6a13b1284671
:10cc800022f064ff284611f07ffdc1e716f0b4ffe3
:10cc9000204611f079fdd8e743f480431360e36d3b
:10cca00033f47f430ad0204616f0a6ffa36a13b1df
:10ccb000204622f04bff204611f066fd94f85c30d0
:10ccc000002bc2d1b4f85e30013b9bb2a4f85e30b9
:10ccd000002bbad101236372b7e793f89532002b8a
:10cce0003ff47faf0c27336803ebc703d3f82c3234
:10ccf0004bb9336893f89532002b3ff472af17f1bc
:10cd0000ff37f0d26de79c68d3f80090637a012b6f
:10cd10005ad194f84f30580714d4dff8fca0daf851
:10cd20000020536843f002035360236ca342d346b0
:10cd300012d1a36c0bb1637f53b9414620460ef06c
:10cd400051fa09e027f0bcfa0028e6d04b46cfe7bd
:10cd500094f85030d907f0d4a37bc3b1dbf800209e
:10cd6000536823f004035360002d3ff451afa542f4
:10cd70003ff44eaf95f84d30012b7ff449af95f855
:10cd80005030da077ff576af0023ab7340e7daf86f
:10cd90000020536843f004035360a36c73b194f80c
:10cda0005030db070ad4204616f026ffa36a13b1e1
:10cdb000204622f0cbfe204611f0e6fc336893f8c3
:10cdc0009532002bc2d10ce7134b1a68536843f419
:10cdd00080435360e36d33f47f430ad0204616f05e
:10cde0000bffa36a13b1204622f0b0fe204611f0db
:10cdf000cbfc94f85c30002be0d1b4f85e30002b13
:10ce0000dcd0013b9bb2a4f85e30002bd6d10123cd
:0cce10006372d3e7ecc10020f0c10020e9
:020000040000fa
:020000040100f9
:10ce1c002de9f04f8fb00025072906468df80b50f1
:10ce2c0001d0152942d10132a1f1050903a804a9a9
:10ce3c0004921ffa89f926f049f904a90df10e00a4
:10ce4c0026f044f94a4604a90aa826f0a3fbbdf82b
:10ce5c000c40002c00f0f580bdf80e30a342c0f061
:10ce6c00f480747ae00739d406ab01935ffa89f940
:10ce7c0005ab00934a460aabbdf80e10bdf80c008a
:10ce8c0014f02cff0446002800f0e280059b30884b
:10ce9c00da7b012112f038f91ffa80f8b8f1000f93
:10ceac004cd0adf80c400024254604e0adf80c50f5
:10cebc002c464ff004089df80b3063b9b8f1000f05
:10cecc0040f0d0802a462146304625f081fa10b138
:10cedc00284627f023fc0fb0bde8f08fb37ad907b2
:10ceec00c2d514f00c0f10d0002474724ff4827061
:10cefc0027f024fc0028b7d01022027032888280e0
:10cf0c008471042123f0b4fdaee75b4bb9f1020f41
:10cf1c001b88adf81c3009d14a4607a90aa824f091
:10cf2c0081fe18b944f0080474729de744f00404bf
:10cf3c00002574724ff012082c46bce7059b9a7bb7
:10cf4c00920769d49df80b30002bacd1b08827f038
:10cf5c00abfb054600287fd0059b9b68b3f800b05f
:10cf6c000bf1020a00f11003092104a81ffa8afa36
:10cf7c00049327f0dbf95ffa8af104a827f0d6f9bd
:10cf8c00214604a827f0d8f9059b9a68596812889d
:10cf9c0004a826f009fb0bf1040b2746069ad1894d
:10cfac004ff6ff7291421ffa8bf484d0b28804ebd7
:10cfbc000a0b93453ff77faf06ab781c019305ab8b
:10cfcc0080b200934a460aabbdf80e10adf80c00c7
:10cfdc0014f084fe0746002842d0059a917b8b07fb
:10cfec003ff569af91680988023151457ff463af11
:10cffc00d27b3088012112f087f800287ff45bafd8
:10d00c00394604a827f098f905998a684968128866
:10d01c0004a826f0c9fac1e707933388adf820308d
:10d02c000df10b01082307a8adf82240adf82480c0
:10d03c008df8263019f0e6fa002883d04446804655
:10d04c0032e725464ff0010835e700252c46f9e775
:10d05c0005464ff00a082ee704464ff011082ae760
:10d06c00804628e75ffa88f3bdf80c20082130468b
:0cd07c0013f01afa2fe700bf4612020161
:020000040000fa
:020000040100f9
:10d088002de9f04f87b0d0f84431d0f8489101939a
:10d09800d0f84031d0f854810293054640f6014358
:10d0a8000490494604a8adf814300cf0f7ff2b465d
:10d0b800002453f8332fc8f800209b88a8f80430c0
:10d0c8002b46264653f8392fc8f806209b88a8f81f
:10d0d8000a30d5f8f8713b69039300bf95f8f4302e
:10d0e800b34202d807b0bde8f08fd7f810b0dbf82c
:10d0f80000306ff30203cbf80030dbf80020012387
:10d1080063f3c402cbf80020dbf800204ff0040ad8
:10d118006af3ca12cbf80020dbf800105a466af30b
:10d12800ce2142f8101bdbf8001092b262f3de3118
:10d13800cbf80010dbf800206ff3df72cbf800208b
:10d14800dbf804101ffa89f262f30f01cbf8041020
:10d15800dbf804101ffa88f262f31f41cbf80410c1
:10d16800dbf8082063f30102cbf80820dbf808207d
:10d1780042ea0a02cbf8082099f8012095f83f10f6
:10d1880095f82b0021f001fdc7f810b005eb860bd0
:10d198000022c7e907043a72c7e9059887f82820ea
:10d1a800cbf8c4703f6823183c69009321680520b8
:10d1b80060f3020121602168012363f3c401216047
:10d1c80023686af3ca13236023686af3ce232360b3
:10d1d80095f8f430013b9e4278d195f87330012bd5
:10d1e80006d1bdf80c30226863f3de32226003e01a
:10d1f800236862f3de3323606268bdf8043063f3aa
:10d208000f0262606268bdf8083063f31f42626013
:10d21800a368022262f30103a360a36843f0040336
:10d22800a360a3686ff35823a360a368012262f385
:10d238005a63a360222295f83f1095f82b0021f03d
:10d24800a4fc05233b72019b7b61029b3c61c7e9ff
:10d25800063000233b6287f82830cbf8d04022689c
:10d2680005eb4601c2f3cf32a1f8e820cbf8dc3059
:10d27800a1f8ee30009b03f59c7318440eb9c5f86d
:10d28800940195f8f4104b1e9e4208d195f873301e
:10d29800012b06bf144bc5f89031c5f89001002347
:10d2a800f418a14216dc95f87330012b009b03f5a6
:10d2b800a77407d1252295f83f1095f82b0021f087
:10d2c80064fc044401363f68f6b207e704f1100332
:10d2d8009bb288e703eb4302224405eb8202013349
:0cd2e800c2f8a000dbb2dbe700881300f6
:020000040000fa
:020000040100f9
:10d2f4002de9f043046893b0d4f8ec0127f040fa28
:10d3040094f865310025d907c4f8ec5144d523f0cd
:10d31400010384f8653104f50e700cf09bfb94f85e
:10d324008031002b47d094f8812184f88051002a61
:10d334003bd1d4f888311d688db12988204613f07b
:10d3440051fc2a8895f8a830adf8042041f2140164
:10d354006846adf800108df8063021f0fbf994f81a
:10d3640086315bb1002384f88631754b94f88721ac
:10d374001b681b680abb2988204698470021204661
:10d3840018f0faf8002384f8603125f027f918b969
:10d394000121022015f090fe94f865319a070fd40c
:10d3a4000025284613b0bde8f0834ff6ff712046f0
:10d3b40013f018fcd3e71d46d1e74ff6ff71dbe706
:10d3c40023f0020384f8653194f86031012be7d12e
:10d3d4005b4e33685b6893b994f87310204617f07a
:10d3e40015fe25f09dfd814625f09afd804612f03c
:10d3f400fffc0746b9f1000f07d107250fe02046cf
:10d40400984705460028e7d0cbe7b8f1000f4bd08a
:10d41400002814bf00250725484627f0b1f9b8f1c4
:10d42400000f02d0404627f0abf917b1384613f08d
:10d4340011fa002db5d112f0dbfc074625f070fd82
:10d44400a368c4f8ec010362d4f8ec313d4a5a6293
:10d45400d4f8ec313c4a9a62d4f8ec313b4ada62b3
:10d46400d4f8ec313a4a1a63d4f8ec31394a5a63a5
:10d474002946d4f8ec0109f0c5fdd4f8ec311d605f
:10d48400d4f8ec317a685a60d4f8ec3113607b60dc
:10d49400d4f8003253b9c4e971553b683846002bbf
:10d4a4004ad027f043f87ce70725b5e7d4f890e1a4
:10d4b400d4f8b03194f82cc0d4f8a4010eeb0301d5
:10d4c400bcf1000f27d101f2a2330ef2a232c01a2e
:10d4d400c4f8c421c4f8c80125f022fda368c4f827
:10d4e400f0010362d4e97b231a64336820465b6944
:10d4f40098470121d4f8f00109f084fdd4f8f03103
:10d5040000221a60d4f8f0317a685a60d4f8f03105
:10d5140013607b60c1e7a0f5a572521a520802f5a8
:10d52400a57300fb0cec0ceb03020b44c31ac4f808
:10d53400c421c4f8c831cfe713f08cf931e700bf38
:10d544008cc10020ed6e0101a947030139f80201e5
:08d55400f5d20001855002012f
:020000040000fa
:020000040100f9
:10d55c0070b5046894f86520132a054640d002d8ab
:10d56c00122a0ed070bd403a022afbd8102901d0e5
:10d57c001229f7d1d4f878010021bde8704027f0ca
:10d58c00f9b8112937d01bd81029ebd10026204629
:10d59c0084f82c6027f011f8284624f037ff204639
:10d5ac0025f023fe3146204601f012fc204626f0e1
:10d5bc0026fa284615f052fa132384f86530d1e781
:10d5cc00122908d08129cdd1002281212846bde81d
:10d5dc00704013f00bbd2846bde870400ff062bfe1
:10d5ec00212900f0cc8016d81229f4d009d81029a2
:10d5fc0046d01129b6d128460121bde870401ff054
:10d60c0085b81629aed31729e5d92029aad1bde8aa
:10d61c0070401af021bb242900f0b18010d82229c7
:10d62c0058d023299ed1204623f072fa284623f0a5
:10d63c00a2fc002896d12846bde8704021f056b9ce
:10d64c008129c1d0822900f0ac8025298ad11ef015
:10d65c00dbf9236e23f04003236623f0b5f828464c
:10d66c001df016fd204622f021f868b31ef0ccf90f
:10d67c00236e23f480332366bde8704023f0a4b8f6
:10d68c00494b002684f82c601a6866f39a621a607b
:10d69c001a6866f359621a60204626f08eff2846f7
:10d6ac0012f0f2fb284624f0b1fe20461cf0e8fbf9
:10d6bc003146204601f08cfb204626f0a0f9284686
:10d6cc00bde8704015f0cab91ef09ef9236e43f404
:10d6dc008033d0e7236e13f0100203d0d4f8fc2271
:10d6ec00812174e784f808231a0709d51ef08cf9f8
:10d6fc00236e23f4005323f00803236623f064f80d
:10d70c00d4e9bf21284606f0edfc94f8ac31032b8c
:10d71c00284626d1e37d23bb23f02dfc00287ff483
:10d72c0021af237d1bb994f8092302b1e38228466b
:10d73c0021f0dcf8236e5b067ff514af0021204648
:10d74c001cf076fb80b11ef05ff9236e23f04003d2
:10d75c00236623f039f82846fdf756fb0023e382b5
:10d76c0000e724f03dfadce71ef04ef9236e23f4bb
:10d77c00f81323f40063236623f026f8eee71ef07b
:10d78c0043f9236e43f48063236623f01df8284687
:10d79c0023f0f1fb00287ff4e5ae204623f0b8f926
:0cd7ac0049e7002213e700bf30340141c0
:020000040000fa
:020000040100f9
:10d7b8002de9f04f0d4689b008210446914621f025
:10d7c800cbf98046002875d104f154000cf040f9db
:10d7d800032d6fd999f80170023dadb21ffa87fb8e
:10d7e800ab4567d894f84430f02b09f1020919d1f8
:10d7f800204625f067fa4ff4827026f0a1ff06460e
:10d80800002857d0052303702388838087710581fa
:10d818002a4649460a3025f0c9fb0421304623f040
:10d8280029f947e0f52b40f09c80b5fbf7f64ff659
:10d83800ff7307fb1656adf80630002e40f08980be
:10d84800284626f07dff8046002840f08080e28f41
:10d85800bdf806309a4211d84ff4827026f070ff56
:10d8680060b1228882800f220270002282710281b8
:10d87800012280f8ff20042123f0fcf8b8f1000f02
:10d8880061d1bdf80630e28f9a4266d901339bb266
:10d89800a387adf8083042f6030102230df10d000d
:10d8a800adf80a208df80c3026f04eff02a920466c
:10d8b80013f0e6fd09b0bde8f08fabf105020af1ff
:10d8c800050192b2494402a826f042ff0af1030179
:10d8d80049440df1060026f025fd7a1f216c02a8a7
:10d8e80024f0a2f940b908eb06003a4609eb0a0110
:10d8f80025f05cfb5e44b6b2da441ffa8afa0aebfa
:10d9080007039d42d9da002ea1d04ff4827026f089
:10d9180017ff0546b8b1238883800f2303708771ea
:10d928000681324641460a3025f040fbe38fbdf8b8
:10d93800062093428cbf0023012385f8ff30042181
:10d94800284623f097f8404626f0fcfe99e7b246b1
:10d95800d5e7e38fadf8063079e7204625f0b2f930
:10d96800a8e7f12ba6d1b5fbf7f307fb1353002b60
:10d9780038d1e91b49440df1060026f0d3fce28fab
:10d98800bdf80630511e8b4232d201339bb2a387b9
:10d99800adf8083042f6030102230df10d00adf891
:10d9a8000a208df80c3026f0cffe02a9204613f08d
:10d9b80067fd4ff000084ff4827026f0c1fe06465e
:10d9c80000283ff477af032303702388838087718f
:10d9d800058125b12a4649460a3025f0e7fa86f836
:10d9e800ff801ae7e38fadf8063045464746c6e79d
:10d9f8000023e36384f844304ff00108dbe700bffd
:020000040000fa
:020000040100f9
:10da080038b5046894f86520132a054645d002d82d
:10da1800122a0ed038bd403a022afbd8102901d06c
:10da28001229f7d1d4f878010021bde8384026f052
:10da3800a3be112925d019d81029ebd1002384f8c9
:10da48002c30204626f0bbfd284624f0e1fc1323a9
:10da580084f8653094f866001df064fb204625f0d4
:10da6800d0ff2846bde8384015f082b812290fd0fb
:10da78008129cfd1002281212846bde8384013f002
:10da8800b7ba01211ef044fe132384f86530c1e7bc
:10da98002846bde838400ff007bd212900f0ba80bc
:10daa80030d81229f4d008d8102960d01129b1d162
:10dab8000121bde838401ef02bbe1629aad317292c
:10dac800e6d92029a6d1236e180616d51df09eff8b
:10dad800d4f8883123f08073c4f8883122f076feb8
:10dae800204621f02dfe002894d01df08fff236ed4
:10daf80043f08073236622f069fe2846bde838406b
:10db08001af0acb8242900f085800ed8222949d013
:10db180023297ff47faf23f030fa00287ff47aaf0f
:10db2800237d002b3ff476af6be08129a2d08229b8
:10db380000f0878025297ff46daf1df0abfa2846e9
:10db480020f0d6fe236e5b067ff564af204621f0f9
:10db5800affd10b31df05aff236e23f04003236678
:10db680022f034fe2846bde8384020f0c1be00212e
:10db7800354b84f82c101a6861f39a621a602046b3
:10db880026f01dfd284612f081f9236e23f40003c8
:10db98002366284624f03cfc5ce72846bde838406c
:10dba80024f036bc236e13f0100203d0d4f8fc2204
:10dbb800812162e7190784f80823627509d51df0e9
:10dbc80025ff236e23f4005323f00803236622f075
:10dbd800fdfdd4e9bf21284606f086fa236e5a06d1
:10dbe8000cd5002120461cf025f938b11df00eff98
:10dbf800236e23f04003236622f0e8fd284623f035
:10dc0800f1ff236e1b067ff505af2846bde83840b7
:10dc180023f098bd637d013363751df0f7fe236e15
:10dc280023f0400343f48063236622f0cffd2846a7
:10dc380023f0a3f900287ff4edae204622f06aff16
:0cdc480090e7002219e700bf30340141d2
:020000040000fa
:020000040100f9
:10dc54002de9f0430446c3788e4a806d617ca57a31
:10dc640095b004ae002b63d112688df82010012109
:10dc740092f8009092f80580b2f801e0b0f8e470f0
:10dc8400b0f82cc0d0f8e6208df8221002218df8cf
:10dc94002150adf82a708df823908df82480adf8ca
:10dca40025e0adf827c08df829100b9200f5c07758
:10dcb40008adfa5c595d4a40f2540133102bf8d197
:10dcc4000caa31466f300ef099fee178231d04f161
:10dcd4000b02002940f08a8018689b88adf8243034
:10dce4001368cdf826309388adf82a300b9108904c
:10dcf4000cab08a910251a7811f8010b013d42401c
:10dd040015f0ff0503f8012bf5d1a06d10aa0ca99d
:10dd14006f300ef073fea76d102207f5b87110a8ce
:10dd240023f084ff90b30421204613f013fd5ae03e
:10dd340013688df82110012193f800e093f805c0d1
:10dd4400b3f80120d0f8e470838db0f8e8808df842
:10dd5400221002218df82050cdf82370adf82e301a
:10dd6400adf827808df829108df82ae08df82bc0a6
:10dd7400adf82c20002300f5e07708adfa5c595d7e
:10dd84004a40f2540133102bf8d199e707f5e072b9
:10dd9400334610685168adf8045007f5c07203c3e8
:10dda4001068516806ab03c307f17f02314607f1df
:10ddb4006f00cde902550ef021fea16d20467f31a2
:10ddc4001df0f2fe204609f0bdfaa36d20887f33d2
:10ddd40001aa02a921f0d2fda36d2a467f33294668
:10dde400204612f017fb15b0bde8f0831068928846
:10ddf400adf824201a689b88adf82a300023cdf8aa
:10de040026200b9308900caa08ab1025117813f860
:10de1400010b013d414015f0ff0502f8011bf5d14e
:10de2400a06d10aa0ca96f300ef0e8fda76d1022aa
:10de340007f5d87110a823f0f9fe00287ff473af1a
:10de440007f5e07233461068516807f5c07203c3e2
:10de54001068516806ab03c307f17f02314607f12e
:10de64006f000ef0cbfda16d20467f311df09cfeae
:10de7400a36d2a467f332946204612f0cbfaa16dc2
:10de8400204601f5c0711af0f9fb204609f05afa50
:08de9400a9e700bffcc100205a
:020000040000fa
:020000040100f9
:10de9c007f4b1b7843b17f4b1b782bb97e4b1b7888
:10deac0013b97e4b1b7803b170472de9f04387b053
:10debc001bf0aaf8002840f08680794d794f7a4ef5
:10decc00dff8ec81c9e0631c2b7022f029fb0028e1
:10dedc0079d126f089f908eb4413db68c01a734b2f
:10deec00984273d808eb441393f8079026f070f916
:10defc00814500f0b28008eb441393f8079026f0ac
:10df0c0067f9814504d9684b1b78002b00f0a5807c
:10df1c0008eb4413db7c002b66d008eb44139b69a5
:10df2c0043b126f061f9624b03eb44139b69c01ab1
:10df3c00002867db08eb4413d87922f019fb002882
:10df4c0040f08b80a023adf804302021adf80610f2
:10df5c0000228df80820564b03eb44131868cdf8bb
:10df6c000900b3f804c09879adf80dc08df80f0016
:10df7c00adf810104021adf81210adf814204ff48c
:10df8c00fa61adf81610d979434b1970434b1a70de
:10df9c0026f02af9474b186026f014f9022840d8cd
:10dfac0001a820f0b1f9814668b126f00bf90228de
:10dfbc0041d8394b00221a70a9f20b191ffa89f9b2
:10dfcc00b9f1010f3ed807b0bde8f08326f0faf89e
:10dfdc00022842d926f0f0f8354b03eb4413da79da
:10dfec00354918f0d7f938e026f0ecf8022834d986
:10dffc0026f0e2f82e4b03eb4413da792f4918f094
:10e00c00c9f92ae026f0def8022826d926f0d4f841
:10e01c00274a02eb4412137cd279294918f0baf939
:10e02c001be026f0c9f8224b03eb4413da7925499f
:10e03c0018f0b0f9b4e726f0bff84a46224918f0b8
:10e04c00a9f9b6e71a4b03eb4413d8791cf02cf85a
:10e05c0003e00123337000232b702c783b78a34210
:10e06c003ff631af3378002badd122f059fa0028ae
:10e07c00a9d122f041fa0028a5d126f0a3f8022854
:10e08c00e7d926f099f8114918f084f9e1e700bfb7
:10e09c009fc20020e1c20020a5c20020a3c2002024
:10e0ac009dc200209ec2002079c00020bfd4010078
:10e0bc0024b200208cc00020fc6600011c6700010b
:10e0cc004067000164670001806700019c670001e4
:020000040000fa
:020000040100f9
:10e0dc0030b591ea030f00f18280841a71eb030cc6
:10e0ec0005d2121953eb0c03001b71eb0c0140f21f
:10e0fc00000ccff6e07c1cea430f52d0bceb410f76
:10e10c005fd90c0da4eb135e5ff0010c6cf31f5187
:10e11c006cf31f53def1200c2ad303fa0cf54019d3
:10e12c0041f1000122fa0ef5401923fa0ef569416e
:10e13c0012fa0cf2cd0208d349085fea30005fea0c
:10e14c00320228bf42f001020134013c5fea500c5c
:10e15c0072f1004250f1000051eb04514ff40013e6
:10e16c0013eb410f38bf30bd6ff31301002030bdee
:10e17c00bef1200ebef1200f1ed223fa0ef540196f
:10e18c0041f10001cef1200c124218bf012203fa1a
:10e19c000cf52a43cee711ea5c0f04bf00200021e6
:10e1ac0030bd1cea410f04bf01f00041002030bd1e
:10e1bc0001f00041002030bd21f4801101eb04512d
:10e1cc0030bd004218bf41f00101bceb410f08bf4c
:10e1dc0030bd4ff0fe4141f47801002030bd83f09a
:10e1ec000043841a71eb030e07d28ef0004e001b15
:10e1fc0071eb0e01121953eb0e0340f2000ccff62b
:10e20c00e07c1cea430fc6d0bceb410f72d90c0d5d
:10e21c00a4eb135ec90241ea5051c00241f0004127
:10e22c00db0243ea5253d20243f00043def1200cee
:10e23c0041d312fa0cf522fa0ef203fa0cf542ea6b
:10e24c00050218bf42f0010223fa0ef3801a99411d
:10e25c00e30ac4f30a0411f0404f03d418d0013c74
:10e26c0040004941013c23d44205c00a40ea4150d8
:10e27c00c90a51eac3715fea500c72f1004250f1c5
:10e28c00000051eb045130bd01002fd00020203c88
:10e29c000029f9d0b1fa81fcdcf1200e11fa0cf155
:10e2ac0030fa0ef510fa0cf02943a4eb0c04d9e764
:10e2bc000020d90730bdaef1200ebef1200f0dd2db
:10e2cc00cef1200c03fa0cf533fa0ef32a4318bfe7
:10e2dc0043f00103c01a61f10001b9e721f00041dc
:10e2ec00c00a40ea4150c90a01eb045130bd00207c
:10e2fc00002130bd004218bf41f00101bceb410fc1
:0ee30c007ff467afbceb430f3ff463af30bd4f
:020000040000fa
:020000040100f9
:02e31a0070474a
:020000040000fa
:020000040100f9
:10e31c002de9f04f83b00378022b0dd0052b3ad0aa
:10e32c00012b0cd125f04eff022808d925f044ff13
:10e33c007f4918f02ff802e08379012b02d003b04b
:10e34c00bde8f08f8488204625f053fe25f03aff77
:10e35c00022819d8204620f0b9fd0028efd0837888
:10e36c00022becd12023adf800304023adf8023065
:10e37c000023adf804304ff4fa63adf8063069466b
:10e38c0020461ef0cbffdae725f016ff224669493e
:10e39c0018f000f8dee70023adf80030b0f804a068
:10e3ac00dff8948178e00134a4b2a3450fd919f8b1
:10e3bc00016b30461ef026ff0028f4d1304621f0c8
:10e3cc007dfaff2800f096800135adb2ebe7092d00
:10e3dc0086bfec4304f001040024504620f076fd87
:10e3ec00002c00f08a8010b1c378012b1cd1bdf831
:10e3fc000060002e68d0dff84c913c4608f1010b10
:10e40c0033e00121504625f0fbfd84e0022150460b
:10e41c0025f0f6fd7fe025f0cffe474a1379127800
:10e42c00464917f0b7ff7be00121504625f0e8fd87
:10e43c00dde7631cb34229da18f8040021f03efa38
:10e44c0005461bf8040021f039faff2d1ed0ff28d9
:10e45c001cd00137bfb240ea051009f8010b023499
:10e46c00a4b2a64212d9202f3ad0a642e1d904eb8d
:10e47c00080500bf15f8010b1ef0c4fe0028d8d00b
:10e48c000134a4b2a642f5d13446d2e725f09afe67
:10e49c0002281ed8042f27d86946504623f06efa5e
:10e4ac004146504613f0a8ff074600287ff447afbb
:10e4bc00bdf800b00bf1ff339bb2f32becd8dff8b7
:10e4cc0078900546044672e725f07cfe0228e3d9d5
:10e4dc00374625f071fe3a46194917f05bffd9e72c
:10e4ec0025f070fe0228f4d8164a3946504602f040
:10e4fc001dfdd1e7504620f0e9fcbdf80030042b9f
:10e50c00cad940b10c4b5b78002b3ff47aafc3787f
:10e51c00022b7ff47baf25f055fe02283ff67baf34
:10e52c004246bdf80010504602f000fdb4e700bfb3
:10e53c00806a0001906a000124b40020ac6a0001da
:08e54c00c46a00012cbd00208f
:020000040000fa
:020000040100f9
:10e554002de9f04f05468fb00f460026bb5dab5545
:10e564000136202efad13c464ff0000854f82c0f07
:10e57400cdf82080616809abcde9068803c3a068a3
:10e58400e16803c306aa20691860114633461046a1
:10e5940021f010ff06aa83462946284621f00affe7
:10e5a400ba4683445af8300fdaf8041009ab03c3af
:10e5b400daf80800daf80c1006aa03c33346114649
:10e5c4001046cdf8348021f0f5fe5ffa8bfb8344ce
:10e5d40006aa2946284621f0edfe3b465ffa8bfb4e
:10e5e400834453f8200f01935968cdf82c800df122
:10e5f4001809a9e803003a469868c9f8000052f8d7
:10e60400380f049251680cabcde9098806aa03c3fc
:10e6140033462946284621f0cdfe5ffa8bfb3a4665
:10e624005844c3b252f8240f059351680292bb4672
:10e6340006ab03c39068c9f800005bf8340fdbf83d
:10e64400041009ab03c3dbf80800186003937b6b69
:10e654000c933b6a0d9306aa33462946284621f0bb
:10e66400a9fe059b6168cdf82c801844c3b22068cc
:10e67400059306ab03c33b6aa0680c93bb6ac9f855
:10e6840000000d9306aa334629462846cde9098899
:10e6940021f043fa059bdaf80410181ac4b2daf828
:10e6a400000006ab03c3daf80800daf80c1003c361
:10e6b4007b6a0c93fb6a0d9306aa334629462846c7
:10e6c400cde90a8821f029fadbf80410019a241a0a
:10e6d400dbf8000006ab03c3dbf808005168c9f897
:10e6e4000000106809ab03c3039b906818603b6b80
:10e6f4000d9306aa334629462846cdf8308021f0ea
:10e704000cfa049ae4b25168241a1068029a06ab0f
:10e7140003c310685168c9f8008009ab03c3039ba5
:10e72400906818607b6b0d9306aa334629462846e9
:10e73400cdf8308021f0f1f9e4b2241a64b24445f2
:10e744000f4e10db34b920222946304622f0f1fb6b
:10e75400012812d0202332462946284621f0ddf92b
:10e76400241a64b2eee7202332462946284621f0d3
:10e7740021fe044464b2002cf5db0fb0bde8f08f39
:04e78400e6c20020c9
:020000040000fa
:020000040100f9
:10e788002de9f04f85b0814600f10906077a25f09a
:10e7980021fd029009f1010b58461af0b9fb0190ce
:10e7a800002f72d000240fe0092d07d9a01c0722e2
:10e7b8007549304423f038fa002839d0013455fa25
:10e7c80084f4e4b2a74260d9a046355d002d5cd040
:10e7d8006319bb4259da33195a78a2f10803dbb23c
:10e7e800012be1d9162ae9d1082de7d933199b78ed
:10e7f800da2be3d13319db78fe2bdfd133195b79c0
:10e80800012bdbd9019b002bc0f2b680b04498f8ed
:10e8180006205e4b019903eb41131a7598f80720ff
:10e82800da7498f808205a7498f809209a74c5e799
:10e83800b04498f80930303b03eb830398f80a801a
:10e84800a8f1300808eb43085ffa88f825f0cefcf9
:10e858000390029b434514d058461af059fbb0f177
:10e86800000a2cdb494b03eb4a1383f8078099f91c
:10e8780028201a72039ada601b7f83b9cdf804a0a6
:10e888009ce725f0a1fc022802d805b0bde8f08f6e
:10e8980025f094fc42463e4917f07efdf5e73b4bd8
:10e8a80003eb4a1300221a7725f08efc0228e5d9db
:10e8b80025f084fc4246374917f06efddee7364bfb
:10e8c80019780f292cd84a1c334b1a700ffa81fa81
:10e8d800019b002bbff672af2c4b03eb4a13d9f800
:10e8e80001001860b9f8051099f8072099809a7105
:10e8f80083f8078099f928201a72039ada600022af
:10e908001a7483f811809a740121d9741a759a615e
:10e918001a7725f059fc022823d8cdf804a04de732
:10e928001a4801224ff0000e824600bf0aeb4e1330
:10e9380090f928c093f908309c45b8bf5ffa82fe69
:10e9480001322030d3b29942f0d8104b03eb4e136a
:10e9580099f9282093f908309a4296dd0ffa8efa31
:10e96800b6e725f02bfc0c4b1b7842460b4917f0f9
:10e9780013fdcdf804a021e758461af0c9fa031e82
:10e988000193bff643af19e79068000124b2002055
:10e9980098680001b86800019ec20020d068000194
:020000040000fa
:020000040100f9
:10e9a8002de9704355ec104bc5f30a53013b40f277
:10e9b800fd7083422a4600f2a1807548754ba0423b
:10e9c800ab41c0f2b4807448744ba042ab41c0f074
:10e9d8008a80734e734b25f00040a642834180f035
:10e9e800898002f0004282f07f594ff0000854a35a
:10e9f800d3e9002389f400192046294607f02af8ac
:10ea080042464b46fff766fb1bf0beff064623f067
:10ea18001cf94da3d3e900238046894607f01af86c
:10ea280022462b46fff756fb49a3d3e900230446a9
:10ea38000d464046494607f00df802460b4620466b
:10ea48002946fff747fb02460b468046894607f0f2
:10ea580001f841a3d3e9002304460d4606f0faff66
:10ea68003fa3d3e90023fff735fb22462b4606f0e8
:10ea7800f1ff4d4b0022fff72dfb42464b4606f0b7
:10ea8800e9ff39a3d3e90023804689462046294671
:10ea980006f0e0ff36a3d3e90023fff71bfb22466d
:10eaa8002b4606f0d7ff424604460d464b463f49e3
:10eab800002025f0e1fd02460b4620462946fff7d7
:10eac80009fb02460b464046494600f08ffa374b91
:10ead8000022fff7fffa013641ec100b30461af01e
:10eae80031febde87083324b22221a609fed220b63
:10eaf800bde870839fed220bbde8708314eb040c16
:10eb08002c484ff0000345eb05066345b0410bd395
:10eb18002948854208bf9c4206d015f5801f08bfca
:10eb28009c427ff45eafe1e745ec104bd9e7204b00
:10eb380022229fed150b1a60d3e700bfaff30080c8
:10eb48003cf92f9e2c15f73f000000000030e6bf6f
:10eb5800a80c615c10d02b3f1cdc586fa452f13e0e
:10eb6800e0f6b36fe4707c3f0938de6f993f403fb1
:10eb7800b35142718e71ac3f0000000000000000ec
:10eb8800000000000000f03f000000000000f07fdf
:10eb9800ef39fafe422e8640d2bc7add2b2386c09e
:10eba8002242920ca19cc73b0000d03f0000e03fee
:0cebb80080c200200000e0ff0000f07fa1
:020000040000fa
:020000040100f9
:10ebc4002de9ff470478012c054600f0a0802cb104
:10ebd400032c00f0e48004b0bde8f0878478002cb6
:10ebe400f9d1794ed6f800a00af1100353f8247035
:10ebf4005ffa84f977bb882025f0a4fd04f10408aa
:10ec04004af82800336853f82800b0b188223946fe
:10ec140024f0f0fd3368a400234417211a6991807d
:10ec24001b6983f8029033681c440122236983f82a
:10ec340085202369df6423691f65336853f82840fe
:10ec440064b9624b0093002204239221ee200bf05e
:10ec540043f9c0e70134082cc8d1f2e7ab8823801c
:10ec6400aa79e378002a31d143f02103584fe370a5
:10ec74003a68d2f80080e37ab8f1000f29d19800fd
:10ec840043b125f05ffde06020b13b681968474659
:10ec940000293ad1b4f85c30a178216640f20142ef
:10eca40003f0f8031343a4f85c30b4f87430a1679c
:10ecb40003f0f8031a433368a4f87420db68002bcc
:10ecc40089d0284604b0bde8f047184743f0110343
:10ecd400cce798f810201344e372d8f80080cae710
:10ece40088689b0030f822c0e06820f803c0e06820
:10ecf400034401325f80d2b2087c02eb08039042e5
:10ed0400dbb2edd809689846c2e70022f4e74588eb
:10ed1400284620f06ffc064650b9cde901542d4b2e
:10ed24000093024604239321ee200bf0d5f852e71a
:10ed3400008825f0d2f960b34ff4827025f002fd0b
:10ed440040b11122027032888280b27a8271042129
:10ed540021f092fe4ff4827025f0f4fc0446c0b119
:10ed6400f07a800025f0eefc054690b11223237062
:10ed740033882381f37aa3726060f27af168920097
:10ed840024f016f92046042121f076fe284625f0c9
:10ed9400dbfcb07804b0bde8f04711f0a7bd0379ff
:10eda400002b7ff418af4588284620f023fc024648
:10edb40028b9084b0093cde901540423b3e7012398
:10edc40080f8843007e700bf00c2002088a7020152
:08edd4003cc10020a2a70201ce
:020000040000fa
:020000040100f9
:10eddc00f8b5037e824d022b044621d125f08ef925
:10edec00d4f8a0307bb92376236e23f080532366ae
:10edfc004ff00003a4f829302b6923634ff4807380
:10ee0c00a4f8233011e094f8a8214ab11b7903f03f
:10ee1c003003102b04d100232376c4f8a030e3e791
:10ee2c00217e0029e0d0022964d0204615f0d6fec0
:10ee3c0094f8671084f82b0094f82a001df04afb14
:10ee4c00d4f88830d4f87811d4f894201844c4f845
:10ee5c00880094f86430d1f8b010012b40f2712383
:10ee6c0003fb01f340f0a8809a4238bf9b1ad4f8f8
:10ee7c008c2028bf00239042226e80f09a8098420a
:10ee8c0080f09780d10040f18f80012384f82930e5
:10ee9c0042f0400222661cf0b7fd524be96818683c
:10eeac00226b8eb266f30f00186053f8400d92b2cd
:10eebc0062f30f00186094f82b304b7094f82530e7
:10eecc0094f82910ea68db0043ea011394f8241043
:10eedc000b4394f8261043ea8103137021f074fc61
:10eeec00236e13f0200203d143f02003e275236656
:10eefc000020f8bdd4f8a02013895689f61a236e89
:10ef0c0023f080532366002384f82930137903f00f
:10ef1c003000102829d112891abb03f00303012bee
:10ef2c001fd084f82410d4f8a020b4f89e111389b3
:10ef3c000c331344b14223631ed3106824f0fcfe3f
:10ef4c00d4f8a0301b7903f03003102b07461ed1e8
:10ef5c00606824f0f1fe27b3236e43f080532366e0
:10ef6c000fe0012384f82430dde7032384f82430f8
:10ef7c00204611f04ffdd6e7236e43f080532366f5
:10ef8c000e4684f82a60204625f0b1f84de7a068bb
:10ef9c0024f0d2fe94f8a831002bdcd0002fdbd16a
:10efac00efe70028d8d1ece794f82130002b7ff460
:10efbc006faf22f040026de79a4238bf9b1ad4f82b
:10efcc00902028bf00239042bff465af9842bff455
:10efdc0062af236edb0044bf012384f829305ae76b
:08efec0068be002080340141e1
:020000040000fa
:020000040100f9
:10eff400f0b581ea030e0ef0004e40f20007cff6a2
:10f00400e07717ea41051ebf95ea070f17ea4304a4
:10f0140094ea070f00f0c5806d0da5eb545707f572
:10f0240080674ff0004646eac12444ea5054c002c7
:10f0340046eac32343ea5253d202801a9c4104d2c3
:10f044000018644180185c41013f5b084fea3202ba
:10f054000025002140f001004ff0070604e0801a6b
:10f064009c4136d340416441801a9c4136d340418f
:10f074006441801a9c4136d340416441801a9c41ca
:10f0840036d340416441801a9c4136d340416441a7
:10f09400013e17d0801a9c4136d340416441801a06
:10f0a4009c4136d340416441801a9c4136d340414f
:10f0b4006441090201eb156190ea052520f0ff0087
:10f0c4004540cce7801a9c4156d335e080185c411a
:10f0d400c8d20018644180185c41c8d20018644149
:10f0e40080185c41c8d20018644180185c41c8d2c1
:10f0f4000018644180185c41c8d200186441013e84
:10f1040017d080185c41c8d20018644180185c4153
:10f11400c8d20018644180185c41c8d20018644108
:10f12400090201eb156190ea052520f0ff00454036
:10f13400cce780185c411fd3420918bf44f0010496
:10f14400490101ebd56100f01f0000eb451021f4eb
:10f15400801141ea0e01013041f10001244208bf4f
:10f1640020f00100b7f5006f3eda013f49dd01eb05
:10f174000751bde8f0407047490101ebd56100f04b
:10f184001f0000eb451021f4801141ea0e01b7f590
:10f19400006f29da013f34dd01eb0751bde8f0408f
:10f1a4007047004218bf41f00101124218bf43f0fa
:10f1b4000103b7eb410f2cbfb7eb430f1ce0b7ebd8
:10f1c400410f04bfb7eb430f16e017ea410f04bf2a
:10f1d40017ea430f10e017ea410f12d017ea430f62
:10f1e40002d0b7eb430f0cd04ef0fe4141f4700156
:10f1f4000020bde8f04070474ff0fe4141f4780133
:06f20400f6e77146f4e795
:020000040000fa
:020000040100f9
:02f20a0070474b
:020000040000fa
:020000040100f9
:10f20c002de9f04fbbb0dff800a206921268019214
:10f21c008a6e1344019a12fa83f9031f029300f1c8
:10f22c002c038b4609930026029b53f8047f029310
:10f23c00002f64d07b6e0593fb7ad7f86080bbf807
:10f24c007620b7f87040b7f87650012b04bffb6bf3
:10f25c00a8eb030840f23913b2fbf3f2b4fbf3f45e
:10f26c0002f1010204f1010414440392b5fbf3f51d
:10f27c00bbf87020b2fbf3f205f1010502f10102bb
:10f28c0015440492059a08bf08ea0a08424402eaa7
:10f29c000a021544ba6ca8eb040404ea0a0405ea51
:10f2ac000a05002a61d13a6c97425ed1786c20f045
:10f2bc000dff40f239130890079300bfa4eb09032c
:10f2cc005b020bd484ea090313ea0a0f06d0182e4a
:10f2dc0014d0099b029a9342a6d110e04b46019a96
:10f2ec002946204624f079fbe0b13aab03ebc60388
:10f2fc000136f6b2182e43e9304513d11826449b3b
:10f30c00721e1e700aa8002121f03afb00230a98f5
:10f31c001a4644990978914237d8459a13703bb0f4
:10f32c00bde8f08f7b7f002bd1d0089bb7f87040e5
:10f33c00b7f876509844079bb4fbf3f4039b013465
:10f34c001c44079bb5fbf3f5049b01351d44059b41
:10f35c0008ea0a08434403ea0a03a8eb04041d4420
:10f36c0004ea0a0405ea0a05a8e74b46019a29466d
:10f37c00204624f032fb0028a9d03aab03ebc6039d
:10f38c00013643e93045f6b2a1e75ab906990c6843
:10f39c00211a4d0206d5469901ebc301c1e9004083
:10f3ac000133dbb24499097801398a4202f1010434
:10f3bc0013da3aa901ebc20151f8bc6c3aa901eb82
:10f3cc00c40151f8c05c711b490206d5469901eb8a
:10f3dc00c301c1e900650133dbb2449909780139f5
:10f3ec008a420fd13aa901ebc20252f8bc1ca1eb24
:10f3fc000902520206d5469a02ebc302c2e9001971
:0cf40c000133dbb2e2b284e7ffff7f00b7
:020000040000fa
:020000040100f9
:10f4180070b5794b794e1a68794d052060f31f72e3
:10f428001a6025f0c7f877490a8840f23b1060f364
:10f438000f020a80888a40f001008882088840f21a
:10f44800e24464f30f00088001f11402898a41f054
:10f4580002011180328f42f0040232872a684ff489
:10f46800347161f31a422a6005f570724ff44170e5
:10f478001188a5f57b7460f30f01118022681421af
:10f4880061f31742226004f2b4722830118860f3e5
:10f498000f0111804ff088421946126c02f4405255
:10f4a800b2f5005f03f50672304613880cbf2426b8
:10f4b8000c2666f307031380534b1a686ff31e522a
:10f4c8001a6003f5407216886ff3070616800a68fb
:10f4d8006ff307020a6003f547710a686ff30002c9
:10f4e8000a600a686ff341020a600a686ff304123f
:10f4f8000a600a686ff345120a600a686ff3861299
:10f508000a6003f5497216886ff30006168016889c
:10f518006ff34106168016886ff304161680168856
:10f528006ff34516168016886ff3861616800e68d8
:10f5380046f004060e600e6846f008060e60118854
:10f5480041f004011180118841f0080111802268fe
:10f558005c2161f30f222260b0f85021a12161f3f0
:10f568000f22a0f85021b0f850218c2161f3070236
:10f57800a0f85021d0f8142101f26f1161f318425c
:10f5880003f2fc71c0f814210a6842f000520a60c4
:10f598001a4652f8341f6ff3cf3111601a4652f8e9
:10f5a800541d6ff310411160b0f8082c122161f35b
:10f5b8004912a0f8082c03f5d2721020118841f4e2
:10f5c80000411180118860f3090111802a680f2118
:10f5d80061f3050203f58e712a600a8842f003027e
:10f5e8000a802268182161f30702226053f82c2f41
:10f5f8006ff342021a6070bd0c3a014100240141c8
:0cf6080054380141043e01410437014127
:020000040000fa
:020000040100f9
:10f61400f7b54388042b044605d00821204612f090
:10f6240099f803b0f0bd806d0191e43001a924f094
:10f6340023fda06d01a9e53024f01efda06d01a9f4
:10f64400e63024f019fda06d01a9e73024f014fd83
:10f65400a06d01a9e83024f00ffda06d01a9e930e7
:10f6640024f00afda36d93f8e72084f8522093f860
:10f67400e620d00704d55d4a12685278d10701d438
:10f6840001225a71a26d92f8e730073b092b01d988
:10f694000621c3e792f8e630544d13f0080f2b68a7
:10f6a40003d19b7923b10321b8e75b78c3f3c0038b
:10f6b40084f85530204613f051ff04f15c071bf029
:10f6c400dcfe4b49384607f045f9a66d737813f113
:10f6d400ff3218bf012284f8542094f85520002ae0
:10f6e4004dd0012b07d096f8e7300f2b03d83846be
:10f6f4000af0b0f9cce794f8533083b9022020f033
:10f7040041fd002837d12b68da789ab13949402273
:10f7140004f1120023f04cfc022384f853302046f9
:10f7240018f05dfb04f1120120461bf083fe0b234d
:10f73400a37076e77278032a06d1996821b191f80b
:10f7440050300bb14022e3e72b4824f071fb06460e
:10f7540000287ff462af2868022384f85330103005
:10f764000af078f92b6883f828609b680bb183f85a
:10f7740050600a23dce7012384f85330f9e720467c
:10f7840018f02dfba36d93f8e920d2075cbf01228a
:10f794005a71a16d4b78012b0ad120466f3103f0c9
:10f7a40009ffa16d204601f5d87117f02dfe38e749
:10f7b400022b13d12b681b78022b03d120461bf09c
:10f7c400dbfb2ee7042b05d191f8e430022b01d0aa
:10f7d400042bf3d1204622f0c3f922e7032b7ff454
:10f7e40020af204622f0cdf91be700bffcc100206a
:0cf7f400a064d101e0c3020179bc020155
:020000040000fa
:020000040100f9
:10f80000f8b56f4a6f4f704c704ea17100233b707a
:10f8100013706f4b30801880e1b964201ff034ff03
:10f820004ef280330340b3f5025f04d042f2ff0191
:10f8300064201ef0a1f93d201ff026ff4ff6e17372
:10f8400003404ef24032934204d04ef254313d20f8
:10f850001ef092f962201ff017ff4ff08243a1794a
:10f860009a69237cd2b2a2f10b0cdcf1000242ebcc
:10f870000c0262f30003237403f0010320f4e3524b
:10f880000b4322f01f0200f07f0551d0012905bf74
:10f8900000233b7033783378a2810cbf1a3b193bad
:10f8a000edb20129e370657131d12e23494ea37069
:10f8b000002200bf5f1c59b202d15ab1a17009e009
:10f8c000f75caf424ff0010203f1ff311dd3e27844
:10f8d0001344a370637c801260f3020308206374f6
:10f8e0001ff0d2fe20f01e03e381637c401060f322
:10f8f000c6036ff3c713637494f902302370637007
:10f900002371354bc4f81230f8bd0b46d2e71f23e4
:10f91000324ea370002200bf5f1c59b2cdd0f75cfd
:10f92000af424ff0010203f1ff31d0d20b46f3e7b3
:10f93000317822811d39c9b2edb22922284fe170f8
:10f940006571a270b2f1ff3f56b202d15bb1a670f1
:10f9500009e017f802c0ac454ff0010302f1ff3691
:10f960002bd30a44a270237c801260f34303082047
:10f9700023741ff089fe20f01e036381237c401056
:10f9800060f30713642023741ff07efe20f4e3531a
:10f9900023f01f03a381637c801260f302033d20e8
:10f9a00063741ff071fe20f01e03e381637c40103e
:10f9b00060f3c60363f07f039de73246c2e700bff2
:10f9c000cbc20020ccc2002080be002094c2002008
:10f9d00092c2002098f80201cec4baf69820030122
:04f9e00060040301bb
:020000040000fa
:020000040100f9
:10f9e4002de9ff4100230293adf80430c37a012bc3
:10f9f400044601a902a82dd120f0dafb029ae36b98
:10fa0400218f1a44bdf804300b449bb240f2e1410b
:10fa14008b42c2f31602029285bfa3f2e243013283
:10fa2400adf80430adf8043088bf0292a37b029e87
:10fa3400002b55d1276cbc423d6e43d0dff87c814e
:10fa4400ab1b5b0209d5786c20f044fb054405ea46
:10fa54000805f5e720f0acfbe8e7606c20f03afb22
:10fa6400284400ea0800801b40f27125c0f3160008
:10fa7400bdf804306843b4f8705005eb9305237a5d
:10fa8400012b4c4b1a680bbf5368136843f40053a3
:10fa940043f400530cbf53601360c5eb5005c4f826
:10faa4008440294604f1780006f054ff424b1b6859
:10fab400b3f82013a94239d2691a04f1900006f070
:10fac40049ff33e0606c20f005fb237a2844012bc6
:10fad400c0f31600c7d1a36c002bc4d02066c2e7c4
:10fae400206e801b40f27123c0f316005843012896
:10faf40088bfbdf804304fea500588bfa5eb9305d5
:10fb0400b4f8703003f27122aa4212d9636d2bb19a
:10fb140093f84f2042f0080283f84f20204621f04a
:10fb2400fdff00222146207a11f0ccfd04b0bde88f
:10fb3400f081ed1ae37ac4f88440012b0df106013b
:10fb440003a833d120f034fb039ae36b218f1a44ca
:10fb5400bdf806300b449bb240f2e1418b42c2f344
:10fb64001602039285bfa3f2e2430132adf80630d8
:10fb7400adf8063088bf0392dde902239a4204d12e
:10fb8400bdf80630b3f5966f01d3a5f59c75237abd
:10fb9400012b084b1a680bbf5368136843f40053d6
:10fba40043f400530cbf536013607ae720f000fb6a
:10fbb400e2e700bff0c10020ecc10020ffff7f009e
:020000040000fa
:020000040100f9
:04fbc40000befee79a
:020000040000fa
:020000040100f9
:10fbc8002de9f04f53ec102b2ded028b180d013859
:10fbd80040f2fd75a84283b016d9911868484ff0d5
:10fbe800000643eb03058e42a84106d3b5f5001f76
:10fbf800c0f0a680002bc0f2998043ec102b03b014
:10fc0800bdec028bbde8f08f01a81cf01ff95d4a1e
:10fc18005d4b019e55ec104ba242ab414ff00002e8
:10fc280078db20462946594b24f026fd04460d462c
:10fc380045ec104b013e4ff0ff3019f083fd534b5c
:10fc480051ec100b0022fef745fa02460b462046ff
:10fc58002946fff7cbf902460b4604460d4605f048
:10fc6800f9fe41ec180b4a48b0ee480af0ee680a73
:10fc780002210df037fa38a3d3e9002351ec100b19
:10fc880024f0fafcb0ee480af0ee680a804689468d
:10fc98004048032113f07cf830465bec10ab21f0b0
:10fca800d4ff524606460f465b4640464946fff794
:10fcb8009df953ec182b05f0cdfe22462b4605f096
:10fcc800c9fe22462b46fef705fa25a3d3e90023f1
:10fcd80004460d463046394605f0bcfe02460b4642
:10fce80020462946fef7f6f91fa3d3e90023044668
:10fcf8000d463046394605f0adfe02460b46204615
:10fd08002946fef7e7f941ec100b03b0bdec028b76
:10fd1800bde8f08f204629461f4b24f0adfc45ec8a
:10fd2800104b04460d464ff0ff3086e79fed100b51
:10fd38001a4b21221a6003b0bdec028bbde8f08f8c
:10fd48009fed0d0b154b22221a6003b0bdec028b00
:10fd5800bde8f08faff300809ab5b312ff075040ab
:10fd6800a80c615c10d02bbf000000000030e63ffb
:10fd7800000000000000f87f000000000000f0ff15
:10fd88000000e0ffcd3b7f669ea0e63f0000e03f1d
:10fd9800600c0301700c03010000f03f80c20020da
:020000040000fa
:020000040100f9
:10fda8002de9f04f1646a1b0102281460c460deb06
:10fdb80002000021984623f01bfd304624f0c0fcc9
:10fdc800074600287ed0a319421ea3427dd118ad54
:10fdd80010220021284623f00bfd0df1500a1022b5
:10fde80000211ca823f004fd87231022002150467f
:10fdf8008df87f3023f0fcfc10aa514648460cf0e1
:10fe0800fbfd0cac10aa0023d17b19550133102b34
:10fe180002f1ff32f8d19df93030002b5adb04a9ea
:10fe2800204622f0affb9df91030002b5cdb08a9bf
:10fe380004a822f0a7fb06f10f00000906f00f0640
:10fe48005cd01ffa80fb002e5ad100f18050013897
:10fe580010aa04a907eb001023f058fb1022002178
:10fe6800684623f0c5fc00260bf1ff339e4222466c
:10fe780065d310a9684623f049fb0023e27bea54c6
:10fe88000133102b04f1ff34f8d11caa2946484647
:10fe98000cf0b2fd1cab0022d97b0df80210013228
:10fea800102a03f1ff33f7d10df10f02002300bf31
:10feb80012f8011908f803100133102bf8d138464d
:10fec80024f040fc21b0bde8f08f13f8011d02f8c2
:10fed800011f7ae72946204622f054fb04aa1ca9f0
:10fee800284623f013fb9ee7294604a822f04afb84
:10fef80008aa1ca9284623f009fb9ce74ff0010b30
:10ff08000bf18053013b1a010023b6b21946802039
:10ff18001ffa83fc66450cd907eb020c1cf803c0da
:10ff28000af803c00133102bf2d110aa08a95046d1
:10ff380092e70cbf0af803000af80310f2e707eb90
:10ff48000611684623f0e2fa0023d17be954013315
:10ff5800102b02f1ff32f8d11caa294648460cf0b2
:10ff68004bfd1caa0023d17b0df803100133102b85
:0cff780002f1ff32f7d10136b6b275e796
:020000040000fa
:020000040100f9
:10ff8400f0b5612885b00d4617460e6850d013d8d9
:10ff940041282dd006d8a0f11303012b40f29880fc
:10ffa40000246de0542834d0602845d05228f7d17d
:10ffb400084615f0ddfff3e7a02800f09e8007d87f
:10ffc400802811d08128ebd1084622f03ffbe7e7d7
:10ffd400a22800f0a380c0f09d80f128e0d1304633
:10ffe4001ff03ffd04464be0304618f01afbd7e7fc
:10fff40013685b89029333880193544b0093022264
:020000040101f8
:1000040001233e21ec2009f067ff304622f00efd6b
:10001400c6e7d6f8843113f0010431d023f001038c
:10002400c6f8843196f8b311284623f09bfcb7e751
:10003400084622f0fdfeb3e713681e68937a032b8b
:1000440021d153681b78029333880193404b00936a
:10005400022201233f21ec2009f03eff384615f02f
:1000640051ff044660b97b681b78022b02bfd6f8a7
:10007400843143f00103c6f88431284615f078ff33
:10008400204605b0f0bd537a029333880193314b77
:100094000093022201234021ec2009f01dff384681
:1000a40014f0fcfb04460028ead196f8a93163b1a8
:1000b400294b186821f01eff336e43f0100333669a
:1000c4003d21284623f04efcdae711f023fad7e766
:1000d40096f86530403b022b07d8a0f11303594230
:1000e4005941284618f034fd5ae7346e14f00404dc
:1000f400c6d008460df08cfd52e7084624f0aafa53
:10010400044600b30146284603f0befb204622f015
:10011400a7fc45e7308811f0b7fe41e796f8ac310b
:10012400112b3ff43daf96f8ae31112b3ff438afad
:10013400d6f8ec321bb11b79012b3ff431af2846c2
:1001440019f0e0f82ce707249ae700bf125c0201db
:0c015400365c02015d5c020124c000204a
:020000040000fa
:020000040101f8
:100160002de9f84307460d4698469600304605f0bf
:10017000a3fd002800f099808146542005f09cfde5
:100180000446002800f08e805422002123f034fb26
:10019000c4f830903246a521484623f02dfb043e9a
:1001a000236b1e4426f0070685b105f1ff3c04f1e0
:1001b000330e05f10f0300bf1cf8015f0ef8015f5d
:1001c0000db19c45f8d1002384f84330089b042be3
:1001d00028bf04239946e3626364251d284624f062
:1001e0005afa04f1180024f056fa2461c9f1050303
:1001f000a36164624246394630461ff089fd2060a3
:10020000099b03b11c6021f087fd3e4a136801334e
:1002100013603d4b1b68002b4bd03c4b1b683bb91c
:10022000394b1b68da6ae36a9a429cbf364b1c6002
:10023000374a136801331360e36a364908680122bc
:100240009a4002430a60344903eb830301eb8303c2
:100250005b68a3609a68e26055609d60e36a03eba7
:10026000830201eb8202626103eb830351f82330c6
:100270000133136023f0a4f8244b1b68002b3dd0fe
:10028000214b1b68da6ae36a9a4239d24ff0e023c5
:100290004ff08052c3f8042dbff34f8fbff36f8f21
:1002a000012004e048460ef0dfff4ff0ff30bde8cc
:1002b000f883154b1c60134b1b68012bb8d1164eed
:1002c00006f16407304622f0c5fe1436be42f9d16d
:1002d000124f384622f0befe114e304622f0bafed2
:1002e000104822f0b7fe104822f0b4fe0f4822f06a
:1002f000b1fe0f4b1f600f4b1e6099e70120d6e740
:100300000120d4e700c1002010c10020f4c000206b
:10031000e4c00020f8c00020a0b90020e8be002002
:10032000d4be0020c0be0020acbe002098be00207d
:080330000cc1002008c10020ef
:020000040000fa
:020000040101f8
:10033800f7b590f84d3004460e4633b919b10b782d
:10034800837280f8523003b0f0bd032bfbd1684da7
:100358002b68d3f8303303b1984794f85220a2722f
:1003680094f851302a68237202eb8303614fd3f863
:100378009812a14204bf0021c3f89812d2f8a03203
:10038800a34204bf0023c2f8a032237a3a68012ba3
:1003980015bf1368536843f4806343f4806314bf44
:1003a80013605360042384f84d3000238df8073020
:1003b8005eb13378a372337884f85230737823b1fe
:1003c8000df10701204614f0bbf82b680022c3f892
:1003d800a422637f13b1204621f0deff2a68d2f8f9
:1003e80098320bb9d2f89c32c2f8a032002b5ed0fa
:1003f80093f84d30022b5ad121f0ddff94f850309c
:10040800de0748bf23f0010343f0020384f85030ad
:1004180094f84f30d8070ed523f00103002684f84e
:100428004f302046667215f0a1fa334632463249fb
:10043800012016f0f5fc637f03b9a3733a68b4f89a
:100448007000118988420dd0a4f870102968b1f89d
:100458002203a4f87200b1f82413a4f87410528986
:10046800a4f876204bb194f84e30d90705d420462d
:1004780021f07ef82046fff7b1fa94f84e30da07fb
:100488000fd523f0010384f84e30a36d4bb92046f5
:1004980015f06cfaa36d23b91a461849012016f015
:1004a800bffc29681df010fb81f834034be792f874
:1004b800943223b1002211461046fcf765fb2b68e5
:1004c80093f89532002b99d0237a3a68012b0bbf09
:1004d8005368136843f4805343f480530cbf53604c
:1004e800136000221146012011f0eaf886e700bfe8
:1004f800ecc10020f0c100200b010001090100013e
:020000040000fa
:020000040101f8
:1005080070b5856d86b00446002d00f0db8095f847
:100518002e30de0722d5112024f0c8f80646e8b1af
:1005280000f11003062104a8049323f001ff2b46d1
:10053800049953f8a02f0a605a684a609a688a603a
:10054800da68ca6006230093324600231121208806
:100558001ef0d0fa10b1304624f0e2f8a56d95f8f7
:100568002e30980721d50b2024f0a0f80646e0b1dc
:1005780000f11003072104a8049323f0d9fe049b7b
:10058800b5f8b0201a80049a55f8b23f13606b682a
:10059800536006230093324600230b2120881ef067
:1005a800a9fa10b1304624f0bbf8a56d95f82e30a5
:1005b800590722d5112024f079f80646e8b100f150
:1005c8001003082104a8049323f0b2fe2b460499d3
:1005d80053f8bc2f0a605a684a609a688a60da68d9
:1005e800ca600623009332460023112120881ef09a
:1005f80081fa10b1304624f093f8a36d93f82e30a9
:100608001a0728d5082024f051f8054618b300f138
:100618001003092103a8039323f08afe0df11101a9
:1006280004a821f015fc9df8101003a823f080fe03
:10063800039bddf811201a60bdf815209a80062367
:1006480000932a460023082120881ef053fa10b18f
:10065800284624f065f8a56d95f82e30db0622d5de
:10066800112024f023f80646e8b100f110030a210e
:1006780004a8049323f05cfe2b46049953f8d32f67
:100688000a605a684a609a688a60da68ca6006230b
:10069800009332460023112120881ef02bfa10b156
:1006a800304624f03df8a36d93f8ea2052b95b79ff
:1006b80013b920460ef024ffa06d18b124f042f8bb
:0806c8000023a36506b070bd1c
:020000040000fa
:020000040101f8
:1006d0002de9f047c388172b8cb0074640f0bd804a
:1006e000837a0c2b07d003f0fd03082b03d0802066
:1006f0000cb0bde8f0874ff4407024f025f8804638
:100700000028f4d01022002108a823f075f85e4bd1
:10071000cdf808801b681c6800250cbb284624f017
:1007200013f80646002800f094802a46414622f03d
:100730002dff404624f00af804ab2a46314608a8ab
:10074000fff732fb304624f001f83b685a6804abef
:1007500003cb1060516003cb9060d1600020c7e7ed
:10076000a689e389b34201d22468d6e7b4f80c9095
:100770006368a6eb090903eb091999f80e305b07ca
:100780004fd4d9f8001001a823f0d0fdbdf80430f3
:10079000a3f52052032a02d9b3f5245f44d1d9f836
:1007a000083093f800a055441ffa85fa0af10405b1
:1007b000adb2b5f5407f4cd8314602a823f0c2fd5a
:1007c000bdf8041002a823f0bdfdd9f80830d9f80f
:1007d00004101a7802a822f0edfebdf8042042f6bb
:1007e00002039a421dd1d9f808301b88042b18d176
:1007f000d9f804100df1060023f098fd03aa04a90e
:10080000bdf806001ef040fc58b10af11405adb267
:10081000b5f5407f1dd8049b1022596802a822f02c
:10082000c9fe0136b6b29ce703f55643ff339bb2cf
:10083000042bf6d80435adb2b5f5407f09d8314662
:1008400002a823f07ffdbdf8041002a823f07afd72
:10085000e7e7404623f07aff49e7152b7ff447afdf
:10086000837a0c2b04d003f0fd03082b7ff43faff9
:10087000b8881ef0c1fe00283ff439af3b68827a89
:0c0880005b681a706ae700bf3cc10020f2
:020000040000fa
:020000040101f8
:10088c002de9f04f002311f0010a87b0cde90433b4
:10089c001fbf654b1b68d3f8a832049311f01003eb
:1008ac00044601930cd006aa0af1010302eb8a0a52
:1008bc005d4a1268d2f8b0224af8082c5ffa83fa23
:1008cc004ff0000b0df110094ff0ff32cdf800b0d6
:1008dc0040f23913da4500f09980dff8508157e087
:1008ec0086680168c9f80010b44251d0b17b012967
:1008fc0030464dd1019919b1b57aa17a8d4247d9bb
:10090c00e17a276e356e012904bfe16b7f1af17a0b
:10091c0008bf07ea0807012902bff16b6d1a05ea47
:10092c000805e91b49023ed5b4f87010b6f876c03c
:10093c00b1fbf3f1bcfbf3fc614401f1020c716ef1
:10094c00294401ea0801614401ea0801791a4902c3
:10095c0042d4b6f87010b4f87600b1fbf3f1b0fbea
:10096c00f3f001440231681a00ea0800a0eb070c0e
:10097c001cf4800f35d1391a490203d4474017eac9
:10098c00080f05d10cea08018a4284bf0a4600967a
:10099c00d9f800000028a3d10bf1010b5ffa8bfbf7
:1009ac0009f1040996e7d4f864c0b6f87010b4f8ed
:1009bc0076e0b1fbf3f1befbf3fe71440ceb070eda
:1009cc0002310eea080e714401ea0801691a490263
:1009dc00bfd5c4f86cc001e0636ee36607b0bde838
:1009ec00f08f96f81de0bef1000fc4d0706ccde90d
:1009fc0002211ff06bfb0399029a054405ea0805d6
:100a0c00681a00ea080040f23913afe7636e9342ac
:100a1c0002d9e3660098e1e7a36e93428cbfe266cd
:100a2c00e3660020dae700bfecc10020ffff7f0087
:020000040000fa
:020000040101f8
:100a3c002de9f84f5e4b1b68002b40f0b1805d4bed
:100a4c001d6801351d6095b15b4b1b68ab4200f214
:100a5c008d805a4b1b681b68b3b100245748a346c2
:100a6c00574e4ff0010c5749dff8648146e0534a6a
:100a7c001168554b186810601960544a136801339b
:100a8c0013601ff0b1fddfe700244b4b4ff0ff323a
:100a9c001a606ce0484b1a6069e0da6ad6f800a07c
:100aac000cfa02f949ea0a09c6f8009002eb820234
:100abc0001eb820252689a60d2f80890c3f80c904d
:100acc00c9f804e0c2f808e0da6a02eb820e01eb26
:100adc008e0ec3f814e002eb820251f82220013290
:100aec00cef80020d8f800e0da6adef82c309a4212
:100afc0088bf012403681b68002bc6d00368db6821
:100b0c00db685a689542c5d3d3f81490da689f68ad
:100b1c00ba609f68576003f1040ed9f8042072453f
:100b2c0004bfda68c9f80420c3f814b0d9f800205f
:100b3c00013ac9f80020d3f82890b9f1000facd0d5
:100b4c001a6adf69ba60df69576003f1180ad9f8cd
:100b5c000420524504bf1a6ac9f80420c3f828b00f
:100b6c00d9f80020013ac9f8002096e70024184b68
:100b7c001b68db6a03eb8303124a52f82330022b07
:100b8c0028bf0124134b1b683bb1134b1b68002b74
:100b9c0018bf01242046bde8f88f0df092f8f4e759
:100bac000c4a1368013313600df08bf80024f1e745
:100bbc00d8c00020fcc00020e0c000200cc10020e8
:100bcc00f8c00020a0b9002008c10020e8c0002017
:0c0bdc0010c10020f0c00020ecc0002080
:020000040000fa
:020000040101f8
:100be8002de9f04f07298db0074601d015293fd1cf
:100bf800053901328cb204a805a9059222f068fad9
:100c080005a90df1120022f063fa08a8224605a9e9
:100c180022f0c2fc38461af07ffb68bb22465949cd
:100c280008a821f001f8002840f0a380bdf81000c2
:100c3800002800f0a080bdf81210884200f29b80c6
:100c4800e4b207ad06ae0195009608ab224611f056
:100c580047f88346002800f09280069b3888da7ba4
:100c680001210ef053fa80b270b1adf810b003e074
:100c78000023adf810300420c3b2bdf810201021b5
:100c880038460ff013fc41e0b88823f00ffd824688
:100c9800002872d0069b9b68b3f8008008f104090d
:100ca80000f11003112105a81ffa89f9059323f013
:100cb8003ffb5ffa89f105a823f03afb594605a8de
:100cc80023f03cfb079b05a8d98923f037fb069b3b
:100cd8009a685968128805a822f068fc08f1060885
:100ce8001ffa88f8079bd8894ff6ff73984204d0fb
:100cf800bb8808eb090b9b450bdd5246414638463d
:100d080021f068fb10b1504623f00afd0db0bde894
:100d1800f08f013080b2cde9006508ab2246bdf8fe
:100d28001210adf8100010f0dbff03900028e4d09b
:100d380006998a68128804324a45ded1ca7b388807
:100d480001210ef0e3f90028d7d1039b05a8194625
:100d580023f0f4fa079b05a8d98923f0effa069b3c
:100d68009a685968128805a822f020fc1ffa8bf8a7
:100d7800b8e7102080e701207ee711207ce70a20f1
:080d88007ae700bf7e0c0201b6
:020000040000fa
:020000040101f8
:100d90002de9ff470025044689461f46057001f1ed
:100da000ff3813780bb145450bd3624b1b7803b961
:100db0002370454588bf09f10105284604b0bde808
:100dc000f087252b07d05b49097811b904f8013b5e
:100dd00001350132e5e75378252b37d0561c33789f
:100de000302b4ff000001ad101464ff00a0c725c14
:100df000a2f13003dbb2092b0ed922f0200eaef1a6
:100e0000410ea2f16103bef1050fdbb206d8052b3e
:100e100026d8a2f15703dbb2092b29d90e44337827
:100e20006c2b08bf01363378702b5fd027d8632b2b
:100e300039d0642b51d0582b3ad13e4b3a681b78ad
:100e400003920437002b68d1019058e039490978a2
:100e5000961c0029c3d104f8013b01353246a0e7b6
:100e6000a2f14103052b02d8a2f13703d3e70023f7
:100e700001310cfb0030735c002bb8d1cee7752b31
:100e800018d0782bd9d0732b12d13b680437013b93
:100e90005a1c0dd013f8012f52b1454508d204f861
:100ea000012b0135f4e73b6804f8013b04370135b9
:100eb000721c76e71f4b3a681b78039204370bbb12
:100ec000019000930a23a8eb0501204612f0d4fdff
:100ed0005ffa80fa54445544eae7164b3a681b78a7
:100ee0000392043773b901900123eae7114b3a6882
:100ef0001b78039204372bb9042301930123009339
:100f00001023e0e7002808bf04205ffa80fa524669
:100f100003a9204622f04ef8dce740b1c107c0f338
:100f2000470af4d50af1010a5ffa8afaefe74ff0af
:080f3000010aece7bfc200203a
:020000040000fa
:020000040101f8
:100f3800042940f2c3802de9f04182b005460e46ef
:100f480014464ff6ff7398424fd1e378002b00f018
:100f5800ac806778002f4bd1594b1d80594b1878be
:100f68006070594b19784a1c1a70a1700c23e370f1
:100f78000af0f4fc2778534b1a78ba4200f08480c0
:100f88007b1edbb2fd2b7fd807f14003dbb2092bb8
:100f980000f28680a7f1c003013a4c4981fb0201a7
:100fa800d217c2eba10293427ad1721f2b46d2b25a
:100fb800611d2046f7f75cfc424b1b78bb426fd1a2
:100fc800207921f0fdfc00286fd060788df80400ae
:100fd800a3788df80530022301aa072107f0ccfd7c
:100fe800384b1b78bb425ad15fe022f08cfcace74f
:100ff80094f802807b1edbb2632b06d807eb47020e
:10100800334b03eb82035b7a23b9a17860780af04b
:10101800a5fcafe723f0eaf807eb47022c4b03ebfc
:1010280082035b68c01a42f20f739842edd8284bce
:1010380003eb82031a7aa8eb02035bb2002be4dc11
:1010480013f11f0fe1db07eb4707a2eb0802d2b24f
:101058001f4b53f82730d34013f0010fd5d0227817
:10106800184b1b789a4220d1207921f0a9fce0b1d5
:1010780060788df80400a3788df80530022301aa62
:10108800072107f079fd10e0721f2b46d2b2611dcf
:101098002046f7f7edfb0b4b1b78bb4290d027b1ee
:1010a800e378013bdbb2e37013b902b0bde8f0812d
:1010b8002a463146204608f09bfef6e7704700bff7
:1010c80004c60020b7c20020b6c200206766666664
:0410d80010a0002044
:020000040000fa
:020000040101f8
:1010dc002de9f74f0546008923f01cfb002800f092
:1010ec00c2802889ec681ef081fa0546002800f0c1
:1010fc00bc8083886788033b9f4200f2b68094f8db
:10110c00f860122e37d190f84630002b40f0a780b3
:10111c0007f103091ffa89f94846b4f800a023f037
:10112c00c3fa8046002800f09c8000f11003314681
:10113c0001a8019323f0faf8514601a823f0fcf81a
:10114c00211d3a46019821f02fff42464946284678
:10115c0021f03ef90446a0bb85f84660a5f848a0ee
:10116c00a5f85e00424905f1540005f0effb20465e
:10117c0003b0bde8f08f522e27d107f103091ffaf7
:10118c0089f9484634f804ab23f08efa80460028df
:10119c0067d000f11003314601a8019323f0c6f883
:1011ac00514601a823f0c8f821463a46019821f08f
:1011bc00fbfe42464946284621f00af9044600281f
:1011cc00d5d0404623f0aafad1e7162e1dd190f8bf
:1011dc004630002b43d107f105091ffa89f948461f
:1011ec00b4f800a0b4f8fab023f05efa8046c0b3ad
:1011fc0000f11003314601a8019323f097f85146f2
:10120c0001a823f099f8594697e7182e2dd194f898
:10121c00fc70012f29d890f8463003bb0220b4f89b
:10122c00008023f041fa0646d8b100f110031821d2
:10123c0001a8019323f07af8394601a823f076f837
:10124c0032460221284621f0c3f8044628b9182357
:10125c0085f84630a5f8488082e73046b2e7072487
:10126c0085e7022483e7042481e703247fe700bf9a
:04127c00a064d10198
:020000040000fa
:020000040101f8
:101280002de9f7430546352023f05efa0446102089
:1012900023f05afa0646102023f056fa07460cb1fe
:1012a00006b150b95c4b009300220423c321ee2009
:1012b00008f014fe03b0bde8f083584a13680360d9
:1012c0005368436093688360d368c360a96d3346f5
:1012d00020222f31fef768fd95f8038050484ff427
:1012e000807904f1020e2b1d04f1090c05f10b01ac
:1012f00004f11002a4f80090b8f1000f4ed1d3f819
:101300000090c4f80290b3f80490aef804909b7972
:101310008ef806300b68c4f809308b88acf80430be
:101320008b798cf80630a96d01f5c0710b682361cb
:101330004b6853608b689360cb68d360aa6d02f5ed
:10134000e072214613682362536863629368a36264
:10135000d368e3620123206384f83430ab6d352217
:10136000a0333046fef720fda96d2846a0311af0c3
:101370001dfc84f83480ab6d35220633214630469f
:10138000fef712fd204623f0e1f9304623f0def9a6
:10139000384603b0bde8f04323f0d8b9d1f8008057
:1013a000c4f80280b1f80480aef8048089798ef820
:1013b00006101968c4f809109988acf804109b79d4
:1013c0008cf80630a96d01f5c0710b6823614b687c
:1013d00053608b689360cb68d360aa6d02f5e072ae
:1013e000214613682362536863629368a362d368db
:1013f000e3620123206384f83430ab6d3522a033df
:101400003046fef7d1fca96d2846a0311af0cefb7c
:10141000002384f83430aee7e0360301443e030194
:04142000656c746221
:020000040000fa
:020000040101f8
:101424002de9ff41614b05681e7895f80f80604ceb
:10143400342303fb0653074693f88720013283f8cd
:1014440087205c4b1b78abb1d4f86c3f1b0511d4df
:10145400d4f8603f98050dd4574b1b681bb9002383
:101464008df808302ae098470028f8d0534b1b78b1
:10147400002bf4d122f0faffa0b3d4f86c3fd904c6
:10148400c3f300322ed4d4f8683f1b032ad508f0e6
:10149400fd08b8f1010f25d1d4f8603f980521d596
:1014a400d4f8683f99001dd54549d4f8683f0978b8
:1014b400c3f30263994215d08df8082002a9384677
:1014c4001ef070f9d4f8283143f00803c4f8283129
:1014d400d4f8283143f00403c4f82831002004b0c0
:1014e400bde8f081ff238df8013022f033f940bbd1
:1014f40022f0b6ff28bbd4f86c3f1b0521d40df1b4
:10150400020201a9284618f00ffd8046c8b9019bc4
:101514001a68cdf809209b88adf80d309df802209b
:101524009df808300df1010162f3000302a88df863
:10153400083011f00ffa20b18df803800df103018a
:10154400bde7342303fb0653d4f8201193f85e203f
:1015540002eb116283f85e20d4f8202193f85f1027
:10156400c2f307420a4483f85f20d4f828319df877
:10157400011043f00803c4f82831d4f82831284670
:1015840043f00403c4f828310af08afd6b7c012b74
:1015940005d128461df016fa00287ff460af2846ce
:1015a40015f00cfb14f08cfa98e700bfd9c20020a8
:1015b40000240141dac200203cc20020dbc200202a
:0415c400dcc2002065
:020000040000fa
:020000040101f8
:1015c8002de9f743044600f5fc78d0e96669d0f8c0
:1015d800f8310f4609b1d0f81032c4f81432204659
:1015e8001d691cf0e1fa204621f0bcfc204619f0e8
:1015f8002dfd574b1a88492161f30e021a80a3f575
:101608006b7294f83f001188a3f5836360f30411ab
:1016180011801a686ff34d321a6094f82d10032068
:1016280022f02cfc2a464946404618f082f9002f41
:101638003dd1d4f8f83194f820801f6901210df1cb
:10164800070015f0e5f89df807100622b1fbf2f344
:1016580002fb131394f87310dbb20b298df80730d3
:101668004ff001020cd802fa01f111f0050f4ed12a
:1016780040f6c870084018b911f0120f18bf0222be
:10168800344903eb43030b4412010021585c28fa48
:1016980000fc1cf0010f07d0d7f808c0253060f314
:1016a800c80cc7f808c0174401310329eed194f8d3
:1016b8007330052b06d9d4f800321bb1264b2046cf
:1016c8001b689847d4f8f8211abb94f8733023495b
:1016d800012ba1f1040332d10a68062060f30f023e
:1016e8000a601a6842f002021a601a68adb265f31d
:1016f8001f421a601a4a1168b6b266f31f41116098
:101708001a6842f001021a6003b0bde8f0830322b0
:10171800b6e7d4f8143293420ad8117a1369042927
:1017280008d0052906d019b9186861f34610186061
:101738001268c9e719686ff346111960f8e7086875
:1017480062f30f000860196862f341011960cce781
:101758006c3801411c3a030158c200205c3e01412b
:04176800703e01418d
:020000040000fa
:020000040101f8
:10176c00f7b50d78ff2d04460e4600f08480342327
:10177c0003fb050393f88020012a40f0a58093f821
:10178c005e10594a41b193f85c1029b9d2f81c117a
:10179c00c1f3c30183f85d10544b1968342303fb68
:1017ac000543c1f3411183f86010d2f84411a3f83a
:1017bc006210d2f84411c1f30f41a3f86410d2f8af
:1017cc004811c1f30801a3f86610d2f84811c1f30f
:1017dc000f41a3f86810d2f84c11a3f86a10d2f894
:1017ec004c21c2f30842a3f86c20414b1b68002b20
:1017fc005ad100273f4b1b6863b1294620469847b6
:10180c0040b12a460221204606f052feb37843f03e
:10181c004003b3703a46294620461bf057fb34234d
:10182c00002855d003fb054393f85d30072b4dd0b2
:10183c00217b2a4601b10121204606f039fe637c4a
:10184c00012b03d12946204606f0b0fe342303fbbe
:10185c00054393f88030012b07d1274b1a686ff39f
:10186c00db621a60002011f0f9fe342303fb0545fe
:10187c00002385f88030a3680093b6f801301f4927
:10188c005bbaadf80430f3788df8063033788df808
:10189c00073008226b46012015f0c0fa314620466d
:1018ac001af0b0fa03b0f0bd294620469847074617
:1018bc0000289ed02a460321204606f0f9fdb37875
:1018cc0063f07f03b37095e70027a3e72a46b2e7de
:1018dc007278012ab3d103fb054393f88920002abf
:1018ec00add083f88900aae700240141c03401413e
:1018fc0040c2002044c200200c3a01410401010105
:020000040000fa
:020000040101f8
:10190c002de9f04182b00378012b04d0022b74d066
:10191c0002b0bde8f08144682378062bf8d801a208
:10192c0052f823f04d1901017d1901018d190101a6
:10193c001d1901011d1901011d190101bf19010119
:10194c00a378002be4d1544b18680023811c00bff2
:10195c0011f823201ab10133082bf9d1d8e700eb89
:10196c00830301229a70002bd2d0a2881a80cfe771
:10197c0060881cf091fb0028cad000220260c7e7e7
:10198c00658828461cf088fb06460028c0d0c37822
:10199c00002bbdd02379002b14bf082307238df80f
:1019ac000030adf80250684619f0a8fd0023f37022
:1019bc00aee7394b1b6893f82a30002ba8d0b4f84b
:1019cc000480e788268965892b463246394640468d
:1019dc000ef0fafa60b1adf80080adf80270adf817
:1019ec000460adf80650694660881bf0b3fc8fe7c5
:1019fc003b2160881bf0cafc8ae744682378e3b17a
:101a0c00012b85d1658828461cf046fb064600282c
:101a1c003ff47eafa388002b3ff47aafc378002b42
:101a2c003ff476af08238df80030adf802506846cd
:101a3c0019f064fd0023f3706ae7658828461cf0f2
:101a4c002bfb00283ff464af134b1b6893f82a3030
:101a5c00002b3ff45daf63892289e188a0880ef0ea
:101a6c00b3faa0b1002128461bf038fda388adf8cd
:101a7c000030e388adf802302389adf80430638977
:101a8c00adf80630694660881bf048fc40e7012140
:0c1a9c0028461bf023fd3be798c000200b
:020000040000fa
:020000040101f8
:101aa80037b5428840f201139a4204460d4605d0e4
:101ab800082120460ff04cfe03b030bd0cf0e4fbcb
:101ac8000028f5d1a06d019501a9e43022f0d2fae1
:101ad800a06d01a9e53022f0cdfaa06d01a9e6308c
:101ae80022f0c8faa06d01a9e73022f0c3faa06d70
:101af80001a9e83022f0befaa06d01a9e93022f070
:101b0800b9faa36d93f8e72084f85220a27a83f8f3
:101b180058212346a26d53f8041fc2f859119b8817
:101b2800a2f85d31a36d93f8e620d50704d5414aa4
:101b380012685278d00701d401225a71a26d92f826
:101b4800e730073b092b01d90621b2e792f8e630c6
:101b5800384d13f0080f2b6803d19b7923b103216b
:101b6800a7e75b78c3f3c00384f85530204611f02b
:101b7800f3fc2b68da7932b15b78590703d5a36d8a
:101b88005b78012bebd0204619f075fca36d5a78d1
:101b980012f1ff3118bf012184f8541094f8551040
:101ba800002940d0012a03d093f8e7200f2acbd987
:101bb80093f8e82022f0090283f8e820a26d92f851
:101bc800e93023f0090382f8e930a26d92f82c304d
:101bd80092f8e8100b4023f0040382f82c30a26d31
:101be80092f82d3092f8e9100b4023f0040382f8a4
:101bf8002d3002231049a37004f15c0004f0a8fe04
:101c0800082022f09dfd014600283ff455af062329
:101c1800037023888380a36d93f8e63083710820ce
:101c280022f0befc48e793f8e920d2075cbf012206
:0c1c38005a71cae7fcc10020a064d10171
:020000040000fa
:020000040101f8
:101c440073b50023adf8023090f85030604e04466e
:101c540023f0020380f850300df1020101a81ef0b8
:101c6400a7fa237a3268012b0bbf5368136843f039
:101c7400100343f010030cbf53601360e37a012b8d
:101c840017d1019ae36bbdf802101a44238f0b4459
:101c94009bb240f2e1418b42c2f31602019285bf2e
:101ca400a3f2e2430132adf80230adf8023088bf4e
:101cb4000192019db4f87230bdf8022029462046f5
:101cc4001cf062fd40b3237a3268012b0bbf5368ca
:101cd400136843f0200343f020030cbf53601360e8
:101ce400237a2bb1012b14d1a36c93b1637f83b1fd
:101cf400204611f07fffa36a13b120461df024ff94
:101d040020460cf03ffd0022114601200ff0dafcc2
:101d140014e00022a273f7e7226eb4f87030521b6d
:101d2400c2f3160203f2712340f23911b3fbf1f34b
:101d34000133934204d920460df090fb02b070bdec
:101d4400237a3168012b0bbf4b680b6843f0800387
:101d540043f080030cbf4b600b6040f271256a4373
:101d6400bdf80230b4f87050019905eb9305c5eb4a
:101d740052052a46204612f0bdf80028ded1294635
:101d8400c4f8844004f1780004f0e4fd114b1b68ae
:101d9400b3f8201301f59c73ab4204d2691a04f121
:101da400900004f0d7fd204611f024ff04232046c0
:101db40084f84d301df0a6fb207a012804d1626d11
:101dc400002abbd11146a1e70022114610469de727
:081dd400f0c10020ecc1002069
:020000040000fa
:020000040101f8
:101ddc002de9f04390f80e80bbb00446b8f1000f2b
:101dec0040f0a280037ad0f84090012b40f08e8016
:101dfc00484540f09980237a002b40f0a180226c5a
:101e0c00a24209bf40f2012242f20523adf818208c
:101e1c0098461cbfadf818304ff00108a06c1ef0ae
:101e2c0055f9b4f8683087b2dd19adb2b5f5487f15
:101e3c0088bfc3f54877d9f86030079384bfbfb229
:101e4c004ff4487520f0b2f8444b45491b681e8985
:101e5c005b891e4440f23913b6fbf3f6e37a013684
:101e6c000644012b06ea010604d1236ee26b9b1a91
:101e7c000b400793b4f8700000f271201ef026f9a5
:101e8c00d9f8683000eb0309606c1ef01ff9484567
:101e9c0003d2b8f1000f18bf4846079b304a0344e1
:101eac001340a3eb060818f48008f8d1013d1d443b
:101ebc000793154000238df81630079bcde90835a4
:101ecc000df1170301930df120090df1160306a86e
:101edc000093cdf808903b4607aa214610f808005d
:101eec0001268df8176004f0a1f8079b00939df86c
:101efc0017209df816104b46204602f04bfe38b3c7
:101f0c00236eeb1a5b0223d4a6730de020f04ef87f
:101f1c00236ca3420fd099f80e302bb1d9f8603056
:101f2c00c01a42023ff567afa07b003018bf0120fa
:101f3c003bb0bde8f0832369c3f3160323665ae76d
:101f4c0040f61113adf8183068e74ff00108b1e70f
:101f5c00b8f1010ff9d10023a373e5e7f0c100201c
:041f6c00ffff7f00f4
:020000040000fa
:020000040101f8
:101f7000f0b583b004460378fbb90379002b14bf96
:101f8000022501252946408812f0d6fb58b34e4b56
:101f90001b78002b37d0012d4dd00021608822f016
:101fa00035f822f021f922f013f9022879d800211e
:101fb00001201bf081f903b0f0bd22f009f90228dd
:101fc0000ad80021414b1970414b19700120414b37
:101fd00018701bf071f9eee722f0f4f822783e4910
:101fe00014f0def9ede722f0f3f8022804d813210b
:101ff00060881bf07df9dee722f0e4f8628837495b
:1020000014f0cef9f3e7304b01221a7000231a4680
:102010001946184618f026fe314b00221a7022f09d
:10202000d7f80228b7d922f0cdf82e4b1a782e49ce
:1020300014f0b6f9afe7264b00221a70234b19783b
:10204000a9b1608821f0d4ff204b00221a70022130
:10205000608821f0dbff22f0c7f822f0b9f80228ef
:10206000a5d922f0aff805466788204e1ee0601d16
:1020700016f052ff051eeadb1d4b03eb4513d97921
:10208000608821f0b5ff22f0a3f80228dfd922f002
:1020900099f8174b03eb4513da79164914f080f9d8
:1020a000d5e722f08ff805466788134e1ef03efafa
:1020b00004461ef04ffa0190009433463a460f4909
:1020c000284614f06df972e79fc20020a5c20020d7
:1020d000a3c20020a2c20020c0670001e067000187
:1020e000e1c200209ec20020fc670001b867000129
:1020f00024b2002018680001bc6700013c680001a0
:020000040000fa
:020000040101f8
:102100002de9f04186b003790393c37802930388e5
:10211000019305465a4b0093022201235121ec20e2
:1021200007f0dcfe28881ff04bfa0746002800f075
:10213000a4801ef0edfe002800f0918001213846b9
:102140003c681ef0e7fb0021064638461ef0e2fb25
:10215000aa78032a804612d0eb78b3421dd12979a0
:1021600081421ad1042e0ad1eb88012b08bf84f8d2
:102170006830eb88022b02d1002384f868303046a7
:1021800021f01ffc0446404621f01bfc00230246c0
:10219000214638461af0fcfc4ee012f0010f18bf41
:1021a000072384f86332ab789b0754bf2b7907234e
:1021b00084f86432eb88a4f86c325a1e012a09d8dc
:1021c000012b08bf84f86830eb88022b04bf002382
:1021d00084f8683094f8c63143f0020384f8c631bd
:1021e00094f98032002b23da2b79042b04d1ea886e
:1021f000d2b994f86820cab9002684f88b3284f8e2
:102200008c62e87821f030fa0146384620f072fe00
:10221000012384f88d0284f88132384620f02efea6
:10222000304606b0bde8f081022ae5d00823e3e796
:10223000384621f0bdfb08b10026f1e794f8c6311d
:1022400060f3410384f8c63107260e4b00930196d4
:1022500001230022ff21ec2007f040fee0e7286880
:10226000696804ab03c3082204ab042138461bf0a1
:1022700091fe06460028e8d1dee70226e5e700bf2a
:08228000740803016608030164
:020000040000fa
:020000040101f8
:1022880037b55d4d2b68d3f898420cb9d3f89c420a
:10229800c3f8a04222f022f820b9584bd3f8ac304a
:1022a800590616d5237a012b554b1a680cd1536859
:1022b80043f400435360a36a13b120461df042fc67
:1022c80020460cf05dfa55e0136843f400431360b0
:1022d800f1e7002c4ed094f84d30022b4ad1adf8de
:1022e80002000df1020101a81df060ffe37a012b45
:1022f80017d1019ae36bbdf802101a44238f0b44df
:102308009bb240f2e1418b42c2f31602019285bfb3
:10231800a3f2e2430132adf80230adf8023088bfd3
:102328000192b4f87430bdf80220019920461cf0df
:1023380029fa94f84f305a0725d51b0723d5304b77
:10234800a56d1a68536843f480335360a36a13b1c8
:1023580020461df0f7fb20460cf012fa95f84d3098
:10236800022b0ad120f027f894f84f3023f0080305
:1023780084f84f30002003b030bd224600210120f0
:102388000ff09ef9f0e72b68d3f8a422002a2bd18e
:1023980000282bd1c3f8a442204620f0d3f9194bca
:1023a800226a1a60032384f84d3020461ff0cef8c5
:1023b800237a012b124b1a6815bf1368536843f42c
:1023c800007343f4007314bf136053602b68d3f891
:1023d8002c332bb1a07a032894bf00200120984702
:1023e80020461ef0f7fac5e70028c3d0044b1a6848
:1023f800136843f480736ae7ecc1002000240141ac
:08240800f0c10020f8c1002022
:020000040000fa
:020000040101f8
:102410002de9ff475b4b04681b7806468846b3b13d
:10242000594bd3f8603f9d05c3f340220fd494f875
:102430007330012b3fd0554b1b7804eb830402a96a
:10244000d4f8ec318df80820db6a984733e0d4e902
:10245000505721f081f9c0bb22f004f8a8bb4a4bc9
:10246000d3f86c3f1805c3f3c0292ed4474b9df811
:1024700008201b7804eb83030df10601d3f8eca1cf
:102480002b68cdf80930ab88adf80d303b78c3f33d
:10249000801363f3000202a88df8082010f05cfaa4
:1024a00098b194f862318df80790022b07d141461c
:1024b00030461df0c1f9002004b0bde8f087daf81d
:1024c0002c300df107013046bfe7284619f0e8ff30
:1024d0000028f0d194f8623123b12d4a138843f0db
:1024e00020031380284bd3f86c2f12f4006f04f2f2
:1024f000731804f26d1630d1d3f86c2fd10523d5a3
:10250000d3f8682fc2f3407192001dd584f86a1188
:10251000d3f8683fc3f3026384f86b3194f86b011e
:1025200020f04cf994f86a3140f0020084f86c0114
:10253000c3b90023c4f87331a8f804302b68c4f879
:102540006d31ab88b38018e0002384f86a313b78a2
:10255000c3f3801384f86c31ebe794f86a31002bf5
:10256000dcd1f4e72b68c4f87331ab88a8f80430e9
:10257000314694f86b0118f049f8204614f0b8fa87
:1025800099e700bfd0c2002000240141cfc2002043
:0425900098c20020cd
:020000040000fa
:020000040101f8
:1025940010b588b0f3f7ccff444b984702f0c6fe61
:1025a400434a136823f49f7323f0010343f0110398
:1025b40013601df09ef911f01bfd0bf07aff0bf078
:1025c40050f920f0abfe18f0dffa0021102010f0d3
:1025d40059fb0120f3f74eff364b374a1a60374a4e
:1025e4005a60374a9a60374ada60374a1a61374a7a
:1025f4005a61374a9a61374ada61374a1a62374a66
:102604005a62374a9a62374ada62374a1a63374a51
:102614005a63374a9a63374ada63374a1a6437493e
:1026240000201ff04fff364c20603649002013f085
:1026340081fe606004222021334820f0b5fa002393
:102644000593069307930df11600f5f7c8fb9df863
:10265400153060f300038df815300df11d00f5f70a
:10266400d0fb9df8153060f341038df8153005a8b3
:10267400f5f7eefb10b903238df814300023029311
:10268400039304934ff4e0430093204b019305ab71
:102694006a4608491c4809f06bfb20f099fe1ff0bc
:1026a400f5fe15f06df808b010bd00bfd9c40020c8
:1026b40000240144b8bb00203f300301cf320301a2
:1026c400e5870201b5380301652b030105d002013a
:1026d400c7380301ad2b03010b3303013fd00201c3
:1026e400eb380301fd380301e3320301f732030140
:1026f400c52b0301e1450301e945030194410301ad
:10270400c4bf002088410301b4c00020008c012014
:020000040000fa
:020000040101f8
:102714002de9ff470c461cf06dff054620b9032444
:10272400204604b0bde8f0872088013880b24ff617
:10273400fd739842f3d8ab886288033b9a42eed883
:1027440002aa01a91cf09efc0028e8d0019e4e4973
:10275400306802221ff06afa0028e0d194f8f820c9
:1027640073681b2a1b784cd113f0100fd7d0208824
:10277400013002aa01a980b21cf084fc0028ced04a
:1027840022880199013292b228461df043fb0028a9
:10279400c5d1019b0df10200596821f0c5fd94f8e3
:1027a400f8601b2e32d1bdf80230da07b7d5b4f881
:1027b400029034f804ab09f103081ffa88f8404684
:1027c40021f076ff074600285bd000f11003314664
:1027d40003a8039321f0aefd514603a821f0b0fdf8
:1027e40021464a46039820f0e3fb3a4641462846f0
:1027f4001ff0f2fd0446002892d0384621f092ffe3
:102804008ee71d2ab3d113f0200fafe71d2e86d11a
:10281400bdf802309b0782d523882b82ab7c73bb27
:10282400b4f80290b4f800a009f103081ffa88f87c
:10283400404621f03dff074618b300f1100331462e
:1028440003a8039321f076fd514603a821f078fdf7
:10285400211d4a46039820f0abfb3a4641462846e0
:102864001ff0bafd04460028c7d10123ae74a5f8b1
:102874007630064905f16c0004f06cf850e7072443
:102884004ee702244ce700bfbe070201a064d10159
:020000040000fa
:020000040101f8
:102894002de9ff47054630b1022800f09a80002058
:1028a40004b0bde8f087544b1b780bb11ef058f808
:1028b400524c2168d1e93423cde9002300230022be
:1028c4008b70c1e93423236803f10b0203f1330055
:1028d40012f8011b0d448242adb2f9d1ed0893f810
:1028e40003c0dff81881dff82491c5f12505edb2a6
:1028f400ac4538bfac460020d8f800309b79834201
:1029040048d901224ff0000e0c2ad3b23cd00b2b35
:1029140094bf02f1ff3aa2f1020a4ff0010194bf01
:10292400a2f12103a2f12203caf1200521fa05f53f
:1029340001fa03f32b43d9f8005001fa0af1d5e95f
:1029440002a501ea0a0603ea050756ea07051bd0b1
:10295400d4f800a00aeb0205ed7a854214d1daf826
:10296400d4500395daf8d0502943039d2b43cae988
:1029740034139af8023001338af8023023689b78c2
:10298400634528bf4ff0010e0132272abcd1bef1a6
:10299400000f1bd024682822002104f10b0020f032
:1029a40029ffd4e93423dde900018b4208bf8242c8
:1029b4003ff475af124b1b6813b104f1d000984774
:1029c4000e4b1868d03015f0bdfc68e70130c0b27a
:1029d40092e70a4b1b680021b3f8c82008460df0a3
:1029e4007dfc18b9044b01221a7058e7054b0648c0
:1029f400196803f0afff52e7c9c2002054c2002097
:102a0400dcc10020e4c1002050be002090c10020a1
:020000040000fa
:020000040101f8
:102a14002de9f743002390f8202004461d4600bf0b
:102a240022fa03f1c90748bf013503f1010348bf86
:102a3400edb2032bf4d194f8733013f0fd0f4cd1a5
:102a4400042009f0fbf905eb4505c4f84801edb293
:102a54004a2009f0f3f9c4f85401422009f0eef9d0
:102a6400c4f84401ff2009f0e9f9c4f84001042046
:102a740000eb051009f0e2f982b20746002a48d1ba
:102a8400414b0093fe210123ec2007f025fa07f1c6
:102a940004092c20684321f055fe94f87330032b6d
:102aa400064638d13fb1d4f8483123b1d4f8543173
:102ab4000bb1002865d138461bf02efdd4f848012f
:102ac4001bf02afdd4f854011bf026fd304621f0fa
:102ad4003bfe072003b0bde8f083012b01d0042b9b
:102ae40008d1022009f0aaf96d00c4f84801edb23a
:102af4000c20aee7032b0ad1022009f09ff9c4f899
:102b04004801252009f09af9c4f85401afe70025db
:102b1400ade78146bde767b1d4f848314bb1d4f88d
:102b2400543133b1d4f844311bb1d4f8403103b13a
:102b340038bb38461bf0f0fcd4f848011bf0ecfc21
:102b4400d4f854011bf0e8fcd4f844011bf0e4fc75
:102b5400d4f84001b8e7c6f81090b8f1000f00d1de
:102b6400f760314604f5fc7021f08dfa08f1010894
:102b740009f110092c365ffa88f8a845ebd100203a
:0c2b8400a8e74ff00008f8e7e844030160
:020000040000fa
:020000040101f8
:102b90002de9f04385b0044621f05cf8002840f0b0
:102ba000a980564b257b1b6823b193f8c030012bbd
:102bb00000f0a0805db9294602a81ff04df99df8ec
:102bc000083053b11224204605b0bde8f083012d32
:102bd00016d121f027f80028f4d0494b1b689847fc
:102be000002840f08980237983bb6079454ba11d83
:102bf0001b6800f00100984700283fd00b24e2e753
:102c0000ab1e012be9d89df80830627962f300030e
:102c10008df808302346002653f8062f8df80660fd
:102c20009b88cdf809200df1060102a8adf80d3002
:102c300017f0b4f80028d0d0022dcad131460df1da
:102c400007001ff009f99df80730bae72e4b1b6803
:102c5000a3b12c4d044602aa0df1070120461af03b
:102c6000c3f820b10134e4b2082cf4d1c6e72b68d4
:102c70009df8070002a998470028f3d14ff49a71f4
:102c8000022012f0e7fa8146842009f0d9f80646be
:102c9000252009f0d5f8054620f044f980460df0ce
:102ca000a9f80746b9f1000f22d0b8f1000f1dd0e6
:102cb000e0b1deb1002d14bf00240724484618f00f
:102cc00039f9b8f1000f02d0404621f05bfd17b191
:102cd00038460df0c1fd16b130461bf01ffc002d2b
:102ce0003ff471af28461bf019fc6ce70724e5e7b9
:102cf0000724e6e70c2466e7072464e73cc00020cd
:0c2d0000acc10020a8c1002008c20020c7
:020000040000fa
:020000040101f8
:102d0c002de9f0410678012e86b0044667d026b135
:102d1c00032e7bd006b0bde8f0818578002df9d16b
:102d2c00524e376807f12c0353f82580b8f1000f89
:102d3c0020d174200a3521f001fdaa0017447860d7
:102d4c0033681344586818b17422414620f04efd84
:102d5c00336803eb85056d6885b923780293a388e6
:102d6c000193434b009300220423c921ee2007f06a
:102d7c00aff8cfe70135082dd6d1eee70127af70bc
:102d8c00a6882e80a379eb70234653f8082f6a602f
:102d9c009b882b81e379003318bf0123ab72e37955
:102dac00bb420fd8143400230622214604a80493f6
:102dbc00adf814301ef036ff20b123686b60a38889
:102dcc002b81af72102385f852306b6e03f0f80331
:102ddc0043f4a06343f00103c5e919369ae745882b
:102dec0028461df0b5f9044638b9cde90156214bfa
:102dfc00009302460423ca21b8e75c3006f026fe95
:102e0c00204606b0bde8f04118f0ecbe47883846c5
:102e1c001df09ef9054610b9cde90176e7e7237957
:102e2c00002b7ff477af5c3006f010feab6dcbb1ae
:102e3c00ea78012a12d195f855205ab95a794ab133
:102e4c0093f82e20d20705d50022a0331146284630
:102e5c000df0dcfa2846fdf751fb03e093f8ea305d
:102e6c00002bf7d0012385f8573053e7fcc1002025
:082e7c003675020167750201c1
:020000040000fa
:020000040101f8
:102e84002de9f0471ef046ff524b1a68013a1a60ca
:102e94001b68002b40f095804f4b1b68002b00f003
:102ea40096804e4b1b68002b69d04c4d00244c4837
:102eb40001264c49dff838a1dff830c1eb68db6844
:102ec400d3f828e01a6adf69ba60df69576003f152
:102ed4001808def80420424504bf1a6acef804201c
:102ee4009c62def80020013acef80020d3f814e00a
:102ef400da689f68ba609f68576003f10408def8d7
:102f04000420424504bfda68cef804205c61def890
:102f14000020013acef80020da6ad0f8009006fad0
:102f240002fe4eea090ec0f800e002eb820201eb59
:102f3400820252689a60d2f808e0c3f80ce0cef836
:102f44000480c2f80880da6a02eb820e01eb8e0e6e
:102f5400c3f814e002eb820251f822200132cef8c9
:102f64000020daf800e0da6adef82c309a4288bff2
:102f7400ccf800602b68002ba0d11df039fb1a4b54
:102f84001c686cb1194e012501e0013c05d0fdf728
:102f940053fd0028f9d03560f7e7134b00221a607f
:102fa400124b1c6874b1124b1b684ff0e0234ff0b6
:102fb4008052c3f8042dbff34f8fbff36f8f0124ea
:102fc40000e0002420f0faf92046bde8f087002450
:102fd400f8e700bfd8c0002000c10020c0be002018
:102fe400f8c00020a0b90020f0c00020ecc00020f0
:042ff40010c10020e8
:020000040000fa
:020000040101f8
:102ff8002de9f0470521074600201ef016fd04467e
:10300800002800f08b803e681823037396f8663218
:1030180096f8635296f864921d4096f8653209ea6c
:1030280003094ff00003a0f80d30012138461df0c8
:103038006dfc0021824638461df068fc96f8641243
:10304800804696f863021df09ef930b996f865122d
:1030580096f866021df097f990b315ea090505d0b0
:10306800aa4501d1a84501d06573a573637b86f88d
:103078006832a57b86f86952637b1d4350d04ff0b8
:10308800ff33e373237420f0b9fa0546002841d0d2
:103098001823c3710123437106f51a73c3600146ef
:1030a800384621f05afa214638461ff02bff96f889
:1030b8006812384610f08af9a6f89e0101202de022
:1030c80005ea0a03dbb2002b18bf002519ea080f2e
:1030d80044d12db1e8070cd4a9070dd5022309e086
:1030e800b9f1000fc2d019f0010f09d00123a37361
:1030f800bce701236373f6e76a07f4d50423f9e70d
:1031080019f0020f01d00223f1e719f0040fadd036
:103118000423ece7204621f01bfa2846bde8f08797
:10312800e573257496f8c6319b0712d501213846f8
:103138001df0ecfb20f041fc2946804638461df086
:10314800e5fb20f03afc2b4602464146384619f08a
:103158001bfd132138461cf079ffa4e7002d85d00c
:043168008146b7e7fe
:020000040000fa
:020000040101f8
:10316c002de9f3470223d0f848918df8043090f8fc
:10317c000031d0f854a10090054606334946684604
:10318c008df8053006f088ff2b4653f8332fcaf81c
:10319c0000209b88aaf80430b5f800212ab1d5f894
:1031ac00fc100af106001ff0fffe4ff00008d5f8e6
:1031bc00f871464695f8f430b34202d802b0bde837
:1031cc00f0873c6923686ff30203236023680122b4
:1031dc0062f3c40323602368042262f3ca132360de
:1031ec00236862f3ce23236095f8f430013b9e42b2
:1031fc000fbf2368226804f110039bb213bf63f363
:10320c00de326ff3de332360226023686ff3df73eb
:10321c00236062681ffa89f363f30f0262606268cd
:10322c001ffa8af363f31f426260a3686ff3010312
:10323c00a360a36843f00403a36099f8012095f8f8
:10324c003f1095f82b001bf09efc32b2c7e9070823
:10325c00c7e9059a05eb820100233c613b7287f8b4
:10326c002830c1f8c470c1f8d040c1f8dc3095f8f2
:10327c00f41086308044481e864210d105eb410282
:10328c00a2f8e630a2f8ec3096b1c5f89081002394
:10329c00f018814211dc01363f68f6b28ae705eb83
:1032ac0042021034a2f8e840a2f8ee30002eeed123
:1032bc00c5f894810028ead1e7e703eb4302024406
:1032cc0005eb82020133c2f8a080dbb2e0e700bf5d
:020000040000fa
:020000040101f8
:1032dc00f7b5534b00930546012302224521ec2000
:1032ec0006f0f6fd2846fff74dfc0746002840f097
:1032fc008d804ff49a71022011f0a6ff494b04689f
:10330c001c60e0602b792374012363762a88628326
:10331c006b88a3839a4204bfda1c62832a7b2276d1
:10332c006a796274aa8a22862a8aa284ea89e2834a
:10333c006a8a62852a8ba287ea8ae28655f8062f6a
:10334c00c4f81220aa88e28240f271225343c4f8d6
:10335c00c8304ff47a73c4f8cc30638b5a43324b79
:10336c00c4f8dc20c4f8c430842008f063fdc4f831
:10337c00b400252008f05efd00254ff400730126f3
:10338c00a4f80e31c4f8b000257284f8e660a4f8f5
:10339c000b510e201ff03af9042184f8e70084f851
:1033ac00c06030460ff084fe2946204616f06dfab8
:1033bc001ff0b2fdc4f8ec000cf016fdd4f8ec20b4
:1033cc001a495162d4f8ec2019499162d4f8ec20d6
:1033dc001849d162d4f8ec2017491163d4f8ec20c9
:1033ec00e1681162d4f8ec201560d4f8ec20416847
:1033fc005160d4f8ec200a60426029460ef0fafcc9
:10340c00304620f011fc384603b0f0bd0b4b019058
:10341c00009300220123ff21ec2006f059fdf2e776
:10342c00712403013cc0002000000103ad96010192
:10343c009d470301a9fb0201b5fc01018024030196
:020000040000fa
:020000040101f8
:10344c002de9f04385b00446884601921d460027bd
:10345c003e464ce0a66b2a464146204611f0aefc97
:10346c00a36cb3b1022d00f09d80204615f0e0f95d
:10347c0048b14ff0e0234ff08052c3f8042dbff356
:10348c004f8fbff36f8f1ff095ff012005b0bde884
:10349c00f083636a63b90028f5d04ff0e0234ff056
:1034ac008052c3f8042dbff34f8fbff36f8feae741
:1034bc0004f1240007f0e0fc0028e4d04ff0e023f6
:1034cc004ff08052c3f8042dbff34f8fbff36f8fb3
:1034dc00d9e71ff06fff0020d8e702a81ff0ccfb44
:1034ec0012e020460ef0cdfffff7c6fc01271ef0c0
:1034fc000dfca26be36b9a42acd3022d48d0019b1e
:10350c00002be6d0002fe8d01ff054ff20f0f4fa87
:10351c001ef0fcfb94f8442052b2b2f1ff3f08bffe
:10352c0084f8446094f8452052b2b2f1ff3f08bfd2
:10353c0084f845601ff03eff01a902a814f07cf945
:10354c00f8b91ef0e3fbd4f83890e76b1ff032ffac
:10355c00b945c6d1019904f110001ef0bdff2046fb
:10356c000ef08ffffff788fc0028bfd14ff0e0234f
:10357c004ff08052c3f8042dbff34f8fbff36f8f02
:10358c00b4e720460ef07dfffff776fc00207de7c8
:10359c00a66b2a464146204611f010fca36c002b6a
:0c35ac003ff477af002e7ff46eaf5ee7b7
:020000040000fa
:020000040101f8
:1035b8002de9f0430446c278836da67a407c0d4617
:1035c8008db05549002a5ad109688df800000120ac
:1035d80091f8009091f80580b1f801e0b3f82cc09b
:1035e800b3f8e470d3f8e6108df8020002208df8e5
:1035f80009008df801608df803908df80480adf80e
:1036080005e0adf807c0adf80a70039108a803f506
:10361800e073995c1df80260714011540132102a60
:10362800f7d104aa08a9284609f0e6f9e178231d8c
:1036380004f10b02002951d118689b88adf80430b9
:103648001368cdf8063093880090adf80a300391de
:1036580004aa68461023117810f8016b013b7140e9
:1036680013f0ff0302f8011bf5d1a26d02f5d87221
:1036780004a9284609f0c0f90db0bde8f0830a682e
:103688008df80100012092f800e092f805c0b2f828
:103698000110d3f8e4709a8db3f8e8808df8020031
:1036a80002208df80900adf80e208df80060cdf8e5
:1036b8000370adf807808df80ae08df80bc0adf8ff
:1036c8000c10002208a803f5c073995c1df802606d
:1036d800714011540132102af7d1a2e7106892887c
:1036e800adf804201a689b88adf80a300023cdf89d
:1036f80006200393009004a96b461022087813f85b
:10370800016b013a704012f0ff0201f8010bf5d18c
:0c371800a26d02f5b872abe7fcc1002006
:020000040000fa
:020000040101f8
:1037240030b591b04f4820f0b7fd17f075fa1ef090
:1037340031fb0bf033f90df05dfe00201ff08efe1f
:10374400002014f061fc1ef0c5fa47481df050fc3f
:1037540017f0aef9454820f003fd1cf0abfa4448dd
:1037640020f00afd0ef01aff424820f0fffc424a06
:1037740006ab07ca03c31a801cf012ff02460028d6
:103784005fd03e4ba3fb0213db0803f130018df83d
:103794001f1003eb8303a2eb430230328df8202089
:1037a40006a90a2019f02efe00248df83040adf849
:1037b40032408df834400ca81af0f8fd01258df83c
:1037c4001050a023adf812302023adf814308df83a
:1037d40016408df8174004a81af01cfe0df10701dd
:1037e4000f2019f047feadf80a408df80c40032372
:1037f4008df8083009238df8093002a819f08efedf
:103804008df82e508df82c500623adf824304ff44b
:103814004863adf82630adf8284040f2f313adf814
:103824002a3009a81ff0fefb154a137803f0fe03a3
:1038340043f0020303f0fb0364f3c303137011b0fa
:1038440030bd0ca81af0ccfd9df831200d4ba3fb24
:1038540002139b0903eb430303eb4313d21a013214
:10386400d2b28ee7b91a0201fd2f0301a910030198
:103874001de3000135fa0101dc660001cdcccccc9e
:083884007cc0002003b57ea505
:020000040000fa
:020000040101f8
:10388c00f0b585b00468cb790293238801930e467a
:10389c00534b00930546012302225d21ec2006f0d8
:1038ac0017fbf379012b29d05eb21eb1182b2cd04b
:1038bc0005b0f0bd284611211cf0c6fb94f8c631aa
:1038cc00d80703d53146284616f0a3ff20f07cfd1f
:1038dc000128edd994f89c30002be9d00021d4f8c4
:1038ec00780120f0adfd0028e2d094f89c30013b2b
:1038fc0084f89c30012384f89d30d9e712212846a6
:10390c0005b0bde8f0401cf09fbb132128461cf00d
:10391c009bfb012128461cf0f7ff20f04cf80021fe
:10392c00074628461cf0f0ff20f045f8002302461d
:10393c003946284619f026f994f98032002b2adaf8
:10394c0094f86460012e26d1032f38d194f87a3282
:10395c0084f893320026042384f89232022184f8ee
:10396c00946228461ff0c0fa84f8950228461cf091
:10397c00a3ff94f87b3284f89332082384f8946282
:10398c0084f89232394628461ff0aefa84f8950234
:10399c0028461cf091ff002384f88132114b1b68e0
:1039ac001a7cd10754bf5a7c072284f863221a7cf4
:1039bc0092074cbf07239b7c84f8643278e731462e
:1039cc00204619f0c7fb002384f894322318864054
:1039dc0093f8783284f89332014684f89262d2e7f5
:0839ec0030fc020190c1002033
:020000040000fa
:020000040101f8
:1039f4002de9f047544b04681b7804eb830386b02d
:103a0400d3f8ec91514b1b7806460d46bbb1504b95
:103a1400d3f8603f9f05c3f3402210d48df80c20e7
:103a240094f86231022b05d11bf004ff002006b08c
:103a3400bde8f087d9f82c3003a99847f6e7d4e914
:103a440050781ff087fe68bb20f00afd50bb404b46
:103a5400d3f86c3f1805c3f3c02a23d43b68cdf8d0
:103a64000d30bb88adf8113098f800309df80c206b
:103a7400c3f3801363f300020df1030103a88df86f
:103a84000c200ef067ff68b18df804a094f8623141
:103a9400022b02d129463046c6e7d9f82c3001a9b9
:103aa4003046cae794f82f30012bbfd1284dd5f802
:103ab4006c3f190511d4d5f86c3fda0533d5d5f828
:103ac400683fc3f340729b002dd584f86921d5f873
:103ad400683fc3f3026384f86b31637d8df804306f
:103ae40094f869311bb3d5f8680fc0f302601ef077
:103af40063fe40f002008df80500d5f8680f0df163
:103b04000601c0f3026016f07ffd01ab93e80300e9
:103b140006ab03960c2203e9030003ab0d49012015
:103b240013f080f982e7002384f86931d5e798f827
:103b34000030c3f380138df805303b68cdf80630b0
:103b4400bb88adf80a30e0e7cfc20020d0c2002025
:083b54000024014104000101fd
:020000040000fa
:020000040101f8
:103b5c002de9f043046894f8ac31062b93b007467a
:103b6c0040f0a380002112f0edfe94f88b021ff0c0
:103b7c0075fd94f88f3284f8853294f880325a07a8
:103b8c00054622d56ff3820384f88032002241f27d
:103b9c002103adf800308df804202388adf80630f1
:103bac0002238df80830431c8df8093094f89032bc
:103bbc008df80a3094f88e328df80c20c3f3010383
:103bcc0068468df80b301af0c1fd94f990327e2bbb
:103bdc0061d07f2b1fbf621982f8743294f88e3239
:103bec0082f87c3294f89132013bdbb2fd2b52d837
:103bfc00294638461ff078f994f8913266195ffa25
:103c0c0080f88146a8eb030304f51c7086f870322b
:103c1c000121284418f09efb96f9702286f8780250
:103c2c004a4514d0a2eb080284f8942296f8783214
:103c3c0084f893320123ab4084f8923229463846fb
:103c4c001ff052f984f8950238461cf035fe94f8b2
:103c5c008032db071fd541f22103adf80030002381
:103c6c008df804302288adf8062001358df8083027
:103c7c008df8095096f970328df80a3096f8782242
:103c8c00a3eb0803c2f3010268468df80b208df8f4
:103c9c000c301af05bfd94f88132012b09d13846b7
:103cac001ff080fe13b0bde8f08324211df0eefe62
:063cbc00f8e70120f6e725
:020000040000fa
:020000040101f8
:023cc200704749
:020000040000fa
:020000040101f8
:103cc4002de9f04f97b01df059fb504bdff85091a0
:103cd4001a886ff3820283461a8000270beb0703ce
:103ce40023f0704303934a4b1d7859f825404ff055
:103cf4000208484b03ebc5030593002694b949f821
:103d040025400024a6426dd8b8f1010f76d0404b6f
:103d14001d7885f001054ff0010859f82540e8e7c2
:103d24004746dbe7039a6368d31a1a01e7d494f889
:103d340014a0baf1000f2ad1042012f003fd60b1df
:103d4400227a6af345122272a26842600279e1681b
:103d54008160530718d11bf025fa1ef031fc2d4b5e
:103d6400049053f83520d4f800a0eab92a4b009304
:103d740011460523ef2006f0aff804981df0ecfa85
:103d8400002323755446b9e71cf0e6fce5e71af076
:103d9400020fe2d02369636016aa731c02eb860645
:103da40046f8404c9eb2d8e7944210d143f835a06f
:103db400baf1000fe1d1059a03ebc5035a60dce7c1
:103dc4001a4623b9154b009301210523d2e7136842
:103dd4009c42f5d123681360002bced10d4b03eb2d
:103de400c503ebe716ab03eb84030022039953f8f6
:103df400400c01340af022f8e4b283e7002f8fd09c
:103e0400584617b0bde8f04f0df0b2bf203e014157
:103e1400c3c2002064bf002054ed02016ced020116
:043e24001cc000209e
:020000040000fa
:020000040101f8
:103e28000021f8b50846524a524c534e1ef086ff00
:103e38004f4a002101201ef081ff4ff44f7020f0ff
:103e48007ffc4ff44f72002120601ff0d1fc0c2042
:103e580020f076fc23683060002119605960996071
:103e6800236883f89412c3f8981203f5e27203f5f5
:103e78000b70c2e9001208328242fad103f52a70a7
:103e8800c3f8a812c3f8ac0283f8b81283f89512e5
:103e9800c3f89c1203f525700021c2e9001208320c
:103ea8009042fad103f52c72c3f8b422c3e9a811e1
:103eb80003f5c072c3f884210022c3f8b01283f856
:103ec800b91283f8c011c3f880110c271046216875
:103ed80007fb02f3194401320860486088602168d2
:103ee800c8502168d1f884511944202a4d602960ae
:103ef80021680b44c1f88431e9d14ff4c47300251b
:103f080022681a440833b3f5e07f15605560f7d18d
:103f18000ff0e0fa2368012283f83423002020f010
:103f2800e3f92368c3f8385320f0e4f92468302211
:103f3800002104f52f701ff05bfc3022002104f5ee
:103f48003c701ff055fc3368a4f8ba52a4f8ec5240
:103f5800c4f82653c4e9cb551d60336807485d6033
:103f680020f0b6f90648bde8f84020f0abb900bf2c
:103f7800c1e70201ecc10020f0c10020299c010129
:043f8800253e0301ce
:020000040000fa
:020000040101f8
:103f8c002de9f84300201df0bff9814601201df0fa
:103f9c00bbf9074602201df0b7f94d4b1d6895f88b
:103fac0024608046002e60d14a4cb4f8ac302022fc
:103fbc0043f0400305f1250104f5a060a4f8ac30f2
:103fcc001ef0f2ff2022444904f5a4601ef0ecff21
:103fdc002022424904f5a8601ef0e6ffb4f8a43094
:103fec0066f34103a4f8a430b4f8a43066f30413c8
:103ffc00a4f8a430b4f8a43043f08003a4f8a4309f
:10400c00b4f8a43066f30003a4f8a430b4f8a430d8
:10401c0043f00203a4f8a4304ff6ff7100201bf00c
:10402c00edf84ff6ff7101201bf0e8f84ff6ff7129
:10403c0002201bf0e3f8494600201df077f93946c1
:10404c0001201df073f9414602201df06ff9244a3e
:10405c000d21012018f03cfd47f4005189b20120dc
:10406c001df064f90020bde8f883012ed4d1194c61
:10407c00b4f8ac3043f04003a4f8ac302022296ae9
:10408c0004f5a0601ef090ff2022e96904f5a460fd
:10409c001ef08affe9692022114404f5a8601ef085
:1040ac0083ffb4f8a4306ff34103a4f8a430b4f840
:1040bc00a4306ff30413a4f8a430b4f8a43043f084
:1040cc008003a4f8a430b4f8a4306ff300039be78a
:1040dc0090c100200024014174fc010194fc0101f9
:0440ec0015cf0201e9
:020000040000fa
:020000040101f8
:1040f00070b5046888b0054616461df066fd236e4f
:104100005b020ed517f086fc236e23f48003236632
:104110001cf060fb16b130461af01afa002008b005
:1041200070bda37d012b4ad194f82210002946d0fe
:10413000a37f002b43d020461ef0c8fc00283ed0b1
:1041400094f82230d4f80423c4f88c51834214bf6d
:104150000823002384f89431a37fc4f89021032b13
:1041600084f8950184f896310ad11378022b07d18f
:1041700017f050fc236e43f0004323661cf02afb2b
:1041800004f5c67203951068516804ab03c39068c8
:10419000d168142203c3009603ab2b49012014f00d
:1041a00064fe94f89c0101280dd1022384f89c310f
:1041b000042203ab2549039512f036fe03e016b145
:1041c00030461af0c5f91cf095fc94f91b30a07626
:1041d0007bbbc300a383e07694f98032002b15da11
:1041e00094f8ac3193b994f8ae31213b012b0dd941
:1041f00094f8813253b9b4f88932b4f898209b1af4
:104200001bb2002b02dc284609f0a6fc94f89e3273
:1042100003f04102412a81d194f98022002abff69d
:104220007daf6ff3861384f89e32284606f02cfb90
:1042300074e7b4f91c30a3ebe30303441bb2a3837c
:10424000db10e376c8e700bf60040101010601014d
:020000040000fa
:020000040101f8
:104250002de9f047052192b0074600201df0e9fb4b
:104260000646002800f092803c6894f88b021ff00c
:10427000fbf92423337394f98c3280462518002be4
:1042800000f08780014638461ef034fe94f88c32e8
:104290005ffa80f904f51c7a4b44c24485f8703209
:1042a0000121504618f05cf895f8703285f87802d4
:1042b000a3eb090284f88f2294f89122ff2a19d1e6
:1042c00095f87822920715d094f98c22002accbf59
:1042d00003f1ff3301335bb285f8703201215046a0
:1042e00018f03ef895f8703285f87802a3eb0903d0
:1042f00084f88f3294f88032db0720d541f2210315
:10430000adf8003000238df8043022888df8083095
:1043100008f101038df8093095f97032adf80620e7
:104320008df80a3095f87822a3eb0909c2f301024f
:1043300068468df80b208df80c901af00dfa414666
:1043400038461ef0d7fd94f8913284f89002ff2b86
:104350001cbf002384f8913294f89122531edbb2e3
:10436000fd2b19d8b4f89830a4f887320233a4f89a
:10437000893295f8783284f88e32d4f88e32c6f8c5
:104380000d30384631461ef0c1fd012012b0bde8a7
:10439000f08784f88f32d2e7ff2ab4f8983004d13e
:0e43a0003a79042a01d10733e1e70133dfe760
:020000040000fa
:020000040101f8
:1043ae00f0b58db0002304290546adf80c30adf8fc
:1043be000e308df809308df80a3040f28f800539b5
:1043ce00013203a88fb204a904921ef07efe04a946
:1043de000df10e001ef079fe2846049e16f099ff90
:1043ee000446002860d11221bdf80c0015f08bff99
:1043fe000446002858d106aa05a9bdf80c001af0eb
:10440e003cfe00286ed0059b2888da7b10210af02e
:10441e007afe84b2002c47d1bdf80e301bb1059b3d
:10442e009b7bda0660d595f83b30072b5ed8059b53
:10443e009b7bdb072ed52b88adf82430bdf80c30d6
:10444e00adf82630bdf80e30adf828301623adf895
:10445e002c300df10901059b07930df10a0207a8f7
:10446e00adf82a70089606f0c0fb9df80a309df84c
:10447e000b10044643b3072916d8063155f8210010
:10448e0090b120f05cf99df80b300633002245f810
:10449e00232009e0bdf80c200df10b01284614f085
:1044ae00f2f904460028c6d09df8093053b9bdf87c
:1044be000c20ecb9bdf80e30009331463b46284631
:1044ce0012f0dbfd0db0f0bd8b1d55f82330002b27
:1044de00ead007aa284611f011f8e5e71e461f4656
:1044ee000424e1e70124dfe78024dde70924dbe78c
:0c44fe00e3b2162128460bf0d6ffe3e7de
:020000040000fa
:020000040101f8
:02450a007047f8
:020000040000fa
:020000040101f8
:10450c00f8b54e4b4e4d1a884e4e4f4f42f00802a6
:10451c001a801a8842f004021a801a8842f00202a9
:10452c001a801a8842f001021a8053f8082d12f0f2
:10453c00100f1c4657d017f067faa4f5e6731b68ea
:10454c0003f00f03072b4ad108201af0cbfb32687b
:10455c004ff68c33134043f00803336003201af0fa
:10456c00c1fb3a684ff68c33134043f008033b60b1
:10457c0003201af0b7fb1cf027f9344e206827688b
:10458c00316832683368c0f3c000c7f38007c1f3e9
:10459c008001384313f06063c2f3c00241ea0001aa
:1045ac0042ea010218bf0123134345d1284a111fc7
:1045bc0013681b07fcd10c6814f01f04f8d1eb6acc
:1045cc00032043f00103eb621af08cfbeb6a64f3fb
:1045dc000003eb620320bde8f8401af083bb082b04
:1045ec00b5d10420b1e717f00ffa1a4b1b68d907a5
:1045fc0003d4194b1b68da0708d5154b1b6803f05d
:10460c000f03072b14d108201af06cfb3a684ff6f5
:10461c008c33134043f008033b6003201af062fb19
:10462c0032684ff68c33134043f0080333609fe736
:10463c00082bebd10420e7e700bf9fe7303a01419c
:10464c0000240141283a0141203a0141203a01411c
:0c465c005c380141243a01412c3a014134
:020000040000fa
:020000040101f8
:1046680005292de9f74f81460d464ff000070ed07a
:10467800adf800704ff0010a3e460424e3b25246fa
:10468800042148460bf012ff002e7fd07be0013258
:1046980001a9684601921ef01bfd01a90df1020057
:1046a8001ef016fd4846bdf800a016f035fe04467b
:1046b800002878d1bdf80030002b76d0bdf8022054
:1046c8009a4272d3b9f804001ff0f0ff064608b901
:1046d8001124d3e706f11003294601a801931ff01e
:1046e80027fe4ff00108334bbdf80050bdf802001b
:1046f8001b681b68002b3dd09a89aa4202d99042b8
:10470800f7d31546d989a942f3d35b68aa1a03ebf4
:10471800021b7db3b8f1010f9bf80e3039d103f0bd
:104728000403002b14bf02270127394601a814bf30
:10473800122404241ff0fcfd4ff00208294601a8aa
:104748001ff0fcfda21e92b2dbf8001001a8a044e5
:104758001ef02cff1ffa88f8b9f8043008eb0402a1
:104768009a4207dc0135bdf80230adb2ab42adf874
:104778000050b8d2b8f1010f1ad032464146484627
:104788001df028fe10b130461ff0caff03b0bde887
:10479800f08f5b0703d5012fefd00227cee7022f5a
:1047a800ebd00127cae73e4668e70646012465e7dd
:0847b8000a2463e73cc1002064
:020000040000fa
:020000040101f8
:1047c0002de9f34180460c200f4615461e461ff08a
:1047d000bbff0446002800f09380a0f8008087709b
:1047e000858028461ff0b0ffa060002800f085807b
:1047f000a28831461ef0defba388b3f5297f16d8c8
:10480000a278022a4ed1012b11d920883e4f1bf0ed
:104810007dff0828054615d13b6800250c331a7822
:1048200092b10135edb2082d03f10c03f7d1a06868
:104830001ff08cff1ff096ff204602b0bde8f0414c
:104840001ff084bf1af080fca3683a6818880c2314
:1048500003fb05f6043080b202eb060803f57e7315
:104860009842a8f81200e2d81ff06eff3b68c8f823
:10487000140033445a69002ad9d02288da810022f0
:104880001a82dff88480a288d8f800600c276f4372
:104890003e44308a738a811899420add28461af00c
:1048a00053fcc4e720881bf031ff08280546e8d1f7
:1048b000bde77369a16818441ef07cfba288338aa7
:1048c0001344728a9bb29342338213d1218800220f
:1048d00001927069009001f5005189b240f2031015
:1048e0001bf0dcfad8f8003020881f449b687969f7
:1048f0009847d3e70123337399e71ff031ff9be714
:0c49000002b0bde8f08100bf40c1002003
:020000040000fa
:020000040101f8
:10490c002de9f34190f8c130c668012b04462fd134
:10491c00464b90f81611d3f82021c2f3076280f8a9
:10492c001521d3f82021120e1ebfd3f81c21c2f37f
:10493c00c30280f81421d3f82021c2f307420a44a1
:10494c0080f816213a4a1268c2f3411280f81721f6
:10495c00d3f84421a0f81821d3f84421c2f30f4214
:10496c00a0f81a21d3f84831c3f30803a0f81c317e
:10497c0020461af0fbfe2f4b1d68804615b12046d1
:10498c00a84705462c4b1f6817b12046b847074669
:10499c00b8f1000f3dd094f8e430012563f07f03ab
:1049ac0084f8e430204684f80c5108f0dbfd2046f6
:1049bc0012f0ccf86b46042220490096284612f0df
:1049cc002dfa17b1002384f80d3194f8c130012b66
:1049dc000bd11b4b1a686ff3db6200201a600ef0d0
:1049ec00fbfd2146002003f063fc002384f8c1305a
:1049fc0094f8e4308df8043005226b46114900968a
:104a0c00012012f00bfa204617f084fd02b0bde82d
:104a1c00f081002dd5d094f8e43043f0400384f8b5
:104a2c00e430094b20461b689847cae70024014133
:104a3c00c034014130c200202cc20020010201010f
:0c4a4c000c3a01410002010134c20020bc
:020000040000fa
:020000040101f8
:104a5800f0b585b00446019100263746354642e058
:104a6800013ba36323683bb123694bb91ef0a4fc47
:104a78000126304605b0f0bd1ef08afca060f3e7c1
:104a880004f1100006f0faf90028efd04ff0e02307
:104a98004ff08052c3f8042dbff34f8fbff36f8fd1
:104aa800e4e71ef089fc0026e3e702a81ef0e6f81a
:104ab80023e01df02df9a06807f03cff06461ef024
:104ac8007bfc40e020460df0defcfef7d7f909e05c
:104ad80020460df0d8fcfef7d1f920461ef0ccfa9e
:104ae800002847d101271df013f9a36b002bb7d17c
:104af800019b002bd5d0002fd7d01ef05dfc1ef0f7
:104b0800fdff1df005f994f844305bb2b3f1ff3fa7
:104b180008bf84f8445094f845305bb2b3f1ff3fc6
:104b280008bf84f845501ef047fc01a902a812f0fe
:104b380085fe0028ccd120461ef09efa0028c1d060
:104b48002368002bb5d0019904f124001df0c6fca0
:104b580020460df098fcfef791f90028c2d14ff0dd
:104b6800e0234ff08052c3f8042dbff34f8fbff3fb
:104b78006f8fb7e7002e3ff47caf1df0c9f8616a6c
:104b880019b1236b1968c1f10501a0680af09effed
:084b98001ef012fc00266ce780
:020000040000fa
:020000040101f8
:104ba0002de9f74304461f460a9809b1002a3fd071
:104bb000a36c23b194f81d80b8f1000f1dd13968a2
:104bc000814235d17b68656e1b1a9ab295422fd807
:104bd000257b206605b941029bb2b3f5487f216170
:104be000a36e01d1e36602e09342fbd3e2664ff08d
:104bf0000108404603b0bde8f083e1b10025bc46a2
:104c0000ff212b464ff6ff7e93420fd0dce9006078
:104c1000801b666e00ea0e094e4554d894f84f602a
:104c20007607c0f3160046d5c5b21946ff2906d14e
:104c30004ff00008dde7d7e90035ed1aedb2a37bb0
:104c40000eb263bb237a012b42d1a36e9d423fd9a2
:104c500094f85030db073bd402210df1060011f02f
:104c6000dbfda36ebdf80620c3f101032b44b2fbac
:104c7000f3f503fb152557f8363053fa85f5c5f3e0
:104c800016052566227b236e32bb5a022261e27a28
:104c9000012a01bfe26b9b18c3f31603236607ebdf
:104ca000c603226e5b689b1a9ab2b2f5487fa26e69
:104cb00014d1e2669de7267a012eb5d186b2b542bf
:104cc00001d2c5b219460133dbb20cf1080c9be7e7
:104cd00057f836302366d5e71a46d7e79bb293429a
:084ce00094bfe366e26684e77d
:020000040000fa
:020000040101f8
:104ce8002de9ff41054650201ff02afd04461020fb
:104cf8001ff026fd064604b150b9484b0093002228
:104d08000423c121ee2005f0e5f804b0bde8f081e8
:104d1800aa6d02f5c07204f110001368236053688d
:104d280063609368a360d368e360eb7804f13007ad
:104d380005f11208002b68d1a96d2022eb311ef075
:104d480035f92022414638461ef030f9a86d334621
:104d58005022214600f5e070fbf722f8314603a8ff
:104d68001ef010f803992e4ab1fbf2f302fb13135d
:104d78000393ab6d102283f86f20ab6d32681a670e
:104d880020461ff0dffc30461ff0dcfc0c20039ca3
:104d98001ff0d6fc01460028b7d0224ab4fbf2f334
:104da80003f13000887102fb13434ff47a7042f22a
:104db8001072b3fbf2f33033cb71b4fbf2f302fba6
:104dc8001343b4fbf0f2b3fbf0f300fb12423033b1
:104dd8006420b2fbf0f230320b724a72b4fbf0f38b
:104de8000a2200fb1343b3fbf2f330338b72b4fb9c
:104df800f2f302fb134430340223cc720b702b887d
:104e08008b800c201ff0ccfb7fe7202241461ef050
:104e1800cdf8a96d2022eb3195e700bf08370301d3
:084e280040420f00a0860100ca
:020000040000fa
:020000040101f8
:104e300070b586b004680d461ff014fbe37b20b10b
:104e400003f0fd00421e50425041404b18701ff0cd
:104e50000ffb48b13e4e3078013000f00700307053
:104e60001ef084fc0028f6d095f84f30394e13f030
:104e7000040f0dd0d5f8ac10606d1bf08bfe364bd7
:104e800098424fd81df026fda36b83424ad8e063b9
:104e900094f82f30002b45d10df1030120461cf072
:104ea00083f800283ed12d4b9df803201a702c4b1f
:104eb00018702c4b187033785a1c32702a4a1370b1
:104ec0002a4b1d6095f84f305b070bd4a8691ef084
:104ed000bef90146d5f8ac0016f094f96065d5f836
:104ee000b030e363d5f8ac209df80330226434225f
:104ef00002fb034303f15800002283f85c20c280c8
:104f0000a3f887200f2283f85d20012283f88020f8
:104f1000174a1378b3fa83f35b092046137014f031
:104f2000c1fb0fe0ff23adf8043010238df80630ed
:104f300033788df807305a1c01a920463270059548
:104f4000fcf714fc002006b070bd00bfdac20020e0
:104f5000dcc20020d6c2002038feff7fd9c200206c
:104f6000d7c20020d8c20020d5c2002038c20020fd
:044f7000dbc2002080
:020000040000fa
:020000040101f8
:104f7400084b41f202029852074a118041f204019f
:104f84005a5842f480125a50044a1368db02fcd483
:104f9400704700bf0020014100300141043001414d
:104fa400094b41f2020241f2040198525a5842f468
:104fb40080225a5019440a685203fcd441f2280250
:104fc400985880b2704700bf002001412de9f0419c
:104fd40017460d46ed1b0135012406469846ac40a4
:104fe400fff7deff013c04fa07f504ea080420eaaf
:104ff4000500bc400443a1b23046bde8f041fff7d0
:10500400b7bf38b515460c46641bfff7c9ff01341a
:105014000123a340013bab401840284180b238bd76
:10502400074b41f614615a5842f004025a5019448d
:105034000a685207fcd441f60c62985880b2704753
:105044000020014170b5800086b2fff7e9ff0546f4
:1050540000bf00bf00bf0824b44200d370bdfff7f7
:10506400dfff854288bf04f2e244641b10fa84f433
:10507400a4b20546f0e7f8b54ff47a744cf2503315
:1050840060430025b0fbf3f41e46a7b203fb1404ef
:10509400bd4207d164b14ff6f8702040bde8f84036
:1050a400fff7d0bf30460135fff7ccffadb2efe7d5
:0450b400f8bd00bf84
:020000040000fa
:020000040101f8
:1050b8002de9f04f092989b007460d4601d0172977
:1050c80027d1013205a904a805921ef001f805a907
:1050d8000df112001df0fcff03a8022205a91ef025
:1050e8005bfa3846ddf81490bdf8108016f014f914
:1050f800002874d1bdf81030002b72d0bdf81220f2
:105108009a426ed3b8881ff0d1fa044680b91120ac
:1051180005e00024adf810404ff001080420c3b2a8
:105128004246062138460bf0c1f9002c54d050e015
:1051380004f11003072105a805931ff0f9f8073dae
:10514800adb20126dff8a0b00df11c0a06ab009342
:10515800cdf804a003ab0222bdf81210bdf8100070
:105168000cf0befd58b30222594603a81cf05cfda2
:105178000028ebd1069b9a681288aa4211d12a46c8
:10518800494658681cf050fd58b9079b05a89989ed
:105198001ff0d4f8079b05a8d9891ff0cff804366b
:1051a800b6b2ba88331d934209d8079bbdf81220be
:1051b800db8901339bb29a42adf81030c2d2012e7e
:1051c80001d10a20abe72246314638461df002f9e4
:1051d80010b120461ff0a4fa09b0bde8f08f0024f2
:0c51e8009de7044601209ae77e0c0201be
:020000040000fa
:020000040101f8
:1051f4002de9f04f90f8219090f815a085b0044661
:10520400884600f1330500f16d0700f12306b9f17a
:10521400030f3fd8dfe809f0020a171729460020d8
:105224001cf018fe002384f8413033e0baf1f00f8b
:1052340003d128461ef0c6f922e03b68c0f833309b
:10524400bb88ab801ce09df8083090f8222062f304
:1052540000038df808303368cdf8093002a8b3880c
:10526400adf80d3014f074f9834658b10df107010f
:1052740002a814f091fd29469df807001cf0dafeff
:105284000123d0e7b9f1020f40d129461cf0e2fd19
:1052940084f841b094f8423013b1ff2384f84130cc
:1052a4009df8083094f8222094f8215062f300030a
:1052b4008df808303368cdf809304ff00009b38811
:1052c4008df8079002a8023dadf80d300cf0aefe4b
:1052d400012d04f1390720d8f8b10df1070102a816
:1052e40014f05afd9df80710484604f04bff394668
:1052f40002a817f095fd0c4b196801eb88014b6a65
:105304000bb12046984705b0bde8f08fbaf1f00f15
:105314008fd03b68c4f8333092e73368c4f839302f
:0c532400b388bb80e7e700bf8cc100200d
:020000040000fa
:020000040101f8
:105330004ff08842d2f8003113f4007ffad00023f6
:10534000424901334a6a12f0010f11d1b3f5fa5ff5
:10535000f7d13e4b5b6a13f0010f0cd13b4a536807
:1053600043f480735360536a13f0010ffbd002e0e3
:10537000b3f5fa5fedd2364ab2f8ba3403f0fd0362
:10538000a2f8ba340022314901324b6a03f0030318
:10539000032b13d0b2f5fa5ff6d12c4b5b6a03f006
:1053a0000303032b0dd0294a536843f40073536061
:1053b000536a03f00303032bfad102e0b2f5fa5f5c
:1053c000ebd24ff088430022c3f8b020214ac3f843
:1053d000b02002f12b42a2f54b12a2f6ab42c3f869
:1053e000b02003f520631c4a1a624ff480721a60e1
:1053f00001229a601a46136813f0010ffbd1174b74
:1054000048f20902c3f8502140f201221a674ff412
:1054100000429a674ff08843114a1a6600221a67c1
:10542000c3f880200f4ac3f8c02045f67e72c3f847
:10543000e0204ff03332c3f8b020044b5a6842f0fa
:1054400010025a604ff088721a60704700400141a4
:1054500000200141556699aa080100c0000a0044d5
:0854600000909000cd01012035
:020000040000fa
:020000040101f8
:1054680038b50468484a94f8c831126823f0030331
:1054780084f8c8310023c4f8ac31a4f8b03184f8fa
:10548800c631117884f8bf31c4f8c031a4f8c431ea
:105498000546fb2394f86600a4f82232a4f81e32cd
:1054a8001b2384f8be11a4f8f63244f2902103f6c7
:1054b8002d0310f0100f0cbf08461846a4f824025c
:1054c80094f8670010f0100f08bf0b46a4f82032bc
:1054d800137cd90754bf537c072384f86332137ca9
:1054e8009b0754bf937c072384f86432274bc4f886
:1054f800a03240f20262294604f529701df0c8fa6c
:1055080040f20362294604f52f701df0c1fa40f2fb
:105518000462294604f535701df0bafa4ff07e335f
:10552800c4e99c33a3f17c33c4f87832b4f88032f0
:1055380003f07803a4f8803294f89e3223f07f03b6
:10554800002243f07c03c4f87c22a4f89c2284f84f
:105558009e322b79c4f8ec22042b0cbf0723134688
:10556800a4f889320a4b84f8f42293f914105b8a60
:10557800a4f88232ef23c4f8853204f53b7384f82b
:105588008412c4f8f03238bd90c10020b80bdc0595
:0455980080be0020b1
:020000040000fa
:020000040101f8
:10559c000378012b00d07047f0b595b044682378a0
:1055ac00002b5ed1a3780bb115b0f0bd414b1e683a
:1055bc00331f002553f8042f1ab10135082df9d1ea
:1055cc00f2e72f4620201ff005f846f82500394b4e
:1055dc001e6856f8250018b1202200211ef006f98d
:1055ec0056f82750002ddfd0a3882b80a379ab7001
:1055fc00281dd4f807306b60b4f80b20637b2a812c
:10560c0083710123eb7009f0d5fda877082809d127
:10561c00a388adf8063001238df8043001a815f0ed
:10562c006dffc1e74c22002101a81ef0dff801a993
:10563c00a87f03f0e7fd0028ead19df84c10c1f3d8
:10564c0000029df8003062f34103c1f3400262f3a3
:10565c0000038df800306a468908288819f061fa31
:10566c00d6e7012ba0d100238df804306088adf86b
:10567c00060019f0fbfb60b1827f8df8082017f053
:10568c00ddfd0d4b1b78002b8ed00c4d00240a4eeb
:10569c0008e008238df80830f3e701343278e3b2e0
:1056ac009a4281d955f8043b002bf6d001a89847b3
:1056bc00f3e700bfa0c00020a6c20020bcbf0020a2
:020000040000fa
:020000040101f8
:1056cc002de9f74f494e346807468946002c78d0af
:1056dc003379257823f0070315f0010533710dd0cc
:1056ec000023adf806300df10602092316f0b2fcca
:1056fc00bdf806100246002968d1002523789a07c8
:10570c0033d50023adf80630a37c022b6cd0042bd0
:10571c000cbf202321230df106024946384616f012
:10572c0099fcbdf8063003b310f0ff001dd094f8bf
:10573c0012a094f823b00aeb0b02904215d107eba0
:10574c0003085246414604f113001cf06bfa60b991
:10575c005a4608eb0a0104f124001cf063fa20b944
:10576c00337943f002033371012523785b0729d584
:10577c000023adf806300df10602ff2349463846ea
:10578c0016f068fcbdf80630e3b110f0ff0019d03c
:10579c0094f8368008f10202904213d11f44022281
:1057ac00394604f134001cf03dfa58b94246b91c94
:1057bc0004f137001cf036fa20b9337943f00403b6
:1057cc0033710125284603b0bde8f08f002894d032
:1057dc003944a01c1cf026fa00288ed1337943f0f2
:1057ec0001033371012589e7162394e7ecbf0020f0
:020000040000fa
:020000040101f8
:1057fc002de9f0418ab0174602294ff00002064607
:10580c000d468df804208df8052020d9013302a90e
:10581c000df1060002931df059fc3046ddf80880ae
:10582c0015f078fd044630b93946bdf8060014f081
:10583c006bfd0446c0b1122f06d19df804301bb984
:10584c0054b9304614f0c0ff0ab0bde8f081122ff5
:10585c00adf80620f8d10424e3b2bdf806201221dd
:10586c0030460af021feefe704aa03a9bdf80600b2
:10587c0019f004fc002851d0039b3088da7b1021ee
:10588c0009f042fc84b2002cd5d1039a937b928907
:10589c00033d13f0080fadb232d1aa4232d103f05e
:1058ac002103202b30d03388adf81c30bdf80630e6
:1058bc00adf81e300023adf820308df825300df1f9
:1058cc000502039b059301a905a8adf822508df89c
:1058dc002470cdf8188005f089f9039b9a7bd107c9
:1058ec000446a8d40028a6d12a46586841461df083
:1058fc005bfb039b9a7b12079dd59b681d809ae7e7
:10590c00aa42ccd20d2496e7bdf80620414630467b
:10591c0009f098f8044600288dd1c4e701248ae7e1
:020000040000fa
:020000040101f8
:10592c00f0b50e4690f82c1085b00446002940f0d6
:10593c008380102268461df059ff1af077f805464f
:10594c00c0b90746306806f075fa4df82700a0b1cb
:10595c000137042ff6d100275df8270008b118f0a5
:10596c00d7fd0137042ff7d125b9706806f062fa1c
:10597c0028b90725284605b0f0bd0725ebe718f038
:10598c00c7fd3368a3617368a28ae36140f2712397
:10599c005a4362634ff47a72a263628a5343a364dc
:1059ac00264b236304f1780604f5a477a06906f06e
:1059bc0041fa46f8340bb742f8d1e06906f03afaee
:1059cc00002384f85c3084f8903084f8c43084f878
:1059dc00f830a37d6062da072cd513f0020f0cbff0
:1059ec0002230423012084f82030022184f82c00a7
:1059fc000df05efb1df090fa20650af0f5f9226db2
:105a0c00a1681162226d0e495162226d0d49d1625d
:105a1c00226d0d499162226d0c491163226d00219a
:105a2c001160226d46685660226d3260426008f04b
:105a3c0071fb9fe70123d5e700259be700000103dd
:105a4c00314e0101a9f70201a1470301ed820201c8
:020000040000fa
:020000040101f8
:105a5c00f0b540f2ff7681ea030c16ea115e1ebf28
:105a6c00b64516ea1355b54252d021ea465141f4d7
:105a7c008011a1fb024723ea465343f48013ae4442
:105a8c00a0fb03650cf0004c36197d41a1fb0347cc
:105a9c0047f10003a0fb0217f619654153f100030f
:105aac00094218bf46f0010640f2fe74b3f5007fc0
:105abc0013d2aef5806ea64523d24cea03312803ef
:105acc0041ea155140ea16503203450872f1004282
:105adc0050f1000051eb0e51f0bdaef2ff3ea64569
:105aec000fd24ceac321e80241ea555140ea565024
:105afc00f202450872f1004250f1000051eb0e51d8
:105b0c00f0bd1eea0e0f2dd50cf000410020f0bdab
:105b1c0016ea115f04bf01f000410020004218bfdb
:105b2c0041f0010116ea135f04bf03f000430022a9
:105b3c00124218bf43f0010306ea1354b44218bfd3
:105b4c00b64503d00cf000410020f0bd21f000411f
:105b5c0023f00043b1eb065f0cd8b3eb065f09d81a
:105b6c0041b13bb10cf0004141f0fe4141f47001f8
:105b7c000020f0bd40f20001c7f6f8710020f0bd26
:020000040000fa
:020000040101f8
:105b8c002de9f04f8bb0474b93f800b0bbf1010ff0
:105b9c0040f28580444fba464ff00009c846abf13d
:105bac000205ae4666e094f831209af811309a421c
:105bbc0006d325d194f832209af812309a4235d275
:105bcc000df10808d346bbe80f00a8e80f009be8ce
:105bdc000f0088e80f00d04604f1200bbbe80f0043
:105bec00a8e80f009be80f0088e80f0020340df1a7
:105bfc000808b8e80f000fc498e80f0084e80f00fd
:105c0c002036ae4228d0344696f833301bb19af881
:105c1c001320002ad4d051469af813209a42c2d0ad
:105c2c0094f831209af811309a42e9d194f8322044
:105c3c008b7c9a42e4d194f830200b7c9a42bfd3ef
:105c4c0094f830200b7c9a42dad194f9282091f9ff
:105c5c0008309a42d4ddb3e7ddf80080ddf804b0fb
:105c6c0009f101090af1200a0cf1020c5ffa8cfc13
:105c7c00e34514d9c44608f101085ffa88f8d84501
:105c8c00eed2aeeb090359fa83f307f1200505ebcd
:105c9c0043155646cdf80080cdf804b0b3e70bb0f1
:0c5cac00bde8f08f9ec2002024b2002052
:020000040000fa
:020000040101f8
:105cb80070b5431e13f10a0f5dd800f1080410f007
:105cc800070305d0a3f10902a24254d31030c41a25
:105cd8001df014ff3b4b1b68002b53d0002c0adb34
:105ce80084b1394b1e68a6420fd338490b6811e0be
:105cf8004ff4204351e0fdf7c1f81df0cefd00251b
:105d0800284670bdfdf7baf8f7e7fdf7b7f8f4e7ee
:105d1800194613465a68a24202d21a68002af7d1d5
:105d2800284a12689a4223d00d6808351a680a6012
:105d38005868001b102805d91a1950605c6008685b
:105d480010600a605968761a1f4806602048006883
:105d580086423cbf1e48066041f00041596000225f
:105d68001a601c4a136801331360fdf787f8c7e708
:105d7800fdf784f8c1e71df0c1fe124b1b68002b2c
:105d8800c0d10024144a12f0070fb1d0d11d21f060
:105d9800070102f52042531a0a460c480260002106
:105da80041601344083b23f0070306480360596029
:105db8001960991a51601360054b1960024b1960fc
:105dc8008ce700bf24c1002020c10020dcbf0020d8
:0c5dd8001cc1002018c100201000002099
:020000040000fa
:020000040101f8
:105de400f0b5474c236895b093f824300193454ba4
:105df400009302231a4606467721ec2004f06cf83f
:105e040023689d6cc5b109f0f3ff002835d02268e2
:105e1400926c00251560216842688f6c7a60896ce9
:105e240011602268926c42601df0f2ff2368986c46
:105e34001ef0a6fc23689d64334a13680021197080
:105e44002768367897f8243056b3012b17d141f2de
:105e54000903adf808308df80c602022ff210df104
:105e64000d001df0c7fc3a2e36d197f82430012bd3
:105e74002ed1f86918f050fb2ae00725dce741f23f
:105e840008032022ff210df10d00adf808308df834
:105e94000c601df0affc2022ff210df12d00e0e786
:105ea40003bb12680121517026688df80c3041f251
:105eb4000802adf80820b16920220df10d001df093
:105ec40077f8b169202211440df12d001df070f80e
:105ed4002368986918f020fb02a818f03bfc2846b8
:105ee40015b0f0bd41f209032022b969adf80830bc
:105ef4000df10d008df80c601df05af8b9e700bfe4
:0c5f040090c100205046030194c1002011
:020000040000fa
:020000040101f8
:105f1000f7b5c56800891af021f90446002800f099
:105f20008780866d002e00f08380ab882868adf8ee
:105f3000043000906b4606251a78013d303a15f082
:105f4000ff0503f8012bf7d19df801209df80030e3
:105f50009df803109df8047042f210705043354aca
:105f600002fb03039df805201344642212fb013257
:105f70009df802304ff47a7101fb03230a2101fbe3
:105f8000073106f16f001ef0e5fba26dc2f87350f9
:105f9000c2f87750c2f87b50a36d01229a7094f832
:105fa0005530a16d83b391f8713091f870201b04c6
:105fb00043ea022391f86f2013438b62a36d83f8a9
:105fc0002650a36d93f82620996ad14001f0010173
:105fd00041f08001204605f0f3fbe378a16d3bb969
:105fe00001f5d871204603b0bde8f04011f00ebabb
:105ff000cb7813b9002003b0f0bdcd70a36d9d70b8
:10600000a16d01f5b871ede7e3782bb96f3120464a
:10601000fdf7d2faa16de3e7cb78002bead0cd7083
:10602000a36d9d70a16d20466f31fdf7c5fae7e7be
:086030000120e0e7a086010059
:020000040000fa
:020000040101f8
:106038002de9f04790b005460e46904600213022e3
:1060480004a899461df0d4fb15f003040dd0414f68
:106058003b6893f8b84244b115f0d8fc3b68d3f8d4
:10606800a8721af0b3fb00248fb915f03c0f2cd19d
:106078001a9b0293199b0193189b009342464b4627
:10608800314604a8f9f7bef810b0bde8f08715f05e
:10609800bdfcd7f800a01af099fbbb689e4212d04d
:1060a8009a7b012a0fd1e90707d510a9621c01ebd9
:1060b800840444f8303cd4b205e0aa0703d5997aa1
:1060c800b27a9142f1d85746cee7224f3b6893f80f
:1060d800b932002bccd015f099fc3b68d3f8b072dc
:1060e8001af074fb002fc3d015f090fcd7f800a06d
:1060f8001af06cfbbb689e4215d09a7b012a12d11c
:10610800726d93420fd06f0707d510a9621c01eb7f
:10611800840444f8303cd4b205e0e80605d5997a01
:10612800b27a9142f1d85746dce7290704d5997a23
:10613800b27a9142f7d3e8e7aa06f4d5326c9a42cc
:10614800f1d110a9631c01eb840444f8302cdcb2b3
:08615800e9e700bfecc10020e3
:020000040000fa
:020000040101f8
:106160002de9f7430e4604210746144618f0f8fcc3
:10617000002875d107f1540003f06efc052e6fd98d
:1061800097f8443094f80180f22b04f10204019452
:1061900066d14ff482701ef0d7fa054600285fd012
:1061a00004230370023e3b888380b8f1010fb6b22e
:1061b00039d116f003043dd1a14601a968461cf06f
:1061c0008bff01a90df102001cf086ffbdf8023023
:1061d000a3f52453ff2b07d8019b53f8042c2b194c
:1061e0000434c3f80a20a4b209f104091ffa89f99a
:1061f00009f10403b342e0d9fa8fbdf800108a42d6
:1062000031d9013189b2b98738460ef08dfe24b3f9
:10621000002385f806802c8185f8ff30042128466c
:106220001af02cfc1ce01223b6fbf3f403fb1464fd
:10623000a4b284b1fb8fadf800300024dce70199f3
:10624000684619441ef072f81ffa89f303f1120927
:10625000b145f4d9d0e72346f8e728461ef076fa90
:1062600003b0bde8f0830023002cfb6387f84430c3
:1062700008bf4ff00008012385f8ff302c8185f816
:046280000680cbe7e2
:020000040000fa
:020000040101f8
:106284002de9f041046823460025c4e9015543f88b
:106294000c5f8846236107461646fff7e3f8a5829c
:1062a4002222414604f134001cf082fe94f8473067
:1062b40013b9012384f847303b79042b13d100230d
:1062c40084f8643000232366c4e961334ff6ff7316
:1062d400e3832362012384f8243094f8643033b9cf
:1062e400a4f8253005e0052becd10123e8e7012bc8
:1062f400f6d002236376ff23002584f8293003f5c2
:106304007f432a463146e38220466585256311f0a2
:10631400a4f90623c4e920332046c4e91d5508f036
:1063240049fd94f8a820a4f8985094f8553094f8ae
:106334005410206d3abb84f8aa2084f8b420c3f327
:10634400040284f8ab200122c4f8ac0084f8b01035
:10635400a4f8b2200020c3f34213c4e92800c4e91e
:106364005e000f4a84f8aa310323c4f89e21c4f8be
:10637400a221c4f8a601c4f8800184f89c0184f821
:106384009c30bde8f081226cc4f8b82084f8bc507d
:10639400c4f8bd0084f8c110a4f8c250dae700bf05
:0463a4001b00480191
:020000040000fa
:020000040101f8
:1063a8002de9f0430746a5b01af09eff04ae3c68fd
:1063b800dff80c818022002130461df019fa24688c
:1063c800002564b938461ef080f915f01ffbe3b2ca
:1063d8009d4262d825b0bde8f0431af0f7b9637f53
:1063e800d4f80090227a0393a37acde90143002ad6
:1063f8004dd1304b009302231a467e21ec2003f046
:1064080069fd204613f076fc237a012b03d11cf09a
:1064180085fdc4f8a800012384f85030237a84f855
:106428005130a37a84f85230d4f8803003f0f8035e
:1064380043f4a023c4f88030d4f8983003f0f8036c
:10644800002043f49013c4e92630c4e91500d8f8b5
:106458000030c4f884001a89a4f87020164a12681b
:10646800b2f82213a4f87210b2f82423a4f8742006
:106478005b89a4f8763024ab03eb8503214601350c
:1064880043f8804cedb219f06bf84c4699e70b4b8a
:10649800009302231a467f21b0e756f82470384645
:1064a8001bf03afb00223946387a0bf009f901341f
:1064b8008de700bf8f6c0201ecc10020c36c0201a4
:0464c800f0c10020ff
:020000040000fa
:020000040101f8
:1064cc0030b5836d5a78012a89b0044601d0042a6c
:1064dc0012d10021204605f06df9a06d102200f5b7
:1064ec00b87100f5f0701bf09dfb80b104212046c3
:1064fc000bf02cf909b030bd022a08d193f82620f4
:10650c00996ad14001f0010141f08001e3e7a26ded
:10651c005378042b0bd12046fef7e0fb2046faf70c
:10652c00a9fe002211462046f5f736ffe2e7012bc3
:10653c000ed12046faf79efe002211462046f5f7b2
:10654c002bffa16d204601f5e87112f0c0f8d1e7e0
:10655c00022b31d192f82630122b27d868462021f5
:10656c0010f054f9a56d6b4603cb05f5e072c5f838
:10657c00c001516003cb9060d160a26d92f82630bf
:10658c00013382f82630a36d93f82620996ad14006
:10659c0001f00101204641f0800105f00bf9a16ddd
:1065ac00204601f5d87110f02bffa3e72046faf72f
:1065bc0061fea26d6f32c0e7032b9bd12046faf728
:1065cc0059fea36d997809b103f16f0193f8e52099
:1065dc00002ab3d0024b1b689a684032aee700bf6a
:0465ec00fcc10020ce
:020000040000fa
:020000040101f8
:1065f0007fb590f8623186680446d3b13d4b1a6886
:106600006ff300021a60a3f24c4301461a686ff35d
:10661000db621a60002009f0bbf92146002010f06f
:1066200033fa94f87330012b03d104f5087003f0aa
:1066300013fa94f86251304a0296304e30490023e2
:10664000137084f86231aa1e8df80e303388adf8cd
:106650000c30534253418df80f30082202ab012019
:1066600010f0e2fb3388274e13f028012bd1022dc6
:1066700029d094f87320012a25d013f4c27f1fd0ab
:1066800013f4c07f08bf012120460af049fdd4f869
:10669000103213b10123337015e033701a4b94f8a4
:1066a000f4201b78013a93420dda0133dbb284f80f
:1066b0009c3004eb8303d3f8c430c4f81032e9e70c
:1066c0003378002bead031780023adf8043021b1c3
:1066d00003f58673adf8043001a9022d05d10b4beb
:1066e0001b6803b1984704b070bd094b18681ef0d1
:1066f00047f8f8e7583e0141dfc2002098c2002069
:1067000000000101cec20020d1c2002060c20020e2
:0467100014c200208f
:020000040000fa
:020000040101f8
:106714002de9f04f8bb00d460493d1e901132f6896
:10672400d5f80c9003900029a8bf27f002079246e1
:10673400b8bf012117f010020592dae9006232d0e5
:1067440056ea02002fd0a3f1020b2c69029617f02f
:10675400080004f1ff3418bf0bf1ff3b9046002200
:1067640009f8042006905a46012c1edc059a002ada
:1067740051d1069a1ab1013c202209f804202a6951
:1067840003980097013a121b09eb04010df094ffe2
:10679400039b5b68db0503d56b689842b8bf18465a
:1067a4000bb0bde8f08f9b46cfe7029850ea080093
:1067b40008d1a1eb0b001044002803dc002ad5dd2e
:1067c400b807d3d50298049e00f00f000928a6f15b
:1067d400410cd4bf30305730bcf1190f04f1ff34f1
:1067e4000ed840f0200cacf1610cbcf1190f07d8a5
:1067f400cde9081307921df093fcdde90813079a0d
:1068040009f804000298060946ea0870013a029061
:106814004fea1818a8e7dae900210a43a9d009ebde
:106824000402049902f8011c023c302209f80420f5
:026834009fe7dc
:020000040000fa
:020000040101f8
:026836007047a9
:020000040000fa
:020000040101f8
:1068380070b584b004460023019302930393c5798d
:106848006b1e042b6dd8dfe803f00307353f5800b3
:1068580011f0f2fa04b070bd0023c371037863f03d
:106868007f030370fe201df0b7fe06460028f1d016
:106878006378c3eb0313344a02eb43035b8a038058
:106888000123438014230371122380f8f830002376
:10689800a0f8fa3080f8fc300146608816f090fec7
:1068a80010b90323e371002584f8905030461df099
:1068b80097fecfe70023c371837913f0020fc9d085
:1068c800012110f013fbc5e70023c371037843f0df
:1068d800010303701023437212f044fb1b4b1b6827
:1068e800002bb7d001228df804206188adf808107c
:1068f8008df80a2001a89847ace70023c3710378f4
:1069080023f001030370114b1b683bb101228df882
:1069180004204288adf8082001a898470023637234
:1069280098e7837a002b95d000238372074b1b6866
:10693800002b8fd005228df804204288adf808205e
:1069480001a8984786e700bf18b50020acc0002012
:020000040000fa
:020000040101f8
:106958002de9f3410e46044650b93f4b00930246d9
:1069680005230421ef2003f0b5fa02b0bde8f08159
:106978001af0bafc1bf022fe760080461af0fcfce6
:1069880040f2e1439e42257a92bf022640f27121ed
:10699800b6fbf1f6ab060644074626f0704609d466
:1069a80045f020056660257201223946204607f029
:1069b80043fa18e015f0070518bf0125274b53f8cf
:1069c80025209442194619d1254a1278aa4222d183
:1069d80063681a1a44bf03f180531a1a012a08d8a7
:1069e800022323752661404602b0bde8f0411af043
:1069f800b1bc236841f825300bf0b8f9194b53f8ae
:106a0800352019465ab9184b009311460523ef2033
:106a180003f060fa0ce0226843f82520eee7a24272
:106a28000fd1226843f8352012b903ebc5056d6014
:106a38006660b9e71a4623b90c4b00930121052378
:106a4800e5e71368a342f5d123681360002befd163
:106a580001ebc5056a60ebe77a3203011cc0002030
:106a6800c3c2002064bf002054ed02016ced020196
:020000040000fa
:020000040101f8
:106a780070b5284d284e284600211df065fe274b8d
:106a8800274a1e62274e5e62274e9e620426de62f9
:106a9800264e1a60264a5a60c3e90c65254a264dd7
:106aa80026499a609d63264a264dda60264a5a612d
:106ab800c3e90f51254a264d9a615d64254a264d42
:106ac80026481961c3e91252254dda610024c3e949
:106ad80014500470234898652348c3e917012349d3
:106ae800596623492348c3e91a12234a1a67234ad5
:106af8005a67234a9a67234ada67c0e90043224b58
:106b080083600122214bc36002740821bde87040f4
:106b180014f08ebe90c20020653a030120b900200f
:106b28007e0c020194470301bc47030132fa0101bc
:106b3800be470301c0470301ba470301be0702016c
:106b48000200000102002011f7460301b4470301c7
:106b5800ed460301050000017a3a0301cac200208c
:106b6800c23a0301b647030101000311f2460301cb
:106b78008e3a030110bf00204a41030174bf002070
:106b8800b8470301100002019047030110001700e5
:020000040000fa
:020000040101f8
:106b980070b586b0038801930546424b00930222e4
:106ba80001234c21ec2003f095f928881af004fd04
:106bb8000646002870d0046894f86430012b03d18d
:106bc80094f8be319b0769d530461af09df9002824
:106bd80047d06b88a4f82e32ab88a4f83032eb8803
:106be800a4f832322b89a4f834326b89a4f83632ef
:106bf800ab89a4f8383294f89e304bb3002384f85c
:106c08009e301df0e3fb012829d9b4f83032b4f8de
:106c18004a20d4f878019a421abf40f2e241594317
:106c280000211df00ffca4f89a00b4f89a203ab19c
:106c3800b4f83012b2fbf1f301fb1323a4f89a3035
:106c4800304616f04ffa58b30024204606b070bdff
:106c580094f8c63143f0010384f8c631d1e7002324
:106c6800ece728686968aa8902ab03c3a8681860ba
:106c78009a80012102ab0e22304617f087f90446ac
:106c88000028e1d0084b0093019401230022ff2142
:106c9800ec2003f01ff9d8e70224f3e71a24f1e700
:0c6ca8000724efe74c0803016608030115
:020000040000fa
:020000040101f8
:106cb40070b5444b1c68444b272101fb0042d3f8b8
:106cc400845f92f8226066f31f65c3f8845fd3f88b
:106cd400885f92f8236066f30705c3f8885fd3f8ea
:106ce400885f92f8246066f30f25c3f8885fd3f8b1
:106cf400885f92f8256066f31745c3f8885fd3f878
:106d0400885f92f8266066f31f65c3f8885fd3f83e
:106d14008c5f92f8276066f30705c3f88c5fd3f89d
:106d24008c5f92f8286066f30f25c3f88c5f92f8a5
:106d34002960d3f88c5f66f31745c3f88c5f92f82b
:106d44002a60d3f88c5f66f31f65c3f88c5f92f8f2
:106d54002b60d3f8905f66f30705c3f8905f92f851
:106d64002c60d3f8905f66f30f25c3f8905fd3f8d7
:106d7400905f92f82d6066f31745c3f8905fd3f8df
:106d8400905f92f82e6066f31f65c3f8905fd3f8a6
:106d9400945f92f82f6066f30705c3f8945f92f846
:106da4003050d3f8942f00fb011165f30f222144d6
:106db400c3f8942f897ad3f8942f61f31742c3f858
:0c6dc400942f70bd0cc20020002401417f
:020000040000fa
:020000040101f8
:106dd0002de9f34101200e461af09cfa3a4a044686
:106de000002e65d0394d29684b792bb90b70296875
:106df0004b702968cb710b81354b00271f70354bc9
:106e000017700921344a1e60012015f067fe4ff605
:106e1000ff71012018f0f8f944f400712f4c89b289
:106e200001201af089fa23882d4a4ff0020868f3ee
:106e3000830323800521404615f050fe4046294a31
:106e4000042115f04bfe04f5ac6303211a6861f3cd
:106e500013421a601a6861f317521a6054f8903d91
:106e600067f3000323600bf041fa0deb080101a862
:106e7000d6f8ac4019f02afebdf90220019bba42b7
:106e800023f07043b8bf03f1ff331c442b68022288
:106e90005a71d6f8b020a3f8ca20204605f0c0fbee
:106ea0002b68b3f8ca3053b1a01c05f01dfc06e0f6
:106eb0000d4b12781868002af7d105f0b1fb0020bd
:106ec00002b0bde8f08100bfddc2002054c2002046
:106ed000dec2002050c2002069f00101c03401412f
:0c6ee00099210301b92103014cc20020dc
:020000040000fa
:020000040101f8
:106eec0070b591f84f300468c3f3800384f86331b4
:106efc00d1f8b030c4f89831d1f8ac30c4f89c312a
:106f0c00354b00251d70354b01221a80344b1d70fa
:106f1c00344b19601df0a0fa334b94f829101d70f6
:106f2c0038b194f87320012a01d0042a42d10122ed
:106f3c001a7094f86351002d43d094f89c3094f857
:106f4c00f41003f10a0204eb0212ff258b4205d266
:106f5c0052f8040bd4f8986186422ed22a460021ae
:106f6c00204604f011fa214b21481d70214b0022c0
:106f7c001a70012384f862311df086fa94f873308c
:106f8c00012b04d11c4904f50870fff7dffc2146e6
:106f9c00012008f0f7fc214601200ff06ffd94f85a
:106fac0063112046faf70afbd4f89c011bf08ef80b
:106fbc00002070bd0029bad1bbe7581c1d46c3b2d6
:106fcc00c4e7ff220121204604f0def9ff2384f8f8
:106fdc009c302b46b3e700bfcfc2002098c20020e4
:106fec00cec2002014c20020d0c20020d1c200208a
:0c6ffc00f1650101dfc2002000881300d5
:020000040000fa
:020000040101f8
:1070080001297fb504460a4637d049b219b1022a88
:107018005ad004b070bd036a01251b684572c0f8d8
:107028000b1093f88e2142770572d3f89021826174
:10703800d3f89411416193f88f1181720064d3f8e9
:10704800a4114164d3f8a8318364cde902132e4b0f
:107058000192009302222b469021ec2002f03aff85
:10706800a369029363690193284b009302222b467c
:107078009121ec2002f02effcbe7036a1b684172d6
:107088000021c0f80b1093f8ae0160772172d3f895
:10709800b011a161d3f8b401606193f8af01a07297
:1070a80084f84c20d3f8c4016064d3f8c831a364d1
:1070b800cde90203164b0191009393211346ec206e
:1070c800022202f007ffa4e7036a1968012343724a
:1070d8000020c4f80b0091f8ce5165772072d1f8e2
:1070e800d051a561d1f8d461666191f8cf61a672db
:1070f8002464d1f8e411c4e91110cde9015105491e
:1071080000919421b5e700bf1cab010161ab0101ff
:0871180081ab0101c6ab0101ce
:020000040000fa
:020000040101f8
:1071200030b59bb01cf0c5fc05ac3e4d0fcd0fc477
:107130002b68238019f036fa0246002861d03a4cb9
:107140003a4ba3fb0213db0803f13001217303eb7d
:107150008303a2eb430330336373a2740223e3740b
:107160000123237505236375a2750025e5750df1cf
:107170000301092016f064f902950395adf810504b
:107180004ff4a073adf804304ff42073adf806301f
:1071900007238df8103001a817f088f818238df810
:1071a0002830a446bce80f00cdf82900cdf82d10fa
:1071b000cdf83120cdf83530bce80300cdf83900ea
:1071c000cdf83d100aa817f03df812238df848308d
:1071d00005ac0fcccdf84900cdf84d10cdf85120bd
:1071e000cdf855302388adf8593012a817f044f87f
:1071f0000df102010f2016f03ff9fcf793fa1bb0d6
:1072000030bd12a817f0eef89df84920084ba3fbfb
:1072100002139b0903eb430303eb4313d21a01321e
:10722000d2b28ce7e8660001f8c40020cdcccccc0b
:0472300003b57ea57f
:020000040000fa
:020000040101f8
:10723400f7b5057a012d044609d0404b1b681d891a
:107244005b891d4440f23913b5fbf3f50135267b08
:10725400012e49d100263a4f08e0013616f0ff0608
:1072640004d0a36a13b1204618f06efc606c18f0c9
:1072740031ff236e1844e37a3840012b20662061e5
:107284000df1020101a82cd118f092ff019ae36bd1
:10729400218f1a44bdf802300b449bb240f2e14105
:1072a4008b4202ea0702019285bfa3f2e243013254
:1072b400adf80230adf8023088bf0192019b226e16
:1072c4002b443b40d31a5a02c7d4237a2bb9bdf8b6
:1072d40002200199204609f071fa0123a37303b037
:1072e400f0bd18f065ffe9e7002eeed1144f606c95
:1072f40018f0f0fe236e184423693840c3f30803e2
:10730400206603eb4020e37a206123b90df10201ea
:1073140001a818f04dff019b226e2b443b40d31a69
:107324005b02d2d5013616f0ff06e0d0a36a002b2b
:10733400ddd0204618f008fcd9e700bff0c10020da
:04734400ffff7f00c8
:020000040000fa
:020000040101f8
:1073480070b5044686b00e2200210df10a001cf02b
:107358004ffaa06d02a9b0f8b030adf8083000f1ce
:10736800a0024f3005f048fba16d2046a03114f073
:1073780019fc10201df0e4f9054680bb334b00933f
:1073880002460423c521ee2002f0a4fd10201df0c2
:10739800d7f9054610201df0d3f9064605b180bb84
:1073a8002b4b009300220423c421ee2002f092fd0f
:1073b80010201df0c5f9054678b1102200211cf0f7
:1073c80017fa0123ab70a06d294600f1d3024f30a4
:1073d80005f012fb28461df0b5f906b070bd032371
:1073e80000f8013b0f2200211cf002faa06d29468b
:1073f80000f18f025f3005f0fffa28461df0a2f970
:10740800c4e7a26d52f8b23f2b6053686b6000234b
:10741800ab60eb60a06d324629468f3005f0ecfa80
:10742800a26d337892f8b0104b4082f8b030a26d5c
:10743800737892f8b1104b40284682f8b1301df0ad
:1074480081f930461df07ef9b2e700bf5dfc02010c
:0474580074fc0201bd
:020000040000fa
:020000040101f8
:10745c00f0b5404b05681b7885b006460bb33e4c27
:10746c00d4f86c3f1f051cd4d4f8603f9905c3f3c6
:10747c00402216d48df8082002a918f08ffb95f83d
:10748c00e5302bb9d4f8283143f00803c4f828317f
:10749c00d4f8283143f00403c4f82831002005b097
:1074ac00f0bd1cf0dffff8b12b4cd4f86c3fc3f3ec
:1074bc000032db0418d4d4f8683f1f0314d5d4f879
:1074cc00603f980510d5d4f8683f99000cd5234936
:1074dc00d4f8683f0978c3f30263994204d08df85d
:1074ec00082002a93046c8e7ff238df801301cf0b4
:1074fc002df948bb1cf0b0ff30bb174cd4f86c3fd7
:10750c001b0521d40df1020201a9284613f0e4fd5c
:10751c000746c8b9019b1a68cdf809209b88adf8bd
:10752c000d309df802209df808300df1010162f339
:10753c00000302a88df808300bf008fa20b18df882
:10754c0003700df10301cde79df80110284602f000
:10755c00d9fba3e7d3c2002000240141d4c20020f0
:020000040000fa
:020000040101f8
:10756c002de9f04184b004468846019200273e463e
:10757c0037e04146204619f0a7fd013da56323697c
:10758c002bb91bf017ff012004b0bde8f08104f10a
:10759c00100003f071fc0028f3d04ff0e0234ff003
:1075ac008052c3f8042dbff34f8fbff36f8fe8e702
:1075bc001bf000ff0020e7e702a81bf05dfb1ae0c0
:1075cc0020460af05efffbf757fc09e020460af064
:1075dc0058fffbf751fc20461bf04cfd002844d112
:1075ec0001271af093fba56b002dc2d1019b002b38
:1075fc00ded0002fe0d01bf0ddfe1cf07dfa1af07f
:10760c0085fb94f844305bb2b3f1ff3f08bf84f8bc
:10761c00446094f845305bb2b3f1ff3f08bf84f887
:10762c0045601bf0c7fe01a902a810f005f900285f
:10763c00ccd120461bf01efd0028c1d0019904f1cd
:10764c0024001af049ff20460af01bfffbf714fc3c
:10765c000028c5d14ff0e0234ff08052c3f8042d21
:0e766c00bff34f8fbff36f8fbae700208ce79c
:020000040000fa
:020000040101f8
:02767a00704757
:020000040000fa
:020000040101f8
:10767c002de9ff473b4e336890461a78824689467f
:10768c00002a57d1b8f1000f02d15b78002b51d0f2
:10769c00402004f0cffb0546202004f0cbfb07462e
:1076ac00002d5cd000285ad02f4c19f01bfe2268fc
:1076bc00012382f824303268514613702846202268
:1076cc001bf072fc20224946a8181bf06dfc2368a5
:1076dc00b8f1000f1bd0254a1a621cf0bfff0146ff
:1076ec00284615f0e5faa8b9284616f011ff3846d9
:1076fc0016f00eff122402ab05221d498df80c402a
:10770c0001200ff08bfb204604b0bde8f08703f19d
:10771c002502e1e72368c3e9067508f0f1fc04468d
:10772c0048b13368002228461a7016f0f1fe38462c
:10773c0016f0eefe0c240f4b009302220123342191
:10774c00ec2002f0c5fb002cddd00b4b0093019418
:10775c0001230022fd21ec2002f0bafbd3e7072421
:10776c00e9e700bf94c1002090c10020247a0201f7
:0c777c0002050101343d03013c0803013b
:020000040000fa
:020000040101f8
:10778800f8b5046894f8ac31132b064603d094f886
:10779800ae31132b74d194f86450012d64d1b4f830
:1077a800f632a4f89e31204617f06cfab4f86872e5
:1077b800e7b91321304618f049fc94f8c6319b0705
:1077c80012d52946304619f0a1f81cf0f6f83946ca
:1077d8000446304619f09af81cf0eff83b4602468a
:1077e8002146304615f0d0f92846f8bdb4f898205f
:1077f800b4f86a329b1a9bb247f6fe7293422ad8b3
:1078080094f8681221b9304619f080f884f86802b3
:1078180094f869322bb90121304619f077f884f8c9
:1078280069021bf0ebfe014608b90025dce71823c6
:10783800c371b4f86a32038104f51a73c360304621
:107848001cf08bfe94f8681230460bf0bffd012542
:10785800a4f89e01c8e73046132118f0f7fb282149
:1078680030461cf07df8bfe7182130461af010f9b1
:1078780005460028d9d01321304618f0e7fbb3e7b6
:0a7888001821bde8f8401af003b91a
:020000040000fa
:020000040101f8
:107892002de9f04107460e4600200c211af0c8f8e7
:1078a2000546002847d00023f1073c6803734ad5f8
:1078b200b4f83022a4f83e22082a9abf02f1ff331c
:1078c200dbb2082384f83a32b4f89a30a4f83c3296
:1078d200b207d4f83232c4f8403206d594f84e12c8
:1078e200b4f8483249bba4f83e3294f83a326b738a
:1078f200b4f83c32eb81b4f83e322b82b4f8403219
:107902006b82b4f84232ab821bf07bfe0646002843
:107912003ed000234ff0010804f23a24c37101461d
:1079220080f80580c46038461cf01afe38462946a5
:107932001bf0ebfa4046bde8f081b3fbf1f201fb2c
:1079420012329b1acfe7b4f84822082a9abf02f1f2
:10795200ff33dbb2082384f83a32730715d5b4f843
:1079620052124ff6ff73994209d10123a4f83c3217
:10797200d4f84a32a4f83e22c4f84032b5e7b4f84b
:107982009a30002b08bf0b46f0e7b4f89a30ede7c7
:0a79920028461cf0e0fd3046cde76a
:020000040000fa
:020000040101f8
:10799c002de9f0430578012d85b0044656d05db134
:1079ac00032d64d0394b1b681b68002b42d020463a
:1079bc0005b0bde8f04318478578002df2d1334b64
:1079cc001f68984607f1100353f825605ffa85f994
:1079dc009ebb0c201cf0b2fe2a1d47f82200d8f8e2
:1079ec00003053f82230a3b11e609e605e60d8f860
:1079fc00003003eb850540212b691981296901238e
:107a0c00cb71296981f80290d8f8001051f8221036
:107a1c008b72d8f8003053f8223093b92378029344
:107a2c00a38801931a4b0093002204235321ee20c8
:107a3c0002f04efa05b0bde8f0830135082dc3d134
:107a4c00ece7a2881a80a279da70abe74688304658
:107a5c0018f0b0f9024630b90e4b0093cde9016530
:107a6c0004235421e3e7807819f006fc9ae7468852
:107a7c00304618f09ff902460028edd0237913b94f
:107a8c000123c3728ee70023fbe700bf30c1002047
:087a9c0070740201a1740201e3
:020000040000fa
:020000040101f8
:107aa400f8b5404b1d682c68237d990779d51420bf
:107ab4000ef048fe074608200ef044fe0823064652
:107ac400014623753a46284604f0e0fc40b13046ae
:107ad40016f03cfd28462221bde8f8401bf050bac0
:107ae400c4e9bf7694f86460012e1cd1204612f0dc
:107af400cbf93146f7f770f9a37d012b0fd194f838
:107b0400223063b1a37f53b11cf02af90368826861
:107b140094f822001344c4f8043319f077fc0123c9
:107b240084f80833d6e784f80903d4f87801037f8e
:107b34000bb91cf0cffd236eda0329d594f8292064
:107b440023f480332366a2b994f8211001b3d4f846
:107b54007811d1f8b00040f271214143d4f8940077
:107b6400884238bf0a1ad4e92210814210d29142c5
:107b74000ed243f04003236620232375204612f0df
:107b840083f90121f7f728f9012384f80933b3e7ce
:107b9400236e23f0400343f0005323660023237530
:087ba400aae7f8bdf8c10020ba
:020000040000fa
:020000040101f8
:107bac002de9f04391f90040e5b26a0000238046cc
:107bbc00a9b00e4652b2184659b28a4265dc00286a
:107bcc0060d006f1040922464146484619f0adf949
:107bdc00012866d108eb040722463946484619f0bd
:107bec00a4f901285dd123463a4618a803f0ecff0e
:107bfc0018a96846f6f7a8fc2022002110a81bf053
:107c0c00f5fd96f900700323424608ac8df8403020
:107c1c0041463b4618a803f0d7ff18a92046f6f7b3
:107c2c0093fc3b4610aa2146204617f072ff18b170
:107c3c004a46204618f0bafb16f9843b42462146c8
:107c4c0018a803f0c1ff18a92046f6f77dfc3b46a7
:107c5c0032462146204618f0a9fb28b93a46484638
:107c6c0019f063f9012805d03b464a4621462046c7
:107c7c0017f04fff6b1e5bb200201a060ad5b0fa44
:107c8c0080f0400929b0bde8f08318f803100133e7
:107c9c00084391e71df80320e15c4a401043013b87
:067cac00ebe70020eee70b
:020000040000fa
:020000040101f8
:027cb2000200ce
:020000040000fa
:020000040101f8
:107cb40038b505462c4b187000242c4b1c7040f230
:107cc400bc4221462a481bf095fde0222146294862
:107cd4001bf090fd284b1c605c609c60dc601c61a8
:107ce4005c619c614ff41072214624481bf082fdb4
:107cf400234b1d70234b1c70234b1c701cf078fa13
:107d040080ea0560214b984214bf43400123204a76
:107d140013601cf06dfa04461af09aff1d4ba3fb86
:107d240000235b0b42f2117202fb130004f5c34300
:107d340028331844184b18601cf05afa174b186073
:107d440000f5fa60164b18600123164a1370164aa0
:107d540013700023154a1370154a1360536013728d
:107d640013f036fc38bd00bfb7c20020b6c20020f5
:107d740010a0002008b60020e8bd002000fc01206f
:107d8400b5c20020b4c20020b3c20020179e3ca597
:107d9400c8c0002019b9b1d1d4c00020d0c000207f
:107da400ccc00020b2c20020b1c20020b0c200206a
:047db400a8bf002044
:020000040000fa
:020000040101f8
:107db80030b5816d4b78042b89b004460fd101f59d
:107dc800c07110f059fc2046fcf78aff2046f9f7ed
:107dd80053fa002211462046f4f7e0fa41e0012b5d
:107de80004d101f5c07110f047fcefe7022b47d131
:107df80091f82630132b41d8896ad94001f0010146
:107e080041f0800103f0d8fca56d102205f5d8716a
:107e180005f5d07019f008ff58bb05f5c07120466c
:107e280010f02afca36d93f82630122b1bd82021c2
:107e380068460ef0edfca56d6b4603cb05f5c072e8
:107e4800c5f88001516003cb9060d160a26d92f8b3
:107e58002630013382f82630a36d01229a7006235a
:107e6800a37009b030bd2046f9f706faa26d6f324b
:107e7800b0e70421204609f06bfcf2e70121fae79c
:107e8800032beed101f5c07110f0f6fb2046f9f78f
:107e9800f3f9a36d93f8e51019b1054a12689168d2
:107ea80040319a78002a96d003f16f0293e700bf19
:047eb800fcc10020e9
:020000040000fa
:020000040101f8
:107ebc002de9f04182b0334b01221a70324b002273
:107ecc001a701cf091f9314b18601cf07bf90228e8
:107edc0012d847f230500df0cdfe0021012015f0e4
:107eec00e5f91cf081f90746294b1b78002b3dd096
:107efc00284c0025264e17e01cf05ef9044618f0bd
:107f0c000ffb054618f020fb0346214a127800921d
:107f1c002a46214920460ef03dfadae70135203495
:107f2c003278ebb29a4221d9237f002bf6d1e0793b
:107f3c000028f3d018f01cfb0028efd1e368fb1ae3
:107f4c00164a9342ead9012323771cf03bf9022805
:107f5c00e4d91cf031f9e368fb1a114aa2fb0323a4
:107f6c009b09e2790f490ef015fad7e7fdf708fee9
:107f7c0000230d4a13700d4a1370f5f789ff02b0f8
:107f8c00bde8f0819fc20020e1c2002094c0002017
:107f9c009ec2002024b20020f0680001bfd4010072
:107fac00d34d6210106900019dc2002079c00020e1
:020000040000fa
:020000040101f8
:107fbc0038b5244c244d204600211cf0c3fb234b28
:107fcc00234a1d62234d1a605d62234a234d2449c6
:107fdc005a609d62234a244d9a60244a1961c3e970
:107fec000b515a611965224a224d23499a615d63ee
:107ffc00224a5965224d2349da61c3e90e52c3e97d
:10800c001612214a1a66214d214a5a66214a2248e3
:10801c009a66c3e91054214a214cda66214ad86089
:10802c00c3e912400721204811700022c0e9002347
:10803c001e4b8260c3600274bde83840012213f00d
:10804c00f5bb00bf96be0020264f020190b7002062
:10805c007e0c02016cbd00200ed2020172c0002009
:10806c00be070201a2e0020120001b11e34603013e
:10807c00168f0201de460301f0c500200500000149
:10808c00666202018e6e0201f23f0201f6380201b5
:10809c004bc50020b22f02010200000101000001bb
:1080ac00b61a0201b9c20020fcbe00200100070074
:020000040000fa
:020000040101f8
:1080bc002de9f04f07683b4d3c68894629689a4684
:1080cc0085b0064690462346a3b9f4b91cf0f2f8e5
:1080dc0000284fd003ab04223349039701200ef044
:1080ec009dfe2b6893f8ed2293f8ec329a4255d111
:1080fc0000244be091f8ec2202f1bc00013241f873
:10810c0020301b6881f8ec22dee7284b0093022319
:10811c001a468921ec20cdf8048001f0d9fe84f8b0
:10812c005c90a4f85e80d4f800b013f06dfc94f869
:10813c004d30042b01d0012b0ed10023637220464d
:10814c000df012fc2a6892f8ed32013382f8ed3210
:10815c0018f03afb5c46b8e794f84f3043f0010353
:10816c0084f84f30baf1000ff2d00421204615f0fc
:10817c0026ffede730461cf0a6fab2e704f1bc028c
:10818c00013453f8220019f003fae4b22b6893f887
:10819c00ed22a242f2d80022a3f8ec2205b0bde8f1
:1081ac00f08f00bfecc100200d010001002b03017a
:020000040000fa
:020000040101f8
:1081bc002de9f04190f855300446b3b13a4d866d37
:1081cc00d5f8008098f8043033b94022374906f1cd
:1081dc00eb0019f027fd40b104f11207eb36202219
:1081ec003146384619f01efd28b90a212046bde853
:1081fc00f04109f0abba98f8031030461cf088fa3d
:10820c000328f2d008b10821f0e72b6883f8280086
:10821c00e27852bba16d4a78022a12d11b78022b4c
:10822c0004d12046bde8f04112f0a2be042b03d1cc
:10823c0091f8e430022bf4d12046bde8f04119f05e
:10824c008bbc032a0dd15b7923b12046bde8f041ec
:10825c0019f071bc204601f5e071bde8f04110f059
:10826c0009ba0623a370bde8f0813946204613f005
:10827c00ddf8a36d5b78012b01d0042b0bd12046cc
:10828c00002103f097faa16d204601f5b871bde805
:10829c00f0410ff0b5b8032be3d12b685b79002bc1
:1082ac00d3d10723dee700bffcc10020e0c30201ed
:020000040000fa
:020000040101f8
:1082bc0070b50e46054600286cd00b7e032b42d8b9
:1082cc00dfe803f002132958354cd4f8683f04f664
:1082dc00ac7143f480630020c4f8683f19f0b6fd1c
:1082ec00b4f86c3f43f040032be02d4bd3f8682fd0
:1082fc0042f48062c3f8682f2a4a03f6ac71106806
:10830c009288c3f8ac0f8a80b3f86c2f42f040020d
:10831c00a3f86c2f17e0224cd4f8683f04f6ac712c
:10832c006ff38a230020c4f8683f19f08ffd1e4bb1
:10833c0018781bf099fdb4f86c3f0028d2d160f38b
:10834c008613a4f86c3f314628460df07dfb25b111
:10835c00154b304619781af05eff144b1b7843b15d
:10836c000f4bd3f89c2f40f2ff1161f31842c3f866
:10837c009c2f70bd0a4cd4f8683f43f48063c4f85a
:10838c00683f084b04f6ac7218689b88c4f8ac0fb5
:10839c009380cce7024bb3f86c2f60f38612b7e7ef
:1083ac00002401415bc00020d4c20020d3c20020b5
:020000040000fa
:020000040101f8
:1083bc00037813f03f0278d04a1e062a73d8dfe800
:1083cc0002f00a04111b2a3d5500427812f0010fed
:1083dc000cbf0121072103f03f038b4265d901310a
:1083ec0008447047427812f0010f0cbf012107219d
:1083fc009207f0d50631eee7427812f0010f14bf68
:10840c000721012112f0020f18bf06311207e2d525
:10841c000231c9b2dfe7427812f0010f14bf072115
:10842c00012112f0020f18bf063112f0080f1cbf09
:10843c000231c9b2d206ced50331eae7427812f046
:10844c00010f14bf0721012112f0020f18bf0631d2
:10845c0012f0080f1cbf0231c9b212f0100f1cbf72
:10846c000331c9b29206b6d51231d2e7427812f076
:10847c00010f08bf012112f0020f1cbf0631c9b257
:10848c0012f0080f1cbf0231c9b212f0100f1cbf42
:10849c000331c9b212f0200f1cbf1231c9b25206ff
:0e84ac0099d50131b5e7002195e70020704712
:020000040000fa
:020000040101f8
:0284ba001300ad
:020000040000fa
:020000040101f8
:1084bc002de9f843012907460e461546d0f80880e9
:1084cc002dd80c200ef03af90446002864d0342341
:1084dc0003fb0573012283f88a2087f82f200020e4
:1084ec00a38803f0f80343f4807343f00103a380e3
:1084fc00012e46f48073e38043d818f0f5fa274b2d
:10850c00c4f808801a689b882073c4f80d20a4f85e
:10851c001130e5742046bde8f84318f019b902296a
:10852c000bd105200ef00af90446a8b3342303fb43
:10853c000577012387f88b30d1e703292cd109204b
:10854c000ef0fcf8044638b34ff0340909fb0579fa
:10855c00012389f88930124b29461b683846984705
:10856c00104b11491b68d1f808211b0c1b0403eba1
:10857c001242c9f87c20d1f8102113fa82f3bb62a5
:10858c00aee7022ec4f8088001d12573c2e7032e92
:10859c0004bfe0602574bde7bde8f88361c000202e
:0c85ac0048c20020e8c10020002401416a
:020000040000fa
:020000040101f8
:1085b800f7b53c4bd3f81c61d3f81c213a4b1c7817
:1085c800c6f34036c2f380225ffa86fcd7b21d4656
:1085d800002c4ad09c78bcf1000f32d000232b70bd
:1085e800342303fb010393f88730022b3fd10c237c
:1085f80003fb045300211a7a59720132d2b2022abb
:108608001a7206d101221a72da88012a01d0520898
:10861800da8001210df107000ef0faf80c2202fbb6
:1086280004539df807109b79013b0b40ff2b18bfa3
:1086380001338df8073002fb04549df8073023718d
:1086480013e05fb11e70342303fb010191f85c3025
:1086580013bb91f88730022bc9d80ae00c2101fb23
:1086680004341a7021790131217103b0f0bd002f53
:10867800e9d10c2303fb045300215a7a1972013201
:10868800d2b2022a5a72c4d101225a72da88b2f5d9
:10869800807fbed05200bbe7012bead191f887302a
:0c86a800012bd9e70024014104ba002096
:020000040000fa
:020000040101f8
:1086b4002de9f04786b081460f46904618f07effbc
:1086c4000646002867d0046894f98032002b64dae7
:1086d4000021204614f042fd824627b1231893f965
:1086e40070327e2b08d0b8f1000f4ad004eb0a0395
:1086f40093f974327e2b44d1304618f007fc90b3c2
:1087040094f8803267f3000368f3410384f88032fd
:10871400012303fa0af3002584f88b3284f88c527f
:10872400514630461af0e4fb84f88d0230461cf0c2
:1087340023f81b4b0093cde90278cdf80490012374
:1087440002225421ec2001f0c7fb45b1154b0093e4
:10875400019501230022fd21ec2001f0bdfb2846f8
:1087640006b0bde8f08705ab042207213046adf81a
:1087740014908df816708df8178015f009fc0546d5
:10878400d7e794f8803267f3000368f3410384f871
:1087940080320025cde70225cbe71a25c9e700bfc3
:0887a400b2d0020120fc020129
:020000040000fa
:020000040101f8
:1087ac002de9f041374c94f90420824209d094f918
:1087bc000230834203db94f90330834203dd9a4297
:1087cc0002d1bde8f08103462f4f217c3e789b1be4
:1087dc00deb2a37901f0010853ea080872b21dd089
:1087ec00012b2a4b17d11344d11c29499a7eacbfbb
:1087fc00002001200870657c05f00703a58945ea77
:10880c00832515433b781e44267129466220bde81a
:10881c00f04115f0abb913445a7eece71d4b94f9bb
:10882c0011001344042a93f81dc014dd2289c1f3ee
:10883c00420342ea8323002843ea0c05e2db638906
:10884c00090943ea4101082015f090f9637c43f0d3
:10885c0080036374d6e7617ca38901f0070543eac2
:10886c008523002843ea0c05ccdae389c1f3c30164
:10887c0043ea4101082015f079f9637c68f3c713ca
:10888c00e7e700bf80be002094c2002098f80201e8
:08889c00ccc2002060040301be
:020000040000fa
:020000040101f8
:1088a4002de9f74f2f4f304c3e78dff8e490b51e9a
:1088b400edb205f102084fea081ccde90023acf142
:1088c4002003234483468a460fcb04eb0c0e8ee828
:1088d4000f000cf1100eacf1100ca4449ce80f0036
:1088e400a6448ee80f00b11c20481bf02fff3b78f4
:1088f40048460222023300f8012b414604eb0515d9
:108904003b701bf023ff09f1030042f604211bf026
:108914001dff174a174bab60174beb60c5e90029e5
:10892400164d594628461bf011ff5146a81c1bf052
:108934000dff0099281d1bf009ff013e0199a81d98
:108944001bf004fff6b20e4b3a7804eb0614c4e9ac
:1089540000350c4ba3600c4be3600c4bda8103b085
:10896400bde8f08fb9c2002090b70020f1c5002007
:10897400be070201daa9020105000001fcbf0020c4
:10898400d25602015ebf020108000001fcbe0020b5
:048994006dc0002092
:020000040000fa
:020000040101f8
:108998002de9f04395b081460f4618f00dfe0646c6
:1089a800002866d0056895f98032002b63da7c1eb2
:1089b8005ffa84f805eb080292f974c2bcf17e0fe5
:1089c8003ad118f0a1fa58b395f880220123a340b0
:1089d80042f00402002485f8802285f88b3285f85d
:1089e8008c42414630461af081fa85f88d023046ad
:1089f8001bf0befe214b0093022201235321ec20e1
:108a080001f068fa44b11e4b00930194012300223f
:108a1800fd21ec2001f05efa204615b0bde8f08398
:108a280002ab032206213046adf808908df80a7093
:108a380015f0acfa0446dde7002441f22103adf855
:108a480008308df80c402b88adf80e3002238df8d5
:108a580010308df811708df812c092f87c328df8b4
:108a68001440c3f3010302a88df8133015f070fe0b
:108a7800c0e70224bee71a24bce700bf5e29030151
:048a880020fc0201cb
:020000040000fa
:020000040101f8
:108a8c00f0b50368b3f82a02b3f81e42b3f82062bb
:108a9c00b3f82c52b3f82222b3f82612b3f828728a
:108aac00b3f89ec1a04228bf2046b54228bf354628
:108abc00914228bf1146b3f82422ba4228bf3a4645
:108acc0084450bd1b3f8a0c1ac4507d1b3f8a2c112
:108adc008c4503d1b3f8a4c1944548d01a2823d8a7
:108aec001b20a3f89e01b3f89e01a3f8f6021a29e5
:108afc001ed81b21a3f8a21193f86610c9061fd526
:108b0c00b2f5a47f18d24ff4a472a3f8a42193f861
:108b1c006720d2061ed5b5f5a47f21d24ff4a472de
:108b2c00a3f8a0210120f0bda04228bf2046d8e721
:108b3c00fb2988bffb21dde7974238bf3246e4e7cb
:108b4c00b2f5296f02d24ff42962dee7ba4228bf90
:108b5c003a46dae7b5f5296f02d24ff42962dfe71e
:108b6c00ae4234bfa3f8a061a3f8a051dae700200d
:028b7c00d9e737
:020000040000fa
:020000040101f8
:028b7e001300e2
:020000040000fa
:020000040101f8
:108b80002de9f04186b005460e461c460f2b28bf46
:108b90000f248df80400324991f800808df805808b
:108ba00030490f78781c08708df806700c218df80c
:108bb00007108df808600ab111465bbb0534e4b2ba
:108bc0003946404602f0cefe4ff6ff72214601a81c
:108bd00001f012f9ff2d3bd005f14003dbb2092b68
:108be00036d9adb306f0fb03032b31d01e4a002368
:108bf0001178a9b101331c32082bf9d1012e27d1ec
:108c00001a4a00231178012925d101331c32082b7f
:108c1000f8d11de022460df109001af0cbf9cde79d
:108c2000ddb2ff2dead0104ec5ebc50706eb870776
:108c300001233b703846224601a918441af0baf9bc
:108c40007c750023bb751bf0d5fa00f52f70b86159
:108c500006b0bde8f081ddb2ff2de4d1f8e700bf3a
:108c6000b7c20020b6c2002008b600200db6002012
:020000040000fa
:020000040101f8
:108c700030b584682388043b9bb243f6fc72934270
:108c800089b066d86388043b9bb2934261d823794c
:108c9000012b5ed8a1898b1f9bb240f67a4083429c
:108ca00057d8e289931f9bb2834252d8914250d841
:108cb000238ab3f5fa7f4cd2638a0a3b9bb240f613
:108cc0007642934245d812f0ebfc0546002842d08c
:108cd0002388adf804306388adf8063060792379d5
:108ce0008df808301bf0a0fc23468df8090053f8de
:108cf000062fcdf80a209b88adf80e30a389adf879
:108d00001230e289adf81420228aadf81620628a6a
:108d1000adf8182004a8adf81a30adf81c3019f0e1
:108d2000effb0221012017f035f801a814f02cfd0b
:108d3000044650b90123eb70084b1a68137843f0ce
:108d400004031370204609b030bd284615f0c8fa58
:108d5000f8e70324f6e70424f4e700bf28c1002065
:020000040000fa
:020000040101f8
:108d600000000000353b030101000000353b03011a
:108d700002000000353b030105000000abd70101f4
:108d800006000000abd7010107000000353b0301de
:108d900008000000353b030113000000353b0301d0
:108da00009000000353b03010a000000553b0301a8
:108db0000b000000453b03010c000000353b0301a4
:108dc0000d000000353b03010e000000abd7010190
:108dd0000f000000abd7010110000000753b03013c
:108de00011000000353b03011f000000353b03016b
:108df00012000000353b030114000000353b030165
:108e000015000000853b030116000000753b0301bf
:108e100017000000953b030118000000953b03017b
:108e200019000000953b03011a000000753b030187
:108e30001b000000853b03011c000000353b0301c3
:108e40001e000000653b03011d000000353b0301cf
:020000040000fa
:020000040101f8
:108e500073b503790193374d374b009302220123f9
:108e60000f210446ec2001f039f82868f021043085
:108e70001bf092fa06461af0edfe00284dd11eb105
:108e800096f86031002b48d12388203b9bb244f6f2
:108e9000e07293424cd86388203b9bb2934247d800
:108ea000637b002b44d02868f02104301bf074fa57
:108eb000237980f87330012380f82b30617b80f8b0
:108ec00020106388c36123888361a37b80f82930e5
:108ed000637980f82130a37980f8223054f8073f75
:108ee000c0f82330a388a0f82730002380f8f4309e
:108ef00021fa03f2d20748bf90f8f42003f10103ee
:108f000044bf013280f8f420032bf1d101201af084
:108f100091fe0024204602b070bd0c24074b009344
:108f2000019401230022ff21ec2000f0d7fff1e79c
:108f30001124f3e788c100206e0d0301860d0301a3
:020000040000fa
:020000040101f8
:108f40002de9ff4104680023cde9023394f8e830ad
:108f5000ebb9314b94f8f5601b6898472f4b04f13f
:108f6000f60806f0010607461b684146304698475a
:108f70000546002f44d170b1294b009302220123f2
:108f80004a21ec2000f0aaff002384f80c310020d5
:108f900004b0bde8f0814ff4437104200cf05af99d
:108fa00005460028f0d0c4f8100107681d4b38882a
:108fb0001b684246314698473946204617f036ff2f
:108fc00012f0d1f994f80211d4f80421222303fb02
:108fd0000141154b4a311b68284698470123a4f8e4
:108fe0000e3103a902a802f091ff0028ccd103980a
:108ff000036813b11bf0bffac6e707f02dfcc3e707
:109000000a4b0093022201234921ec2000f066ff65
:10901000002db9d0b0e700bfacc10020a8c100202e
:10902000ce0f0301a4c10020b0c10020de0f030158
:020000040000fa
:020000040101f8
:10903000f8b5cb6890f866701e785d78002102461e
:1090400012f0c4fe022e044692f864302bd0042e97
:109050002dd0012e05d1012b4ff011012fd182f817
:109060006610022d30d0042d32d0012d3ed1012bbf
:109070004ff0110138d182f86710212f92f8663035
:1090800045d1212b34d0d06e116f6ff4c6754ff4db
:109090009c73284403fb0101b1fbf3f003fb1013a5
:1090a000c2e91b3024e0012b4ff01201d6e7012b5f
:1090b00001d12121d3e792f8681019b9232182f850
:1090c0006710cee72221fae7012b4ff01201d1e71a
:1090d000012b08d192f868301bb9232382f867303e
:1090e000cbe72223fae7212182f86610012bc4d0b6
:1090f0000021104612f06afe1319024493f970120f
:1091000082f8701293f8783282f87832f8bd212b09
:10911000eed1d06e116f03f2171300f28d10b9e784
:020000040000fa
:020000040101f8
:1091200090f8e520394be2bbd3f80821b0f8b41031
:1091300061f31f42c3f80821d3f80c21b0f8b41032
:1091400061f30f02c3f80c21d0f8b420d3f80c114e
:10915000833292b262f31f41c3f80c11d3f810218d
:10916000b0f8b01061f30f02c3f81021d3f810214a
:10917000b0f8b01061f31f42c3f81021d0f8b0204e
:10918000d3f81411243292b262f30f01c3f8141110
:10919000d0f8b430c0f8bc30d0f8b030c0f8b83037
:1091a0007047d3f80821b0f8bc1061f31f42c3f830
:1091b0000821d3f80c21b0f8b41061f30f02c3f802
:1091c0000c21d0f8b420d3f80c11843292b262f39f
:1091d0001f41c3f80c11d3f81021b0f8b81061f397
:1091e0000f02c3f81021b0f8b010d3f8102161f3ca
:1091f0001f42c3f81021d0f8b020d3f81411253243
:1092000092b262f30f01c3f81411704700240141b8
:020000040000fa
:020000040101f8
:1092100007286ad870b50d4600f500563046eef7bf
:109220009df8002863d03046eef7bbf808b901205e
:109230005ee0344608342046eef790f8c8b1204688
:10924000eef7aff808b9012052e02a4c0fccc5f870
:109250001700c5f81b10c5f81f20c5f8233020687b
:10926000c5f82700a288a379a5f82b2085f82d3012
:109270000ce00023c5f81730c5f81b30c5f81f30c7
:10928000c5f82330c5f82730c5f82a301a4c2646d1
:109290000fce28606960aa60eb6030682861b288f0
:1092a000b379aa82ab75d4f81720d4f81b30d4f860
:1092b0001f00d4f82310c5f82e20c5f83230c5f8a9
:1092c0003600c5f83a10d4f82720d4f82b30c5f86a
:1092d0003e20c5f84230b4f82f2094f83130a5f87c
:1092e000462085f84830002002e003207047032024
:0c92f00070bd00bf4cbd00207cbc002005
:020000040000fa
:020000040101f8
:1092fc0038b5431edbb2622b02d90024204638bda0
:10930c0005461af05fff022834d82c481af042ffa9
:10931c001af0e2fb04460028fad11af0d5fb00281b
:10932c002fd12649264819f05ffc00bf1af0d4fb58
:10933c000028fbd12349284619f056fc1af0ccfb27
:10934c0004460028fad11af0bffb20bb1af03afff2
:10935c0002282ad8194b1a68194b9a42ced1174bae
:10936c005b68dbb2ab42c9d1174b154a1a605d6022
:10937c000124c3e71af020ff104a14490df00af833
:10938c00c3e71af01fff0228b8d91af015ff1049cd
:10939c000df000f8b2e71af015ff0228aed91af05a
:1093ac000bff0c490cf0f6ffa8e71af005ff034b76
:1093bc001a685b6808490cf0edffcbe700000f0161
:1093cc0001e5a7d104000f01d4bf0020306d0001ce
:0c93dc00486d0001586d0001686d000133
:020000040000fa
:020000040101f8
:1093e80030b50388132bc3b0044620d041f20a02db
:1093f80093422cd0052b45d10579002d42d1c08848
:1094080015f086fe58b12f4bc5701a681378013bca
:10941800dbb213701bb11821b1fbf3f35370e08872
:1094280017f070f908282dd015f08afe2ae0c088b8
:1094380015f06efe30b3227a83789b1a214adbb28c
:109448001268837052789a421cd843b030bd0379b1
:10945800c3b91c4a126802f16f0100bf11f823005a
:1094680040bb02eb8303e188a3f86c104ff48071d2
:10947800a3f86e1013780133dbb213701821b1fb17
:10948800f3f353702188104a002300bf32f82300f9
:10949800884213d102eb8303211d9b788df8043099
:1094a800442202a819f082fd064b1b6801a85b68dc
:1094b8009847cae70133082bd0d1e3e701331e2bc5
:0c94c800e4d1c2e740c1002028480201a6
:020000040000fa
:020000040101f8
:1094d4002de9f8438046894616461c46056806f081
:1094e40087fc074600285dd0002121604368636043
:1094f4001c602d4b4460c5f87841e3622b4b6362da
:109504002b4ba3622b4b236301236372a373aa6dba
:10951400226140f201122464e372a2816377217212
:10952400a16495f84a30d5f878215b00dbb29361e9
:10953400284610f096fdd5f87831c0b25861b5f8d8
:109544004a2084f80a9040f2e2435343636426bb02
:109554002687e663c4f8208095f86530122b17d16e
:1095640095f86430a3b995f84700b5f84a6003f25a
:10957400e24358435e4318f06afb00220e4b1bf093
:109584007df818f0a7f9324681b220460ff08cff1f
:109594003846bde8f8431af033bc33682387736850
:1095a400e363d7e7bde8f883b94403011921030154
:0c95b400bd3703016d45030100888340b2
:020000040000fa
:020000040101f8
:1095c000f7b513780193364b009307460423ee203a
:1095d0000e4615469021022200f080fc384616f017
:1095e0000bf8044658b92f4b009302460197042309
:1095f0009121ee2000f072fc002003b0f0bd8388c2
:10960000b342f9d329780d2927d02dd8062907d0c0
:109610001ad8032921d00bd801291ed002290bd139
:10962000214b1b685b682a4631462046984719e063
:109630000429f5d0052910d011f0400212d10623db
:10964000204606f037ff0de0092906d003d8072988
:1096500003d00829e3e70b29e2d1134b1b689b6871
:10966000002be0d10120c8e71729f6d00ad812292b
:10967000d6d003d81029d3d01129dce71329ecd098
:109680001629cce71b29e8d003d81829c8d01929f6
:10969000d1e71e29c4d05229c2d01d29cbe700bf73
:0c96a000e0c50201f8c5020100c2002074
:020000040000fa
:020000040101f8
:1096ac00f8b5046891f84f60002384f8e430334b2c
:1096bc000d4619601af0d0fe314b06f004061870f6
:1096cc001af0d0fe48b12f4f3878013000f0070067
:1096dc0038701af045f80028f6d0deb1d5f8ac1089
:1096ec00d4f82c0117f050fa274b98420ad994f869
:1096fc00e43043f0100384f8e4302046fbf700f923
:10970c000020f8bd19f0e0f8d4f8cc308342eed844
:10971c00c4f8d0000021204619f072fd0028e6d1d3
:10972c00e6b194f8e630012b0cbf04235b0884f8f7
:10973c00e630d5f8ac30c4f8d4300122002384f8dc
:10974c00c1200f2284f8e53084f80a31a4f81421e2
:10975c0084f8163120460ef0affad1e7a86919f05b
:10976c0070fd0146d5f8ac0011f046fdc4f82c0193
:10977c00d5f8b030c4f8d030dbe700bf24c20020ed
:0c978c00d3c20020d4c2002038feff7fb2
:020000040000fa
:020000040101f8
:1097980038b5837b0546032b2bd8dfe803f0021589
:1097a8003148334cd4f8683f04f6ac716ff38a2320
:1097b8000020c4f8683f18f04bfbb4f86c3f43f046
:1097c8004003a4f86c3f14e0294bd3f8682f42f407
:1097d8008062c3f8682f274a03f6ac711068928834
:1097e800c3f8ac0f8a80b3f86c2f42f04002a3f89c
:1097f8006c2feb7b032b31d8dfe803f029293131bb
:109808001b4cd4f8683f04f6ac716ff38a23002030
:10981800c4f8683f18f01cfb174b18781af026fba1
:10982800b4f86c3f0028cad160f38613c9e7104c1e
:10983800d4f8683f43f48063c4f8683f0d4b04f6de
:10984800ac7218689b88c4f8ac0f9380e4e7084ba7
:10985800b3f86c2f6ff3cf32a3f86c2f38bd044ade
:10986800b2f86c3f43f40043a2f86c3ff6e700bf40
:0c9878000024014161c00020dcc200207f
:020000040000fa
:020000040101f8
:1098840030b50179364b002935d001294bd01a68ff
:1098940042f080021a60334a11686ff30f011160bd
:1098a40011686ff31f411160114651f8044f6ff3b3
:1098b40004040c601c6844f040041c601c686506c9
:1098c400fcd41c686400fcd5d0f8054014600a6818
:1098d400407a60f304020a601a6842f040021a6097
:1098e4001a685106fcd41a685200fcd51e4b18683d
:1098f400c0f3054030bd1a46058852f80c4f65f395
:109904000f0414601468458865f31f4414601a68d2
:1099140061f34d321a601a46448952f85c1f64f3ad
:109924000f011160b3e703f500720488116864f352
:109934001f41116003f501724488116864f30f013b
:109944001160116841f4e02111601a6842f4005278
:109954001a601a46448952f8681f64f31f41e0e70d
:0c9964005434014158340141b034014139
:020000040000fa
:020000040101f8
:109970002de9f04106460c46174614f0adfb0028d1
:1099800057d00546037813f0200f02d0037a002b3e
:1099900051d02f4b03f5946e02e0943373454ed0b3
:1099a00093f889c0bcf1010ff7d193f800c0bcf166
:1099b0000c0ff2d9042447e0fe201af011fe804675
:1099c00000283ad02b7813f0200f08d113f0100f95
:1099d00018bf122304d11af007fe052434e05223e5
:1099e00088f8f8306b78c3eb03131a4a02eb430391
:1099f0009b89a8f80030a8f802402246394608f1b1
:109a0000040019f0d7fa0023a8f8fa3088f8fc30df
:109a10004146304613f0d8fd044640461af0e4fdb6
:109a200094b92b7813f0200f0ed02b7a013b2b72b8
:109a30000ae0012408e0042406e0022404e0ab88e4
:109a4000033b9c42b8d901242046bde8f08100bf09
:089a5000d5a4002018b5002088
:020000040000fa
:020000040101f8
:109a5800f7b5064648b9324b009305230246194626
:109a6800ef2000f037fa03b0f0bd17f03dfc18f016
:109a7800a5fd337a9b0605463ad517f07dfc347a66
:109a8800284b6ff34514347214f0070418bf0124ef
:109a9800194653f8242096420ed1234a1278a2423e
:109aa800326819d1736841f824201f1a44bf03f1a2
:109ab80080531f1a012f0cd81c4b53f83420194619
:109ac8006ab91b4b009311460523ef2000f002faf8
:109ad8000ee008f04bf9efe743f82420ece7b24238
:109ae80013d1326843f8342012b903ebc40464601c
:109af800284603b0bde8f04017f02cbc1a4623b93d
:109b08000c4b009301210523dfe71368b342f5d11d
:109b180033681360002bebd101ebc4046260e7e704
:109b2800783503011cc00020c3c2002064bf002098
:089b380054ed02016ced020185
:020000040000fa
:020000040101f8
:109b4000f8b5064605680f460020182117f071ff8a
:109b5000044600283fd00f2f07733dd1b5f82e32b1
:109b6000a0f80d30b5f83032a0f80f30b5f8323229
:109b7000a0f81130b5f83432a0f81330b5f89a30a7
:109b80004ff6ff72002b08bf134603834ff0ff33dd
:109b9000c0f81a30c0f81e3080f8223080f8233028
:109ba000002363751af016fcb5f84c30b5f8982010
:109bb000052803f101038bbf03ebc30303eb43034e
:109bc00002eb430302eb83039bb23046e382214660
:109bd00019f09cf90120f8bd102fe1d1b5f84632fb
:109be000a0f80d30b5f84832a0f80f30b5f84a3279
:109bf000a0f81130b5f84c32a0f81330b5f89a300f
:109c00000bb9b5f852322383b5f854326383b5f8f3
:109c10005632a383b5f85832e383b5f85a32238419
:089c2000b5f85c326384bbe778
:020000040000fa
:020000040101f8
:109c2800f0b5334d2c6866075cd5002851d1314c0e
:109c3800276897f83463002e4ad055f8144f2e4df4
:109c4800641a611e21f07041a94241d840f2712185
:109c58004ff0884c61436ff41c742144dcf8404099
:109c680040f6fd6504f4405440f60d0eb4f5005f6f
:109c78000cbf2c4674464908204db5fbf2f5254427
:109c8800a94225d9dcf8404004f44054b4f5005ffb
:109c9800a1eb050109d197f8274334b14ef28f247f
:109ca800a14215d9a1f5624190394ff47a75b1fbfb
:109cb800f5f005fb101102fb00f44a43b4fbf5f480
:109cc8000e49b2fbf1f214441c440d4b30461c60a3
:109cd800f0bd0b4a0b481468e41a84428cbf00207c
:109ce8000120f5e7034b1b6893f83403f0e700bf46
:109cf800203e0141ecc10020feffff0740420f005b
:089d0800f4c10020feffff7f03
:020000040000fa
:020000040101f8
:109d1000f8b50022354c80f84220d4f86c2f037e31
:109d20000d461105064600f1430752d4d4f8682fba
:109d300092004ed5032b2ed8dfe803f00444072e03
:109d4000ff2d06d1d4f8003109e0d4f8685fc5f3df
:109d5000026528461af08ef8d4f8003148b16ff346
:109d60004103c4f8003122490020bde8f84018f052
:109d700073b843f00203c4f8003128461af0caf859
:109d800004460ef099fb012386f842302368c6f89a
:109d90004330a388bb80f8bdd4f8685fc5f3026583
:109da00028461af067f8d4f8003143f00203c4f8eb
:109db00000310028e1d00f48bde8f8400ef07cbb30
:109dc000ff2dedd1d4f8003143f00203c4f8003187
:109dd000f1e7032bdfd801a252f823f0459d0101e2
:109de000c59d0101419d0101c19d01010024014169
:089df000ac3301415bc000200f
:020000040000fa
:020000040101f8
:109df8002de9f04781468a4617461af0fdfb0446ce
:109e080000f1a8064ff0000806e01af0ddf9022874
:109e18001dd81c34b4423ad02546e379002bf8d03b
:109e28006379002bf1d0e378022b17d02288ba424d
:109e3800efd0012bedd052464946284603f044ffa7
:109e48000028e6d008f101085ffa88f8e1e71af07f
:109e5800b5f922881b490cf09ffadae7a3793bb9d8
:109e680099f80030ff2b03d04033dbb2092b03d81d
:109e78002b88bb42dfd1cce71af0a6f90228c8d953
:109e88001af09cf9228810490cf086fac1e7b8f15b
:109e9800000f0bd11af098f9022801d8bde8f08715
:109ea8001af08cf909490cf077faf7e71af08cf9ef
:109eb8000228f3d91af082f9424605490cf06cfae7
:109ec800ece700bfac6b0001cc6b0001f06b00014c
:049ed800106c000109
:020000040000fa
:020000040101f8
:109edc002de9f041334d1e462b68a2b004460f46c7
:109eec009046002b58d01af015fa002854d11af0cd
:109efc00e1f9002850d1f20703d52b4b1b68db0787
:109f0c000bd4b00703d5284b1b68990705d47207ef
:109f1c0042d5254b1b685b073ed5244b8df8008042
:109f2c001b788df801408df80270002b37d1c4f1ed
:109f3c00ef041f4f04eb84042744384619f040f813
:109f4c0039460646c4b2024602a819f02df822abd7
:109f5c001e4401343a2306f8803ce4b202ab1819d3
:109f6c0029ab289a0193c4f17e01f6f70bff54fa42
:109f7c0080f0c0b222ab03440d2203f8802c431caa
:109f8c0022aa52fa83f302300a2203f8802cc1b2bf
:109f9c002b6802aa6846984722b0bde8f08102a857
:109fac000024dde780c1002084c10020bfc2002056
:049fbc006435030104
:020000040000fa
:020000040101f8
:109fc000f0b5324a324885b000231546c158d15009
:109fd0000433102bfad12f4b2f4e1a8842f0010276
:109fe0001a801a8842f004021a801a8842f002028b
:109ff0001a801a8842f008021a801a68d007fcd426
:10a000001a685107f9d41a689207f6d41a68c2f38d
:10a01000c002002af1d1214b1968adf80010184692
:10a020001c4650f8041dc1f30f41adf8021054f85e
:10a03000041fadf80410194651f8087fadf80670fa
:10a040002468c4f30f44adf808401b68adf80a302b
:10a050000368adf80c300b68adf80e306946134656
:10a060000a460878ec5c01332043102b01f8010b01
:10a07000f7d1b6f8a0350a4c6ff30003a6f8a03567
:10a080000fca84e80f0005b0f0bd00bf54bf002028
:10a0900000400144143e014100240141043e0141bd
:04a0a00080290141d1
:020000040000fa
:020000040101f8
:10a0a4002de9f34705689df8003095f8226095f88e
:10a0b40021a066f300038df800302b46074653f8c1
:10a0c400232fcdf801209b88adf8053068460c4657
:10a0d4000ff03efa8146684607f0a8ff3a7928490e
:10a0e40023788a5c62f30303237080460e2018f001
:10a0f40091fa237860f345132370dbb2baf1000fb1
:10a1040013d16af38613237085f832a02378b8f14b
:10a11400000f2cd043f080032370012385f83130e5
:10a124007b79637002b0bde8f087baf1010f06d104
:10a1340043f040032370002385f83230e6e7baf198
:10a14400020f0dd1b9f1000f04d043f04003237086
:10a154000123f1e769f38613237085f83290d5e77c
:10a1640043f040032370b9f1000ff6d0f0e7003656
:10a1740018bf012666f3c713237085f83180cfe733
:04a18400c43f0301d0
:020000040000fa
:020000040101f8
:10a188002de9f347dff8d88006460f46c92501f0c8
:10a19800070980f0010a032101a80cf039fb9df89a
:10a1a80006302b4c03f07f0343f040038df8063054
:10a1b800d8f800309a00fbd4264b1a8842f04002a7
:10a1c8001a801a8842f020021a8016b13846fcf725
:10a1d8006dfdd4f8683f9df8041069f31243c4f884
:10a1e800683fb4f86c3f6af30003a4f86c3f1a4b5d
:10a1f8001a6861f307021a601a689df8051061f37e
:10a208000f221a601a689df8061061f317421a6047
:10a21800d4f8683f43f48003c4f8683fd4f8683f33
:10a228005b02fbd4d8f8003013f0807f0b4b1b681f
:10a2380014bf1f200020013d13f0020f18bf1f207c
:10a2480015f0ff0501d01f28a5d002b0bde8f087a2
:10a2580000240141c4340141103401418c340141ce
:04a26800303401414c
:020000040000fa
:020000040101f8
:10a26c00f0b5364b1c78342303fb0404d0e90615f7
:10a27c00a26f94f85c70324b96b20139013d77bbfa
:10a28c00d3f8087166f31f47c3f80871d3f80c7143
:10a29c0066f30f07c3f80c71d3f80c61114489b243
:10a2ac0061f31f46c3f80c61d3f81011868c66f36a
:10a2bc000f01c3f81011d3f81011868c66f31f41ef
:10a2cc00c3f81011416a2944d3f8145189b261f3cf
:10a2dc000f05c3f81451e267436a8362f0bdb4f80a
:10a2ec007c70d3f8084167f31f44c3f80841d3f8d6
:10a2fc000c4166f30f04c3f80c410a44d3f80c115b
:10a30c0092b262f31f41c3f80c11d3f81021018de6
:10a31c0061f30f02c3f81021818cd3f8102161f383
:10a32c001f42c3f81021426ad3f814112a4492b286
:10a33c0062f30f01c3f81411d0e700bfd9c200209b
:04a34c0000240141a7
:020000040000fa
:020000040101f8
:10a350002de9f0430c468bb010210746164614f049
:10a36000fffb0546002855d107f15400fff774fba9
:10a37000052c4fd9023c96f80180a4b2a04549d8db
:10a38000b4fbf8f308fb13430236002b45d1a4ebd2
:10a390000801023131440df10e0019f0c7fffa8fa8
:10a3a000bdf80e309a423ed001339bb20df1150537
:10a3b000bb87adf810304ff4205102232846adf88a
:10a3c00012208df814301af0c3f900959df814305e
:10a3d000bdf81220bdf81010384608f069f94ff0aa
:10a3e00000094ff482701af0aff9054690b10123cd
:10a3f00003703b88838080f80680048124b1224664
:10a4000031460a3018f0d6fd85f8ff900421284621
:10a4100016f034fb0bb0bde8f083fb8fadf80e30c7
:10a420002c46a846bbe7384618f050fc4ff001090f
:02a43000d7e76c
:020000040000fa
:020000040101f8
:02a43200020026
:020000040000fa
:020000040101f8
:10a4340010b550b9344bd3f8642f60f34922c3f8f4
:10a44400642fbde8104002f061bc91f873200b2a20
:10a4540001f123001bd840f69203d340db4313f0f1
:10a46400010314d1284c91f82210d4f89c2f63f3e3
:10a474001842c4f89c2f18f091f9282001f010fc20
:10a48400d4f8643f43f40073c4f8643f10bd91f8fa
:10a494002930032b0fd8dfe803f00216232d1a4bc3
:10a4a400d3f89c2f40f2ff1161f31842c3f89c2f9c
:10a4b400002002f02bfc154b18680028e6d1bde8fb
:10a4c400104001f0edbb104bd3f89c2f202161f319
:10a4d4001842c3f89c2f082001f0e2fb0120e8e7b2
:10a4e400094bd3f89c2f082161f31842c3f89c2f21
:10a4f4002020f1e7044bd3f89c2f6ff31842c3f8e4
:10a504009c2f2820e8e700bf0024014108c2002056
:020000040000fa
:020000040101f8
:10a5140010b588b00023052904468df803303cd1da
:10a52400013202a901a8029218f0d4fd0df106002f
:10a5340002a918f0cffd204610f0f0fe80bb04aa5b
:10a5440003a9bdf8040014f09dfd002843d0039b2b
:10a554002088da7b012104f0dbfd80b200bb039983
:10a56400bdf806208b681b88934236d38b7b13f08f
:10a57400020f28d02388adf81830bdf804300591b7
:10a58400adf81a300df103010c2305a8adf81c2019
:10a594008df81e300cf03af802e0adf804300420d7
:10a5a4009df803306bb9d0b9039bbdf806109a68c7
:10a5b40058681288521a0d23014492b220460df0b5
:10a5c4007ffd08b010bd9b06ead5bdf804202046e7
:10a5d40015f020fce4e70120e2e70720e0e7c3b23e
:0ea5e400bdf804200c21204605f062ffe9e7d7
:020000040000fa
:020000040101f8
:10a5f20070b58378062b044668d1836d0122da7028
:10a60200c678836d90f855500a68beb98db103f5ce
:10a61200f070c3f8e0214b6843608b688360cb68bd
:10a62200c360a16d204601f5e071bde870400ef0f7
:10a6320026b803f5b870c3f87021ece725b3c3f868
:10a64200a02103f5d0754b686b608b68ab60cb685b
:10a65200eb60826d136823f07f4323f0ff03b3f5b1
:10a66200813f33d192f82630916ad94001f001013d
:10a6720041f0800101f0a3f8a16d204601f5b87107
:10a68200bde870400cf0c1bec3f8b02103f5d8702c
:10a692004b6843608b688360cb68c360a16d4b7865
:10a6a200012b04d0023b012b10d88b7873b16f3190
:10a6b2002046f8f780ffa16d204601f5b8710cf035
:0ea6c200a4fea26d00239370a26dd37070bd34
:020000040000fa
:020000040101f8
:10a6d0002de9ff412e4e2f4c2f4b226800933368fb
:10a6e00003922e4a029307460192002b3bd0236827
:10a6f00033b94ff448701af027f82060002838d09a
:10a70000274d2b68a84623b910201af01df82860a1
:10a7100078b33368029323680393224b3a685a60f4
:10a7200000210df1040c02ae6c460f46d8f8003043
:10a730000b44c3e900730020bcf8002082421cdcfb
:10a74000083110290cf1020c06f1040604f1020490
:10a75000ecd1154b1a46002142f8081fc3e900133b
:10a76000da60012006e0902019f0eeff306000284a
:10a77000bdd1002004b0bde8f0813568228800fb1f
:10a7800002520130576017605d682a605a60d3e753
:10a7900070c1002068c100200c0028000c001400cb
:0ca7a0006cc100200cc0002044bf002051
:020000040000fa
:020000040101f8
:10a7ac0010b50b46114602680c78023c232c61d87c
:10a7bc00dfe804f012606060181d60226018272c1e
:10a7cc00602e6033181838383d60606060606042fd
:10a7dc004260606060485259022b4dd119f0cafe9c
:10a7ec00012010bd012b14bf00200120f9e7022b22
:10a7fc0042d119f0c4fef3e7092b3dd106f016ff48
:10a80c00eee7062b38d117f052f9e9e7022beae70d
:10a81c00182b31d10ef0f0fde2e7032b2cd119f0ff
:10a82c00d3fadde7092b27d116f07cfed8e7032bf2
:10a83c0022d119f0d1fad3e7022b1dd14b7882f833
:10a84c00aa31cde7042b17d131f8013fa2f88b3296
:10a85c008b7882f88d32c3e7052b0dd1d1f80130fe
:10a86c00c2f88e32bce7052b06d1d1f80130c2f804
:0ca87c009232b5e70220b4e70020b2e7fa
:020000040000fa
:020000040101f8
:10a88800f7b5046806460121204611f09bfa2044da
:10a8980090f974327e2b3bd0e27e94f89e12b4f885
:10a8a80098709b1ac1f30110dbb2032847d8dfe880
:10a8b80000f031023c0294f899229a4241d294f86d
:10a8c80096529d4294bf0225012585422ad0c1f3a4
:10a8d8008102aa4202d0b4f89a22c2bbb4f89c22e0
:10a8e800b4f89a120a44013ad21b120410d58df812
:10a8f800043006226b461849009601208df8055051
:10a908000cf08efa94f89e3265f3051384f89e32a3
:10a9180003b0f0bd94f896229a4214d994f898227c
:10a928009a420ad9a4f89c72f2e794f899229a42ba
:10a938000bd294f897229a42f4d30125c7e705462b
:10a94800c3e70025c1e70225c1e70025bfe765f396
:0ca95800830184f89e12e5e70606010169
:020000040000fa
:020000040101f8
:10a9640038b50468334d03f0edfc236e002143f445
:10a97400c0732366c4f88810204611f0acfa05f5bc
:10a984008353b4f840101a6861f30f021a601a680e
:10a99400b4f8421061f31f421a6005f581531a6935
:10a9a40042f001021a6105f5825394f84410da6901
:10a9b40061f30f22da61b4f84510da6961f31f42da
:10a9c400da6194f8671094f8660006f053ff1a4ba6
:10a9d4000221586913f05af919f0c2f905f58253a6
:10a9e40001889a6861f30f029a6005f582538188a1
:10a9f4001a6961f30f021a61204609f07bf994f891
:10aa0400660011f09df994f86710012017f0caf858
:10aa140094f86610022017f0c5f8204616f090f856
:10aa240094f91b0017f0f2feab8f43f08003ab8761
:0caa340038bd00bf0024014168be0020b6
:020000040000fa
:020000040101f8
:10aa4000344b1b78342202fb030090f85c30002b5f
:10aa500049d1314bd3f8242142f40012c3f8242108
:10aa6000d3f8242142f48012c3f82421d3f82421fe
:10aa700042f40022c3f82421d3f8242142f4802296
:10aa8000c3f82421d3f8242142f40032c3f824214e
:10aa9000d3f8242142f48032c3f82421d3f82821aa
:10aaa00042f48072c3f82821d3f8282142f08002b2
:10aab000c3f82821d3f8282142f04002c3f8282106
:10aac000d3f8282142f02002c3f82821d3f8282106
:10aad00042f01002c3f82821d3f8282142f4007272
:10aae000c3f828217047012bfcd10b4bd3f824214c
:10aaf00042f48012c3f82421d3f8242142f4002226
:10ab0000c3f82421d3f8242142f48022c3f824215d
:0cab1000cae700bfd9c2002000240141a8
:020000040000fa
:020000040101f8
:10ab1c004144563a616464207072695265712c62ca
:10ab2c00573d256c75287573292c6f666673657493
:10ab3c0032526566416e6b3d256c75287573292cf8
:10ab4c0072616e6765324f66667365743d256c7510
:10ab5c0028757329004144563a6d696e42773d253c
:10ab6c006c75287573292c6d617842773d256c7551
:10ab7c0028757329004144563a61646420736563f7
:10ab8c005265712c62573d256c75287573292c6f95
:10ab9c00666673657432526566416e6b3d256c75e5
:10abac00287573292c72616e6765324f6666736502
:10abbc00743d256c7528757329004144563a6164bf
:10abcc006420706572695265712c62573d256c75f5
:10abdc00287573292c6f66667365743252656641ed
:0babec006e6b3d256c75287573290009
:020000040000fa
:020000040101f8
:10abf8002de9f041044600898846174614f0f8fc10
:10ac0800064600284dd000233b7088f80030638941
:10ac1800a3f11002072a04d82046bde8f0410df040
:10ac28001fba013b082b06d8214610f052fb01231e
:10ac38003b70bde8f0814ff4827019f081fd054644
:10ac480000283cd00b230370238983806389c38049
:10ac5800237c0372a3894381e3898381637c4372e4
:10ac6800e2891ab161680e3018f0a0f9042128466b
:10ac780015f000ff23689b7bd90712d5012388f8bc
:10ac88000030237c522b18bff374237c122b0ad17b
:10ac980023689b7b9a0604d56389b38263681b8803
:10aca800f3820020c5e7162bfbd101233b7086f801
:10acb800383096f83930013386f83930f1e72368af
:0aacc8009b7bdb07edd58020b3e78e
:020000040000fa
:020000040101f8
:02acd20013006d
:020000040000fa
:020000040101f8
:10acd4002de9f8438c4600295dd001232f4d304add
:10ace40000f1ff3e871e2f4e0ae0440006f8108054
:10acf400601c002434549160591c634541d20b46b6
:10ad04005c1e696801f00701012914d09068d2f82b
:10ad14000c80411cd2f81090494528bf0021884579
:10ad240030d01ef803806c6804f00704012cdcd0da
:10ad340006f80080dfe7d2f80880d06808f1010146
:10ad4400d2f81090494528bf002188421ad01ef835
:10ad5400134017f8130040ea04206c6804f0070459
:10ad6400012c04d0c0b206f808009160c4e74fea91
:10ad740048045ffa80f906f818900134000a305547
:10ad8400f3e71c4617f040ff10b1044b01229a75fb
:10ad94002046bde8f8830c46f4e700bf000c0040f1
:08ada4003cbc002020b8002097
:020000040000fa
:020000040101f8
:10adac002de9f04104460d462c4b1e682c4b1f68b8
:10adbc002c4bd3f800802c4b1868043016f0effda8
:10adcc0048b9294b1a6829490b68d06a012282407c
:10addc0023ea02030b60b4f1ff3f0dd03444224b45
:10adec001b685c60a6421cd91f4b19680431404695
:10adfc0013f065febde8f08105b31d4a51681a4b8e
:10ae0c001868816018688c68c460186804306060c9
:10ae1c001868043088601b685a611368013313602a
:10ae2c00e8e7114b19680431384613f048fe114b12
:10ae3c001b68a342ded90f4b1c60dbe7731e0a4a6a
:10ae4c00126853609e42cfd8074b196804313846bc
:10ae5c0013f035fe074b1b68cce700bffcc000208d
:10ae6c000cc1002008c1002010c10020f8c0002037
:08ae7c0098be0020e0c0002098
:020000040000fa
:020000040101f8
:10ae840030b4c368db689a6ad869196a8160d86982
:10ae9400486003f118005168814204bf196a516087
:10aea40000219962116801391160254a1268002a4b
:10aeb4003ad15a699868d9688160986848601c1dbd
:10aec4005168a14204bfd9685160002159611168d9
:10aed40001391160da6a1b48056801219140294350
:10aee4000160194802eb820200eb820252689a6008
:10aef4009168d9604c609460da6a02eb820100ebdd
:10af04008101596102eb820250f8222001320a6069
:10af14000e4a1168da6acb6a9a4283bf01200c4b4d
:10af24001860002030bc70470a4a5168d9618c68a7
:10af34001c62606088609a62116801311160e7e701
:10af4400d8c00020f8c00020a0b9002010c1002003
:08af5400ecc00020c0be00208b
:020000040000fa
:020000040101f8
:10af5c002de9f3410446008919f0dcfb00285dd093
:10af6c0020896789b4f80c8014f040fb0546002852
:10af7c0056d090f84630b8f1000f29d1002b49d1aa
:10af8c00032019f091fb0646002845d000f1100370
:10af9c000a2101a8019319f0c9f9394601a819f041
:10afac00cbf932460321284617f012fa044668bb47
:10afbc000a23a5f85e0085f84630a5f848701949b3
:10afcc0005f15400fbf7c2fc204602b0bde8f0814d
:10afdc0003bb052019f068fb0646e8b100f110032d
:10afec000c2101a8019319f0a1f9394601a819f017
:10affc00a3f9414601a819f09ff9324605212846cc
:10b00c0017f0e6f9044608b90c23d2e7304619f0dc
:10b01c0085fbd9e70724d7e70224d5e70424d3e737
:08b02c000324d1e7a064d10167
:020000040000fa
:020000040101f8
:10b0340073b50023022904461546adf8063054d1f1
:10b0440010f06cf9002852d16d78012d4dd894f888
:10b054003b6094f838305eb9012b0ed12946204666
:10b0640014f040f8182384f83860e37402b070bd1b
:10b07400204613bb2db915f0ebfc20460ef0e0fb87
:10b08400f4e715f02dfb054678b90df106012046cd
:10b094000df09afa054640b920460bf0ebfa054646
:10b0a400204615f0d5fc002de7d0ebb2bdf8062004
:10b0b4001821204605f0fcf9d8e735b915f0c8fc8d
:10b0c4002946204614f00ef8d0e715f009fb054692
:10b0d40078b90df1060120460df076fa054640b91f
:10b0e400032384f838300121ebe70425dde712253a
:10b0f400dbe72046022113f0f5ff002384f8383003
:08b10400204615f0a5fcd0e780
:020000040000fa
:020000040101f8
:10b10c002f4b70b500251d702e4b80241c802e4bb0
:10b11c001d802e4b302628464ff6ff711e8014f0f2
:10b12c006df84ff6ff71012014f068f84ff6ff71bf
:10b13c00022014f063f8264b03f5d952118864f3fe
:10b14c000f011180918865f30f01918003f5d9529d
:10b15c00118966f30f01118103f5d9514ff6ff7276
:10b16c00088a62f30f00088203f5d951888a62f3ca
:10b17c000f00888203f5d95103f5d853088b62f37d
:10b18c000f000883998962f30f019981114bd20743
:10b19c00c3f88020bff34f8fbff36f8f83f81f432b
:10b1ac00c3f880211a600122c3f88420bff34f8fab
:10b1bc00bff36f8f83f82043c3f884215a6070bdae
:10b1cc00c2c2002022b20020b2bf00207ac00020f0
:08b1dc000024014100e100e044
:020000040000fa
:020000040101f8
:10b1e40030b5837bbbb00446002b63d10df116014f
:10b1f40006a8adf8163014f0dbffe37a012b17d163
:10b20400069ae36bbdf816101a44238f0b449bb2c5
:10b2140040f2e1418b42c2f31602069285bfa3f2cb
:10b22400e2430132adf81630adf8163088bf06920d
:10b23400b4f87030bdf8160003eb900014f04aff28
:10b24400069a0244c2f316052566a06c14f042ff68
:10b25400b4f86810079583b2ca1892b2b2f5487f61
:10b2640088bf4ff448722a4488bfc1f54871c2f3bd
:10b27400160288bf8bb2099200210df115028df8d8
:10b2840014100895012108ad019205aa8df8151036
:10b294000092214607aa09200295faf7cbfe079be4
:10b2a40000939df815209df814102b462046f9f7bd
:08b2b40075fca0733bb030bd36
:020000040000fa
:020000040101f8
:10b2bc00f0b585b0137801932f4b00930646042309
:10b2cc00ee200f461546c0210222fef701fe304645
:10b2dc0014f03eff044658b9284b009302460196e1
:10b2ec000423c621ee20fef7f3fd012005b0f0bdce
:10b2fc0003a90df10b00039518f0bafe9df80b3065
:10b30c00013bdab20d2a04d90821204606f01efab8
:10b31c00ebe71b4ad25cba4201d00a21f5e7194a85
:10b32c0052f8233013b103992046984794f85730bc
:10b33c00002bdad0a36d002bd7d093f8ea20002a8b
:10b34c00d3d01b789342d0d1e37813b92046f5f7cc
:10b35c00d5f8a36d5b7913b9204604f0cff8a36d33
:10b36c00002583f8ea50a06d10b119f0e9f9a56534
:10b37c000123a370b9e700bf93c70201aac702015a
:08b38c00ec40030108db0201a3
:020000040000fa
:020000040101f8
:10b3940070b590f87340052c01d8032c1bd1c1b9aa
:10b3a40000eb8200d0f8d03023e000bf00eb830232
:10b3b40000eb4301d2f8d020b1f8e8401168013322
:10b3c40064f3de311160dbb290f8f4209a42edd8d8
:10b3d40070bd0023f8e714f0fd032bd129bb00eb6b
:10b3e4008200d0f8d0301a6861f3de321a60d0f8e7
:10b3f400dc301a6861f3de321a60e9e71ab200eb56
:10b40400820100eb4202d1f8d040b2f8e86025682e
:10b4140066f3de352560d1f8dc10b2f8ee400a6838
:10b42400013364f3de320a60dbb290f8f4209a420e
:10b43400e4d8cde7042ccbd10029b1d000230de012
:10b4440000eb830200eb4301d2f8d020b1f8e840ce
:10b454001168013364f3de311160dbb290f8f4203b
:08b464009a42edd8b4e700bfe5
:020000040000fa
:020000040101f8
:10b46c00f8b54ff088431b6c03f44053b3f5805f81
:10b47c001b4b0cbf41f2850244f685029a6044785e
:10b48c000323b4fbf3f303eb4302a41a14f0ff04fd
:10b49c0024d1deb205462746b74214d1104da86a16
:10b4ac00010cc0f307200ef03df9e86a010cc0f363
:10b4bc0007200ef037f9286b010cc0f307200ef0b3
:10b4cc0031f92046f8bd2979eb78a87803eb0121f6
:10b4dc0001370ef027f9ffb20335dde70124f0e761
:10b4ec00003e0144f8b544780323b4fbf3f303ebbb
:10b4fc004302a41a14f0ff0412d1deb2054627460b
:10b50c00b74201d12046f8bd2b79e978a87801eb38
:10b51c00032189b20137f9f727fdffb20335efe7b5
:10b52c000124efe7014608b51020ecf723fcb0fa34
:08b53c0080f0400908bd00bfca
:020000040000fa
:020000040101f8
:10b5440030b52b4c236885b02546002b47d02949bc
:10b55400294c012017f0c4fb2b68284a1a60284b99
:10b5640018689a889b798df80630264badf804202c
:10b57400254a1a6000254ff6ff53009002a8adf843
:10b584000830cdf80a50adf80e5019f0d1f8236800
:10b594001d7023684ff461721a636946072013f023
:10b5a40029fd2068213019f07df8206890f82130b9
:10b5b40013b1223012f03af90120144a062117f08f
:10b5c400bffb2168d1f8ec3103f0f802104b1343b0
:10b5d400c1f8ec31fef7f2fc002005b030bd30209c
:10b5e40019f0b0f820600028b1d10220f5e700bfbf
:10b5f4002cc100201134030128c10020b0d4020161
:10b604003846030134c1002069fd02017de30201d3
:04b614000106020029
:020000040000fa
:020000040101f8
:10b6180070b50646582019f093f82d4c2d4d206032
:10b628005822002118f0e4f84ff4bc7019f088f89b
:10b638004ff4bc720021286018f0daf82b684ff438
:10b648006172a3f800212368ff221a702368f92287
:10b658005a70236801229a70f30758bf226821683c
:10b668005ebf137943f00e0313710c2381f8453044
:10b678004ff0ff321f23c1e9022340f20773a1f8fc
:10b6880011302b6800204ff0884283f80a01126cb1
:10b6980002f44052b2f5005f14bf07220246ca7492
:10b6a8000a75d3f8f02002f0f8010b4a0a43c3e9ff
:10b6b8003c200a4a0a49c3e95422c3e95622c3e98d
:10b6c8005822c3e95a220520bde8704018f0a2beee
:10b6d80090c1002094c100200101000571470301b9
:04b6e80079ff0201e3
:020000040000fa
:020000040101f8
:10b6ec0030b5037a012b90f84d3085b00446cde986
:10b6fc0001031bd12c4b009302231a468521ec200d
:10b70c00fef7e6fb10f080f994f84d50012d2ad18c
:10b71c00264b227aa17a1b680d2000fb021203eb48
:10b72c00c203d3f8c4313bb9002515e0204b00937c
:10b73c0002231a468621e2e71a689b689c4210d1c4
:10b74c00204608f053fa94f84e3043f0040384f882
:10b75c004e3020460af008f915f036f8284605b0a8
:10b76c0030bd1346dfe7023d012d0ad894f84e3068
:10b77c0043f0050384f84e300121204612f01ffce3
:10b78c00d2e704f17800fef761f904f19000fef7be
:10b79c005df920460af0e8f894f84e3043f00603c1
:10b7ac0084f84e300125d7e7fca80201ecc100203b
:04b7bc001fa90201be
:020000040000fa
:020000040101f8
:10b7c0002de9f341044641200f4618f0bdff054620
:10b7d00050b92f4b009302460423c821ee20fef7f8
:10b7e0007dfb02b0bde8f081064604f1120806f8c0
:10b7f000017be37800f121076bbb202241463046f4
:10b8000017f0d8fba16d2022eb31384617f0d2fba0
:10b81000a06d412200f5b873294600f5c070f4f719
:10b82000c3faa16d2022eb31304617f0c3fb202272
:10b830004146384617f0befba06d412200f5d87393
:10b84000294600f5e070f4f7affa284602b0bde8eb
:10b85000f04118f07bbfa16d2022eb31304617f08c
:10b86000a9fb20224146384617f0a4fba06d4122d7
:10b8700000f5b873294600f5c070f4f795fa202258
:10b880004146304617f096fba16d2022eb31d0e700
:04b89000cc360301ae
:020000040000fa
:020000040101f8
:10b894002de9f04383b007460e462f4b93f80090f2
:10b8a400894594bf4ff002094ff0010918f0a6fe34
:10b8b400002f4cd0002e4cd0044600f1a8051fe008
:10b8c40018f084fc022805d81321388811f00efde5
:10b8d400002039e018f074fcbb78012b14bf50230e
:10b8e400432300933b8832461c490af057fdebe79b
:10b8f4001321b8f8000011f0f9fc1c34ac4222d03a
:10b90400a046e379002bf8d022883b889a42f4d0f1
:10b914002379b342f1d1e378022beed1bb784b45c6
:10b92400ced118f053fc0228e2d918f049fc238840
:10b93400a278012a14bf50224322009232460749ba
:10b944000af02cfdd4e7012003b0bde8f083012008
:10b95400fae70120f8e700bfb7c20020186b000126
:020000040000fa
:020000040101f8
:10b9640038b5431edbb2632b5cd804460d4618f091
:10b974003ffc04eb44022d4b03eb82035b7a5bb385
:10b984002a4b03eb82035b68c31a42f20f729342a1
:10b9940022d804eb4402254b03eb82031a7aab1a38
:10b9a400d9b25bb2002b24dd1f2b20dc04eb440353
:10b9b4001e4a52f823208a4042f0010204eb44015b
:10b9c4001a4b03eb81031a601d7204eb4404174bfa
:10b9d40003eb8403586009e0144a04eb440302ebcc
:10b9e4008303012159721d721960586038bd012208
:10b9f400e4e713f11f0f0cdb04eb44030b4901ebe9
:10ba04008301521bd2b2012393400a6813430b6093
:10ba1400dbe704eb4402054b03eb820301221a60cb
:10ba24001d72d2e718f0e4fbe0e700bf10a000208d
:020000040000fa
:020000040101f8
:10ba34002de9f7432f4fdff8c49080460b25013dd5
:10ba440015f0ff0552d004210deb01000af0e2fecf
:10ba54003b68d3f84431002b3ed13b68d3f84031e6
:10ba6400002b3ed1019c204613f0fcfb0528e6d8b0
:10ba7400204618f020fe0528e1d884ea090014f0d5
:10ba840063fa0128dbd9e6b2c4f307239e4206d148
:10ba9400c4f307439e4202d1b6eb146fcfd02021ea
:10baa400204614f0a9fe1828c9d80621a00e14f0c7
:10bab400a3fe0128c3d9304614f046fa0228bed9a1
:10bac4001021a0b214f098fe0b28b8d8019bc8f836
:10bad400003003b0bde8f083019898470028bcd03b
:10bae400ade7019898470028bcd0a8e7024b019322
:10baf400ece700bf94c10020f6782b9dd6be898e5a
:020000040000fa
:020000040101f8
:10bb04002de9f0418ab01c462f4b01900746009363
:10bb1400ec2001230d4690464b210222fef7dcf96e
:10bb2400384615f04bfd0646002847d015f0eef9cf
:10bb340000b3326892f8be31db0741d52b68c2f8f6
:10bb4400d3316b68c2f8d731a2f8dc812368c2f81c
:10bb5400f63102f5fb7163684b60a3688b60e368a0
:10bb6400cb60304612f0def960b3002420460ab000
:10bb7400bde8f0812b6820686168cdf80e306b68f1
:10bb8400cdf8123006ab03c3a068e168adf80c70c1
:10bb940003c31c2203ab05213046adf8168012f016
:10bba400f7f904460028e0d0084b009301940123e0
:10bbb4000022ff21ec20fef78ff9d7e70224f3e7f8
:10bbc4001a24f1e70724efe7640303018003030168
:020000040000fa
:020000040101f8
:10bbd4002de9f04f00252f462c4600bf4ffa85f87b
:10bbe400984512db4fea430909f1ff3a4ff0000888
:10bbf4005ffa88f606eb030e4ffa8efed64528db75
:10bc0400484400f8014cbde8f08f4ff0000c02eb03
:10bc14000509e64611f80ca019f8016944ea07245d
:10bc24000afb06f616fa84f4a4b20cf1010ca6423f
:10bc340088bf0ef1010e4ffa8cf6b0454fea142777
:10bc44005ffa8efee4b2e5da44553c4601357746a8
:10bc5400c4e701363d4676b2002700bf4ffa86fca2
:10bc6400634505dc00f80e4008f101082c46bfe7e7
:10bc740002eb0e0cc6f1000b44ea05251cf80bb0d0
:10bc840011f806c00bfb0cfc1cfa85f5adb2ac45f3
:10bc940088bf0137ecb2ffb201362d0adee700bfe0
:020000040000fa
:020000040101f8
:10bca400324bd3f8602f10f0010114bf42f00102af
:10bcb40061f30002c3f8602fd3f8602f10f0020183
:10bcc40014bf42f0020261f34102c3f8602fd3f8bb
:10bcd400602f10f0040114bf42f0040261f38202e9
:10bce400c3f8602fd3f8602f10f0080114bf42f09e
:10bcf400080261f3c302c3f8602fd3f8602f10f079
:10bd0400100114bf42f0100261f30412c3f8602f53
:10bd1400d3f8602f10f0200114bf42f0200261f329
:10bd24004512c3f8602fd3f8602f10f0400114bf00
:10bd340042f0400261f38612c3f8602fd3f8602ffb
:10bd440010f0800114bf42f0800261f3c712c3f8ff
:10bd5400602fd3f8602f10f4807014bf42f4807207
:10bd640060f30822c3f8602f704700bf002401412c
:020000040000fa
:020000040101f8
:10bd7400f8b51446054610b900252846f8bd002933
:10bd8400fad0284a284e11602848294a9bbb2949e1
:10bd940033700f6817608f888979978091710323b6
:10bda40003700ef04dfb14f0fffcd4e900010df01c
:10bdb4002bfa2846fef78afc05460028dcd01e4be9
:10bdc4004022c3f88420bff34f8fbff36f8fa021ad
:10bdd40083f82613c3f884215a60fff795f910f00d
:10bde400fdf9204616f046f8237bdb07c5d4bde8f1
:10bdf400f8400ef0bdbb5978c9074bbf19460d4931
:10be040051f8027f0f6817608f8897808979917144
:10be14005a7812f0020218bf93f9092032701b7885
:10be2400bee700bf54c10020bbc20020bac200203c
:0cbe340054c000208846030100e100e03b
:020000040000fa
:020000040101f8
:10be40002de9f7432a4bd3f8008018ea000f044687
:10be500038d1002836d0083463071cbf24f007040b
:10be60000834002c2ed0234b1e68a642994629d3b5
:10be7000214b1d686a68a24202d22a68002a34d186
:10be80001e4a1268aa421dd02a681f681a606b6891
:10be90001b1b102b07f1080704d9281943606c609d
:10bea0000ef0f6fa16496a680868b61a864248ea39
:10beb00002024ff00003c9f8006038bf0e606a60ec
:10bec0002b6077b90f4b1b680bb1002098470e4bc6
:10bed00000930194052300220221ef20fdf7feffcd
:10bee0000027384603b0bde8f0832b461546c1e76e
:10bef00058c100205cc1002004c0002064c10020a3
:0cbf000060c1002050c100202c2d030166
:020000040000fa
:020000040101f8
:10bf0c00f8b50c4630490a680546002a51d092f81b
:10bf1c00c030012b4dd192f8e800002849d1d2f85d
:10bf2c00f020002a18bf02234a6832b192f8c010e0
:10bf3c00012902d192f8e8200ab1002b3dd003f080
:10bf4c0053ff024600283cd004f080fc1e4e03f048
:10bf5c004bff00220221944656f8043b13b393f88e
:10bf6c00c0e0bef1010f1dd193f8e870d7b9d3f83a
:10bf7c00f02083f8e8e042b11760d3f8f02047686e
:10bf8c005760d3f8f0203a604260d3f8ec20c2f846
:10bf9c0000c0d3f8ec2047685760d3f8ec203a6027
:10bfac0042601a46012906d100212a602060084609
:10bfbc00f8bd0023b8e70121cee71f2118461a4629
:0cbfcc00f3e70721f1e700bf3cc00020b4
:020000040000fa
:020000040101f8
:10bfd800023908b523295fd8dfe801f0125e5e5efa
:10bfe800161a5e1e5e22262a5e2e5e32363a3e42c1
:10bff800465e5e5e5e5e5e4a4e5e5e5e5e52565aad
:10c00800bde8084016f04ebfbde808400af068bc1d
:10c01800bde8084001f088b9bde8084017f0b0b89d
:10c02800bde8084007f0a4bdbde808400ff0bab964
:10c03800bde8084014f055bfbde8084000f0a0bdb9
:10c04800bde8084004f040bfbde8084013f035bd26
:10c0580012f031fe012008bdbde8084011f05fb8bc
:10c06800bde8084013f040bdbde8084010f0aabd87
:10c07800bde8084013f0d4bfbde8084017f08bb8fe
:10c08800bde808400df02cbcbde80840f7f762bddc
:0cc09800bde8084005f03cbf0020dce7dc
:020000040000fa
:020000040101f8
:10c0a40038b52f4c837bd4f86c2f0d46110547d43b
:10c0b400d4f8682f920043d5032b4fd8dfe803f060
:10c0c40004390726ff2d06d1d4f8003109e0d4f84d
:10c0d400685fc5f30265284617f0cafed4f800313c
:10c0e40048b16ff34103c4f800311e490020bde894
:10c0f400384015f0afbe43f00203c4f800312846bf
:10c1040017f006ffbde838400cf0d4b9d4f8685fe6
:10c11400c5f30265284617f0abfed4f8003143f0ae
:10c124000203c4f800310028e9d00f48eae7ff2de4
:10c13400f0d1d4f8003143f00203c4f80031f4e73d
:10c14400032b0bd801a252f823f000bfcdc001018c
:10c1540037c10101c9c0010133c1010138bd00bfac
:0cc1640000240141ac33014161c0002007
:020000040000fa
:020000040101f8
:10c17000f7b52e4b019004460f460093022201238f
:10c180001121ec20fdf7aafe17f064fd002849d12b
:10c190001f2c49d884b12046fff752fe50b907241e
:10c1a000234b0093019401230022ff21ec20fdf793
:10c1b00095fe32e012f0b2f903f01cfe0028eed03a
:10c1c00004f04afb1b4b1868f021043018f0e4f827
:10c1d00005462cb32046fff733fe0646d5f8fc0093
:10c1e00020b112f09bf90023c5f8fc3034b1c5f83a
:10c1f000fc6022463946304616f0dcfe95f8603188
:10c20000a5f80041012b04d102220021284609f0a3
:10c210000ffe012017f00efd0024204603b0f0bdf4
:10c220002646dbe70c24bbe71224b9e7ee30030116
:08c23000860d030188c1002006
:020000040000fa
:020000040101f8
:10c23800f7b52e4b019004460f46009302220123c6
:10c248001221ec20fdf746fe17f000fd002849d129
:10c258001f2c49d884b12046fff7eefd50b90724ba
:10c26800234b0093019401230022ff21ec20fdf7ca
:10c2780031fe32e012f04ef903f0b8fd0028eed09e
:10c2880004f0e6fa1b4b1868f021043018f080f827
:10c2980005462cb32046fff7cffd0646d5f80c011e
:10c2a80020b112f037f90023c5f80c3134b1c5f8c4
:10c2b8000c6122463946304616f078fe95f8603112
:10c2c800a5f81041012b04d102220021284609f0cb
:10c2d800abfd012017f0aafc0024204603b0f0bdf6
:10c2e8002646dbe70c24bbe71224b9e7e229030161
:08c2f800860d030188c100203e
:020000040000fa
:020000040101f8
:10c300002de9f0410f4615463a78c17902f00f0c3d
:10c31000bcf1060f92b0064618d8012404fa0cf4ba
:10c3200014f0550402d07c78063ce4b241f20200dd
:10c33000adf8000001208df80400bcf1060f36d8de
:10c34000dfe80cf00607313533352f000024ede728
:10c3500000208df80500342000fb013393f8811094
:10c3600039b393f88580404616f028fa40f0020071
:10c370008df806000df1070140460ef047f93b78b5
:10c380008df80d4013f0090f0cbf063500253378ea
:10c39000049568468df8143012f0def912b0bde84d
:10c3a000f0810220d5e70320d3e70420d1e7ff2066
:10c3b000cfe72b68cdf80730c2f38012ab888df839
:08c3c0000620adf80b30dae7ae
:020000040000fa
:020000040101f8
:10c3c800304bd3f8842f6ff31f62c3f8842fd3f850
:10c3d800882f6ff30702c3f8882fd3f8882f6ff3dd
:10c3e8000f22c3f8882fd3f8882f6ff31742c3f8aa
:10c3f800882fd3f8882f6ff31f62c3f8882fd3f8dc
:10c408008c2f6ff30702c3f88c2fd3f88c2f6ff3a0
:10c418000f22c3f88c2fd3f88c2f6ff31742c3f871
:10c428008c2fd3f88c2f6ff31f62c3f88c2fd3f89f
:10c43800902f6ff30702c3f8902fd3f8902f6ff364
:10c448000f22c3f8902fd3f8902f6ff31742c3f839
:10c45800902fd3f8902f6ff31f62c3f8902fd3f863
:10c46800942f6ff30702c3f8942fd3f8942f6ff328
:10c478000f22c3f8942fd3f8942f6ff31742c3f801
:08c48800942f704700240141cc
:020000040000fa
:020000040101f8
:10c4900070b52f4b0468586903781646427884f8c3
:10c4a0002220c3f3c00003f00305e077c3f380004c
:10c4b000c3f30013a57784f8200084f8213031bb42
:10c4c000e1750023a375aeb194f8f83213b1214b96
:10c4d0001b787bb994f82620e37f9a420ad194f81e
:10c4e000a7313bb9637e012b04d094f82230dbb92d
:10c4f0000123a37594f8661094f822000ff0f0ff62
:10c50000d4f888301844c4f88800002015e094f866
:10c510002530834205d00123e375204611f09cfbb2
:10c52000cfe70023e375cce7204613f06ffe28b178
:10c53000236e43f010032366012070bd94f89c31f4
:10c54000002bd5d1032d1cbf012384f89c31cfe7ec
:08c5500068be0020d2c20020e9
:020000040000fa
:020000040101f8
:10c5580090f8e530002b48d1d0f8d03040f2712265
:10c56800b3fbf2f39ab22b4bd3f8041162f31f41d9
:10c57800c3f80411417ed3f8002161f38302c3f8a4
:10c58800002190f8e620022a13d0042a1fd0012a9d
:10c598003ed1d3f8041162f3cc21c3f80411d3f8c7
:10c5a800001162f30611c3f80011022380f8e63087
:10c5b8007047d3f8041162f3cc21c3f80411d3f8ff
:10c5c800001162f30611c3f800110423eee7d3f853
:10c5d800041141f4c051c3f80411d3f8001162f3f7
:10c5e8000611c3f800110123e0e7012b10d1094b14
:10c5f80090f80811d3f8002161f3cc12c3f8002198
:10c6080090f80911d3f8002161f38302c3f80021df
:08c61800704700bf002401413e
:020000040000fa
:020000040101f8
:10c6200070b52d4c2268557a002d53d111782b4bc3
:10c6300049001e68c9b261f307061e6011781e68c2
:10c6400001314900c9b261f30f261e6011781e68de
:10c6500002314900c9b261f317461e6011781e68a5
:10c6600003314900c9b261f31f661e6011780431bd
:10c670001170821c1a4922f070420a60a3f51472ec
:10c68000c0b2118860f307011180a3f58362a3f59e
:10c690000b73116865f34d3111601a8842f0010285
:10c6a0001a8023681a78272a08d91d7023689a7976
:10c6b000d979013a914204bf01225a722368b3f832
:10c6c000ca20013aa3f8ca201a7a01321a72054b1d
:10c6d00001221a7070bd00bf54c20020503c0141bd
:08c6e0004cc20020ddc2002065
:020000040000fa
:020000040101f8
:10c6e80070b52d4c2268557a002d53d111782b4bfb
:10c6f80049001e68c9b261f307061e6011781e68fa
:10c7080001314900c9b261f30f261e6011781e6815
:10c7180002314900c9b261f317461e6011781e68dc
:10c7280003314900c9b261f31f661e6011780431f4
:10c738001170821c1a4922f070420a60a3f5137224
:10c74800c0b2118860f307011180a3f21c42a3f55f
:10c758000a73116865f34d3111601a8842f00102bd
:10c768001a8023681a78272a08d91d7023689a79ad
:10c77800d979013a914204bf01225a722368b3f869
:10c78800ca20013aa3f8ca201a7a01321a72054b54
:10c7980000221a7070bd00bf54c20020543c0141f1
:08c7a8004cc20020ddc200209c
:020000040000fa
:020000040101f8
:10c7b000f0b5d0e9037585b0008913f0cffc0446cd
:10c7c000002854d0816d002951d090f85530002bad
:10c7d0004dd007b13db92046082104f0bdff044605
:10c7e000204605b0f0bd2b68c1f86f306b68c1f80a
:10c7f0007330ab68c1f87730eb68c1f87b30836d7c
:10c8000001229a70412017f09fff064688b300234b
:10c8100000f8013ba16d2022eb3116f0cbfba16d9e
:10c820002022eb3106f1210016f0c4fb41223146f3
:10c8300028466b46f3f7b8fa10226946384615f0d9
:10c84000f7f978b9e37853b9a16d204601f5e071a5
:10c850000bf016ff0446304617f078ffc0e70723b9
:10c86000a370f7e70421204604f076fff2e70124e5
:06c87000b6e70224b4e764
:020000040000fa
:020000040101f8
:02c876001000b0
:020000040000fa
:020000040101f8
:10c878002de9f0412c4e2d4c4ff001082c4f19e0ba
:10c88800226a2ab3616a236a40469847a36a013339
:10c89800226b934228bf00231ae0a16a4a00e8b23b
:10c8a80007f811000132c5f30725bd54a36294f8b7
:10c8b8003430cbb9337e13f0040f32d0b56aa36a93
:10c8c8000133226b934228bf0023e26a9a42d7d0f1
:10c8d800e26a9a42eed0726802f00702012adcd0be
:10c8e800a26aedb2bd54e1e716f098f90f4b1b6a46
:10c8f800002bdfd00d4b596a93f83c3043b10b4bfa
:10c908009b6b9842d6d3094b1b6a00209847d1e706
:10c91800064b9b6b9842cdd1044b1b6a002098476d
:10c92800c8e7bde8f08100bf000c00403cbc002017
:04c93800a0b8002083
:020000040000fa
:020000040101f8
:10c93c00002857d070b50446c36a2b4a1268d26ad5
:10c94c00934246d28269002a05db274a1268d26ad2
:10c95c00c2f10502826103eb8303244a02eb8303d9
:10c96c0062699a4205d0204b1b68db6ae3620120a6
:10c97c0037e0251d284615f012f838b91c490b680c
:10c98c00e06a0122824023ea02030b60164b1b680b
:10c99c00db6ae36216490e68012000fa03f23243a7
:10c9ac000a60124903eb830301eb83035b68a3600a
:10c9bc009a68e26055609d60e36a03eb830201ebc9
:10c9cc008202626103eb830351f82330034413604a
:10c9dc0007e0054b1b68406cdb6a98422cbf0020bb
:10c9ec00012070bd0020704710c10020a0b90020ac
:04c9fc00f8c000205f
:020000040000fa
:020000040101f8
:10ca00002de9ff4705460e46144614f071fc002739
:10ca1000294b99461a689200fcd428686968274b0c
:10ca200003c3a868e96803c330687168a3f1dc0236
:10ca300003c2b068f16803c2a3f1600aa3f1280839
:10ca40000ef0e8ffd9f8003043f00063c9f8003079
:10ca500013f0c0fed9f800309b00fbd4daf80030a8
:10ca6000c3f3400353b9164a03ca2060616003ca86
:10ca7000e160e27ba06042b1184619e0b8f80030ee
:10ca800043f02003a8f80030dae72fb11022214646
:10ca9000684615f0cdf858b1206861686b4603c34d
:10caa0000137a068e168ffb2052f03c3b0d10120b0
:10cab00004b0bde8f08700bf30340141dc340141ef
:04cac00020340141dc
:020000040000fa
:020000040101f8
:10cac40073b54ff41471002008f0c2fb054600282a
:10cad40051d004684ff414720021204616f08afee7
:10cae40004f59473c4f82c3104f59873c4f8343104
:10caf40004f59c73c4f83c3104f5fc73c4f8fc31b0
:10cb040004f50073c4f8043204f50273c4f80c325b
:10cb14001a4ba5601a6800262660916861600c6053
:10cb240094601a681378013313703146182204f59f
:10cb3400087016f05ffe4ff480731822c4f82c526c
:10cb4400c4f82832314604f50e7016f053fe0c4b2f
:10cb5400c4f84452c4f8403201210df1070009f031
:10cb640059fe9df807102522b1fbf2f302fb1313c3
:10cb740084f882302546284602b070bd88c1002062
:04cb840001010300a8
:020000040000fa
:020000040101f8
:10cb880070b5046894f8ae51064615b101252846db
:10cb980070bd0ef02afc00284dd0112384f8ae3168
:10cba8000f21304606f0d0fb0028efd017f00efc1e
:10cbb800012829d9b4f84832b4f84a20d4f87801c1
:10cbc8009a421abf40f2e2415943294617f03afc0b
:10cbd800a4f89a00b4f89a203ab1b4f84812b2fb13
:10cbe800f1f301fb1323a4f89a3030460ff052fdfd
:10cbf800054660b1304612f0abfb94f8c63143f0fd
:10cc0800010384f8c631c2e7a4f89a50ede794f816
:10cc180064304bb904213046faf737fe0546002840
:10cc2800b4d184f8ae01b2e7012bafd11021304660
:10cc3800fcf782fff2e730461e220f21bde8704064
:04cc48000df00ebe1f
:020000040000fa
:020000040101f8
:10cc4c002de9f74fcd790468032d88460cd92b4b71
:10cc5c000093019501230022be21ec20fdf738f949
:10cc6c001e2003b0bde8f08f342707fb054797f86b
:10cc7c005ea00af1ff33012b07d9214b0093cdf8ad
:10cc8c0004a001230222bf21e7e7d4f82490be6f51
:10cc9c0094f80fb04ff6ff71484603f0cdfae0b9a7
:10ccac0097f8843013b3abf1020bbbf1010f1dd815
:10ccbc0023464a463146404606f0c8fbbaf1020ffd
:10cccc000bd1b37803f00f03042b06d172782346f3
:10ccdc004a44b11c4046fff70dfb342303fb0545ca
:10ccec00002085f88a0084f82f00bae723464a46cc
:10ccfc0031464046fff7fefae0e700bf3c0903016e
:04cd0c004c090301ca
:020000040000fa
:020000040101f8
:10cd10002f4bd3f8642f70b342f00102c3f8642f95
:10cd2000d3f8642f42f00202c3f8642fd3f8642fc3
:10cd300042f00402c3f8642fd3f8642f42f00802d3
:10cd4000c3f8642fd3f8642f42f01002c3f8642fa5
:10cd5000d3f8642f42f02002c3f8642fd3f8642f75
:10cd600042f04002c3f8642fd3f8642f42f08002ef
:10cd7000c3f8642f704760f30002c3f8642fd3f840
:10cd8000642f60f34102c3f8642fd3f8642f60f37b
:10cd90008202c3f8642fd3f8642f60f3c302c3f890
:10cda000642fd3f8642f60f30412c3f8642fd3f810
:10cdb000642f60f34512c3f8642fd3f8642f60f337
:10cdc0008612c3f8642fd3f8642f60f3c712cfe73d
:04cdd00000240141f9
:020000040000fa
:020000040101f8
:10cdd400f8b52b4b1a8842f008021a801a8842f0e0
:10cde40002021a80a3f5ea731c461a6802f00f02c5
:10cdf400072a3ed1082011f079ff224a224e1168f9
:10ce04004ff68c330b4043f008031360a6f108057a
:10ce14003068376829682a682b68c0f3c000c7f3f4
:10ce24008007c1f38001384313f06063c2f3c0028a
:10ce340041ea000142ea010218bf012313431cd155
:10ce4400124d134a23681b07fcd1166816f01f06ff
:10ce5400f8d1eb6a43f00103eb62032011f046ffc3
:10ce6400eb6a66f30003eb620320bde8f84011f0bf
:10ce74003dbf082ac1d10420bde700bfc8e700bff9
:10ce8400303a0141283a0141283a01410024014144
:04ce940058380141c8
:020000040000fa
:020000040101f8
:10ce9800902910b50fdc7f2913dd8039102910d8af
:10cea800dfe801f02b2b360f110f0f0f200f0f0f9c
:10ceb8000f0f0f0f3600c02944d0f02942d0a02907
:10cec80021d000200de019682ab10a1d1a60b1f9b5
:10ced8000030da1702e00c1d1c600b88c0e9003234
:10cee800012010bd196822b10a1d1a6091f900309d
:10cef800efe70c1d1c600b78f0e71968f2b10a1d0a
:10cf08001a600b68e5e71a68111d19601368e0e7f5
:10cf1800196852b1073121f0070101f108021a60be
:10cf2800d1e90023c0e90023dae7ca1d22f007028d
:10cf380002f108011960d2e90023f3e70c1d1c6017
:10cf48000b68cbe71a68111d19601368036000238a
:04cf58004360c5e786
:020000040000fa
:020000040101f8
:04cf5c0000befee72e
:020000040000fa
:020000040101f8
:10cf600053ec102bc3f30a512de9f04140f2fd7050
:10cf70004c1e84429e4641d8a1f2ff30002833db8c
:10cf800033282ddc264c4ff0ff3cc0f1200615461f
:10cf9000a1f21f4104fa06f22cfa00fc4cea020c42
:10cfa00024fa01f24cea020cc44003ea040805ea40
:10cfb0000c0757ea080725ea0c0223ea04030fd0fe
:10cfc000002b0ddb4ff4801404fa06f624fa01f16d
:10cfd0000e43b61824fa00f444eb03043246234609
:10cfe00043ec102bbde8f081002b03db9fed080b19
:10cff000bde8f0819fed080bbde8f0810029efd17d
:10d000000a4603f0004343ec102bebe7aff300803c
:10d01000000000000000f03f0000000000000000e1
:04d02000ffff0f00ff
:020000040000fa
:020000040101f8
:04d0240000befee765
:020000040000fa
:020000040101f8
:10d0280053ec102bc3f30a512de9f04140f2fd7087
:10d038004c1e84429e4641d8a1f2ff30002833dbc3
:10d0480033282ddc264c4ff0ff3cc0f12006154656
:10d05800a1f21f4104fa06f22cfa00fc4cea020c79
:10d0680024fa01f24cea020cc44003ea040805ea77
:10d078000c0757ea080725ea0c0223ea04030fd035
:10d08800002b0dda4ff4801404fa06f624fa01f1a5
:10d098000e43b61824fa00f444eb03043246234640
:10d0a80043ec102bbde8f081002b03db9fed080b50
:10d0b800bde8f0819fed080bbde8f0810029efd1b4
:10d0c8000a4603f0004343ec102bebe7aff3008074
:10d0d8000000000000000000000000000000f0bf99
:04d0e800ffff0f0037
:020000040000fa
:020000040101f8
:10d0ec00f8b555ec104b8b1e00ebc306d6e90223aa
:10d0fc000f4620462946f8f7abfcd6e90023f0f79b
:10d10c00e7ff022f02460b4645d020462946f8f78a
:10d11c009ffc56e90223f0f7dbff032f02460b4678
:10d12c0039d022462b46f8f793fc56e90423f0f746
:10d13c00cfff042f02460b462dd020462946f8f788
:10d14c0087fc56e90623f0f7c3ff052f02460b4672
:10d15c0021d020462946f8f77bfc56e90823f0f746
:10d16c00b7ff062f02460b4615d020462946f8f786
:10d17c006ffc56e90a23f0f7abff072f02460b466c
:10d18c0009d020462946f8f763fc56e90c23f0f742
:10d19c009fff02460b4620462946f8f759fc41ec06
:04d1ac00100bf8bdaf
:020000040000fa
:020000040101f8
:10d1b000072856d870b506460c462b4dd1f81700f7
:10d1c000d1f81b10d4f81f20d4f823300fc5d4f8a1
:10d1d00027002860b4f82b2094f82d30aa80ab717a
:10d1e00006f500500830e9f76bff08b9012070bd63
:10d1f0001e4dac4620686168a268e368ace80f0089
:10d200002069ccf80000a28aa37dacf804208cf839
:10d210000630d4f82e20d4f83230d4f83600d4f8c2
:10d220003a10c5f81720c5f81b30c5f81f00c5f81f
:10d230002310d4f83e20d4f84230c5f82720c5f892
:10d240002b30b4f8462094f84830a5f82f2085f804
:10d25000313006f50050e9f733ff80f00100c0b22d
:10d26000c5e70320704700bf4cbd00207cbc0020f8
:020000040000fa
:020000040101f8
:10d2700030b50c4693b008280ad8dfe800f0050c5a
:10d280001014181c42515500117820460ef006fc6f
:10d29000002013b030bd084611f011fdf8e7084634
:10d2a00017f014faf4e7084615f05cf8f0e70846c2
:10d2b00015f0e5fbece70d68b5f88712b5f8983086
:10d2c0009942e5d092f9003085f88c320021284649
:10d2d0000ff046ff012101fa00f085f88b02284685
:10d2e0000ff03eff0146204615f004feb5f89830d9
:10d2f00085f88d020133a5f88932204615f0befd70
:10d30000c6e70b684ff48151adf800101b88adf8eb
:10d31000043068461388adf8063011f01dfab7e7ff
:10d32000084600f0a1feb3e7084611f04bfcafe75a
:020000040000fa
:020000040101f8
:10d3300038b5036893f8b421142a044639d00cd8c0
:10d340000e2a1ad00f2a22d0032a0cd193f8be211c
:10d350006ff3000283f8be2105e0162a2ed002d317
:10d36000233a022a3dd90021204609f0f1fa20464d
:10d37000012109f0edfa012016e093f8be216ff3c8
:10d38000c30283f8be211a2111f0ceffebe793f818
:10d39000be216ff3410283f8be2193f8643023b9b4
:10d3a0000ff0a4fe0028ded138bd1a210df037faa7
:10d3b000d9e793f8be216ff34512cbe7012113f0b3
:10d3c000a9fa16f0fefa00210546204613f0a2fa4b
:10d3d00016f0f7fa1a230246294620460ff0d8fb2a
:10d3e000c1e793f880226ff3c71283f88022bae76f
:020000040000fa
:020000040101f8
:10d3f0002de9f041074613f07bff3b682b4d1c687d
:10d4000029682346a3b914bb384617f062f92b6884
:10d4100093f8bb2293f8ba329a4207d12b6893f85b
:10d42000bb22a24238d80022a3f8ba22bde8f0817c
:10d4300093f84e20520708d491f8ba2201eb8200eb
:10d440000132c0f8bc3281f8ba221b68dae794f8de
:10d450004e10d4f8008011f004061bd12046fef7d0
:10d4600045f9012809d12a6892f8bb32013382f8c4
:10d47000bb323146224604f027f9606d08b1fef751
:10d4800035f9d4f8a80008b117f07cf9214603203b
:10d4900012f06af84446b6e703eb84030134d3f88c
:10d4a000bc0214f069fde4b2b8e700bfecc1002093
:020000040000fa
:020000040101f8
:10d4b00038b50468236ed90505462ad51a0524d542
:10d4c000f7f724f8294bda6a42f40032da62da6ab2
:10d4d0006ff35142da62da6c42f40032da64da6ce9
:10d4e0006ff35142da64da6c42f48022da64da6c67
:10d4f0006ff39242da6494f808335bb9637d0133c9
:10d500006375204613f00afb16e013f03afd00287d
:10d51000d6d038bd236e1b0606d594f86430012b97
:10d520001ad1284614f012f90ef074fa236e23f083
:10d530004003236613f04ef994f86430012b06d1b2
:10d54000237d13f0180f02d028460df0a7fd2846c2
:10d55000bde83840edf75ebc0ef05cfa236e23f0b8
:10d560008073236613f036f9dee700bf0024014123
:020000040000fa
:020000040101f8
:10d570002de9f04190f81431072b0446d0f8b4009f
:10d5800031d00678d4f8b050c6f38016274bd3f8c4
:10d590006c2f12f4006f04f1fc0804f1f6070dd1b2
:10d5a000d3f86c2fd10534d5d3f8682f920030d53d
:10d5b000d3f8683fc3f3026384f8f43094f8f400be
:10d5c00015f0fcf840f0020084f8f5002b68c4f870
:10d5d000fc30ab88a8f80430394694f8f400bde874
:10d5e000f0410df013b88378033003f03f03034498
:10d5f00001219878033300f03f00184410f8026bc3
:10d60000faf7dcfec6f3801605460028bed1bde859
:10d61000f081002384f8f560c4f8fc30a8f80430e9
:10d620002b68c4f8f630ab88bb80f0e700240141da
:020000040000fa
:020000040101f8
:10d6300038b5046894f86430012b05464cd194f851
:10d64000ae313bb194f8ac21112a03d0112b01d09b
:10d6500001240ee0b4f89820b4f844329b1a9bb22f
:10d6600047f6fe7293422ed815f0ccff014610b952
:10d670000024204638bd94f8c631db0710d4b4f836
:10d680004a20b4f83e329a4204d1e26cd4f84032d7
:10d690009a4205d094f8c63143f0010384f8c631ac
:10d6a0000023cb71b4f844320b8104f23a23cb60ef
:10d6b000284616f056ff94f8ac31112bc8d0112330
:10d6c00084f8ae31c4e72846112112f0c3fc2821aa
:10d6d000284616f049f9bbe7002114f0ddf90446ad
:0ed6e0000028c5d01121284612f0b4fcc1e785
:020000040000fa
:020000040101f8
:10d6ee002de9f843044690461d46eff311864ff0a0
:10d6fe00200383f31188bff36f8fbff34f8f826bbd
:10d70e00c36b9a4206d3022d04d0002086f31188f3
:10d71e00bde8f88394f845707fb2d4f838902a4665
:10d72e00204607f04afbb7f1ff3f21d1a36c7bb136
:10d73e00022d02d1b9f1000f24d120460bf077f85b
:10d74e0010b3b8f1000f21d00120c8f80000dde7ba
:10d75e00636a0bb90120d9e704f12400fdf78bfbb6
:10d76e00b0b1b8f1000f15d00120c8f80000cde718
:10d77e0016f03ffd87420fd201377fb284f8457015
:10d78e000120c3e70120c1e70120bfe70120bde76b
:0cd79e000120bbe70120b9e70120b7e73c
:020000040000fa
:020000040101f8
:10d7aa0030b503780e2bc3b0044622d00f2b3ed0df
:10d7ba00062b1bd100250ce009238df8083004eb59
:10d7ca00850302a8db88adf80a300cf02af9013586
:10d7da00edb22379ab42efd80022043401920094cf
:10d7ea001a2313214ff4827012f053fb012043b025
:10d7fa0030bd03798df809300025411d20220df135
:10d80a000a008df8085015f0d0fb04f125012022fa
:10d81a000df12a0015f0c9fb043402a813f009fd22
:10d82a000195009441232a4640f63e01dae7012396
:10d83a00411d20228df8083003798df809300df149
:10d84a000a0015f0b2fb02a813f0f3fc043400221c
:0cd85a0001920094212340f63e11c3e728
:020000040000fa
:020000040101f8
:02d86600704709
:020000040000fa
:020000040101f8
:10d86800f0b585b013780193294b0093054604233e
:10d87800ee200f46164650210222fcf72bfb2846c5
:10d8880012f09afa044658b9224b009302460195c1
:10d8980004235221ee20fcf71dfb002005b0f0bd4b
:10d8a80003a902a8039616f0e5fb03a90df10900e8
:10d8b80016f0e0fb03a90df10a0015f009fcbdf80c
:10d8c8000a203b1f9a4206d000231a4619462846ca
:10d8d80003f046fde1e79df80930a3719df8083093
:10d8e800013bdab2192a07d900231a4619462846f5
:10d8f80003f036fd0120d1e7074a52f8233023b15f
:10d908003246394628469847f4e71846c6e700bf26
:0cd9180056c702016dc7020170640201d5
:020000040000fa
:020000040101f8
:10d9240003297fb5044615464cd10df0f7fc0028b9
:10d9340049d1e3789a074dd413f0100f264b1b6896
:10d9440005f101010df10a0014bf1e895e8916f06c
:10d95400ebfcbdf80a30162b9cbf1723adf80a3038
:10d96400bdf80a30b34228bf3346a380032016f023
:10d974009ffe0546b0b100f11003032103a80393f1
:10d9840016f0d8fc314603a816f0dafc0423009301
:10d994002a4600230321208811f0aef810b128464e
:10d9a40016f0c0fe4ff4827016f0ccfe40b10e2289
:10d9b400027022888280a288c280042113f05cf85d
:10d9c40004b070bd0420c3b200220221204602f03c
:0cd9d4006ffdf5e70620f6e73cc10020df
:020000040000fa
:020000040101f8
:10d9e00038b55c2016f0b0fe234c244d20605c223c
:10d9f000002115f001ff702016f0a6fe7022002114
:10da0000286015f0f9fe22681346002443f8044ffd
:10da10009360fff757f868b3f0234375012380f84c
:10da20002b30db02c0e9063307230384ff2380f891
:10da30002e30032380f8f43080f8734080f82240c1
:10da400080f829400e4816f035f90e4816f03af9dc
:10da50000d4816f04ff90d4816f014f90c4816f061
:10da600061f920460b4916f0d9fc2b680a4a9a65e1
:10da7000204638bd0720fce788c100208cc100206b
:10da8000c9130301e1250301a513030121c202010a
:0cda9000f5ac0201b91e0301edb7000166
:020000040000fa
:020000040101f8
:10da9c0007b50b4613281cd8dfe800f00a1b1e1b29
:10daac001b22383c401b1b1b1b1b48454e1b1b538e
:10dabc00254a126892f8262342b10b68019304227e
:10dacc0001ab0021002009f0a9f902e00846f8f7a3
:10dadc0065fc03b05df804fb084612f00dfbf8e79b
:10daec00194a116891f8262362b1d1f8a4121a6868
:10dafc0041b1907a897a884204d8019201ab042210
:10db0c000521dfe718460af075fce2e7084616f037
:10db1c0091fcdee7084615f057ffdae7097918465d
:10db2c0013f0e7ffd5e7f4f7a9fbd2e7d1e901122f
:10db3c001878eff727f8cce74968186809f02efc3d
:0cdb4c00c7e712f059ffc4e7ecc100204d
:020000040000fa
:020000040101f8
:10db580037b50468b4f84a3094f98422f02b94bf9e
:10db680094f91b3094f91a309a4205460cdc94f962
:10db78001b3094f982229a4206dbb4f898300133bc
:10db8800a4f8893203b030bd94f883220121d21a57
:10db9800204652b20ef016f9002a1fdd231893f81a
:10dba8007c329b07e9d4174b009593f915309a42bc
:10dbb800b8bf1a46002a08da204490f97432991836
:10dbc8001031bcbfc3f1f00252b28df804206b468d
:10dbd80005220d49012009f023f9cee7cdd02318fd
:10dbe80093f87c12c907c8d494f98612002903da7d
:10dbf80094f985120029c0d093f974320f33bcdb35
:0cdc0800d1e700bf80be0020050601012e
:020000040000fa
:020000040101f8
:10dc140073b50468e36db4f84a10db689a889142de
:10dc2400064609d1b4f84c10da88914204d1b4f80c
:10dc34004e101a89914202d0032284f89c201a784b
:10dc440084f847205a88a4f848209a88a4f84a20df
:10dc5400da88a4f84c201b89a16da4f84e30204624
:10dc6400012209f0fafc236eb4f84a2023f00103e0
:10dc74002366b4f84e3000252046c4e91d55db0068
:10dc8400b3fbf2f3c4f8803001f094f8d4f878319f
:10dc94001a8fdb6b0092019315f09efc04f1c40310
:10dca4002946b422184615f0a5fd6a4603460c2100
:10dcb4003046fbf70dfc236ec4f87c5123f00403bb
:0adcc40043f00803236602b070bdb0
:020000040000fa
:020000040101f8
:02dcce0070479d
:020000040000fa
:020000040101f8
:10dcd0002de9f04707468846164609f03df981468a
:10dce00098b9254b1b88043b9bb2012b0dd8142ef1
:10dcf0000bd8224b00241d7855b101342433102c4d
:10dd0000f9d116f065fa02282ed84846bde8f0870a
:10dd1000dff8689004ebc40509eb850501232b703f
:10dd20003b886b80284632464146043015f042f964
:10dd30002e7600236b7616f05dfa286216f05afafa
:10dd40006430e86116f044fa022802d84ff0010965
:10dd5000dbe716f037fa98f804303a88084908f0fb
:10dd60001ffb4ff00109d0e716f02cfa3a8805495d
:10dd700008f016fbc9e700bfdebc002000fc012054
:08dd80006c6b0001906b0001c7
:020000040000fa
:020000040101f8
:10dd880070b5294e01233370284b53f8045b1c6887
:10dd9800e30602d5264b1b699847a00602d5244bfb
:10dda8005b699847e90602d5224b1b699847aa0484
:10ddb80002d5204b5b6b98472b0602d51d4bdb69c0
:10ddc8009847e80502d51b4b1b6a9847a90502d559
:10ddd800184b5b6a9847e20502d5154b1b6a9847b2
:10dde800a30502d5124b5b6a9847650502d5104b0f
:10ddf8009b6a9847e00402d50d4b1b6b9847a1041a
:10de080002d50b4b5b6b9847620402d5084b9b6ba2
:10de18009847230402d5064bdb6b984714f09aff0a
:10de28000023337070bd00bfc1c20020143f014100
:08de380098c4002058c400202a
:020000040000fa
:020000040101f8
:10de40002de9f04f047a14f00704034618bf0124ab
:10de5000274850f8346084467eb900ebc4051e6044
:10de600040f834306b60234840f82430002a3cd01e
:10de70000846bde8f04f03f07dbfd3f804a04ff093
:10de8000000eaaeb010bb0463746f146bbf1000f7e
:10de90001ffa8ef5786807db401a002816daddb91c
:10dea0001e604cf83430dee7b9f1000f0ed1401a95
:10deb000002809db38680135adb20ef1010eb84615
:10dec0000028ecd00746e1e74ff001097868a0eba5
:10ded0000a000028eedde2e7d8f800201a6012b947
:10dee0000cebc4046360c8f80030bde8f08f00bfdd
:08def00064bf00201cc00020eb
:020000040000fa
:020000040101f8
:10def8002de9f04192b01d464b7906930b790593b5
:10df0800cb7804938b7803934b7802930b78019327
:10df1800234b009380460123ec200c461746202112
:10df28000222fbf7d7ff28460bf01cfe064660bb13
:10df38009df8203068f3000360f341038df820302a
:10df48002368cdf82130a388adf825303b68cdf89b
:10df580027307b68cdf82b30bb68cdf82f30fb68b5
:10df6800cdf833302b68cdf837306b68cdf83b30bf
:10df7800ab68cdf83f3008a8eb68cdf8433002f025
:10df8800fffc304612b0bde8f081064b01900093cb
:10df980000220123ff21ec20fbf79cfff1e700bfe3
:08dfa80010030301871c0301b3
:020000040000fa
:020000040101f8
:10dfb00030b5044689b0008813f002fb00284ad02f
:10dfc000036893f98022002a47daa278ff2a3dd01d
:10dfd000e1780a4483f89622a278e178521a83f80d
:10dfe0009722617922790a4483f89822227961790b
:10dff000521a83f89922e288a3f89a2293f89e2273
:10e0000042f0020283f89e220025e388069363799a
:10e01000059323790493e3780393a37802932388e9
:10e0200001930f4b0093022201235521ec20fbf7b3
:10e0300055ff45b10b4b0093019501230022fd21b3
:10e04000ec20fbf74bff284609b030bd4ff6ff72be
:10e05000a3f89622c5e70225d7e71a25d5e700bf22
:08e060002277020120fc0201fd
:020000040000fa
:020000040101f8
:10e0680038b50568d5f8ec4264b3012385f8f43275
:10e078002379082b0ad8dfe803f005262a2f36096a
:10e088003a404700a368188803f08afa214b1b68b6
:10e098000bb12046984795f8f432012b0fd1d5f8eb
:10e0a800ec321b68c5f8ec321bb905f53b73c5f8b3
:10e0b800f032a06816f046fb204616f043fb00231a
:10e0c80085f8f43238bda068f8f762fddee7a3688a
:10e0d800188803f0d7fed9e7a3689a885988188862
:10e0e80001f034fed2e7a068f4f706f8cee7a3689b
:10e0f80099781888faf74cfcc8e7a368da78997811
:10e108001888faf7d3fac1e7a368187801f02efd4a
:08e11800bce700bfc4c10020f8
:020000040000fa
:020000040101f8
:10e120002de9f34104680646002c4ed031bb284f40
:10e13000012501230222c3210097ec20fbf7cefe2c
:10e14000236a00221b686572e272a28193f8321082
:10e1500061772572596ba161996b616193f83310f6
:10e16000a17224649b6cc4e911322468002ce0d1b4
:10e17000304602b0bde8f04115f044be0129f7d1a8
:10e18000144f0d464ff0807801230222c4210097de
:10e19000ec20fbf7a3fe236a1b6865721a6c2261f0
:10e1a000c4f80b8093f83220627700222272596bf8
:10e1b000a161996b616193f83330a372c4e91022b5
:10e1c000a2642468002cdfd1d2e702b0bde8f08160
:08e1d000302703013e27030183
:020000040000fa
:020000040101f8
:10e1d8002de9f043cfb00d4604460146b42221a8ec
:10e1e80014f0e4fec5b13295264b399f1b68d3f86d
:10e1f800a852002601a8adb9b1464ff00c082c462c
:10e20800b9f1000f04d008f1ff3818f0ff0819d150
:10e218003998c01bc0b202e032980028e4d14fb050
:10e22800bde8f083aa6894420ad0916c41b9116c98
:10e23800914205d14a6c1ab140f826100136f6b25f
:10e248002d68d8e701ab21a853f82410edf738ff63
:10e25800002818bf25460134e4b209f1ff33a6426d
:10e2680008bf002413f0ff0309d130b16c1c701ee5
:10e27800e4b2c0b2a64208bf00248146c0e71846ef
:08e28800fbe700bfecc1002020
:020000040000fa
:020000040101f8
:10e2900030b5836d85b00446002b3ad04ff4f87248
:10e2a0000021a06d15f0a8faa06dbc3014f026fd79
:10e2b000684616f0f9f9a26d0098c2f8cc0002f198
:10e2c000cc03bdf804109df80620998025469a716c
:10e2d00035f80b0b02a913f04ffdddf80930c4f837
:10e2e0000b30bdf80d30ab809df80830a26d0033c7
:10e2f00018bf01236374022382f82c30a26d82f8c8
:10e300002d30104b1b68587810f001000ad105b071
:10e3100030bd4ff4f87016f017faa0650028bdd193
:10e320000120f4e7a26d92f82c3043f0010382f84b
:10e330002c30a26d92f82d3043f0010382f82d307d
:08e340000020e4e7fcc100200d
:020000040000fa
:020000040101f8
:10e3480038b5002012f0e2ff0546012012f0deff8a
:10e35800224a04460d2100200ef0bcfb204a0c2165
:10e3680000200ef0b7fb1f4a0b2100200ef0b2fb75
:10e378001d4a0e2100200ef0adfb1c4a042101208d
:10e388000ef0a8fb1a4a052102200ef0a3fb194a39
:10e39800042102200ef09efb4ff6ff71002010f0c2
:10e3a8002fff4ff6ff71012010f02aff4ff6ff7183
:10e3b800022010f025ff45f4f04189b2002012f048
:10e3c800b7ff44f0100189b2012012f0b1ff3021eb
:10e3d8000220bde8384012f0abbf00bfa57a0101aa
:10e3e800658d0201ed9d020189bd0201793d0201a1
:08e3f800812803019d280301a7
:020000040000fa
:020000040101f8
:10e4000010b586b00023032904468df801302fd1c2
:10e410000df10200511c15f089ff20460cf080ff21
:10e4200048bb02aa01a9bdf8020010f02dfe002889
:10e4300037d0019b2088da7b012100f06bfe80b28f
:10e44000c8b901998b7b9a0723d52388adf8103082
:10e45000bdf802300391adf81230adf814000a2374
:10e460000df1010103a88df8163008f0d1f802e093
:10e47000adf8023004209df8013043b998b90199f4
:10e480008a68496812880b23204609f01bfe06b0f3
:10e4900010bd9b06efd5bdf80220204611f0bcfc54
:10e4a000e9e70120e7e7c3b2bdf802200a212046d0
:06e4b00002f000f8ebe7aa
:020000040000fa
:020000040101f8
:02e4b6007047ad
:020000040000fa
:020000040101f8
:10e4b80038b50c4615462a4b1a7842f001021a70f4
:10e4c80093f800c02cf0020c83f800c000211960fa
:10e4d80019711a7861f384021a7093f801c0012245
:10e4e80062f3830c83f801c0d0f8f430182b1cd0e9
:10e4f800202b27d0102b0ad1194a537823f0030375
:10e50800537090f8893123f0030380f8893101466c
:10e518000df0a0f8124a137843f00203137029464d
:10e52800204607f015fc002038bd0d494b78012224
:10e5380062f301034b7090f8893162f3010380f8ac
:10e548008931e4e706494b78022262f301034b70f4
:10e5580090f8893162f3010380f88931d7e700bf69
:04e568000004004269
:020000040000fa
:020000040101f8
:10e56c00f7b5047a082c4cd8c5680023a5f128010e
:10e57c002820dab294423ed8254f3b681e78002ef4
:10e58c0041d130460df0c6fd0ff084f93f6807f11c
:10e59c0034034ff4a0723146184615f027f987f86a
:10e5ac00324094b304eb8402d200294614f0fcfcf4
:10e5bc0028460df0c3f995f82720012a0fd12b78a6
:10e5cc008df800302b46684653f8011fcdf801102a
:10e5dc009b88adf805308df807200ff07fff0136d2
:10e5ec00f6b2b44205f12805e2d101200df092fdfe
:10e5fc00002003b0f0bd013300fb03f28a5c012a5a
:10e60c00b7d90320f5e70520f3e72046f1e700bf73
:04e61c0028c10020f1
:020000040000fa
:020000040101f8
:10e620002de9ff410c4606210746164610f098fae0
:10e630000546002840d107f15400fbf70dfa042ce1
:10e640003ad997f84430f42b36d1013ca4b2a30751
:10e6500006f1010633d1a11e31440df10e0015f073
:10e6600065fefa8fbdf80e108a422dd93b6c0193de
:10e67000013197f84530009389b2b9874ff42053a0
:10e68000384602f047fb4ff000084ff4827016f056
:10e690005bf8054680b1022303703b888380c48009
:10e6a00024b122463146083014f084fc85f8fe80ff
:10e6b0000421284612f0e2f904b0bde8f081fb8f96
:10e6c000adf80e302c46cce7384614f0fffa4ff088
:04e6d0000108dae77c
:020000040000fa
:020000040101f8
:10e6d40038b5264d26492c68302204f5887013f08d
:10e6e40059fc244bb4f811211a8094f813211a719f
:10e6f4002b6894f8102183f8e62004f58a721168d7
:10e70400c3f8e0109288a3f8e420b4f82621a3f813
:10e71400002194f81a2183f80221174ab4f81e1133
:10e724001180164ab4f820111180b4f92421a3f8f9
:10e734000621b4f92221a3f80821114bd4e94e0192
:10e744001b68c3e9020104f5947211881982927856
:10e754009a7494f81b21da7494f81c211a75d4e97c
:10e764004e2313430cbf1e20002038bd94c100204b
:10e774006040014480be002094c2002092c2002068
:04e7840090c1002020
:020000040000fa
:020000040101f8
:10e7880038b52a4d037a2a68012b0bbf53681368e2
:10e7980043f0080343f008030cbf5360136090f87c
:10e7a8004d30032b04463fd0022b12d10df02ef929
:10e7b8001f4b1a68237a02eb8303d3f89812a142fd
:10e7c8004ff0000108bfc3f89812c2f8a01211f068
:10e7d800fdff637f03b9a3732a68b4f87000118939
:10e7e80088420ed0a4f8701011490968b1f82203c4
:10e7f800a4f87200b1f82413a4f874105289a4f88c
:10e808007620042284f84d2073b194f84e30db074b
:10e818000ad4204613f0c0fd204612f0a9fe204677
:10e82800bde83840f1f7dab838bd00bff0c10020c4
:04e83800ecc100200f
:020000040000fa
:020000040101f8
:10e83c0030b5c278837885b004462abb0d2b0bd13a
:10e84c00806d102200f5c87013f0ecf9054628b164
:10e85c000b21204602f07aff05b030bdadf8040064
:10e86c00cde9020020460ef09bfaa36d2088a03360
:10e87c0001aa02a911f07ef8a36d2a46a0332946fd
:10e88c00204601f0c3fde7e7092be5d1856d102289
:10e89c0005f5e87013f0c6f90028d9d16b78042b74
:10e8ac0016d101232b71a36d9a78002ad4d018713c
:10e8bc00a36d9870a16d01f5c871204609f007ff92
:10e8cc0020460ef06dfaa36d0022a0331146d7e757
:10e8dc00012b02d105f5c871efe7022bfad0032bff
:04e8ec00bad1f7e7bf
:020000040000fa
:020000040101f8
:10e8f00070b503780a2bceb004464bd1c61d012358
:10e9000031468df80c30437980798df80d3011f057
:10e91000c1fe03add4f80730667bcdf80f30b4f8f4
:10e920000b30adf81330a8706e721f2200210df16c
:10e93000160014f061ff324621690df1160014f043
:10e9400039fb237d85f829300022cde900522a23a6
:10e9500040f23e214ff4827011f0a0fa0f4b657b1c
:10e960001b78022b04d0216928460df059fb88b191
:10e9700029462069f6f7aafe60b129220df10d01a2
:10e980000df13a0014f016fb04230ea88df8383070
:10e990000bf04cf801204eb070bd00bfb8c2002093
:020000040000fa
:020000040101f8
:10e9a00038b5254d2549032014f09cf92b682c46d9
:10e9b00033b94c2015f0c8fe286060b9022538e054
:10e9c0000025236803eb8503d86a08b10df010f920
:10e9d0000135082df5d14c220021206814f00cffe0
:10e9e0002368174803221a70236809225a70226884
:10e9f00010210023917053712268d37110f0ccfd67
:10ea00000546b0b90f4810f0dffd054688b90e4a3b
:10ea10000521012014f096f90c49062013f00cfa98
:10ea20002268936903f0f80343f0011343f4a063f1
:10ea30009361284638bd00bffcc10020c53b0301df
:10ea40000d2d0101814a0201c9520201bdb201012d
:020000040000fa
:020000040101f8
:10ea5000f7b50446c07a16460023dab2904201d8d0
:10ea6000802029e09d00e268525bb24203f101037d
:10ea7000f3d10df1060015f059fc204b1b681b6803
:10ea800063b11a7c0021c8b28242f8d9986800ebc1
:10ea9000810001310788b742f5d14388bdf80620cf
:10eaa000022a01d91a42dbd0e3682b445a8020881d
:10eab00015f015fb10b9002003b0f0bd4ff48270c3
:10eac00015f042fe05460028f5d0e07a800015f0ea
:10ead0003bfe68600028eed012232b7023882b8128
:10eae000e27aaa72e168920014f064fa28460421de
:10eaf00011f0c4ff686815f029fedce73cc1002076
:020000040000fa
:020000040101f8
:10eb000070b583780b2b044641d1806d4022eb30e9
:10eb100014f050fa94f853308bb9022011f034fb02
:10eb200000283bd11f4d2b68da786ab11e4940227c
:10eb300004f1120014f03efa022384f85330204608
:10eb4000bde87040f9f73abbe278012a0ad1a26d1c
:10eb50005278032a06d1996821b191f850300bb14f
:10eb60004022e5e7114815f065f9064680b92868a6
:10eb7000022384f853301030faf76eff2b6883f8c5
:10eb800028609b680bb183f850600c23a37070bda4
:10eb900020460821bde8704002f0debd012384f864
:10eba0005330f2e7fcc10020e0c3020179bc02014e
:020000040000fa
:020000040101f8
:10ebb00073b5284d284c2b6893f82460986920225f
:10ebc00004f5ac61c6bb14f0f5f9b4f8a43043f019
:10ebd0001003a4f8a430b4f8a43066f3c713a4f863
:10ebe000a430b4f8a43043f00203a4f8a4302b6896
:10ebf0009869202204f5ac61104414f0dbf9b4f8f4
:10ec0000a43066f34103a4f8a430b4f8ac3066f342
:10ec10008613a4f8ac302b680021986c15f0b0fd79
:10ec200000246b4605220d498df80440012008f0b0
:10ec3000fbf8204602b070bd14f0bcf9b4f8a43063
:10ec40006ff34103a4f8a430b4f8ac306ff386132b
:10ec5000dfe700bf90c1002000240141020501014f
:020000040000fa
:020000040101f8
:10ec6000f8b5274d274c284f19e05a0017f8131014
:10ec700061f30706b6b20132ba5c62f31f260133b4
:10ec800022699a4298bf0023e3606b6803f0070390
:10ec9000012b1abff3b2ab62ae62237d93b92b7e18
:10eca00013f0010f2bd0a268e3689a4224d06a685f
:10ecb00002f00702012ad8d0fa5c62f30706b6b266
:10ecc0000133dde714f040fb2368002be7d06168d7
:10ecd000237f43b10b4b9b699842e0d3094b1b68e0
:10ece00003209847dbe7074b9b699842d7d1054b38
:10ecf0001b6803209847d2e7014b01221a75f8bd23
:0ced0000000c00403cbc002020b80020ab
:020000040000fa
:020000040101f8
:10ed0c0008b5254b1b681bb1244b01221a6008bdaa
:10ed1c00224b00221a60224b1b681b6b1a68b2f143
:10ed2c00a53f03d15a68b2f1a53f26d01c4b1968f8
:10ed3c001868343114f0a6fd1a4b1b68b3fa83f330
:10ed4c00dbb2c3f11f03184a03eb830102eb810111
:10ed5c0048684068486003eb830102eb810208328b
:10ed6c00904213d003eb83030f4a02eb83035b68df
:10ed7c00da680b4b1a601b68c9e79a68b2f1a53fb9
:10ed8c00d4d1db68b3f1a53fd0d1d5e7064a02eb6d
:10ed9c008102d1685160e5e7d8c00020ecc00020aa
:0cedac0010c10020f8c00020a0b9002019
:020000040000fa
:020000040101f8
:10edb80010b5294b90f867401b6819895b8919447d
:10edc800b0f84a3040f2e242122c02fb03f2b0f8eb
:10edd8009e3128d0222c2bd0112c2ed101f1e60403
:10ede80004ebc30390f86640122c2bd0222c2cd0b5
:10edf800112c2dd103f5e6739342a3eb0101c0f862
:10ee0800941023f0004194bfd31a0023c0f88c302b
:10ee18008a424ff000032cbf521a1a46c0f89020bd
:10ee2800c0f8883010bd01f1c20404eb8303d9e7b0
:10ee380001f5197404eb0313d4e701f2663404eb0b
:10ee48008313cfe703f5c273d6e703f59963d3e7d6
:0cee580003f2cc63d0e700bff0c1002043
:020000040000fa
:020000040101f8
:10ee64002de9f34190f82c70012f044640d100f0b5
:10ee7400bfff002843d001f0edfc00f0b9ff94f887
:10ee84002d600546002e2ed1dff87c8084f82d708d
:10ee940004f18c073b6883b101230222cde900868b
:10eea400c121ec20fbf718f83b6800221a603b688c
:10eeb4006a685a603b6813606b600136042e07f180
:10eec4003407e7d10f4b009302220123c221ec2027
:10eed400fbf702f8236d00221a60236d6a685a60fa
:10eee400236d13606b602c6828462cb115f055fb1c
:10eef400002002b0bde8f08101f0acfcf8e7072087
:0cef0400f7e700bf341903011f190301d7
:020000040000fa
:020000040101f8
:10ef10000229f8b506460c4617464bd9008815f06d
:10ef2000def83b7848b196f8842032b91d2b41d1e8
:10ef30003046bde8f8400ef04db91b2b4ff48270ff
:10ef400001d0222b18d115f0fffb054690b3082302
:10ef5000037033888380791c063015f0e7f9e21ed0
:10ef6000f91c2a8105f10a0014f024f8284604212e
:10ef7000bde8f84011f082bd15f0e6fb054690b102
:10ef80000923037033888380791c063015f0cef98d
:10ef9000e21ef91c2a8105f10a0014f00bf8042185
:10efa000284611f06bfd044b1b88db07c0d51d23e1
:0cefb00086f84730f8bd00bf38c10020d3
:020000040000fa
:020000040101f8
:10efbc0010b5284b1b78342202fb0303044693f84c
:10efcc005c3093bbc36b02f23d22b3fbf2f39ab2fb
:10efdc00214bd3f8041162f31f41c3f80411017cd7
:10efec00d3f8002161f38302c3f8002190f82020ac
:10effc00022a03d0042a13d0012a0bd1d3f804110e
:10f00c0062f3cc21c3f80411d3f8001162f306119a
:10f01c00c3f80011204612f0f4fd84f8200010bd56
:10f02c00d3f8041141f4c051ece7012bf7d10a4b92
:10f03c0090f82110d3f8002161f3cc12c3f8002111
:10f04c0090f82210d3f8002161f38302c3f8002159
:0cf05c00e5e700bfd9c2002000240141fc
:020000040000fa
:020000040101f8
:10f06800f0b52549254e0b7883f00107002b40d1d8
:10f07800234c336825685a78187903eb020e5ffa37
:10f0880085fc9ef80b50844598bf01358ef80b50cf
:10f098002568c5f3072e551c1d4495f80bc070450f
:10f0a80028bf0cf1010c85f80bc02568c5f3074e85
:10f0b800951c1d44033295f80bc0704528bf0cf110
:10f0c800010c85f80bc013442468da7a240e8442b4
:10f0d8008cbf1046501cd87232680f70537809499b
:10f0e8000433537000231a461846bde8f04007f071
:10f0f80097be054cbde700bfdec2002054c2002009
:0cf10800583c0141010801005c3c014141
:020000040000fa
:020000040101f8
:10f1140037b500230d4614468df806308df80730b8
:10f1240010f068fa10b90f2003b030bd2c4204d19e
:10f13400012d0cbf02200320f6e7012d04d114f0a9
:10f144000e0f1cd10020efe714f0e00ffad0102dc1
:10f1540009d1610620d50df107030df10602032143
:10f16400008807f02cfe9df8073003bb14f0ee0f67
:10f17400e8d09df806300f2be4d80c20d4e76507bf
:10f18400e9d4a2070ad414f0080fecd00df1070358
:10f194000df106020121e3e7a30605d50df10703ee
:10f1a4000df106020221dbe714f0800fede7012bdd
:0af1b400b9d0022bc6d10520b6e742
:020000040000fa
:020000040101f8
:02f1be00704798
:020000040000fa
:020000040101f8
:10f1c0002de9f04182b00378032b43d0074668460f
:10f1d0000ff008f900283fd14ff4005442f208061e
:10f1e00013e04046e8f7ddf858b1072269461b48ae
:10f1f00012f01efde8b104e0791c194803f0dafeb4
:10f2000020bb0134a4b2b4421ed0e5b22046e8f7d8
:10f21000a5f80028f5d02046e8f7c3f80028f0d07c
:10f2200004f108081ffa88f84046e8f797f8002824
:10f23000d7d13b78022bdfd006220a49781c12f086
:10f24000f7fc0028ddd101e00135edb2284602b01f
:10f25000bde8f0810825f9e70825f7e74cbd002057
:08f2600083bc00207dbc0020ee
:020000040000fa
:020000040101f8
:10f26800002847d038b5044650f8043c002b00db92
:10f2780038bd50f8082c002afad1a0f1080523f06f
:10f28800004340f8043c14f039fc54f8041c1a4ab2
:10f2980013680b441360194b1a461b689d42fbd830
:10f2a800506802eb000c65450fd054f8040c29187f
:10f2b8008b4213d02b60aa4218bf1560104a1368fe
:10f2c80001331360f3f7dafdd2e7014451600846d1
:10f2d80011448b4201d01360f0e7154609490968cb
:10f2e8008b4205d05b6803446b6013681b68e1e7d9
:10f2f8000b46dfe7704700bf20c10020dcbf0020bd
:08f3080014c1002024c1002003
:020000040000fa
:020000040101f8
:10f3100010b5274c206890f82130032b8cb01ad1ff
:10f32000223014f07ff8206890f82130012b02d9a8
:10f3300022300ef07dfa23680020d3f8743198470c
:10f340002068038e2bb11b4900f5f2705943f7f783
:10f3500003fb0cb010bd022be5d1032104a807f07c
:10f360005bfa0d2200210df1130014f045fa9df80f
:10f37000123003f07f0343f0400368468df81230eb
:10f3800013f0bcfc08aa04a96846fdf739fb236802
:10f39000bdf820109df82220598483f82420bdf860
:10f3a00010109df81220a3f8251083f82720bae743
:08f3b00028c1002040420f00bb
:020000040000fa
:020000040101f8
:10f3b800f8b509210646002012f037fb044680b351
:10f3c80001213046356811f0a1fa00210746304680
:10f3d80011f09cfa14232373193b63730023a3735e
:10f3e800b5f81e32a4f81130bb071bd0b5f820328f
:10f3f80040f64802934222d94823e3740823237530
:10f40800a5f8202282071dd04823e373082323741c
:10f4180003f50463a5f824323046214613f072fd43
:10f428000120f8bd7907edd5b5f8203244f29022d5
:10f43800934204d96ff06f03e3744223dfe7a4f823
:10f448001330dfe74307e7d56ff06f03e373422319
:08f45800237444f29023dde768
:020000040000fa
:020000040101f8
:10f4600070b5274d04460cf0d5fa2b68d3f8a0628e
:10f4700011f0b0f994f84c308bb1236c93f8503004
:10f480009b070cd4204604f0b7fba36a13b12046b7
:10f4900010f05cfb2046bde87040fff775b93146bf
:10f4a000204601f03ff9844228d10ff0e5ff0146e4
:10f4b00020460af0b1fd844220d1237a012b114b62
:10f4c0001a680bbf5368136843f0400343f04003ce
:10f4d0000cbf5360136094f84d30012b0ed12046c1
:10f4e00004f08afb022384f84d30237a2a68a6337d
:10f4f00042f82340bde8704012f061bf70bd00bf0c
:08f50000ecc10020f0c1002065
:020000040000fa
:020000040101f8
:10f5080073b505460df10101684612f0a1fc902083
:10f5180015f016f90446002844d0a96d00f1080634
:10f52800442201f596714c3013f040fda96d442238
:10f53800a031304613f03afd95f855305bb194f898
:10f54800663043f0010384f8663094f8223043f0c3
:10f55800010384f8223095f854305bb194f8663092
:10f5680043f0020384f8663094f8223043f0020333
:10f5780084f8223095f8522094f8663062f38703b5
:10f5880084f8663095f8522094f8223062f38703a5
:10f5980084f82230052323702b88a38021469020ed
:08f5a80014f0feff02b070bd7b
:020000040000fa
:020000040101f8
:10f5b000f8b504680025d4f89031c4f898310646af
:10f5c00084f86351c82013f042fe074610f008fe8d
:10f5d00039460bf017fe194bc4f89c011d70184bef
:10f5e00001221a80174b1d70174b1e6014f03aff52
:10f5f00094f8293010b1581b18bf0120134b187014
:10f60000022384f86231124814f044ff114b1b6846
:10f610000bb1012098472146012000f0b9f921469d
:10f62000012007f031fa00212046f1f7cdffd4f890
:10f630009c0112f051fd0020f8bd00bfcfc2002098
:10f6400098c20020cec20020f8c10020d0c2002005
:08f65000f16501015cc200201c
:020000040000fa
:020000040101f8
:10f658002de9f3470446008915f05ef8002848d0e4
:10f668002789384610f0a8fb064600283dd0c37805
:10f67800002b3ad01c20b4f80aa0b4f80c90b4f8c7
:10f688000e80248a15f05cf8054680b300f110035b
:10f69800122101a8019314f04bfef1794b1cf37170
:10f6a80001a814f045fe082101a814f047fe5146b0
:10f6b80001a814f043fe494601a814f03ffe414654
:10f6c80001a814f03bfe214601a814f037fe2a4693
:10f6d8000c21384610f07ef9044610b1284615f082
:10f6e80031f8204602b0bde8f0870124f9e702248a
:06f6f800f7e70424f5e72a
:020000040000fa
:020000040101f8
:02f6fe00704753
:020000040000fa
:020000040101f8
:10f7000070b5c0b00c4616460ef000fd002839d08a
:10f7100005460378012b37d1837913f0010f03d10c
:10f720001f4b03f594620ae0037a002bf8d1042002
:10f730002be0dcf80b0050bb9433934229d09c465d
:10f7400018780128f5d199790c29f2d904201ce008
:10f75000a223adf80430adf806402246314602a897
:10f7600013f028fc1b238df8fc3001a968880df0ec
:10f7700047ff50b9ab7913f0010f06d02b7a013b4c
:10f780002b7202e0012000e0052040b070bd042093
:10f79000fbe7ab88033b9c42dad90120f5e700bfc9
:04f7a0006da900202f
:020000040000fa
:020000040101f8
:10f7a40030b4224b1968224b1a881b7981f8133123
:10f7b4000b46a1f8112153f8e02fc1f814219b88be
:10f7c400a1f8183191f8e63081f81031b1f8003120
:10f7d400a1f8263191f8023181f81a31154b1b88b2
:10f7e400a1f81e31144b1b88a1f82031b1f8063161
:10f7f400a1f82431b1f80831a1f822310f4b1b686c
:10f80400d3e90245c1e94e451a4601f5887132f83b
:10f81400100f088392788a76da7cca721b7d0b7388
:10f824003022074830bc12f0b5bb00bf94c10020a1
:10f8340080be002094c2002092c2002090c100200b
:04f8440060400144db
:020000040000fa
:020000040101f8
:10f8480010b5274b90f867401b681a895b891a44e2
:10f85800b0f84a3040f2e241122c01fb03f1b0f853
:10f868009e3125d0222c28d0112c2bd102f1e60470
:10f8780004ebc30390f86640122c28d0222c29d020
:10f88800112c2ad103f5e6739a1a8b42c0f89420fa
:10f8980023f0004294bfcb1a00239142c0f88c3069
:10f8a8002dbf891a0023c0f88c30c0f8901010bd05
:10f8b80002f1c20404eb8303dce702f5197404ebdc
:10f8c8000313d7e702f2663404eb8313d2e703f598
:10f8d800c273d9e703f59963d6e703f2cc63d3e79c
:04f8e800f0c100204b
:020000040000fa
:020000040101f8
:10f8ec002de9f041d2e900230c4686b005465feacb
:10f8fc00d378d1e901060968e76805913fd05242f7
:10f90c0063eb4303002808db21f002010591b8f1f9
:10f91c00000f02d10599480722d5711e05a8029047
:10f92c000a20cde90010204605f00cfab8f1000fc2
:10f93c001ad001382d233b542269059b0093013ac0
:10f94c003346121a3918284604f0b2fe6b68db05f0
:10f95c0003d563689842b8bf184606b0bde8f0817d
:10f96c000807dad43146d9e7059b590702d5013887
:10f97c002b23e0e71a07dfd501382023dbe700282b
:04f98c00c2dac7e72d
:020000040000fa
:020000040101f8
:10f990002de9f04107460020884611f0bbfc0646e1
:10f9a000012011f0b7fc0546022011f0b3fc04461b
:10f9b00037b314f06ffa14f075fa14f07bfa14f000
:10f9c00081fa46f4605189b2002011f0b5fc98f834
:10f9d000733013f0fd0f01d0042b0fd145f010014f
:10f9e00089b2012011f0a8fc6fea04516fea1151ad
:10f9f00089b20220bde8f04111f09ebc2946f0e733
:10fa00004ff6ff7138460ff0fffb4ff6ff710120f4
:10fa10000ff0fafb4ff6ff7102200ff0f5fb3146b5
:10fa2000384611f089fc2946012011f085fc214659
:02fa3000dfe70e
:020000040000fa
:020000040101f8
:02fa32000229a7
:020000040000fa
:020000040101f8
:10fa340030b583b004460378032b1ed0062b33d095
:10fa4400022b35d1848820460ff044fa80b38379a1
:10fa540073bb204614f0d1fa204601f00ff914f0dc
:10fa6400b5fb022802d8eef717fa21e014f0a8fb40
:10fa74002246144906f092fcf5e78488124d0df1f4
:10fa84000601204611f06dff2946204604f071fa64
:10fa940070b9bdf806104b1e9bb2f32befd82a4663
:10faa4002046f1f747faeae714f090fb022801d860
:10fab40003b030bd14f084fba288044906f06efc48
:10fac400f6e700bf406a000140fe01205c6a0001c5
:020000040000fa
:020000040101f8
:10fad400002847d038b50446436c994238bf1946cc
:10fae400c36a8b4202d0826c012a00d038bdc16245
:10faf4008269002aa4bfc1f10501816103eb83037c
:10fb0400194a02eb830342699a42efd1051d284644
:10fb140011f049ff38b915490b68e06a01228240a7
:10fb240023ea02030b60e36a1049086801229a4041
:10fb340002430a600c4903eb830301eb83035b6814
:10fb4400a3609a68e26055609d60e36a03eb8302f8
:10fb540001eb8202626103eb830351f8233001332a
:10fb64001360c3e7704700bfa0b90020f8c00020ad
:020000040000fa
:020000040101f8
:10fb74002de9f743244e336807461d7df8b9db7c35
:10fb8400ab4201d90135edb2204b1c684ff000089f
:10fb94004ff00109ccb9b9f1000f2ad033682046df
:10fba4001d753268137d0bb9012f2bd0d27c9a427c
:10fbb40002d1002f08bf432003b0bde8f083012821
:10fbc400e2d1002de0d0013ddde7a2681379043bca
:10fbd400012b09d8106814f00bf938b9d4f808804f
:10fbe4008146a06813f054f92468d3e733681d757f
:10fbf400f7e701ab0222082140468df804700ef0ad
:10fc0400c7f9cee74320d7e790c1002044c00020c5
:020000040000fa
:020000040101f8
:10fc1400ffffffffffffffffffffffff00000000ec
:10fc2400000000000000000001000000ffffffffd3
:10fc3400fcffffffffffffffffffffff00000000cf
:10fc4400000000000000000001000000ffffffffb3
:10fc54004b60d2273e3cce3bf6b053ccb0061d657c
:10fc6400bc86987655bdebb3e7933aaad835c65a05
:10fc740096c298d84539a1f4a033eb2d817d037742
:10fc8400f240a463e5e6bcf847422ce1f2d1176bdd
:10fc9400f551bf376840b6cbce5e316b5733ce2bb0
:10fca400169e0f7c4aebe78e9b7f1afee242e34fdf
:020000040000fa
:020000040101f8
:10fcb40070b50468d4f8ec00e66814f061fd94f8bb
:10fcc400e8200023c4f8ec30aab384f8e83084f8c0
:10fcd400c03011f0bffb18b90421022003f0ecf985
:10fce40094f80e318bb194f80f2132bbd4f8103153
:10fcf4001d682046298801f09ff894f80f3123b934
:10fd040095f8a810288812f015f9d4f8b4000ef06c
:10fd140003fcd4f8b0000ef0fffb0c4b1a689442bd
:10fd240011d05a68a24203d10122002143f82210c3
:10fd340030460bf0fdf8002070bd4ff6ff712046f1
:10fd440001f07af8e1e70022efe700bf3cc00020b1
:020000040000fa
:020000040101f8
:10fd54002de9f04186b0244b0190cde9021207460b
:10fd64000093ec2001230e46154650210222faf797
:10fd7400b3f8384611f022fc044670b3d0f8008082
:10fd840098f8be319b062ad511f0c0f860b1a8f8e6
:10fd94001e62a8f82052204613f0fffd08b3002489
:10fda400204606b0bde8f081204604ab06220321bc
:10fdb400adf81070adf81260adf814500ef0e8f81c
:10fdc40004460028ebd0094b009301940123002240
:10fdd400ff21ec20faf780f8e2e70224f3e71a2483
:10fde400f1e70724efe700bfb6ed0201660803015f
:020000040000fa
:020000040101f8
:10fdf40010b50bf00dfe254b1c6894f8c031da07e2
:10fe04000cd443f0010384f8c03104f5c474002316
:10fe1400c4e9003410f0dcfc204610bd980706d479
:10fe240043f0020384f8c03104f5c874efe75907be
:10fe340006d443f0040384f8c03104f5cc74e6e737
:10fe44001a0706d443f0080384f8c03104f5d074cb
:10fe5400dde7d80606d443f0100384f8c03104f576
:10fe6400d474d4e7990606d443f0200384f8c0314f
:10fe740004f5d874cbe75a0606d443f0400384f85b
:10fe8400c03104f5dc74c2e70024c3e7ecc10020f0
:020000040000fa
:020000040101f8
:10fe9400f7b50568ec68064644b32b6e234f43f46c
:10fea40080532b66a388f3b9e2790abb2b6e1a0739
:10feb4000ad5012323716b46082239460120cde976
:10fec400006406f0afff0ee043f400532b66b5f870
:10fed40098302289db4313441bb2002b03dc2146f8
:10fee400284612f088fa2468002cdbd103b0f0bd58
:10fef4002389b5f898105b1a1bb2002bf3dc01239d
:10ff04009a4223710dd0182aedd121462846f9f7db
:10ff14008df82846fff796fc2b6e43f400132b66ee
:10ff2400c9e72146284609f03dfbc4e7a0040101c6
:020000040000fa
:020000040101f8
:10ff340070b5234bd3f81c31c3f3c3030bb1062ba9
:10ff44000cd1456a4db11f4e002406222946304685
:10ff540011f06cfeb8b91c4b9c7070bd1b4b1b7828
:10ff6400342202fb030300219c6fa37803f03f03b8
:10ff74001c4405342046f8f71ffa01212046f8f7ff
:10ff84001bfa0546dee70134e4b2082c06f10c0640
:10ff9400dbd10d4b5a780c2101fb02300124047192
:10ffa400c0f806402968c0f80a105a789a70072adf
:10ffb400a988c1810cbf002201325a70cde700bf6d
:10ffc400002401410eba002004ba0020d9c2002046
:020000040000fa
:020000040101f8
:10ffd40000b5a0f1060c1ffa8cfc40f67a4ef445ed
:10ffe4002fd8a1f1060c1ffa8cfcf4452cd8b2f5dd
:10fff400fa7f2bd2a3f10a0c1ffa8cfc40f6764e42
:020000040102f7
:10000400f44525d8884225d802f1010c1cfb01fcdb
:100014004fea4c0c1ffa8cfcbcebc30f1cd8124be0
:100024001b68b3f822c0844518d3188c884217d8ab
:10003400d98c914216d3988c90428cbf0020012019
:1000440000e000205df804fb0020fbe70020f9e756
:100054000020f7e70020f5e70020f3e70020f1e7b0
:0c0064000020efe70020ede798c000202e
:020000040000fa
:020000040102f7
:1000700013b50321846801a806f0cefb9df8053076
:100080009df804201f4820491b0243ea02439df8c3
:1000900006201343b3fbf1f201fb1232b3fbf0f184
:1000a000b2fbf0f200fb1131303242f210702270dc
:1000b000b1fbf0f1b3fbf0f2303100fb12324ff440
:1000c0007a706170b2fbf0f2b3fbf0f1303200fbfa
:1000d00011316420b1fbf0f13031a270e170b3fb5b
:1000e000f0f20a2100fb1232b2fbf1f2303222713f
:1000f000b3fbf1f201fb123330330020637102b025
:0c01000010bd00bfa086010040420f00af
:020000040000fa
:020000040102f7
:10010c0038b5234b1c6812f007ffa064002839d0c7
:10011c00fff76afe002835d0a26c00251560a26c92
:10012c0041685160a26c0a604260a36c194a5a6221
:10013c00a36c194a9a62a36cdd62a36c1d63a36c59
:10014c005d63a26c01235372a26cd572a26c137303
:10015c00a26c9573a26c5373a36c5d77a36c1d7228
:10016c00a36c9d64a26c38239361a26c5361a36c45
:10017c005d64a36c0c229a72a36c1b6413f03cfe9e
:10018c00284638bda06c08b114f0f6fa0720f8e741
:0c019c0090c100208d3f0101792103017a
:020000040000fa
:020000040102f7
:1001a80070b505460e4604680921002011f03dfc93
:1001b80000283fd0204b06731b681a68c0f80d2032
:1001c8005a68c0f81120092e2fd11a7894f8b61160
:1001d8000a4084f8be215a7894f8b7110a4084f886
:1001e800bf219a7894f8b8110a4084f8c021da78c7
:1001f80094f8b9110a4084f8c1211a7994f8ba110f
:100208000a4084f8c2215a7994f8bb110a4084f84c
:10021800c3219a7994f8bc110a4084f8c421db7987
:1002280094f8bd21134084f8c5310146284612f0e0
:0c02380069fe012070bd00bf90c10020d5
:020000040000fa
:020000040102f7
:100244002de9f843224b1b78012b05460e4628d195
:10025400204b1f684ff6ff797c1c07f2f5181dbb75
:1002640014f8010ca0f1ff03584258414e452bd01d
:10027400b4f8073008b1b34214d00a34a045eed123
:1002840015490b7803eb830207eb42021681a5b9eb
:10029400ff20107001333220b3fbf0f200fb123365
:1002a4000b700020bde8f88306222946204611f091
:1002b400bdfcb0fa80f04009d8e72868c2f8010014
:1002c400a888a2f80500e5e70028d6d0eae700bf31
:0c02d4008ec20020d8c10020c7c200204c
:020000040000fa
:020000040102f7
:1002e0002de9f3410746884616460ff0a5fb044664
:1002f000002832d112f016fe1a4d2860fff77afd61
:1003000000282ad02a681849516218499162184970
:10031000d16218491163391c18bf012151779661c8
:1003200040f201110126146091609181946456613c
:10033000c2f8448094731264426829684a6011606c
:100340002a68426013f05efd0b4b00930197334621
:100350000222d421ec20f9f7c1fd204602b0bde80d
:10036000f08100bfe0c10020d16d0101a54703016c
:0c037000f1a6020181cc02014638030115
:020000040000fa
:020000040102f7
:10037c00f0b5044685b0072014f096f90546002820
:10038c003fd0214e00f11003022103a8039313f078
:10039c00cdff336803a8197813f0c8ff336803a89e
:1003ac00597913f0c3ff336803a8597813f0beffd3
:1003bc00336803a8997813f0b9ffa36d03a893f8d9
:1003cc002c1013f0b3ffa36d03a893f82d10062780
:1003dc0013f0acff009700232a46072120880ef06b
:1003ec0087fb064648b994f8553023b10b23a3700c
:1003fc00304605b0f0bda770fae7284614f08ef928
:0c040c00f6e70226f4e700bffcc1002068
:020000040000fa
:020000040102f7
:100418002de9f8430546a420884691461e4614f067
:100428008ff9044600283dd00127af70a42200218f
:1004380013f0def9002020702b88a38084f8068052
:1004480084f80790b8f1000f1bd13268c4f809206e
:100458007268c4f80d20b268c4f81120f268c4f8b4
:100468001520ab6d3bb15b792bb92772288885f8cd
:10047800567013f04ff92146a420bde8f84314f054
:100488008fb895f85330022bf5d106f059f90028aa
:10049800f1d0436803f0f802034b1343436010f0b4
:0c04a8006df9e8e7bde8f88301050200eb
:020000040000fa
:020000040102f7
:1004b40012292de9f34104460e4690461f462ad1df
:1004c400838a0bb100238382052014f0f1f80546da
:1004d400002839d000f11003012101a8019313f081
:1004e40029ff314601a813f025ff414601a813f066
:1004f40027ff394601a813f01dff20462a4605218f
:1005040011f06aff044610b1284614f00bf9204696
:1005140002b0bde8f08116290ad190f83930013bc8
:10052400dbb280f83930002bced180f83830cbe7fd
:100534001829c9d190f83830032bc5d110f088faa6
:0c054400002384f83830bfe70224e0e711
:020000040000fa
:020000040102f7
:10055000f0b5244e0346006830609a889b79b280db
:10056000a6f57764b371b4f86c3f43f00203a4f8c6
:100570006c3fd4f8683f5a008bb00f4630d5756a8f
:10058000d4f8683fc5f3026565f31243c4f8683fc9
:1005900027223146684612f00dfd9df8003007f025
:1005a000010767f341032722694630468df8003082
:1005b00012f000fdd4f8683f43f48013c4f8683f9c
:1005c000d4f8683fdb02fbd4074b1b68272202fbf1
:1005d00005330020da7a67f34102da720bb0f0bd1e
:0c05e0000220fbe7703301410cc2002038
:020000040000fa
:020000040102f7
:1005ec00244b1b78342202fb030090f85c30ebbbed
:1005fc00214bd3f8242142f00042c3f82421d3f834
:10060c00242142f08042c3f82421d3f8242142f063
:10061c000052c3f82421d3f8242142f08072c3f88d
:10062c002421d3f8242142f08052c3f82421d3f89a
:10063c00242142f00062c3f82421d3f8242142f093
:10064c008062c3f82421d3f8242142f00072c3f84d
:10065c002421d3f8242142f40002c3f82421d3f836
:10066c00242142f48002c3f824217047012bfcd1d1
:0c067c00014bd6e7d9c200200024014148
:020000040000fa
:020000040102f7
:10068800244b1b78342202fb030393f85c206ab9dd
:10069800037b002b3cd008231e210b4403f2971345
:1006a800b3f5d37f1ad24ff4d3731be0012a2ed1ae
:1006b80093f96e2090f822005b6f002aacbf1e21d0
:1006c8004ff4967102284fea430311d00328e4d06f
:1006d80001280cd13d330b44482b02d9c3f30e0338
:1006e80000e049230c4a118863f30e01118070471a
:1006f80028330b442c2b84bf47f6fe721a40064b56
:10070800198898bf2d2262f30e01198070470023c3
:0c0718001946c2e7d9c200206c3801412c
:020000040000fa
:020000040102f7
:1007240070b504460d46b9b191f84d60032e08d05a
:1007340091f84f305a0704d4826e06f001fe002867
:1007440036d0237a3bbb2b7a012b10d1032e05d153
:10075400002128460df037fc204670bdab6a13b16a
:1007640028460ff0f1f92846fef70cf8f4e72b7f42
:10077400002bedd1a27aab7a9a42e7d8204603f057
:1007840039faa36a13b120460ff0def92046fdf7cb
:10079400f9ff2c46e0e7a36c13b90023a373f8e731
:1007a400637f002bf9d094f85030db07f5d4e5e7ec
:0a07b400023e012e98bf2c46cee74e
:020000040000fa
:020000040102f7
:0207be0003280e
:020000040000fa
:020000040102f7
:1007c0002de9f041c37a046e012b0e46154605d182
:1007d000c36b1f49e41af61a0c400e400bf01af9cd
:1007e0001c4b1b68d3f8b0820ff0f4ffad08b8f1d2
:1007f000000f01d1bde8f0810bf00cf9d8f80070c2
:100800000ff0e8ffd8f80800837b012b1ed1036ea0
:100810009c421bd10269631cc2f3080202eb432213
:1008200003669b1b40f27121c3f316034b43b0f8e0
:1008300070100261c5eb530301f271229a4205d890
:10084000c0f88400591a7830f6f786f8b846cee733
:08085000ffff7f00ecc1002056
:020000040000fa
:020000040102f7
:1008580010b504460bf0daf8224b1b6803f5c47296
:10086800944209d193f8c02122f0010283f8c021f3
:10087800bde810400ff0aabf03f5c872944204d136
:1008880093f8c02122f00202f0e703f5cc729442fb
:1008980004d193f8c02122f00402e7e703f5d072ef
:1008a800944204d193f8c02122f00802dee703f550
:1008b800d472944204d193f8c02122f01002d5e7f3
:1008c80003f5d872944204d193f8c02122f0200293
:1008d800cce703f5dc729442cad193f8c02122f028
:0808e8004002c3e7ecc100204f
:020000040000fa
:020000040102f7
:1008f000072870b545d8234d041d2b6853f8246094
:10090000002e3ed096f846301bb106f15400f9f7a0
:10091000a3f8b37c1d2b03d106f16c00f9f79cf80a
:100920002b6853f82430d86808b113f00fff2b68f8
:1009300053f82430186c08b113f008ff2b6853f8f3
:1009400024004c3012f0bdfb68b12b6853f8240032
:100950004c3013f047f9064628b1406813f0f6fe14
:10096000304613f0f3fe2b6853f8240010f072f8b1
:100970002b6853f8240013f0e9fe2b68002243f89b
:08098000242070bd00c200201c
:020000040000fa
:020000040102f7
:10098800f8b5272201460646204812f00ffb11f061
:100998006ffb1f4bd3f8682f60f31242c3f8682f20
:1009a800d3f8682f42f480120546c3f8682f00bfb9
:1009b800d3f8682fc2f30052002af9d1012493f822
:1009c800681fac40e4b2214383f8681f06f117039f
:1009d80006f1270113f8010b10b98b42fad1012255
:1009e8000c4f3b682b443046da700bf063f9272232
:1009f8000b2012fb050538683146284412f0d6fa58
:100a08003b681a7814431c70f8bd00bf703301416d
:080a1800002401410cc2002082
:020000040000fa
:020000040102f7
:100a200070b5d0f8a0100e7b182e044634d80122e1
:100a3000204bb24013407bb3182ec56802d1b1f8e9
:100a40000f304bb36b793bb313f0c4fcb4f84c20bc
:100a5000b4f89830052802f101028bbf02ebc20204
:100a600002eb420203eb420303eb82039bb2012e33
:100a70002b8118d08eb1182e0cd1d4f8a010a4f868
:100a80006a32a1f80f3094f98022002a02da073383
:100a9000a4f8893200236b7170bdd4f8a010a4f8bb
:100aa0004432cb82f6e7d4f8a010a4f81c324b8273
:080ab000f0e700bf03000001a4
:020000040000fa
:020000040102f7
:100ab800244bd3f8242142f40012c3f82421d3f89c
:100ac800242142f48012c3f82421d3f8242142f4cb
:100ad8000022c3f82421d3f8242142f48022c3f849
:100ae8002421d3f8242142f40032c3f82421d3f876
:100af800242142f48032c3f82421d3f8282142f477
:100b08000072c3f82821d3f8282142f48072c3f870
:100b18002821d3f8282142f08002c3f82821d3f8ed
:100b2800282142f04002c3f82821d3f8282142f0b6
:100b38002002c3f82821d3f8282142f01002c3f874
:080b480028217047002401413f
:020000040000fa
:020000040102f7
:100b500037b5224d2b681a7a013a1a725a78272a29
:100b600029461dd900245c702a68d3790133dbb291
:100b7000d37192799a4213d8012003f03df92b6882
:100b8000dc715c725c71164b2146186813f0f8fd3d
:100b9000234622461349012006f046f903b030bd32
:100ba0000b685a79022af9d1597a0029f6d1b3f89b
:100bb000ca201ab10846f6f70bf9efe71b7a002bab
:100bc000ecd1012003f018f94ff48073adf8043034
:100bd000034b01a9186813f0d3fddfe754c20020ce
:080be00050c2002000070101d2
:020000040000fa
:020000040102f7
:100be80010b592b0d0f840318df8042001228df86c
:100bf800082090f86c218df8092000f26d12adf8ec
:100c0800061041f20a0411689288adf80040cdf848
:100c18000a10adf80e20da8aadf81c201a8badf850
:100c28001e205a8badf8202093f82130c3f34213cd
:100c38008df8223000f273131a689b88adf81a30c9
:100c480090f82130cdf81620012b08d80023049302
:100c5800adf8143068460df07bfd12b010bd90f869
:100c68003230012bf2d1034653f8330f04909b889e
:060c7800adf81430eee7b8
:020000040000fa
:020000040102f7
:020c7e0000284c
:020000040000fa
:020000040102f7
:100c800030b585b004460ef027f91e4b1b788df861
:100c90000c301d4b1b788df80d301c4b1b788df8dc
:100ca0000e3058b1054601790023019303230093c8
:100cb00003ab0922204602f0bff908b905b030bde8
:100cc000204613f09cf9204611f071fe104b1b7862
:100cd000002bf3d12b79002bf0d00a4a12789a42dc
:100ce000ecd90b4a1370084a12789a4284bf064a1c
:100cf0001370064b01221a700af06cfc0bf070f9ad
:100d0000dce700bfb7c20020b5c20020b4c200209b
:040d1000b3c200204a
:020000040000fa
:020000040102f7
:100d14002de9f347984690f84630bdf8287005460b
:100d24008a469146002b37d1fc1da4b2204613f00d
:100d3400bffc064690b300f11003062101a80193fd
:100d440013f0f8fa514601a813f0fafa494601a83b
:100d540013f0f6fa414601a813f0f2fa3a460b9959
:100d640001a812f025fc21463246284611f034fb36
:100d7400044668b90623a5f85e0085f8463008499c
:100d840005f15400f5f7e6fd204602b0bde8f08712
:100d9400304613f0c7fcf7e70724f5e70224f3e72e
:040da400a064d10175
:020000040000fa
:020000040102f7
:100da800f0b585b00c460ef023fc054600283ad075
:100db800c3789b0739d490f8467087bb032013f09b
:100dc80075fc064668b300f11003022103a80393db
:100dd80013f0aefaf72c214628bff721172938bfa0
:100de800172103a813f0aafa04232888009332468f
:100df8003b4603210df07efe044660b90223a5f8a8
:100e08005e0085f846300a4905f15400f5f7a0fd63
:100e1800204605b0f0bd304613f082fcf8e7072401
:100e2800f6e70224f4e70324f2e70124f0e700bf21
:040e3800a064d101e0
:020000040000fa
:020000040102f7
:100e3c0010b592b090f802318df8042000228df894
:100e4c00082090f8f5208df809200246adf8061020
:100e5c0052f8f61fcdf80a109288adf80e20222217
:100e6c0002fb030341f20a04196eb3f86420adf8d7
:100e7c002020adf80040079193f86b30c3f3421378
:100e8c008df82230034653f8fc2fcdf816209b88a2
:100e9c00adf81a30037e012b08d800230493adf86b
:100eac00143068460df052fc12b010bd90f8423070
:100ebc00012bf2d1034653f8430f04909b88adf8f5
:040ecc001430eee709
:020000040000fa
:020000040102f7
:100ed00070b5046894f8ac31132b05462ed007d8b2
:100ee000112b10d02846002105f032fd012016e01c
:100ef000213b012bf6d80022a4f8a82194f8b311c5
:100f00000ff0a7ffeee794f8643083b994f8b311bb
:100f10001a2905d10121f6f7bcfc0028e2d170bde9
:100f200094f8c631da07ddd509f079fcdae794f8f0
:100f3000c631db07d6d594f8b311f5e701210ff0e0
:100f4000e9fc12f03efd0021064628460ff0e2fcc7
:100f500012f037fd94f8b3310246314628460bf0c3
:040f600017febfe7d2
:020000040000fa
:020000040102f7
:100f64007fb5204b1b681d681f4b0093044601236b
:100f740002226221ec20f8f7afff20460ef01afaa5
:100f8400064620bba38803936388029323780193c6
:100f9400164b009302220123ec206321f8f79cfff7
:100fa400a379ab73e379eb7363886b82a288aa821b
:100fb400934204bf03336b8223786b74012028743b
:100fc400237aab7512f034fe304604b070bd084b82
:100fd4000190009300220123ff21ec20f8f77cff0d
:100fe400f2e700bfd4c10020dac60201eac602015a
:040ff4000ac7020125
:020000040000fa
:020000040102f7
:100ff800f0b50468236edb0585b005460e46174636
:1010080010d501f08ffff3f77dfa0af0fffc236e8d
:1010180023f4807323660ff0d9fb0021d4f87801fc
:1010280013f0aafb812e12d0822e14d0802e06d166
:101038000af0ecfc402384f865300ff0c7fbd4f8c5
:10104800783163b1284611f0fbfb05b0f0bd0af01a
:10105800ddfc4123efe70af0d9fc4223ebe70395d7
:101068003fb1009703ab04220549012007f0f9fec0
:10107800ebe703ab04220249012005f0d1fee4e7c7
:04108800140401014a
:020000040000fa
:020000040102f7
:10108c0090f8e53010b56bb9037a002b3dd00823ee
:10109c001e210b4403f29713b3f5d37f1bd24ff4ed
:1010ac00d3731ce0012b2fd190f91e3190f809411c
:1010bc00002bd0f82831acbf1e214ff49671022cb6
:1010cc004fea430311d0032ce3d0012c1bd13d3349
:1010dc000b44482b02d9c3f30e0300e049230c4afe
:1010ec00118863f30e0111800de028330b442c2b77
:1010fc0084bf47f6fe721a40054b198898bf2d2203
:10110c0062f30e01198010bd00231946c1e700bf20
:04111c006c380141e9
:020000040000fa
:020000040102f7
:1011200030b4d0f8f831ff2273b1d0f814429c42a9
:101130002dd81d7a1c69042d25d0052d23d02dbb5b
:101140002268c2f3411212bbc0f8103290f8f410ba
:10115000ff2380f89c3000f1c4020023994207d09d
:1011600052f8044bd0f81052a5421cd180f89c30a4
:101170000f4b90f89c201b789a4217d8ff22012130
:1011800030bcfaf707b92268c2f341122ab11b68d2
:10119000cae731b11b68002bd6d01a7a022af8d8d8
:1011a000d2e72c3bf7e70133dbb2d7e730bc70471f
:0411b000d1c2002088
:020000040000fa
:020000040102f7
:1011b400f8b5044616461f460d4641b30868002894
:1011c4003dd03fbbd4f8643113f0ff2f17d1d4f8ce
:1011d400f02142b11760d4f8f03142685a60d4f873
:1011e400f03113604360d4f8ec3100221a60d4f873
:1011f400ec3141685960d4f8ec310b60436025b997
:101204000368cbb1314611f0e9ff002018e0fef786
:10121400effdd4e794f86831002bf0d194f86631ef
:10122400002becd1d4f8f4211360d4f8f4314168e4
:101234005960d4f8f431e0e7fff70cfbe5e7072049
:02124400f8bdf3
:020000040000fa
:020000040102f7
:021246002a2b51
:020000040000fa
:020000040102f7
:1012480030b587b00446214b1d68037b03ebc3020e
:1012580005eb8202817ad26b02ebc10250686060b2
:1012680003ebc30305eb830393f8402002eb420230
:101278005200002112f0bcfa236800221a605a605a
:101288000123adf800304ff6ff73adf80230237b31
:1012980003ebc30205eb820292f830208df804209c
:1012a80003ebc30305eb830120310df1050011f0b9
:1012b8007dfe694620890cf067f9072801d007b040
:1012c80030bd236806225a71f9e700bfa4c0002088
:020000040000fa
:020000040102f7
:1012d80000283cd070b50446836c013b8364c16a26
:1012e800426c914235d00bb1002070bd051d2846d7
:1012f80010f057fb38b918490b68e06a01228240a0
:1013080023ea02030b60636ce362c3f10502a26186
:1013180011490e68012000fa03f232430a600f49ae
:1013280003eb830301eb83035b68a3609a68e260c5
:1013380055609d60e36a03eb830201eb8202626100
:1013480003eb830351f8233003441360cde70020f7
:1013580070470020c9e700bff8c00020a0b90020ee
:020000040000fa
:020000040102f7
:101368002de9ff478a46164699460ef025fd0546a3
:1013780020b90125284604b0bde8f0871ffa86f891
:1013880008f10607384613f091f904460028f0d012
:1013980000f11003012103a8039312f0c9ffa979f2
:1013a80003a812f0c5ff08f1020103a812f0c6ff56
:1013b800514603a812f0c2ff26b1324649460398a7
:1013c80011f0f4fd2888224639460ef003fb054645
:1013d8000028cfd0204613f0b5f9044b0093002223
:1013e80004235121ee20f8f775fdc3e728290301ee
:020000040000fa
:020000040102f7
:1013f80038b51849184c022011f070fc174b184ae0
:101408001a602368254633b9302013f099f9206013
:1014180048b902201ce0002420460134e4b20ff051
:101428002dff082cf8d130220021286812f0e0f9ad
:101438000c480ef0adf80c4b0c4a1b685a600c4a6d
:101448005a612b680b4a5a600b4a9a600b4ada6059
:1014580038bd00bf4d34030130c10020f4bf002067
:10146800404603019d79010144c1002069d801016a
:1014780039340301b53b0301254703016112030118
:020000040000fa
:020000040102f7
:101488002de9f34790f8463005460c46002b39d134
:1014980091f80480b1f800a0b1f8029008f10507ae
:1014a800384613f003f9064670b300f1100308211b
:1014b80001a8019312f03cff514601a812f03eff2b
:1014c800494601a812f03aff611d424601a812f0f0
:1014d8006df832463946284610f07cff044668b954
:1014e8000823a5f85e0085f84630084905f1540040
:1014f800f5f72efa204602b0bde8f087304613f023
:101508000ff9f7e70724f5e70224f3e7a064d10110
:020000040000fa
:020000040102f7
:101518002de9f0411c4b1a689846002a32d01b4e20
:10152800346814b90020bde8f081ff20faf784fc84
:10153800054650b9164b1c68002cf3d101221549f9
:1015480015481a60f5f704faece7627b216928462a
:1015580009f0f0fbd8f80070627b217de08a2b4609
:10156800b8470e4b1f685fb9204610f0c1fc3468bd
:10157800002cead128460cf0cdff002fdad1d1e7b4
:101588000127f7e70220cee7a0c1002024c00020f1
:1015980098c10020a086010020be00209cc1002028
:020000040000fa
:020000040102f7
:1015a8007fb5204b01900546009302220123582164
:1015b800ec20f8f78ffc28460ff0feff044670b3c6
:1015c80006680ff0a1fc0146a8b196f8c6311b07c2
:1015d8000ad503ab042214490394032005f020fc28
:1015e8000024204604b070bd204611f0befd00283e
:1015f800f6d1072409e0204603ab0222adf80c50cf
:101608000cf0c4fc04460028ead0084b009301946f
:1016180001230022ff21ec20f8f75cfce1e702241b
:10162800f3e700bfb61c03010806010166080301c1
:020000040000fa
:020000040102f7
:1016380010b5036851f8012fc3f8b6214a68c3f8fa
:10164800ba211e4a93f8b601126893f8bb41117883
:10165800014083f8be11517893f8b701014083f82f
:10166800bf11917893f8b801014083f8c011d1787f
:1016780093f8b901014083f8c111117993f8ba01bf
:10168800014083f8c2115079204083f8c301907952
:1016980093f8bc41204083f8c401d27993f8bd0186
:1016a80011f0060f02ea000283f8c5211ebf93f865
:1016b800802242f0800283f8802210bd90c1002071
:020000040000fa
:020000040102f7
:1016c80030b585b099b10b7a91f84f000392cde906
:1016d800013110f0040429d012f0eefd01ab0c2208
:1016e800194908b3012005f09bfb05b030bd174b25
:1016f8001c68231893f89432002bf6d0682300fb5b
:10170800034303f5e6730b2453f8345005b1a96875
:10171800b1b14d7a012d13d191f84f300392cde933
:10172800010113f00404d6e70320dce712f0c4fd3e
:1017380001ab0c220e2108b12046d4e70220d2e7e3
:10174800013ca51ce0d1d0e70e010001ecc100204e
:020000040000fa
:020000040102f7
:10175800f0b5064685b002200f4612f0a7ff0546f1
:10176800c8b91e4b00930224024601940423c721e2
:10177800ee20f8f7affb06f15c00f8f769f93046a0
:1017880000233a460121fef743fe0023204686f84f
:10179800533005b0f0bd00f11003052103a80393f1
:1017a80012f0c6fd394603a812f0c2fd06230093c5
:1017b8002a460023022130880df09cf904460028af
:1017c800d9d0064b0190009300220423c721ee20b4
:1017d800f8f780fb284612f0a3ffcce74219030173
:020000040000fa
:020000040102f7
:1017e8007fb50546072012f061ff044600283ad06d
:1017f8001e4e00f11003012103a8039312f098fd77
:10180800336803a8197812f093fd336803a859794f
:1018180012f08efd336803a8597812f089fd3368f9
:1018280003a8997812f084fdab6d03a893f82c10e7
:1018380012f07efdab6d03a893f82d1012f078fd21
:101848000623009322460023072128880df052f929
:10185800064620b90423ab70304604b070bd20465c
:1018680012f05efff8e70226f6e700bffcc1002091
:020000040000fa
:020000040102f7
:10187800224b1a686ff31f721a601a6812286ff3e6
:101888001b621a601a461cd002d8112804d070476f
:101898002138022824d9704712290cd002d81129de
:1018a80003d07047213902290ad81368142161f33b
:1018b8001743136070471a68162161f317421a60bc
:1018c8007047122909d002d8112903d0704721394d
:1018d8000229f5d813681821e9e71a681b21ece7f3
:1018e800122909d002d8112903d0704721390229b9
:1018f800e6d813681021dae71a68dee76834014190
:020000040000fa
:020000040102f7
:1019080090f8e530ebbb214bd3f8242142f000429c
:10191800c3f82421d3f8242142f08042c3f82421bb
:10192800d3f8242142f00052c3f82421d3f824210b
:1019380042f08072c3f82421d3f8242142f0805267
:10194800c3f82421d3f8242142f00062c3f82421eb
:10195800d3f8242142f08062c3f82421d3f824214b
:1019680042f00072c3f82421d3f8242142f4000283
:10197800c3f82421d3f8242142f48002c3f8242197
:101988007047012bfcd1014bd6e700bf0024014171
:020000040000fa
:020000040102f7
:1019980073b5056c1f4b06460df1020201a92846d6
:1019a8001c7812f0c3fa1c4bd3f800216ff31c7299
:1019b800c3f80021bdf80210d3f8082161f30f0223
:1019c800c3f808219df80410d3f8282161f31742c1
:1019d800c3f82821342202fb046494f85c2092b9ed
:1019e800d3f8002142f40042c3f80021284610f041
:1019f800affb30b1094a137843f00203137000f0cb
:101a0800b7fc02b070bd012af0d1d3f8002142f42e
:101a18008042e9e7d9c2002000240141d7c2002052
:020000040000fa
:020000040102f7
:101a2800002840d038b50d460446c36b002b3cd087
:101a3800026ca2fb03230bb1002037e010f068f919
:101a48002268216ce36b01fb03f3d018a06000202f
:101a5800a06362605b1a1a44e260ff2384f8443092
:101a680084f84530b5b923691bb911f0a5fc0120ec
:101a78001ce004f11000f9f701fa0028f5d04ff046
:101a8800e0234ff08052c3f8042dbff34f8fbff30c
:101a98006f8feae704f1100011f0d8fa04f124007e
:0e1aa80011f0d4fae1e700207047002038bdad
:020000040000fa
:020000040102f7
:021ab60002002c
:020000040000fa
:020000040102f7
:101ab80070b5c2b00446408812f08efdc0b105462c
:101ac8006288616811f072fa2378042b12d0002220
:101ad8008df8042023788df805306388adf8073039
:101ae800cdf8095001a9134811f00bfc012812d1b7
:101af80042b070bd2b78122be9d1a87a800012f081
:101b08006bfd06460028e2d0aa7a9200696811f0b7
:101b18004dfa6e60dbe712f057fb022803d828461f
:101b280012f05efde4e712f049fb034904f034fccf
:0c1b3800f5e700bfb8bf0020a066000168
:020000040000fa
:020000040102f7
:101b440070b5044600880df0c5f908b3064605795a
:101b540012f04efbb368c01ad5b142f20f7398422b
:101b64000ad9284608f038ff20880cf04ffb284695
:101b74000ef002fd98b90fe0284608f099faf3e751
:101b840012f01efba37822880d4904f007fc0ce038
:101b940020880cf03bfb0025284604f0a5f812f041
:101ba40021fb12f013fb0228ead8002101200bf0dc
:101bb40081fb044b01221a70034b00221a6070bd92
:0c1bc40068680001a2c2002094c000204c
:020000040000fa
:020000040102f7
:101bd000f8b5eff311854ff0200383f31188bff3bd
:101be0006f8fbff34f8f836bc26b9a4228d9044625
:101bf0000e4690f845707fb201338363b7f1ff3f23
:101c000014d1836c33b106f019fee8b1f6b10120ae
:101c1000306016e0436a0bb9012012e02430f9f776
:101c200031f9a8b1b6b1012030600ae012f0e8fa4b
:101c3000874211d201377fb284f84570012000e05d
:101c4000002085f31188f8bd0120fae70120f8e7ac
:0c1c50000120f6e70120f4e70120f2e794
:020000040000fa
:020000040102f7
:101c5c00f0b5214c2368197885b0002937d1c568b7
:101c6c00067a7db16a881a86684610222f1d11f0fb
:101c7c00bdfd1022394668460ff0d4ff10b138462e
:101c8c0011f042f8b6b12b789a1e012a21d8688837
:101c9c00421eb2f5e16f1cd2022b01d10af05afaa6
:101cac0023682a7883f821202368002083f8336086
:101cbc0005b0f0bd2068213012f0f0fc206890f8df
:101ccc002130012bf0d122300bf0acfdece70520dc
:0c1cdc00eee70320ece700bf28c1002069
:020000040000fa
:020000040102f7
:101ce8002de9f84f9946204b0a9f1b681d688846c6
:101cf800164604464ff6ff7a0db92c4630e0aa89fd
:101d0800a2420ed942450bd92d68f5e7102e1ce0ea
:101d18005445f9d001340bf11003a4b23b6008e03c
:101d28001446eb89a342efd36b68a21a03eb0212a5
:101d38003a60eb89a342e7d34445e5d8d7f800b029
:101d48009bf80e305b07e1d4022ee1d132464946ba
:101d5800dbf800000ff068ff0028d9d10b9b1d604d
:0c1d68002046bde8f88f00bf3cc1002001
:020000040000fa
:020000040102f7
:101d740030b51f4a1368002b31d059680b1a48bf7d
:101d840001f18053516848bf1b1a39b349680c1ad2
:101d940044bf01f180510c1a1b1b002bd4bf00233c
:101da4000123144852f82310134d02462b7052f8a5
:101db4001449c9b113684d6813f0040f12d024f00c
:101dc40070439d4209d013886ff3820313804b68dc
:101dd4000360138843f00403138030bd012383f0b0
:101de4000103dee70560f4e7138861f38203f3e798
:0c1df4001cc00020343e0141c3c200208e
:020000040000fa
:020000040102f7
:101e0000036870b4002b3fd0e9b901241a6a126844
:101e10005c72d972998192f8c6505d771c72d2f8c3
:101e2000c8509d61d2f8cc505d6192f8c7509d7248
:101e30001b64d2f8dc20c3e911211b68002be5d11b
:101e400070bc11f0dfbf0129fad14ff08076002479
:101e50001a6a12685972d2f8d4501d61c3f80b6027
:101e600092f8c6505d771c72d2f8c8509d61d2f8c6
:101e7000cc505d6192f8c7209a72c3e910449c640b
:0c1e80001b68002be4d1dbe770bc70474e
:020000040000fa
:020000040102f7
:101e8c007fb5204b019006460093022201234d2181
:101e9c00ec20f8f71df830460ff08cfb054670b3bc
:101eac00036893f86420012a19d193f8be3113f01a
:101ebc00080f14bf00241a2428460ff023f880b111
:101ecc0028460ef0e6ffa8b907240f4b00930194a7
:101edc0001230022ff21ec20f7f7faff0ce000248d
:101eec00eae7022203ab11462846adf80c600cf071
:101efc004bf80446002ce8d1204604b070bd0224f7
:0c1f0c00e3e700bfa01403016608030116
:020000040000fa
:020000040102f7
:101f180070b5046894f995327f2b92b03bd00426b3
:101f2800012500bf94f892321d422ed0284611f0a8
:101f380097fb221894f9953282f8743294f8931228
:101f480082f87c1294f8802292071ed541f2210271
:101f5800adf8002000228df8042022888df80a3080
:101f680094f89332adf8062001221044c3f301031c
:101f78008df809008df80b30684694f894328df886
:101f880008208df80c300cf0e3fb013e6d0016f0d4
:0c1f9800ff06edb2c6d1012012b070bdf2
:020000040000fa
:020000040102f7
:101fa400f0b51e4b1b6885b01e681d4b019005469d
:101fb400009302220123ec200f466421f7f78cffe3
:101fc400284607f049fe044658b9b5b93046fcf72f
:101fd40047ff044608b90ef067f8012011f028fe07
:101fe40044b1104b0093019401230022ff21ec2003
:101ff400f7f772ff204605b0f0bd04224a2302a978
:102004003046cde90223f3f78ffc04460028e4d1df
:10201400054b5f7005f064fddfe700bfd4c100200d
:0c202400792903010ac702018ec20020c6
:020000040000fa
:020000040102f7
:1020300030b520490346006808609a889b798a80f9
:102040008b7131f8042c42f0020221f8042c51f873
:10205000084cc4f380748bb01cb34a6a51f8080c66
:10206000c2f3026262f3124041f8080c4d6a272263
:10207000684610f09fffc5f3026500230deb0302d5
:10208000d27982b90133102bf8d101220a4b1b6897
:102090001b78eb4013f0010307d11c4620460bb020
:1020a00030bd0025f1e70022f0e7002cf6d082f0e9
:0c20b0000104f3e7703301410cc2002072
:020000040000fa
:020000040102f7
:1020bc0070b5214b0568d3f81c31c3f3c303dab2f6
:1020cc00072a85f8143132d1d5f8b460b41c00213c
:1020dc002046f6f76df920b30378db0621d50421f1
:1020ec002046f6f765f900b30388a5f81e3183780e
:1020fc0085f8203181784909012914d002290cbfb7
:10210c00022400240131032011f0b6feb37803f051
:10211c00c003402b05d1214628460ef021fd85f841
:10212c000241002070bd0c46ece70446eee70023ac
:0c213c0085f80231f5e700bf00240141e6
:020000040000fa
:020000040102f7
:1021480037b5204b1b68d3f8ac5004460df102029a
:1021580001a9284611f0eafe1b4bd3f800216ff3c2
:102168001c72c3f80021bdf80210d3f8082161f3ee
:102178000f02c3f808219df80410d3f8282161f351
:102188001742c3f8282194f8e5209ab9d3f800211a
:1021980042f40042c3f8002128460ff0c9ff38b1c5
:1021a80094f8e43043f0020384f8e43000f0e0f8f7
:1021b80003b030bd012aefd1d3f8002142f48042a8
:0c21c800e8e700bf24c200200024014111
:020000040000fa
:020000040102f7
:1021d40030b5204b204c1a78342303fb0203054608
:1021e40093f85c1021bb93f85e00d4f81c11d4f86a
:1021f4001c410128c1f3c301c4f3410406d193f87f
:102204008700012802d191b1062910d0342000fba7
:10221400025240f20113b2f85e10994218d192f8ba
:102224008730022b14d1022c14bf0020012030bdb2
:10223400b3f85e10d4f81c0140f201129142c0f3cd
:10224400410005d193f88730012b01d10228ebe737
:0c2254000020ece7d9c20020002401416a
:020000040000fa
:020000040102f7
:1022600070b5d82012f070fa1c4d1d492860082066
:1022700012f02ef90ef0a2fc2e682822002106f1a1
:102280000b00002411f0b8fa0021942206f134006a
:1022900011f0b2fa34704ff0ff321f23c6e9342335
:1022a0002b685c702b6825229a702b6802f21b1237
:1022b000a3f8c8202022dc705c71da80094b1c6016
:1022c00011f0f2ff2b68084a1c81c0f14700187119
:1022d0001268c2f340329a72204670bd54c2002088
:0c22e000e72a03014cc2002038380141fd
:020000040000fa
:020000040102f7
:1022ec0008b5204b198821f4e06141f4c06113203a
:1022fc000bf03cfc1c4b03f59b52a020116960f3c6
:10230c008901116103f599520620516841f0407121
:10231c00516003f59a52516860f39951516003f57d
:10232c009a520420916860f39851916091684c2006
:10233c0060f35f61916003f59a523d20116960f37f
:10234c000e211161d168432060f31641d1601369ed
:10235c00322161f31a5313611369382161f30603b7
:0c236c00136108bd9ac20020002401414a
:020000040000fa
:020000040102f7
:1023780038b51f4c1f4d236843f0c06323602368a2
:10238800032043f0006323600cf0aefcd5f8003165
:1023980043f40053c5f80031d5f800319b04fbd451
:1023a8002368154d6ff3db63032023600cf09cfc5e
:1023b80023686ff35a6323602b6813f0606f00d1b2
:1023c80038bd2368032043f0006323600cf08cfcc5
:1023d800236803206ff3db6323600cf085fc23681c
:1023e8002268c3f34163013363f35a622260e3e76f
:0c23f8000c3a014100240141203a01414f
:020000040000fa
:020000040102f7
:1024040038b50d460bf080fe00283ad00446037c14
:102414000bb9012038bd837c00ebc303996971b10a
:10242400da8a284610f0c4fda37c04ebc303986940
:1024340012f0d8f8a37c04ebc30300229a61a37cb6
:1024440004ebc302127d0133dbb2102b28bf00233f
:10245400a374237c013b2374a37913f0020f12d0dd
:10246400522a01d00020d5e7e3790133dbb2e371ce
:102474000c2b01d80020cde7204607f03ffe0020ba
:0a248400c8e70120c6e70020c4e706
:020000040000fa
:020000040102f7
:10248e0070b505460ff041fc95f8454064b2002c3e
:10249e0019dd05f1240608e06b6aa3b13046f8f7a2
:1024ae00eafc68b9013c64b26cb1ab6c002bf3d0a2
:1024be00284606f0bcf90028f4d011f0a0fef1e792
:1024ce0011f09dfeeee7ff2385f8453010f071ff09
:1024de000ff01bfc95f8444064b2002c0fdd05f1a3
:1024ee00100602e0013c64b24cb12b693bb13046a0
:1024fe00f8f7c1fc0028f5d011f081fef2e7ff23ba
:0a250e0085f8443010f055ff70bd51
:020000040000fa
:020000040102f7
:1025180030b58db0002108460af0cafe002509959d
:102528000a95adf82c504ff4a073adf820304ff455
:102538002073adf8223007238df82c3008a80bf053
:10254800b1fe18238df80030114c0fcccdf80100e6
:10255800cdf80510cdf80920cdf80d3003cccdf815
:102568001100cdf8151068460bf068fe29460120c9
:102578000af09efe044611f027fe022801d80db08d
:1025880030bd11f01bfe2246024903f005fff6e7b5
:08259800f8c40020c066000138
:020000040000fa
:020000040102f7
:1025a0002de9f0418ab01b4d1b4e1c4c05f594687b
:1025b00094273a460021284611f01ef91723ab80d4
:1025c0000023338074602380a370e3802372a3818f
:1025d000a373638223752383a376943508361e3450
:1025e0004545e6d110238df814300d4b01ac0fcbcf
:1025f00084e80f00002306930a4b0793064b0893c9
:1026000005238df82430204606f0c0f80ab0bde856
:10261000f08100bfcca40020fcbb002018b5002036
:08262000d86a000110c500207a
:020000040000fa
:020000040102f7
:1026280008b5194b9847194b9847eff3108172b6c4
:10263800174ad2f8883043f47003c2f88830bff3e1
:102648004f8fbff36f8f01b962b6124a936823f0b8
:1026580001039360d36813f0010ffbd10d4b2422c3
:102668005a6001229a600cf0dff90b4b23f07f03cc
:10267800074a9360094b9847094b9847094b984775
:1026880011f0abfc00befee7bff10101bff1010193
:1026980000ed00e00020004100000000718502010b
:0826a800bff10101bff10101c6
:020000040000fa
:020000040102f7
:1026b0002de9f7431f4690f8463005468946904677
:1026c0009bbb7c1da4b2204611f0f4ff064670b3fc
:1026d00000f11003102101a8019311f02dfe4946cd
:1026e00001a811f02ffe414601a811f02bfe3a4639
:1026f0000a9901a810f05eff2146324628460ff0e5
:102700006dfe044668b91023a5f85e0085f84630d2
:10271000084905f15400f4f71ff9204603b0bde85d
:10272000f083304612f000f8f7e70724f5e70224bb
:08273000f3e700bfa064d10132
:020000040000fa
:020000040102f7
:10273800f7b51d4f3b681e78eeb91c4c0ef0d4fd62
:1027480020682021253004f063f84020f9f774fb55
:10275800054630b3236883f824603b6801221a7069
:1027680023689861fdf7cefc044628b13b682846eb
:102778001e700bf0cffe0c240d4b00930222012398
:102788003321ec20f7f7a6fb44b10a4b00930194e0
:1027980001230022fd21ec20f7f79cfb204603b023
:1027a800f0bd0724e8e700bf94c1002090c10020d5
:0827b800a13a03013c080301f2
:020000040000fa
:020000040102f7
:1027c00037b51f4b019005460093ec200c460123c2
:1027d00002225c21f7f782fb28460ef0f1fe50b38f
:1027e000026892f86430012b0cd00c24154b009336
:1027f000019401230022ff21ec20f7f76ffb204614
:1028000003b030bd2368c2f8f63102f5fb7163688e
:102810004b60a3688b60e368cb6092f8ae31213bdc
:10282000012be2d892f8af31032bded10ff012f971
:1028300018b90724dae70224d8e70024dfe700bf4d
:08284000880c0301a10c030147
:020000040000fa
:020000040102f7
:1028480073b5054600230df1020101a8adf8023069
:102858000df0acfceb7a012b17d1019aeb6bbdf8ac
:1028680002101a442b8f0b449bb240f2e1418b4279
:10287800c2f31602019285bfa3f2e2430132adf81a
:102888000230adf8023088bf0192b5f87030bdf85b
:1028980002000c4e03eb90000df01afc019c04445e
:1028a80034402c6600212846fbf792fc2b7b204401
:1028b8003040286603b9400201232861ab7302b097
:0828c80070bd00bfffff7f009f
:020000040000fa
:020000040102f7
:1028d00038b51d4c2368254633b94ff4107011f0fc
:1028e00033ff206060b938bd00242b6804f18802f2
:1028f00053f8220008b111f029ff0134082cf4d15b
:102900004ff410720021286810f076ff2c680f49f0
:102910000f4a04f5bc7304f5ce7500bf43f8041be1
:102920009d42c3f88020f9d14822002104f5da70d5
:1029300010f062ff0023c4f89c316b60ab60054b64
:10294000c4f874310120cee728c100208947030173
:082950008f240301332b030166
:020000040000fa
:020000040102f7
:1029580000b51f4b024600681860908892799880ed
:102968009a7133f8040c40f0020023f8040c53f871
:10297800080cc0f380708bb0d0b1586ac0f3026005
:10298800087053f8081c60f3124143f8081c27220a
:102998001946684610f00afb002300bf0deb03023e
:1029a800d07940b90133102bf8d10bb05df804fb96
:1029b800ff230b70f9e7074a1268272101fb03235d
:1029c800d87ac0f3400080f00100c0b2ede700bf44
:0829d800703301410cc2002024
:020000040000fa
:020000040102f7
:1029e000f8b51f4c1f4925684ff4bc7205f5ba7045
:1029f0000ff0d2fa0026272202fb06f3206803f12b
:102a00000b0705f27f111944384410f0d3fa2068ff
:102a10003844fdf7b9ff236805f277123344925d1d
:102a2000da70062202fb06f1236801f24312134416
:102a300005f2b7220a4401361168196092889a801b
:102a4000082ed8d1236895f874211a7095f875016d
:102a50000ff002fb236895f876219a70f8bd00bf4d
:082a60000cc20020e04001441b
:020000040000fa
:020000040102f7
:102a680038b5204c056807f035faf1f74bfd2023ff
:102a78002b7504f5a3539a896ff3cf329a81b5f871
:102a88007c1095f866000bf0e5fed5f8783193f8e0
:102a9800ac1004f5b0537f201a8961f307021a813c
:102aa80004f5b15306211a6861f313421a601a68d3
:102ab80061f317521a6004f5b052116960f30f01ff
:102ac8001161116960f31f4111611a8942f0010215
:102ad8001a811a6842f010021a601a6842f002025b
:082ae8001a6038bd0024014111
:020000040000fa
:020000040102f7
:102af00038b51b4c237813f001052ed143f00103a8
:102b000004202370f9f79cf9e06010b907252846e6
:102b100038bd0420f9f794f920610028f6d00a2086
:102b2000f9f78ef960610028f0d0e3681d70e36862
:102b30005d70e3689d70e368dd700a4ba1891a68d7
:102b400061f30f021a600849062011f0c1fc074a20
:102b5000074b1360074a1360d9e70025d7e700bf8a
:102b600068be002080340141d53e0301fcc5002031
:082b7000c347030100c6002069
:020000040000fa
:020000040102f7
:102b780038b5204c056807f0adf9f1f7c3fc01231f
:102b88002b7504f5a3539a896ff3cf329a81b5f860
:102b98007c1095f866000bf05dfed5f8783193f857
:102ba800ac1004f5b0537f201a8861f307021a802d
:102bb80004f5b15306211a6861f313421a601a68c2
:102bc80061f317521a6004f5b052116960f30f01ee
:102bd8001161116960f31f4111611a6842f0020224
:102be8001a601a8942f010021a811a8942f0010209
:082bf8001a8138bd00240141df
:020000040000fa
:020000040102f7
:102c000038b51f4c2368022262f35a63236023689d
:102c1000032043f0006323600cf06af804f24c4395
:102c20001a6842f400621a601a681205fcd423681c
:102c3000144d6ff3db63032023600cf059f8236815
:102c40006ff35a6323602b6813f0606f00d138bdb7
:102c50002368032043f0006323600cf049f82368e5
:102c600003206ff3db6323600cf042f823682268d3
:102c7000c3f34163013363f35a622260e3e700bfa9
:082c80000c3a0141203a014128
:020000040000fa
:020000040102f7
:102c880038b505460c46e8f731ffe2f777fd054b06
:102c980005481d80054b0c221c801421bde83840d6
:102ca8000ff080bf08be002074c200200abe0020ba
:102cb80030b5044685b00d46ac4201d905b030bdeb
:102cc80069462046e4f746fad8b1bdf8021041b982
:102cd8004ff0200383f31188bff36f8fbff34f8f3b
:102ce800fee700222046e2f7fbfd10f0fd0f08d0ba
:102cf8004ff0200383f31188bff36f8fbff34f8f1b
:082d0800fee70134a4b2d7e795
:020000040000fa
:020000040102f7
:102d100053ec102b30b5c3f30a5eaef2fe3cbcf1af
:102d2000000f194626ddbcf1340f22dc194b144686
:102d30004ff0ff30ccf1200203fa02f220fa0cf03f
:102d4000aef21e4e23fa0efe104340ea0e0023faa6
:102d50000cfc430843eacc7324ea0304041921ea77
:102d60005c014ceb010124ea000221ea0c0343ec74
:102d7000102b30bd4ff0000403f0004502d045ecad
:102d8000104b30bd45f07f53224643f4401343ecd3
:082d9000102b30bdffff1f00f6
:020000040000fa
:020000040102f7
:102d98002de9f04757ec106b00ebc10a5ae9022302
:102da8008846814639463046ebf794f932463b4629
:102db800f2f750fe5ae90423ebf78cf902460b466a
:102dc80030463946f2f746feb8f1030f04460d4681
:102dd80018d05ae90623ebf77df902460b46304630
:102de8003946f2f737feb8f1040f04460d4609d00c
:102df8005ae90823ebf76ef932463b46f2f72afe0a
:102e080004460d46d9e9002320462946ebf762f926
:082e180041ec100bbde8f0874e
:020000040000fa
:020000040102f7
:102e200073b50546008911f07bfc002835d0288950
:102e3000ec680cf0e1fb054688b3238880880233f8
:102e400083422ed8eb7c082b2bd111f033fc0646a5
:102e500008b300f11003092101a8019311f06cfae5
:102e6000a17801a811f068fa2146019831f8032be6
:102e700011f072fc21880231324689b228460ff0e7
:102e8000adfa044618b9e874204602b070bd304669
:102e900011f04afcf8e70224f6e70424f4e70324df
:062ea000f2e70124f0e757
:020000040000fa
:020000040102f7
:102ea6000000010002010100010005010601020007
:102eb6000801010001000b010c010d010e010100ca
:102ec60001000300030013010100010001000100dd
:102ed600180101001a0101000100010001000100b2
:102ee60001000100010001000100010001000100d4
:102ef60001000100010001000100010001002f0195
:102f060001000100010001000100010001000100b3
:102f160001000100010001003c013d01010001002a
:062f260001000100420160
:020000040000fa
:020000040102f7
:102f2c0070b500200ef0f0f9064601200ef0ecf919
:102f3c00054602200ef0e8f94ff6ff71044600201a
:102f4c000cf05cf94ff6ff7101200cf057f94ff6bd
:102f5c00ff7102200cf052f9314600200ef0e6f918
:102f6c00294601200ef0e2f9214602200ef0def98e
:102f7c00002210460d2109f0abfd002210460c2159
:102f8c0009f0a6fd002210460b2109f0a1fd00223c
:102f9c0010460e2109f09cfd002204210120bde801
:062fac00704009f095bd24
:020000040000fa
:020000040102f7
:022fb20001001c
:020000040000fa
:020000040102f7
:102fb40010b5f6b00c4610306eab0df5e47c00bfd6
:102fc40010f8012d03f8012b9c45f9d16ea9684630
:102fd4000ff0defc10b1002076b010bd0023729318
:102fe400739374938df8d43163798df8d531237943
:102ff4008df8d631e3788df8d73172ab6eaa1021f3
:10300400684610f031fc90b9a3788df8c831637824
:103014008df8c93123788df8ca31032272a90df2d3
:10302400c5100ef003feb0fa80f04009d4e700208a
:04303400d2e700bf20
:020000040000fa
:020000040102f7
:103038002de9f04387b00f4616461d469df83840e7
:103048009df83c800bf044ff60b381460f2c2bd8d1
:103058008df80470154b1b788df80530144a1378d9
:10306800591c11708df8063001238df807308df842
:10307800086054b9b8f1000f0ed1621d01a9484685
:1030880003f066ff07b0bde8f083224629460df13c
:1030980009000ff08bffede7621d01a94846faf71a
:1030a80013feefe70020ede70020ebe7b7c20020b2
:0430b800b6c200207c
:020000040000fa
:020000040102f7
:1030bc00022838b50d4619d0032828d0012814d180
:1030cc001a4c236893f802314bb90ff0adfa206813
:1030dc001749b0f80031e8305943f3f737fc23684f
:1030ec0093f80211294383f8021138bd0f4b18686d
:1030fc0090f802110029f8d021ea050180f802119c
:10310c000029f2d1e830bde83840f6f79fbc074bf8
:10311c00186890f80231002be7d0b0f80031044960
:10312c00e8305943bde83840f3f710bc94c1002097
:04313c0040420f00fe
:020000040000fa
:020000040102f7
:10314000f0b58bb0074607924b7906930b79059340
:10315000cb7804938b7803934b7802930b7801938d
:10316000164b00930c4601232c21ec20164602221c
:10317000f6f7b4fe2146384601f0f8ff054690b94f
:103180009df8203067f300038df820302368cdf8d8
:1031900021303146a388adf8253008a8fdf7d8f9cd
:1031a00028460bb0f0bd064b01900093002201238e
:1031b000ff21ec20f6f792fef2e700bfc8cf020134
:0431c000871c030164
:020000040000fa
:020000040102f7
:1031c40037b50d4614460ef0f9f9c0b9ff232b703c
:1031d40023700224194b0093022201233721ec208f
:1031e400f6f77afe44b1164b0093019401230022b2
:1031f400fd21ec20f6f770fe204603b030bd0268d6
:1032040092f86730122b11d002d3213b022b0fd935
:1032140001232b7092f86630122b0bd002d3213b82
:10322400022b09d9012323700024d3e70223f0e7fa
:103234000323eee70223f6e70323f4e7d33f030176
:04324400a61c0301c0
:020000040000fa
:020000040102f7
:1032480013b50388019304461c4b0093ec2001231b
:1032580002224e21f6f73efe20880ef0adf930b37b
:1032680003686288a3f82e22a288a3f83022e28895
:10327800a3f832222289a3f834226289a3f83622dd
:10328800a289a3f8382293f8ae31112b11d110f08e
:10329800ddf980b907240a4b009301940123002229
:1032a800ff21ec20f6f716fe204602b010bd0224de
:1032b800f1e70c24efe70024f6e700bfc41403018c
:0432c8006608030190
:020000040000fa
:020000040102f7
:1032cc00f8b504460f461646f7f76afa0228054683
:1032dc0027d12379042b19d02379052b25d03378ca
:1032ec00022b01bf2268d2f8843123f00103c2f80b
:1032fc008431317820460ef0c9fb2046002103f0c2
:10330c0021fb0121204603f01dfb0ce00b4b1b683d
:10331c00002be4d032463946204698470228dbd0b1
:10332c000546012ddbd12846f8bd054b1b68002b4b
:10333c00d5d03246394620469847f1e7bcc100202b
:04334c00c0c10020dc
:020000040000fa
:020000040102f7
:10335000f8b5036893f8644005460e468cbb93f8b5
:10336000ac21a2f12107012f18d8b3f8ac2140f20b
:1033700021118a4203d001f201318a4208d103228d
:10338000002083f8b02183f8b16183f8ae01f8bd65
:103390003d21284610f0e8fa0020f8e793f8ae3116
:1033a00002ea0306f40613d59a420cbf23222a220e
:1033b00007f05afa0028ead00121284603f0c8fa9b
:1033c000eae7012c04d193f8ae31213b012bdfd980
:0433d0000120dce715
:020000040000fa
:020000040102f7
:1033d4000368002939d04a0715d5b3f89e01b3f81c
:1033e400a011820102f5747292b291422bd2a1f51e
:1033f4007470c0f387101a282ad9b3f89e31984202
:1034040027d9d8b27047c8070dd5b3f89e01b3f8d1
:10341400a011c200703292b2914214d2a1f1700094
:10342400c0f3c700e7e78a0712d5b3f89e01b3f8e3
:10343400a01182003c3292b2914204d2a1f13c002c
:10344400c0f38700d7e7c0b2d5e793f89e01704771
:043454001b20704782
:020000040000fa
:020000040102f7
:10345800f0b593b0144641f20b02adf80020a2f685
:103468000a72adf80420c2790e46342101fb0233fa
:10347800054693f881200ab393f8857038460ff013
:1034880099f940f002008df806000df10701384661
:1034980007f0b8f83378c3f3c0138df80d3054f83b
:1034a800063fcdf80e30a388adf8123068462b7869
:1034b8008df814300bf04cf913b0f0bd3378c3f32a
:1034c80080138df806302368cdf80730a388adf84f
:0434d8000b30dfe7ef
:020000040000fa
:020000040102f7
:1034dc0038b54ff088431c4c1b6c1c4d1c4903f435
:1034ec004053b3f5005f23680cbf40f6523240f2f4
:1034fc006242a3f820232b684ff496621a8122684b
:10350c00c2f822134ff4a0725a810ff05ff92b68a6
:10351c00c0f307101a89b2fbf0f21a812268b2f8d4
:10352c002213b1fbf0f1a2f82213b2f82413b1fb71
:10353c00f0f1a2f824135a89b2fbf0f01a895881e1
:10354c00a8321a8138bd00bfecc10020f0c10020a8
:04355c009001400199
:020000040000fa
:020000040102f7
:1035600090f85520836d30b51c4c42b122685279d9
:1035700012b993f8e52032b103225a7029e022688b
:103580005279002af5d193f8e620510705d4226834
:103590005278520701d40122efe72468c578104a17
:1035a00093f8e41024786db901eb81010a44125daf
:1035b0005a7090f85520836d62b15a78062a06d168
:1035c0000422dae704eb84042244525cf0e7052a83
:1035d000f6d030bd5a7822f00402cee7fcc10020bc
:0435e000192b03019f
:020000040000fa
:020000040102f7
:1035e400f8b5064600200df093fe054601200df0c7
:1035f4008ffe074602200df08bfe0446ceb110f07c
:103604009ffc10f0a5fc10f0abfc10f0b1fc45f4ed
:10361400005189b200200df08dfe394601200df0d5
:1036240089fe44f4e06189b20220bde8f8400df05f
:1036340081be4ff6ff7130460bf0e4fd4ff6ff718b
:1036440001200bf0dffd4ff6ff7102200bf0dafdd5
:10365400294630460df06efe394601200df06afe13
:043664002146e1e733
:020000040000fa
:020000040102f7
:10366800f8b5064600200df051fe054601200df084
:103678004dfe074602200df049fe0446ceb110f07b
:103688007dfc10f083fc10f089fc10f08ffc45f4f1
:10369800005189b200200df04bfe394601200df093
:1036a80047fe44f4e06189b20220bde8f8400df01d
:1036b8003fbe4ff6ff7130460bf0a2fd4ff6ff718b
:1036c80001200bf09dfd4ff6ff7102200bf098fdd5
:1036d800294630460df02cfe394601200df028fe13
:0436e8002146e1e7af
:020000040000fa
:020000040102f7
:1036ec0010b5c37b0446032b0cd8dfe803f0022d86
:1036fc00022d184bd3f89c2f40f2ff1161f31842a6
:10370c00c3f89c2f144b1b7843b1124bd3f89c2f4e
:10371c0040f2ff1161f31842c3f89c2f0f4b1b684a
:10372c006bb1984758b10e4b1b7843b9094bd3f882
:10373c009c2f40f2ff1161f31842c3f89c2f2046d6
:10374c00bde810400bf020b9024bd3f89c2f6ff35f
:10375c001842d5e700240141dac200203cc2002007
:04376c00dbc200209c
:020000040000fa
:020000040102f7
:1037700030b585b0043205460c4603920cf020fbb0
:1037800038b10c2c07d000231a4619462846fdf7fd
:10379000ebfd05b030bdc378012bf4d003a901a81f
:1037a0000ff09afc03a90df106000ff095fc03a998
:1037b00002a80ff091fc03a90df10a000ff08cfc98
:1037c000204610f0c1ff01460028e2d0002303701c
:1037d000bdf804308380bdf80630c380bdf80830e2
:1037e0000381bdf80a3043814580204610f091fee8
:0237f000cfe721
:020000040000fa
:020000040102f7
:1037f20030b5044687b0008910f091ff002836d01a
:103802002089e5680bf0f7fe044660b3287910f0d2
:103812009aff206448b3f52384f844302b88a387a9
:103822006b88e3872a7984f84520691d0ff0c1fb74
:103832002b88adf800306b88adf8023042f60301f8
:1038420002230df105008df8043010f080ff694667
:103852002046fdf718fe054610b120460ff035fa56
:10386200284607b030bd0325fae70225f8e704250c
:02387200f6e777
:020000040000fa
:020000040102f7
:10387400f8b50446008a10f051ff002835d0208a9c
:10388400a568a77ce6680bf0b5fe044678b39db145
:1038940096b12b7843726b788372c772ba00314643
:1038a400c0680ff085fb637adb0705d54ff6ff721e
:1038b4000121207804f032fc012304f14c05237229
:1038c40028460ff0fcfb78b1284610f089f905462c
:1038d40042680189204600f08df8686810f034ffd2
:1038e400284610f031ff0020f8bd0420fce7032037
:0238f400fae7f1
:020000040000fa
:020000040102f7
:0238f600012aa5
:020000040000fa
:020000040102f7
:1038f8002de9f04102461b48c36a856a8c4669b3c4
:10390800ab4208bf002025d00120174f174ca2f169
:10391800020e511e134e13e05a0014f813800ef8cd
:1039280010800132a25c01f810200133326b9a42f8
:1039380098bf002384450cd9421cab420ad01046dc
:103948007a6802f00702012ae6d0e25c0a540133e1
:10395800ece71d46034bdd62bde8f0811d460846d5
:10396800f8e700bf3cbc0020000c0040a0b80020d5
:020000040000fa
:020000040102f7
:1039780070b5c56800890cf0edfb0446a0b3866df0
:1039880096b390f855207abb25b90821bde8704058
:10399800fdf7debe2b68c6f86f306b68c6f873306b
:1039a800ab68c6f87730eb68c6f87b30836d0121c9
:1039b8009970c378816d53b96f31eff7f9fda16d37
:1039c80001f5d8712046bde8704003f01bbdcb78e7
:1039d80063b1ca70836d9a70816d6f31eff7e8fd3e
:1039e800a16d01f5b871ede7012070bd1846fce73f
:020000040000fa
:020000040102f7
:1039f8002de9f04190f8088006460d461746b8f1c3
:103a0800000f1cd1184b1b689b89db0717d50c20ae
:103a180010f096fe044628b3284610f091fe606028
:103a280000b33946c4f8008025812a460ff0befa53
:103a3800214606f14c00bde8f0410ff071bd397820
:103a48000a4a002312f83300884208d102ebc30364
:103a580029463a4630465b68bde8f04118470133cd
:103a68000c2befd1bde8f0813cc10020a478020105
:020000040000fa
:020000040102f7
:103a7800f8b5079c07469df8180092b91b4e601ec2
:103a88003d4620eae0742246302128460ff0b0fe79
:103a98003146281910f01efd3846bde8f8400ff0f1
:103aa80091ba00b30a2b1ed1002a1cda3d462d20fc
:103ab80005f8010b5242601e01396e180021317061
:103ac8000cb10028ddddb2fbf3fc03fb1c21092946
:103ad80088bf07313031934206f8011d00f1ff30ed
:103ae800cfd86246ece720463d46e5e78d6d0001fc
:020000040000fa
:020000040102f7
:103af80037b51b4d01462b680c689c6003f1080024
:103b080009790171d3e90221164c246801f01f01db
:103b1800d960c4e93421dc6c0cb1a047044628689c
:103b2800036ddbb108309847044314f0ff040e4bd3
:103b3800009318bf0c24012302221f21ec20f6f762
:103b4800c9f944b1094b0093019401230022fd21d6
:103b5800ec20f6f7bff9204603b030bd1846e3e77e
:103b680090c1002054c20020240803013c0803012e
:020000040000fa
:020000040102f7
:103b780070b5056895f8644006461cbb95f8ac31ed
:103b8800222b33d195f8ad31042b2fd10b210ef018
:103b9800f4fb044678b1304602f054fa044660b1aa
:103ba80095f8c831012223f0030385f8ad2185f883
:103bb800c83185f8a921204670bd0146306810f04b
:103bc800c5f8f8e7012c11d195f8ae31222bf2d1c6
:103bd80095f8af31042beed1022385f8af3195f873
:103be800c8316ff3000385f8c831e4e70124e2e740
:020000040000fa
:020000040102f7
:103bf800f8b51e4e027a817a336805460d2000fb1f
:103c0800021203ebc203d3f8c44104b307f0fefe6b
:103c180027680cf0dbfda3689d4225d107f0f6fe6e
:103c2800d4e90031abb15960d4e900231a602a7a8b
:103c38003368134493f89422013a83f894220023ba
:103c480085f84d300cf0c2fd204609f051f80020ef
:103c5800f8bd2a7aa87a33680d2707fb020203eb1e
:103c6800c203c3f8c811dfe73c46cee7ecc1002029
:020000040000fa
:020000040102f7
:103c7800c0b208b50b4611460b280ad8dfe800f099
:103c8800060b0f161a091e22262a2e3018460df08a
:103c980047fd002008bd184609f0a2fff9e7124abf
:103ca8001268002af5d018469047f2e7184602f045
:103cb8006bfaeee718460ef01bfaeae718460ff023
:103cc80065fde6e7184603f099ffe2e71846eef7c8
:103cd8009bfbdee71846eff789fedae7034adfe7e2
:103ce8001846fbf761fcd4e71cc2002018c200206c
:020000040000fa
:020000040102f7
:103cf80090f8682090f867306ab9222b1bd12323eb
:103d080080f86730194b1a8842f003021a801a8823
:103d18006ff3041221e0012a0dd1232b0bd12223aa
:103d280080f86730114b1a8842f003021a801a880b
:103d380042f0100211e0122b12d004d8112b4ff0d0
:103d4800010006d07047222becd0232bdad00120bb
:103d58007047064b1a8860f301021a8000207047ea
:103d6800024b1a88022161f30102f6e7c0340141cf
:020000040000fa
:020000040102f7
:103d780038b51e4b1d682c6894f8640078b9236e1a
:103d8800190608d50ef024f9a06720460bf0d8fcd8
:103d9800b0fa80f04009237d9a0622d438bd012864
:103da80009d1237d13f01e0ff8d0d4f87801037fd2
:103db8000bb910f08dfc236e5b0602d520460ff080
:103dc80020fe94f86430012b0ed1226e12f0400fc1
:103dd80008bf4023237528462521bde838400ff049
:103de800cdb80028dad1e6e74023f3e7f8c1002090
:020000040000fa
:020000040102f7
:103df80010b51b4a136823f400731b041b0c1380b3
:103e0800044600220921012008f064fe0022052151
:103e1800022008f05ffe00220421022008f05afe6a
:103e28007cb900bf0ef0e4f86ff4e173c3189bb2dd
:103e3800942bf7d9a0f2134080b29428f2d9f0f766
:103e480061fb00f015f8074b00221a60064b1b684f
:103e5800997a064b1a6861f34d321a6010bd00bf9b
:103e6800243f01414cc2002054c20020383801418f
:020000040000fa
:020000040102f7
:103e780008b51c4b1320198809f07afe1a4b1878dc
:103e88001a4b03f59b52116960f38901116103f51f
:103e9800995251686ff31961516003f59a5251684c
:103ea8006ff39951516003f59a5291686ff39851e5
:103eb80091609068062161f35f60906003f59a5203
:103ec80010696ff30e201061d06861f31640d0605e
:103ed80013696ff31a531361136961f306031361ce
:103ee80008bd00bf9ac20020e0c2002000240141a2
:020000040000fa
:020000040102f7
:103ef80073b5c37a012b05460c4616460df102012f
:103f080001a82fd10cf052f90199eb6b2a8f1944b3
:103f1800bdf8023013449bb240f2e1429342c1f330
:103f28001601019185bfa3f2e2430131adf80230d9
:103f3800adf8023088bf0191019ba34205d1bdf8bd
:103f4800022040f29b439a4202d96ff49c731e44ac
:103f580040f271239e4208d82846fbf77dfa0120db
:0e3f680002b070bd0cf022f9e6e70020f8e789
:020000040000fa
:020000040102f7
:103f760038b50d460af0adf8002831d00446037b6b
:103f860083b3837b00ebc303596971b11a8a284650
:103f96000ff00df8a37b04ebc303586910f021fb67
:103fa600a37b04ebc30300225a61a37b0133dbb27c
:103fb600102b28bf0023a373237b013b2373237895
:103fc60013f0010f10d0637a0133dbb263720c2b4e
:103fd60001d8002007e0204604f0c5ff002002e0db
:0c3fe600012000e0012038bd0020fce7b5
:020000040000fa
:020000040102f7
:023ff200a62afd
:020000040000fa
:020000040102f7
:103ff4001b4b1c4a1a604ff6a0029a814ff44032c0
:104004005a601a46d369002bfcd1154a136843f051
:1040140002031360d369002bfcd1134b00221a62f4
:104024009a62da6283f8342083f83c209a63da8750
:104034001a609a60da601a751a779a61084b5b689d
:1040440003f00703012b084b14bf802240221a639c
:104054001a61034b80229a7504229a75704700bf37
:0c406400000c0040040112403cbc002095
:020000040000fa
:020000040102f7
:1040700000b587b0164902aa11f8013b02f8013bce
:10408000002bf9d1134b0193002300934ff480725e
:1040900002a91148ecf764f8012804d00f4b1b6803
:1040a00007b05df804fb4ff0200383f31188bff3e2
:1040b0006f8fbff34f8f0a4b4ff0ff321a60094bdf
:1040c00001221a60084b00221a6005f087fce5e720
:1040d000886d0001dcc0002039ef020110470301a8
:0c40e000e0c00020f4c00020fcc0002064
:020000040000fa
:020000040102f7
:1040ec0050b3f8b50e4614461f460546f02a26d89e
:1040fc00d0f8183113f1020f05d0202a22d800f580
:10410c00b4700ef051ffa4f11002102a1dd8124bfe
:10411c00d34013f0010f1bd0c5f8f440a3080633ad
:10412c00c5f8f0302246314628460ef03dff3946a0
:10413c00284607f06bfaf8bd6ff0ac0070476ff0d3
:10414c00ac00f8e76ff0ac00f5e76ff0ac00f2e70d
:0c415c006ff0ac00efe700bf01010100b4
:020000040000fa
:020000040102f7
:10416800f8b50c4616461f46054608b3022a2dd850
:1041780001292bd8012108460bf008fe3fb1144b4a
:1041880014491868794300f5e670f2f7e1fb214617
:10419800284607f0f7fb044640b90f4b1e700c4b3e
:1041a8001a6813785db143f0020313702046f8bd16
:1041b800074b186800f5e670f5f74afce7e723f0c7
:1041c8000203137001210bf0e1fdefe70324ede793
:0c41d80028c10020a0860100b8c2002011
:020000040000fa
:020000040102f7
:1041e4002de9f3410e461621074615460af0b6fca2
:1041f400804680bb07f15400f5f72cfc4ff4827025
:1042040010f0a0fa044630b34ff4827241460ff026
:10421400f1fa072323703b88a380b7f84830238141
:10422400053e1723a37101a904f10800a6810135f5
:1042340001950ef04fff01a904f10a000ef04affa8
:10424400a28922b1019904f10e000ef0b1fe0421fd
:0c42540020460cf011fc02b0bde8f08127
:020000040000fa
:020000040102f7
:1042600073b50446019168460d4601a90ef034ff6e
:1042700001a90df102000ef02fffbdf80230019ae6
:10428000062b1ad8dfe803f00b040b190d111500eb
:10429000114b1b681b68bdf800102046984702b000
:1042a00070bd0d4b1b689b68f5e70b4b1b685b688b
:1042b000f1e7094b1b68db68ede7074e33682946d9
:1042c0005b69204698470128e9d0336829461b6975
:0c42d00020469847e3e700bf44c10020ef
:020000040000fa
:020000040102f7
:1042dc0010b5164a1378d90726d443f0010313708e
:1042ec00134b1b221a80134b02f22d121a800ef064
:1042fc008ffd0446b0b9104b0146182218460ff03a
:10430c0075fa82680d4b02f0f8010d4a1c600a43e5
:10431c0082600c49042010f07bf80bf02ff80a484f
:10432c000ff0a2fc204610bd0024fbe7c4c2002005
:10433c008ac200208cc2002020be002098c1002020
:0c434c000101610485ff0001ed13030175
:020000040000fa
:020000040102f7
:104358007fb506460d460df02ff950b3036893f963
:104368008022002a27da93f89e22910725d565f343
:10437800000283f89e2215b3d2b242f0300283f8cd
:104388009e2200240f4b0093cde9016501230222f0
:104398005621ec20f5f79efd44b10b4b0093019498
:1043a80001230022fd21ec20f5f794fd204604b0fe
:1043b80070bd0224e6e71a24e4e70c24e2e72c4661
:0c43c800e0e700bfbce6020120fc02019f
:020000040000fa
:020000040102f7
:1043d40002390068212916d8dfe801f0291a151ad4
:1043e40016151a151a2511151a1a15151a151a154e
:1043f4001a1a151a1515151a15151515151a90f8f2
:10440400ac31022b04d0704790f86430002bfad101
:1044140090f8c6310c4943f0040380f8c63100f526
:104424002970f2f797ba90f86430012beae790f814
:10443400c63143f0040380f8c631b0f84e3042f27e
:0c44440010715943ebe700bf005a620200
:020000040000fa
:020000040102f7
:1044500010b502680c788878cb78497886b0b9b9fd
:10446000cde90203137c0193154b00930222012333
:104470006521ec20f5f732fd124b009302230194e5
:104480001a468321ec20f5f729fd002006b010bd67
:104490003421cde9030301fb032368339a7902f049
:1044a0003f0202921b7a5b0901330193064b009392
:1044b000022201236621ec20f5f710fddce700bfa6
:0c44c000ca9f02010ca00201e99f02014a
:020000040000fa
:020000040102f7
:1044cc0038b50d46044607f09ffa012d1a4d2a689f
:1044dc0092f8293321d1012b13d0217a92f8b832da
:1044ec0092f8b92289b9216ca1420ed1c97a134430
:1044fc0089b9012b01dd03f01ffb2b68012283f826
:10450c002923bde838400cf05fb9a16c134411b9f4
:10451c00216ca142edd0022bece7002bf1d092f8ec
:10452c00b83292f8b9221344012b01dcfef7d0ff0c
:0c453c002b680022e3e700bfecc1002068
:020000040000fa
:020000040102f7
:1045480038b51d4b1a68536843f400635360002361
:104558000b70836d0446abb101230b7000236377a6
:10456800a364a373236384f84d30a4f84e30246405
:10457800204601f0c3f994f84f3043f0040384f85f
:104588004f3038bd456d45b195f84d30012b2c465f
:10459800e4d12846fff72cfbe0e7d0f8a830002b41
:1045a800efd00146b42218460ef000fd6065846520
:0c45b800a56545650446d1e7f0c1002070
:020000040000fa
:020000040102f7
:1045c40030b4c47882780346fcb9092a14d1856dc5
:1045d4000a68c5f8802105f5c0744a6862608a6873
:1045e400a260ca68e26090f8552052b190f8532056
:1045f400022a03d108229a7030bc704730bcf1f70c
:1046040063bf184630bce9f723bb072af4d1856d94
:104614000a68c5f8c02105f5e0744a6862608a68d2
:10462400a260ca68e26090f85520002ae9d090f8a8
:0c4634005320022aded030bcf3f7bcbbe0
:020000040000fa
:020000040102f7
:10464000012970b506460d4603d9ff2923d0002065
:104650002ce0084605f0b4ff0728f8d803b203ebb6
:104660004302134b03eb420332681a60b2889a800c
:10467000294600f041fa0f4a0521092313fb0013d4
:1046800013443168196000ebc0041444b188998068
:10469000257101200ae0084b9b78db07f9d4084616
:1046a00005f08eff07288cbf0020012070bd00bfe1
:0c46b0000033014118bb002008c20020ac
:020000040000fa
:020000040102f7
:1046bc002de9ff471d460c9b13f0010806460f46db
:1046cc00144601d195420bd82246394630460cf09f
:1046dc00abfaa54204d82546284604b0bde8f087bd
:1046ec00a5eb04094a46102a28bf1022202168464f
:1046fc00ca460ff07bf800bfbaf10f0f0ed809f0c5
:10470c000f02694630460cf08ffab8f1000fe3d176
:10471c002246394630460cf087fadde7102269460e
:0c472c0030460cf081faaaf1100ae5e713
:020000040000fa
:020000040102f7
:104738002de9f84307460d4601290cd0022910d06f
:10474800184b0024da7992b101341c33062cf9d1c4
:104758000020bde8f8830bf0e5fe0028f0d000202b
:10476800f7e70bf0f3fe0428ead90020f1e7dff8b9
:104778003480c4ebc40608eb86063780b570002782
:1047880037717771b7710125f5710ff02ffdb060a2
:10479800f06081233374776137767776b776f7766a
:0847a8002846d6e7e8b6002020
:020000040000fa
:020000040102f7
:1047b000f0b5074685b041200ff0c6ff054678b337
:1047c0000646002306f8013b164c23689868102122
:1047d000403002f021f823684022394698680ef0f4
:1047e000e9fb23682022996830460ef0e3fb266837
:1047f0002022b16805f121000ef0dcfbb0686b46a9
:10480000412229464030ebf7cffa28460ff09effb1
:1048100023689b68012283f85020684605f096fac9
:0848200005b0f0bdfcc1002051
:020000040000fa
:020000040102f7
:1048280005000000080001000c000200100005004f
:10483800130006003000070057001f0086001e0006
:104848000110080002100a000310090004101100ea
:1048580005100b0006100c0007100d0008100e00c4
:1048680009100f000a1013000b1016000c1012008c
:104878000d1010000e1017000f101800101019005e
:1048880011101a0012101b00131015001410140038
:0848980020101d0021101c007e
:020000040000fa
:020000040102f7
:1048a00013b504460ff066fa18b323688361a37a40
:1048b000037523681b681b88c38263680361637a7e
:1048c0004373227a037b134323f0040343f0020370
:1048d00003730e4a002303605168086050600c4a5d
:1048e000436054688460011d21601846516002b025
:1048f00010bd0724074b0093ec20019401230222f2
:104900004121f5f7ebfa2046f1e700bf24c0002073
:0849100034c00020282303013c
:020000040000fa
:020000040102f7
:1049180030b51b4b1c6885b005465cb3a0680379ad
:10492800042b2bd10cf0f0fab0b1a3682a681b68ed
:10493800c3f816222a7983f81a22a0680ef072feac
:10494800e0b907240f4b0093019401230022ff21b3
:10495800ec20f5f7bffa0ee02b7928688df80c30bb
:10496800029002aba0680522092109f00ffb04465a
:104978000028e7d10024204605b030bd2468cce7e4
:0849880044c00020800303017c
:020000040000fa
:020000040102f7
:1049900008b54ff49671012000f05cfc174b1860cd
:1049a00048b3026800239060137382f82f301365b8
:1049b00082f82c3002f15c0102f596700b7081f8e0
:1049c000243081f82d3081f82e3081f82f300b63a0
:1049d00034318142f2d14ff48033c2f80e30084bab
:1049e000c2f812300123002082f82e3005490ff062
:1049f00021fd002008bd0720fce700bfd4c1002036
:084a0000130010004dcc010170
:020000040000fa
:020000040102f7
:104a080010b40c460e2834d8dfe800f0080d333314
:104a180033333333331a1e2327152c0008465df829
:104a2800044bf1f7bdbc20460023d1e901125df823
:104a3800044bf3f73fbb08465df8044b0ff045be47
:104a48005df8044b06f02aba08685df8044b0af0d2
:104a580027bd5df8044b06f045ba08685df8044bbd
:104a68000af036bd20785df8044bd1e90112e8f769
:084a78008bb85df8044b704798
:020000040000fa
:020000040102f7
:104a800070b50378054613b1012b11d070bd194ed6
:104a90003368db68002bf9d0447824b9023098479a
:104aa0003368dc60f2e72046bde8704007f078bc70
:104ab00002200bf069fb044688b16e78b6b9806db0
:104ac0002022a91c2f300ef075faa37884f85360c9
:104ad000082b04d1e37820462bb9f1f7f7fcbde8a9
:104ae000704007f0a7b8f3f767f9f8e7304607f02a
:084af00057fcf4e7fcc10020b3
:020000040000fa
:020000040102f7
:104af80007280cd8dfe800f0040c12181e242a300e
:104b0800184bd3f8642f61f31042c3f8642f704731
:104b1800144bd3f8642f61f35142f6e7114bd3f8e5
:104b2800642f61f39242f0e70e4bd3f8642f61f3e0
:104b3800d342eae70b4bd3f8642f61f31452e4e74e
:104b4800084bd3f8642f61f35552dee7054bd3f8d1
:104b5800642f61f39652d8e7024bd3f8642f61f3c0
:084b6800d752d2e700240141fd
:020000040000fa
:020000040102f7
:104b700007280bd8dfe800f0040b11171d23292f9d
:104b8000184bd3f8643fc3f300430b707047154bc9
:104b9000d3f8643fc3f34043f7e7124bd3f8643fc5
:104ba000c3f38043f1e70f4bd3f8643fc3f3c04333
:104bb000ebe70c4bd3f8643fc3f30053e5e7094b35
:104bc000d3f8643fc3f34053dfe7064bd3f8643fa9
:104bd000c3f38053d9e7034bd3f8643fc3f3c05307
:084be000d3e700bf00240141ee
:020000040000fa
:020000040102f7
:104be80038b590f823201b4d044662b30cf0b2f997
:104bf8002b4694f8c91153f8602f61f307021a6025
:104c08001a6894f8ca1161f30f221a601a6894f8a6
:104c1800cb1161f317421a601a6894f8cc1161f34a
:104c28001f621a602b4694f8cd1153f8642f61f374
:104c380007021a602b6843f000732b6094f82a006f
:104c48000430c0b238bd2b6862f359632b6090f80a
:084c58002a00f7e730340141a6
:020000040000fa
:020000040102f7
:104c60001b4bd3f80021962161f31742c3f80021b2
:104c7000d3f80021022161f31962c3f80021428bad
:104c8000818b9142d3f800210cbf42f080626ff318
:104c90009a62c3f80021027aaab1d3f800216ff317
:104ca0000002c3f800210b4b1a6842f480421a60dc
:104cb00090f8e720012a1a680cbf42f080026ff3d7
:104cc000c7121a607047d3f8002142f00102e8e7ea
:084cd0000024014154340141ac
:020000040000fa
:020000040102f7
:104cd80030b51c4b41781a6861f30c221a601a68c7
:104ce800017861f305021a601a6819466ff34d32ac
:104cf80041f8042b1a46058952f85c4f65f30f04f6
:104d08001460d0f802400c601946857951f8084fb4
:104d180065f304040c6019686ff3c711196019680a
:104d280041f04001196019684c06fcd41968490023
:104d3800fcd51268c2f30542c2721b68c3f305634f
:084d4800837230bd54340141b7
:020000040000fa
:020000040102f7
:104d50002de9f84f0446dde90a9a6668d4f80c801c
:104d600024690c9f013c1946002e4ff00003d7f830
:104d700000b008f804301046b8bf01264d460123a4
:104d8000002c03dcdbb12046bde8f88f50ea0102bd
:104d900009d1a6eb09022a44002a04dc002df1dd2a
:104da0001bf0020feed052464feaea730af05cfda8
:104db000013c1346303208f80420013de0e73b682f
:084dc00023f010033b60dee765
:020000040000fa
:020000040102f7
:104dc80070b504461546866b026c5ab903681bb168
:104dd80000200136a66370bd8068fcf779fa0023cd
:104de800a360f6e76db940680ef0e0f86368226cde
:104df80013446360a268934219d32368636028460a
:104e0800e7e7c0680ef0d2f8226c5142e3689b1abb
:104e1800e3602268934202d2a3680b44e360022d48
:104e280001d00020d5e726b1013e0020d1e7284671
:064e3800cfe70020cde7ea
:020000040000fa
:020000040102f7
:104e3e007fb50689b6f5706f30d2c46821888b1f96
:104e4e009bb240f67a40834228d86288931f9bb269
:104e5e00834223d8914221d8a388b3f5fa7f1dd27d
:104e6e00e3880a3b9bb240f67642934216d8304610
:104e7e000af073f8054688b1837c8bb9adf80060f3
:104e8e002368cdf802306368cdf80630684608f026
:104e9e003cfc08b90123ab7404b070bd0320fbe7e2
:044eae000120f9e7ff
:020000040000fa
:020000040102f7
:104eb20070b5867a012e31d800890bf04ef905467d
:104ec20070b3816d61b34b785b0729d526b10c2194
:104ed200bde87040fcf73fbcc3782bb901f5e8711f
:104ee200bde8704003f0f8bb0c79a4b10e71816d7e
:104ef20001f5c87103f0f0fb044640b9ab6d024600
:104f0200a03301462846fbf786fa204670bd334699
:104f120032460121f6e701238b70f6e70324f4e71a
:044f22000124f2e78d
:020000040000fa
:020000040102f7
:024f2600002a5f
:020000040000fa
:020000040102f7
:104f2800f7b590f8463005460f46144663bb052092
:104f38000ff0bcfb064648b3042100f110030deb4b
:104f4800010001930ff0f4f9394601a80ff0f6f9c2
:104f5800214601a80ff0f2f93246052128460df046
:104f680039fa044660b90423a5f85e0085f846308e
:104f7800074905f15400f1f7ebfc204603b0f0bdfa
:104f880030460ff0cdfbf8e70724f6e70224f4e7f4
:044f9800a064d1013f
:020000040000fa
:020000040102f7
:104f9c002de9f04387b004ad914698460e4607467e
:104fac00039503f013f90446014603a8adf8087005
:104fbc008df80a600ff0baf9394603a80ff0bcf966
:104fcc00314603a80ff0b2f999f8001003a80ff0be
:104fdc00adf998f8001003a80ff0a8f902ab0093f4
:104fec0001950423062242f2760140f201100af0e8
:104ffc004fff034b33f8140007b0bde8f08300bf3c
:04500c00a62e0201c9
:020000040000fa
:020000040102f7
:1050100073b51a4b01910d460093044601230222f9
:105020009521ec20f4f75aff0c2d154e11d1d4f830
:1050300008321bb10221204600f0a0fa33681b6938
:10504000204698472946204602b0bde87040f0f758
:10505000d1b8d4f8f8311bb10021204600f08efa07
:10506000d4f800321bb10121204600f087fa3368e2
:10507000052d94bfdb689b68e2e700bffc250301b8
:045080008cc10020bf
:020000040000fa
:020000040102f7
:1050840010b5046894f86031012b01d000202de0a4
:10509400174b1b685b682bbb94f873102046fff713
:1050a400b5fffaf7a5fe0028f0d0d4f8ec210023d0
:1050b4001360d4f8ec2141685160d4f8ec210a6003
:1050c4004260d4f8002252b1d4f8f0211360d4f82d
:1050d400f03142685a60d4f8f031136043600bf049
:1050e40067fcd3e7204698470028d5d010bd00bf01
:0450f4008cc100204b
:020000040000fa
:020000040102f7
:1050f80030b5194d02682b68c3f8e0208288a3f800
:10510800e420012289b083f8e620d3f85031044620
:10511800984718b12b68d3f84c31984700231a46a2
:105128000e49022001f07cfe6379069323790593ea
:10513800e3780493a3780393637802932378019325
:10514800074b0093022201231a21ec20f4f7c2fe38
:10515800002009b030bd00bf94c100200107010044
:0451680098f20201b6
:020000040000fa
:020000040102f7
:10516c007fb5002306460d468df807300ff074f915
:10517c0090b99df8083066f300038df808302b6861
:10518c00cdf809300df10701ab88adf80d3002a850
:10519c0004f0fefd04b070bd0d4c2368d3f85431ff
:1051ac00984708b10c20f5e72368d3f85831984795
:1051bc000028f7d12368d3f85c3198470028f1d147
:1051cc002368d3f8603198470028d2d0eae700bfb3
:0451dc0094c100205a
:020000040000fa
:020000040102f7
:1051e000f8b51b4e037a32685533044652f83370d3
:1051f00047bb0af0a1f90546846006f00bfc2f605e
:10520000227a336803ebc202d2f8ac226a60227ab7
:1052100003ebc203d3f8ac321d60227a336803eb90
:10522000c202c2f8ac52227a134493f8b822013277
:1052300083f8b8220bf0cefa20460121fff746f999
:105240000020f8bdbb689c42f6d03f68d0e700bfa5
:04525000ecc100208d
:020000040000fa
:020000040102f7
:10525400f8b5064608200f460ff074fa0446c0b1ac
:10526400002545600560067138460ff06bfa206032
:1052740078b129463a460ef0bdfa0c200ff062fad6
:10528400054660b920680ff05ffa204605f050fe2d
:1052940003e0204605f04cfe00252846f8bd043ef8
:1052a400012e846002d8204607f060fd00232b60a5
:1052b400034b5a686a6015605d602546ede700bfe0
:0452c40044c00020c2
:020000040000fa
:020000040102f7
:1052c80010b5c288012a10d014b214b1022a2ad00b
:1052d80010bd00890af03eff0028f9d02346224677
:1052e8000221bde81040fbf793b802200af048fffe
:1052f8000f4b1b68da6804465ab10ff009fa002808
:10530800e6d0002ce4d020460821bde81040fcf788
:105318001fba0028dcd0806dd978eb300ff0faf98d
:105328000028d5d0efe7bde8104006f07fbc00bfed
:04533800fcc1002094
:020000040000fa
:020000040102f7
:10533c0038b5194d2b6833b930200ff0fff92860c0
:10534c0048b9002038bd002420460134e4b2fbf7f4
:10535c00c9fa082cf8d1114c2368abb130220021ca
:10536c0028680ef043fa1022002120680ef03efa55
:10537c0022680b4900231360226853602a680120bd
:10538c00c2e90113d360dde710200ff0d7f92060dc
:10539c000028e3d1d5e700bf00c200203cc10020ab
:0453ac001f330301a7
:020000040000fa
:020000040102f7
:1053b00038b51a4d00242b681b78e340db07e1b2b7
:1053c00027d50120f4f7e0fe2868154a062303fbe1
:1053d0000403d2f8a41f83f84311d2f8a41fc1f329
:1053e000072183f84411d2f8a41fc1f3074183f8c1
:1053f0004511d2f8a41fc1f3076183f84611d2f812
:10540000a81f83f84711d2f8a82fc2f3072283f808
:1054100048210134082cced138bd00bf0cc2002079
:045420000024014122
:020000040000fa
:020000040102f7
:1054240010b500681a4c90f8e530fbb908f04afc56
:10543400d4f80c31d4f808219bb263f31f42c4f8aa
:105444000821d4f81031d4f810211b0c63f30f0297
:10545400c4f81021d4f81c311a0210d5d4f8243120
:1054640043f48023c4f82431002010bd90f8e430c4
:1054740043f0020380f8e430fcf77cffeae7d4f859
:105484001c31db01f0d5d4f8243143f40023e9e7df
:0454940000240141ae
:020000040000fa
:020000040102f7
:1054980038b5837c1d2b04461cd1002383744ff43c
:1054a80082700ff04df9054648b114230370238824
:1054b800838007f0b1f8042128460bf0dbfa04f1e9
:1054c8006c00f4f7c5fa4ff482700ff039f905460d
:1054d80008b9208238bd0c23037023888380238a6f
:1054e800c380122b08d10023238207f095f82846a1
:1054f800bde838400ff026b90421bde838400bf06c
:02550800b9ba2e
:020000040000fa
:020000040102f7
:10550a00f7b500eb81060546b36993f804311446f2
:10551a00a3b901aa6946608909f0b1fd70b1009a80
:10552a00a3899789b069bb4201d9072304e0e289bc
:10553a00d118b94209dd0d2380f8043195f83b30c2
:10554a00013385f83b3003b0f0bdb3f5807fecd86a
:10555a00b1f5807fefdc0433616818440df025fd56
:10556a00a189e389b2690b4451888b42c8bf538031
:02557a00e4e764
:020000040000fa
:020000040102f7
:10557c00f8b500ebc1060546d6f8f8710c467fb3ba
:10558c00f86808f0c5ff38460ff0daf804f13f036d
:10559c00002705ebc30305eb8404c6f8f871c6f8c5
:1055ac00fc31d4f8480118b108f0b2ffc4f84871c6
:1055bc00d4f8540120b108f0abff0023c4f85431e7
:1055cc00d5f8440120b108f0a3ff0023c5f84431fd
:1055dc00d5f8400120b108f09bff0023c5f84031fd
:0255ec00f8bd08
:020000040000fa
:020000040102f7
:1055ee00f8b50c461f46064615460cf0defc40f696
:1055fe00c4139c421bd003f2e2439c4219d040f2ea
:10560e00e2418c420cbf04210021b5f5ab7f1cd0ca
:10561e0011d8a5f1fa035a425a41b38a052f01eb6c
:10562e00830108bf01f1ff31891a0844f8bd082132
:10563e00ebe70c21e9e7b5f5517f08d040f2e662c1
:10564e0095420cbf06220022e7e70222e5e703227d
:02565e00e3e780
:020000040000fa
:020000040102f7
:10566000f0b50c46d1e9011787b0236805930029ee
:10567000a4bf23f00203059305abe6680293082359
:10568000cde900730546d2e900232046fff760fb11
:10569000059bd90642bf00f1ff3030233354059bf0
:1056a0001a0742bf00f1ff30202333542269059bc3
:1056b0000093013a3b46121a31182846fef7feffc6
:1056c0006b68db0503d563689842b8bf184607b01e
:0256d000f0bd2b
:020000040000fa
:020000040102f7
:0256d200042aa8
:020000040000fa
:020000040102f7
:1056d40030b50589b5f5706f85b02dd2c4682188c1
:1056e4008b1f9bb240f67a40834225d86288931f71
:1056f4009bb2834220d891421ed8a388b3f5fa7f87
:105704001ad2e3880a3b9bb240f67642934213d8fe
:10571400284609f027fc78b1084bcdf80a30adf8db
:1057240000502368cdf802306368cdf8063068462f
:1057340006f0d4fc05b030bd0320fbe710002000c8
:020000040000fa
:020000040102f7
:10574400f7b5044600890ef0e9ff78b326893046a0
:105754000af034fb074628b3162064890ef0f2ffe2
:10576400054608b300f11003132101a801930ef0bc
:10577400e1fdb97901a80ef0ddfd022101a80ef0ca
:10578400dffd214601a80ef0dbfd2a460621304646
:105794000af022f9044610b128460ef0d5ff20463f
:1057a40003b0f0bd0124fae70224f8e70424f6e785
:020000040000fa
:020000040102f7
:1057b40038b500890af0d0fc044668b38378022b1c
:1057c4002ad1faf7d9fd054670b9204602f007fb45
:1057d400a26d5378022b15d1104b1b681b78022b3a
:1057e40004d1204605f0c8fb284638bd042b07d158
:1057f40092f8e430022b2046f4d10cf0b1f9f3e72f
:105804002046fae7032befd194f85530002bebd167
:1058140020460cf0b6f9e7e70325e5e7fcc10020d4
:020000040000fa
:020000040102f7
:10582400052937b50446154630d15430f4f712f93a
:10583400013501a9684601950ef01efc01a90df180
:1058440002000df047fc01a90df101000ef014fc5b
:105854009df80010204609f081f90546b0b94ff4cf
:1058640082700ef06fff70b10570228882809df8ff
:1058740000208271bdf8022002819df8012082720d
:1058840004210bf0f9f820460df01efa03b030bde8
:020000040000fa
:020000040102f7
:10589400184b1a6802b11268174b1b6803b11b68d6
:1058a4001649086800b1006842b192f82c10012929
:1058b40004d1d27b02f0fd02012a15d043b193f842
:1058c4002c20012a04d1db7b03f0fd03012b0dd036
:1058d40078b190f82c30012b0ad1c07b00f0fd0088
:1058e400431e584258417047104670471846704747
:1058f40000207047d4c10020ccc10020d0c10020ba
:020000040000fa
:020000040102f7
:10590400f8b5044609f016fe05468460002606f044
:105914007ff82e60154aa77a237a11680d2000fbc0
:10592400037301ebc303d3f8c8316b60237aa77afe
:1059340000fb037301ebc301d1f8c8311d60a17ae8
:105944001368227a00fb021203ebc202c2f8c851a8
:10595400227a134493f89422013283f89422012387
:1059640084f84d300af034ff3046f8bdecc1002015
:020000040000fa
:020000040102f7
:10597400f8b51a4e037a32685533054652f8334067
:10598400ecb106f045f827680af022ffa3689d42af
:1059940022d106f03df8d4e90032b3b15a60d4e91b
:1059a40000231a602a7a3368134493f8b822013a20
:1059b40083f8b8220af00cff204607f09bf928462a
:1059c4000021bde8f840fef77fbd297a336803eb78
:1059d400c103c3f8ac22e2e73c46d1e7ecc10020a6
:020000040000fa
:020000040102f7
:1059e40038b590f8c831194c13f00203054628d095
:1059f4000bf0b2fa234695f8ce1153f8842f61f3d5
:105a040007021a601a6895f8cf1161f30f221a6021
:105a14001a6895f8d01161f317421a601a6895f85c
:105a2400d11161f31f621a60234695f8d21133f83d
:105a3400882f61f307021a80236843f08063236090
:105a440038bd226863f39a622260f9e73034014179
:020000040000fa
:020000040102f7
:105a540070b50d46184c48b9d4f8643f60f3082378
:105a6400c4f8643fbde87040f7f750b90b7a0e7c78
:105a74006bb140f28310f6f713f9d4f89c3f6ff33f
:105a84001843c4f89c3f26b1012e0ed070bd0320ec
:105a9400f1e7697c05f112000cf072fed4f8643f62
:105aa40043f48073c4f8643ff0e7044b186808b902
:105ab400f6f7f6f80120d5e70024014108c20020da
:020000040000fa
:020000040102f7
:105ac40030b5194ad2f86c3f13f4805f114610d1f7
:105ad400d2f86c4f154ba4051b780bd5d2f8682f60
:105ae4001503c2f3c04405d5342202fb030383f833
:105af400834030bd342202fb0302002482f8834039
:105b0400d1f86c4fc4f34025a40506d5d1f8681f1d
:105b1400090302d482f88450ebe7342202fb030326
:105b2400002283f88420e4e700240141d9c2002044
:020000040000fa
:020000040102f7
:105b3400902910b50fdc7f2911dd803910290ed88a
:105b4400dfe801f00f0f250d170d0d0d1e0d0d0dc6
:105b54000d0d0d0d2500a02903d0c02901d0002072
:105b640006e019680c1d1c600b6803601a600120b4
:105b740010bd19680c1d1c600b6803601a80f6e7e1
:105b840019680c1d1c600b6803601a70efe7196834
:105b94000c1d1c600b680360d117c3e90021e6e704
:020000040000fa
:020000040102f7
:105ba40073b5044600890ef0b9fd70b32089e56829
:105bb40009f020fd044620b328790ef0c3fd2064cb
:105bc40008b3f42384f844302b88a3876b88e387d5
:105bd4002a7984f845206e1d31460df0e9f96a886a
:105be400298801962b79009320464ff42053fbf724
:105bf4008ff8054610b120460df066f8284602b02d
:0e5c040070bd0325fae70225f8e70425f6e750
:020000040000fa
:020000040102f7
:105c1200434f4e4e3a41636c5478446f6e653a4836
:105c2200646c3d3078253034782c6c656e6774680e
:105c32003d257800434f4e4e3a4374726c50647562
:105c42005263763a48646c3d3078253034782c4f74
:105c520070436f64653d3078257800434f4e4e3a6d
:105c6200446174615263763a48646c3d3078253001
:0d5c720034782c6c656e6774683d25640005
:020000040000fa
:020000040102f7
:105c80002de9f04180460ef0b5fa0746154c04f1b7
:105c9000a8060ee01321288807f02afb00232b60ba
:105ca0006b60ab60eb602b616b61ab611c34b44229
:105cb00015d02546e379002bf8d06379002bf5d178
:105cc000a368fb1a4345f1d90ef082fa0228e1d904
:105cd0000ef078fa2288044900f062fbdae7bde8aa
:0c5ce000f08100bfe8b60020fc6a000163
:020000040000fa
:020000040102f7
:105cec0010b580b10146144b03f109001a788a42b1
:105cfc000cd003338342f9d1104b1b788b4209d063
:105d0c0006f068f910bd06f065f9fbe700221a8071
:105d1c009a70eee70023094a1370094c2178094a5e
:105d2c001170094a137005f04ffc012322460e2115
:105d3c00ff20f2f71fffe3e7a8bf0020b3c200204b
:0c5d4c00b7c20020b5c20020b4c2002085
:020000040000fa
:020000040102f7
:105d580082b0184b0193f8b103460068164a906365
:105d68005868906398689063db689363019a137826
:105d780043f001031370104ad37913f0010ffbd0dd
:105d880089b10d4b9a6b0a609a6b4a609a6b8a606c
:105d98009b6bcb6002b07047074b00229a639a63f3
:105da8009a639a63e2e7044b9a6b9a6b9a6b9b6bc4
:0c5db800f0e700bf0404004200040042b9
:020000040000fa
:020000040102f7
:105dc40070b583681888a0f1200292b243f6e0749b
:105dd400a24224d85988a1f1200292b2a2421ed82c
:105de40088421cd81e79042e19d81d7b6a1e062ae7
:105df40015d85c7b032c12d80a4a10805180167186
:105e040055719471084a53f8050f1168886201f1bd
:105e1400280299889b7993719180002070bd03209a
:0c5e2400fce700bfe4bf002028c1002004
:020000040000fa
:020000040102f7
:105e300070b5044616460d4641b3086868b394f839
:105e40006521bab9d4f8f03143b11a60d4f8f03111
:105e500042685a60d4f8f03113604360d4f8ec31f2
:105e600000221a60d4f8ec3142685a60d4f8ec3160
:105e70001360436094f86521164384f8656165b941
:105e8000036833b1bde870400ef057bbf9f7b2ffbd
:0c5e9000d4e7bde87040faf7dfbc70bd3d
:020000040000fa
:020000040102f7
:105e9c00f8b50e46074615460df0a4fb0028114632
:105eac0030460cbf0024092406f04efef8b9bcb9ec
:105ebc00104b20460a2200bf02fb00f131f803c050
:105ecc00bcf5706f0ed15a180331178096700b44c5
:105edc002a681a60aa889a80074a137801331370cb
:105eec002046f8bd01300828e6d11f24f8e70b2422
:0c5efc00f6e700bfc8ba0020c6c20020b4
:020000040000fa
:020000040102f7
:105f080013b504460df03affe8b1236843616368ae
:105f18000361637a4373227a037b134323f00403f8
:105f280043f0010303730e4a0023036051680860bd
:105f380050600c4a436054688460011d2160184613
:105f4800516002b010bd0724074b0093ec20019468
:105f5800012302224221f3f7bdff2046f1e700bfeb
:0c5f68002cc0002034c000205424030191
:020000040000fa
:020000040102f7
:105f7400f8b5164e346807462cb3ff20f5f75effdc
:105f8400054650b9124b1a68eab901221a60114940
:105f94001148bde8f840f0f7ddbc627b2169284672
:105fa40004f0cafe2a46617b384608f054fe58b114
:105fb40020460bf0afff3468002ceed1284608f0e1
:105fc400abfa002cded1f8bd0124f7e72cc0002089
:0c5fd40098c10020a086010020be002023
:020000040000fa
:020000040102f7
:105fe00030b585b0174b0093022201234621ec20e7
:105ff0000025cde90255f3f771ff0df0d3fe0446fd
:10600000b0b903a902a8f5f781ff044648b903987f
:1060100003684bb1029b40f20122a3f80e210ef05f
:10602000aafa204605b030bdfaf716fc0c24f8e7b2
:10603000054b019000932a460123ff21ec20f3f742
:0c6040004dffeee7a432030180240301b1
:020000040000fa
:020000040102f7
:10604c007fb506460568172100200bf0ecfc0446d2
:10605c0050b30c2101a800f0d9fb01ab03cb05f523
:10606c00ef72c5f8de015160039bc5f8ee3105f205
:10607c00d311032323730b68c4f80d304b68c4f899
:10608c001130b5f8dc31a4f815301368c4f81730aa
:10609c005368c4f81b30d5f8ee31c4f81f303046c5
:0c60ac0021460cf02dff012004b070bd57
:020000040000fa
:020000040102f7
:1060b800006825292ed8dfe801f01313132d1f2db2
:1060c80013132d132d1313132d2d13132d132d13fc
:1060d8002d13132d2d2d2d2d132d2d2d2d2d13136a
:1060e80090f8c6315a0715d56ff3820380f8c63188
:1060f80000f52970f3f7acbc90f8643053b990f808
:10610800c631054943f0040380f8c63100f529700b
:0c611800f0f71ebc704700bf005a620286
:020000040000fa
:020000040102f7
:10612400ff282de9f84f80468a4617464ff00005b0
:10613400144b05d11570987800f00100bde8f88f74
:10614400d3f80090104e680029fa00f000f0030420
:10615400012c5ffa85fb0cd106225146701d0bf011
:1061640065fd30b93379434503d187f800b0204643
:10617400e4e70135082d06f10906e4d107233b7055
:0c6184000020dbe708c2002018bb002050
:020000040000fa
:020000040102f7
:1061900038b5036893f862213ab393f87320042a60
:1061a0001ed8012a1cd0124a93f8f44052f8041960
:1061b0001068090c000c84330022944202d1fcf7d1
:1061c0001ffd0de053f8045b8d4206d09d688d42a3
:1061d00000d110b10132d2b2efe7064b01221a70a2
:1061e000054a138843f480731380002038bd00bf34
:0c61f0005c3e0141dfc2002098c200208c
:020000040000fa
:020000040102f7
:1061fc0070b5056895f86440012c064622d1b5f8b7
:10620c009820b5f81c329b1a9bb247f6fe7293424b
:10621c0014d80df0f1f9014610b90024204670bdd8
:10622c00c471b5f81c32038105f21623c3603046e5
:10623c000ef091f9122385f8ae31efe728460af0fb
:10624c0027fbebe701210bf021fc04460028e4d0ee
:0a625c000121304600f076fbe0e778
:020000040000fa
:020000040102f7
:02626600050031
:020000040000fa
:020000040102f7
:10626800037a4bb3428803889a421ed3c188b0f898
:1062780004c08c4519d8052b17d9b2f5486f14d826
:10628800b1f5fa7f11d20f4b1b68012283f82a203f
:1062980002881a8442885a8482889a84c288da8456
:1062a800027a83f8282000207047064b1b680022da
:1062b80083f82a2003207047024b1b68002083f8cc
:0862c8002a00704798c0002075
:020000040000fa
:020000040102f7
:1062d000037863bbf0b585b00546154c04f1400664
:1062e00002e00834b44220d06b8822889a42f8d168
:1062f0006268528a002af4d00e4a126832b106212e
:106300008df80410adf8083001a890476f88384622
:1063100007f0e2fe0028e4d090f89130002be0d1a5
:106320000321384607f094fddbe705b0f0bd704768
:08633000fcbb0020acc0002002
:020000040000fa
:020000040102f7
:1063380038b505460c46154b1b7843b1fdb90cb36f
:10634800134b93f900305bb14ff0ff3038bd114863
:106358000cf010fc01280fd10c4b01221a70ede74c
:10636800a0680b4b986062685a60022119705368e4
:10637800216898470020e9e74ff0ff30e6e74ff043
:10638800ff30e3e74ff0ff30e0e700bfa9c200208d
:0863980084bf0020b8c0002002
:020000040000fa
:020000040102f7
:1063a00058bb0eb410b583b0144b93f9003043b111
:1063b000124b5b682bb14ff0ff3111480df08cfa96
:1063c00020b903b0bde8104003b0704706ab01939d
:1063d000059ac8210b4801f0a5fc431ec62b08d81e
:1063e000084900230b54054b5a68546902469868c3
:1063f000a04703480cf0cefbe3e7704784bf0020c2
:08640000b8c0002034ff0120a8
:020000040000fa
:020000040102f7
:1064080070b50e46054638b102f02afe0446c0b9fa
:106418000146012009f0bafc284605f03dfe044675
:1064280078b9104b19680a786db922f001020a7020
:10643800186800f5da70f3f70bfb2146204609f0df
:10644800a5fc204670bd42f001020a70002ef8d06b
:10645800186842f21071714300f5da70f0f778fab3
:08646800efe700bf28c100208e
:020000040000fa
:020000040102f7
:10647000494203011d4503011d4503011d4503015b
:106480001d45030149420301494203011d45030122
:106490001d4503011d4503011d4503011d45030164
:1064a0001d4503011d4503011d4503011d45030154
:1064b0001d4503017137020195b2020149420301f2
:1064c00049420301494203011d4503011d450301e2
:0864d0001d4503011d450301f8
:020000040000fa
:020000040102f7
:1064d80038b5008909f03efe044610b90125284662
:1064e80038bdc278837802bb03f0fd03012bf5d1d8
:1064f800f7f7cafe0028f1d1a36da27a83f85821d4
:106508002346a26d53f8041fc2f859119b88a2f8bc
:106518005d312046fbf764f905460028dfd10549bf
:1065280004f15c00f0f714fad9e7012bd6d102f098
:08653800e3fff1e7a064d101cb
:020000040000fa
:020000040102f7
:1065400070b5164d2e68b3682c463bb12268d378df
:1065500073b11348fef72cf9002070bd51200ef0e6
:10656000f3f82b68b0609b68002befd10220f4e7b2
:106570009268022082f8503009f006fe054658b9ac
:1065800020681030f3f768fa2368064883f828502b
:10659000bde870400df04ebc0720dee7fcc10020d6
:0865a000e0c30201b147020152
:020000040000fa
:020000040102f7
:1065a80001000000255802010300000025700201c7
:1065b80005000000616101010700000021e60101fa
:1065c80009000000b9d700010b00000029f0020102
:1065d8000d00000059f002011100000051a3010153
:1065e80013000000f397020117000000e5410201c3
:1065f80019000000c9a202011b00000011ef0101ef
:086608001d00000011ef01016b
:020000040000fa
:020000040102f7
:10661000f8b500260e70c3885a1e082a05460f4694
:1066200003d8bde8f84007f007b8103b072b03d8a4
:10663000bde8f840eaf74cb84ff482700ef084f8e9
:106640000446b8b1a88808f0d7ff90b1ab7ac374fc
:106650000a232370ab88a380eb88e380ab7a237294
:106660002b896381204604210af008fa01233b703c
:086670003046f8bd8020fce774
:020000040000fa
:020000040102f7
:1066780073b50546044600f12006a3692bb301aaa9
:106688006946188808f0fcfce0b1a369194631f89e
:10669800042b032a1cd05a88009b58680cf086fcef
:1066a800009ba2699b6852881a80009b9b7b9b0673
:1066b80005d5a169284631f8042bf8f7c5f9a06972
:1066c8000ef040f80434b442d7d1002002b070bdb7
:0866d800987809f068f9e8e781
:020000040000fa
:020000040102f7
:1066e00037b5044600890ef01bf838b32089e568f9
:1066f00008f082ff044618b32b78132b08d1c37c13
:10670000122b1fd104f066f800b9e07403b030bd5d
:10671000172b0bd1c37c162b14d1a988eb886a8860
:10672000009105f1080100f0affcede7192b09d14c
:10673000c37c182b06d103f085f8e5e70420e5e7d4
:086740000320e3e70120e1e77b
:020000040000fa
:020000040102f7
:10674800202837b5054628d80bf038ff144a042d01
:1067580098bf136812689dbf1b68b3fa83f35b097f
:10676800012302ebc302146844b12168116001b926
:1067780052601bb1237943f0400323710af0eafd0c
:1067880044b9084b00930195052322460321ef20c5
:10679800f3f7a0fb204603b030bd0024fae700bfa2
:0867a8006cc100205035030113
:020000040000fa
:020000040102f7
:1067b00038b5164d01222a70154a1468220607d5ed
:1067c0000df0a2fd08b106f06bf9124bdb6998479a
:1067d000630602d50f4b9b699847200502d50d4be8
:1067e000db6a9847e10402d50a4b1b6b9847a20469
:1067f00002d5084b5b6b9847630402d5054b9b6b36
:1068000098470cf0abfa00232b7038bdc1c20020b2
:08681000103f014118c40020f3
:020000040000fa
:020000040102f7
:1068180070b505460e4605f0f9f8134bb3f8a045d8
:1068280044f00104a3f8a045b3f8a04544f00204dd
:10683800a3f8a045d3f8a0259207fbd432460b490c
:1068480028460cf0b3fb0a490a4a0023d058c8501e
:106858000433102bfad1138c6ff300031384bde8b3
:10686800704009f0b3bf00bf0024014190290141e5
:086878000040014480290141a8
:020000040000fa
:020000040102f7
:1068800038b5014690f8640040b391f8aa010cf0c5
:10689000a1fa134b1b680246187d0cf09bfab1f865
:1068a0004a501044684340f2e24404fb00f20d4cad
:1068b000b2fbf4f004fb102404b1013091f866300f
:1068c000212b40f2712303fb05f308bf00f28d106a
:1068d000a3f19602904228bfa3f1970038bd00bff4
:0868e00090c1002040420f00ae
:020000040000fa
:020000040102f7
:1068e800f8b5046894f864300546b3b994f8ac6117
:1068f8000027a4f8a871284608f0ddf9212e19d13f
:106908000122394628460af0a0fa94f86440bcb936
:106918002146284600f018f814e006210bf02dfd5a
:1069280088b194f8c83194f8ae6143f0010384f853
:10693800c831dde7222ee8d128460af09bfde4e7be
:08694800012ce5d00120f8bd8f
:020000040000fa
:020000040102f7
:1069500037b50546046809bb94f8ac31032b4ff0fa
:10696000000318bf84f8ac1184f8ad3194f8b0314d
:10697000032b19d194f8b111284605f0b1f898b15c
:10698000002384f8b031d4f8ec328bb101ab04228f
:1069900008490195032000f047fa09e0012904bfe6
:1069a0000023a4f8ae31e1e794f8b031002bead02f
:0869b00003b030bd0706010130
:020000040000fa
:020000040102f7
:1069b80010b5184a047802f58453596964f30f2115
:1069c80059615969447864f3174159615969847860
:1069d80064f31f61596102f58453c478996964f3bb
:1069e800070199619969047964f30f21996199699b
:1069f800447964f3174199619969847964f31f6153
:106a0800996102f58453c1799a8b61f307029a83dd
:086a180010bd00bf0024014184
:020000040000fa
:020000040102f7
:106a20002de9f843164b1c6804f2431504f5ba78b7
:106a300004f10b06e71ca946314606f5ba70272279
:106a40000cf0b8fa17f8013b87f873312b68c5f8da
:106a500074312736ab88a5f878314e4505f1060527
:106a6000ead12288a378a4f8742184f876314146cb
:106a70004ff4bc720348bde8f8430bf08dba00bf79
:086a80000cc20020e0400144bb
:020000040000fa
:020000040102f7
:106a880070b50e460546b8b101f13304204601f051
:106a98000ffd124bd6f833001860b6f837209a80ed
:106aa80033f8402c42f0400223f8402c53f8442c91
:106ab80042f4806243f8442c31462846f3f7b6fc8a
:106ac800074b1b7843b1074bd3f89c2f40f2ff11bb
:106ad80061f31842c3f89c2f70bd00bfac3301416d
:086ae800d0c20020002401418e
:020000040000fa
:020000040102f7
:106af00038b590f87330063b012b04461ed890f849
:106b00002d30022b1ed0032b0dd0012b1ed00022c6
:106b10001146104b1d682db10523d4f84001a8473c
:106b2000c4f87c0138bd90f83f30012b40f2e6629a
:106b300040f6a66108bf4ff45172eae7002240f226
:106b4000e241e6e7fa2240f6c411e2e74ff4ab7205
:086b5000f9e700bf10c20020ac
:020000040000fa
:020000040102f7
:106b580038b5044690f8020194f81431072b1ad17d
:106b680001281cd0f8b1022820d194f81731012b44
:106b780040f2e66240f6a66108bf4ff451720d4b31
:106b88001d683db1222303fb00404a300423a84777
:106b9800c4f8040138bd002240f2e241efe7fa22ce
:106ba80040f6c411ebe74ff4ab72f9e70022114647
:086bb800e5e700bf28c2002040
:020000040000fa
:020000040102f7
:106bc00030b51749d1f81c21c2f340321ab9d1f8b7
:106bd0001c21c2f38022d1f86c3f1b0517d4d1f8d9
:106be0006c4f104be5051b7812d5d1f8684fc4f3f4
:106bf0004075a4000cd5342404fb0303134483f82c
:106c00008150d1f8682fc2f3026283f8852030bd2d
:106c1000342101fb03031344002283f88120f6e7ab
:086c200000240141d9c200204b
:020000040000fa
:020000040102f7
:106c28004741503a457674207263762c6e6f206126
:106c38007661696c20636f6e6e2c2068646c3d30e1
:106c480078253034782c2065767449643d30782571
:106c5800303278004741503a457674207263762c7a
:106c68006e6f206672656520636f6e6e2c20686497
:106c78006c3d3078253034782c2065767449643d35
:076c8800307825303278005e
:020000040000fa
:020000040102f7
:106c8f0052433a41646452657120507265656d706c
:106c9f0074203078253032782c7072696f72697475
:106caf00793a25642c20706572696f646963616c31
:106cbf003a25640052433a416464526571204e6f25
:106ccf00726d616c203078253032782c7072696f5c
:106cdf00726974793a25642c20706572696f6469e2
:076cef0063616c3a256400ab
:020000040000fa
:020000040102f7
:106cf60008b50b46114612780e2a20d005d8042a6c
:106d06000ed0052a12d0022008bd172a1cd0192a37
:106d160010d0102af7d1182b1bd102f070fb03e01c
:106d26000d2b16d10bf0e5fc0120ede7013b584297
:106d36005841e9e7032b0cd10df041f8f4e7092b94
:106d460007d1faf776fcefe7032b02d10df047f8ef
:066d5600eae70020d8e787
:020000040000fa
:020000040102f7
:106d5c0010b51478032c0b4611461cd005d87cb109
:106d6c00012c13d00224204610bd0a2c18d0182c4c
:106d7c001ad0082cf6d1092b1bd1faf757fc03e0db
:106d8c000c2bf0d109f0acfd0124ece7082b10d151
:106d9c000cf092f8e7e7172b0bd107f0bdfcf3e7eb
:106dac00013b5c425c41dee7052b02d10cf090f814
:066dbc00eae70024d7e71e
:020000040000fa
:020000040102f7
:106dc200f8b50e4617461d4609f0c7f9044640b30a
:106dd20090f852303b700020012e28700bd194f8ad
:106de20057302bb994f856301bb902232b70002070
:106df200f8bd0123fae7022e08d194f85730002b90
:106e0200f0d094f85430002bf2d1eee7032eefd1fc
:106e120094f85730002be5d094f85530002be4d08d
:066e2200efe70320e4e7a6
:020000040000fa
:020000040102f7
:106e28002de9f041074690b20e4615469846fff701
:106e380087fc044628b30279c680330e63f3020246
:106e4800330c0271437125b12a46414608300cf0d3
:106e5800adf8032f15d8dfe807f002080c1020461c
:106e680008f09ef90020bde8f081204609f072fc88
:106e7800f8e7204608f0acf9f4e7204609f07efc74
:066e8800f0e71f20efe718
:020000040000fa
:020000040102f7
:026e8e000500fd
:020000040000fa
:020000040102f7
:106e9000174b1a68037b03ebc30102eb8101896b7b
:106ea00003ebc30302eb830292f84020eab110b572
:106eb00004460b4601eb820153f8042b127912f0c1
:106ec000010f03d18b42f7d1002010bd23685a88ef
:106ed0001988208904f06cfc072801d00120f4e710
:106ee000236804225a710120efe70020704700bf99
:046ef000a4c000201a
:020000040000fa
:020000040102f7
:106ef40070b505460e46fe200df070fb28b304461f
:106f04006b78c3eb0313124a02eb4303db88038061
:106f1400022343800671330a4371122380f8f83048
:106f24000023a0f8fa3080f8fc300146688806f0a7
:106f340049fb58b9012e14bf05230423eb71002328
:106f440085f8903020460df04dfb70bd0323f7e724
:046f540018b500204c
:020000040000fa
:020000040102f7
:106f580038b504460b4611468278012a0bd0022a1e
:106f68000fd04ff6ff75114b1d800df02df902283b
:106f780012d8002038bd1a460088f2f7f5fc0546fd
:106f880004e01a460088f8f7b7fb0546074b1d8052
:106f9800002dead10120ede70df010f92b462288eb
:106fa8000349fff7f9f90020e4e700bfdebc002041
:046fb800486b000121
:020000040000fa
:020000040102f7
:046fbc0000befee72e
:020000040000fa
:020000040102f7
:106fc000eff30980bff36f8f154b1a681ef0100f97
:106fd00008bf20ed108a20e9f04f10602de909006c
:106fe0004ff0200080f31188bff34f8fbff36f8ff6
:106ff000f7f78cfe4ff0000080f3118809bc196888
:107000000868b0e8f04f1ef0100f08bfb0ec108a0f
:1070100080f30988bff36f8f704700bfaff3008024
:0470200010c100207b
:020000040000fa
:020000040102f7
:1070240073b50e4602210446154607f097fdf0b9e4
:1070340004f15400f2f70efd032e18d1691c0df172
:1070440006000df071f9bdf80630172b11d817237f
:10705400a3804ff482700df075fb40b10e220270d4
:1070640022888280a288c280042109f005fd02b032
:1070740070bd034a5288934228bf1346e8e700bf15
:0470840038c10020ef
:020000040000fa
:020000040102f7
:107088002de9f7435d1dadb207462846884691466f
:107098001e460df00bfb044610b300f11003172138
:1070a80001a801930df044f9494601a80df046f9ed
:1070b800bdf8281001a80df041f932464146019863
:1070c8000bf074ff2946224638460bf083f9054633
:1070d80010b120460df024fb284603b0bde8f0832c
:0470e8000225f9e79d
:020000040000fa
:020000040102f7
:1070ec00f0b50e468bb00968cdf80e107168cdf86e
:1070fc00121007465968adf80c0018681288adf8e4
:10710c00162006ac03c49868d96803c431463846c7
:10711c00f4f7f2fc0df10b03019303ab8df80b00ac
:10712c00009300221c2342f2190140f2011008f0d6
:10713c00affe9df80b20024b33f812000bb0f0bde4
:04714c00a62e020168
:020000040000fa
:020000040102f7
:10715000f0b58bb003ae0c4607460496fbf730fb48
:107160000546014604a80df0e7f8394604a80df0dd
:10717000e9f82368cdf816306368cdf81a30a368b3
:10718000cdf81e30e368cdf8223005ab00930196b0
:107190001223032242f21a0140f20110adf81470da
:1071a00008f07cfe024b33f815000bb0f0bd00bfb9
:0471b000a62e020104
:020000040000fa
:020000040102f7
:1071b4002de9f04100f1200694b00d460a4631460f
:1071c4008046f0f759fa03ac20278df80b003a46b5
:1071d400414620460bf0ecfe3a4631460ba80bf034
:1071e400e7fe0df10b03cde900430122412342f2f6
:1071f400260140f201108df84c5008f04dfe9df828
:107204000b20034b33f8120014b0bde8f08100bf2b
:04721400a62e02019f
:020000040000fa
:020000040102f7
:107218002de9f341804617461c4607f079ff0646dc
:1072280018b32379a4f8068023f00f0343f0020370
:107238002371678120460df093fa054658b908f581
:1072480000510c340190024600943b4689b24ff439
:10725800817008f01ffe064b33f8150010b9b3789b
:107268000133b37002b0bde8f0814ff48170f9e7e3
:04727800d43b0301ff
:020000040000fa
:020000040102f7
:10727c0013b50c460af09ef928b3036893f8502016
:10728c00227093f85120627093f85220a27093f8f8
:10729c005320e27093f85430237100240b4b00936d
:1072ac00022201233521ec20f2f712fe44b1084be7
:1072bc000093019401230022fd21ec20f2f708fe3b
:1072cc00204602b010bd0224e8e700bf951c030164
:0472dc00a61c0301e8
:020000040000fa
:020000040102f7
:1072e00030b585b0154b0093cde9010105460c463c
:1072f000ec20012302224f21f2f7f0fd28460af08c
:107300005ff9a8b1036893f8ae31112b12d1214671
:1073100009f0d8fd80b90724094b0093019401239b
:107320000022ff21ec20f2f7d9fd204605b030bd48
:107330000224f1e70c24efe70024f6e7f6eb020164
:0473400066080301d7
:020000040000fa
:020000040102f7
:1073440070b4c37a066e0d6e012b08bfc06bcb7a86
:1073540004bf361ac6f31606012b104b08bfcc6bbc
:107364001b680f4808bf2d1b1c895b891c4440f215
:107374003913b4fbf3f4cb6e03f1010308bfc5f377
:10738400160523440134b1182b442c1b04ea0002d3
:1073940003400140304670bc0cf023bbf0c1002018
:0473a400ffff7f0068
:020000040000fa
:020000040102f7
:1073a80038b5037a012b164b1a680bbf536813685c
:1073b80043f4003343f400330cbf536013600b787d
:1073c800da0704460d4606d5637b48686061012be1
:1073d8000cd1400060662b789b0706d5637ba868b4
:1073e800a061012b07d14000a06638bd002bf2d167
:1073f80008f06efeeee7002bf7d108f069fef3e720
:04740800f0c10020af
:020000040000fa
:020000040102f7
:10740c00f0b5054685b011200e460df04df9044639
:10741c0030b300f11003032103a803930cf086ff93
:10742c00039a3368136073685360b3689360f368ae
:10743c00d36006270097002322461121288807f0e5
:10744c0057fb064640b9eb781bb9af70304605b018
:10745c00f0bd0723ab70f9e720460df05ff9f5e7b7
:04746c000226f3e71a
:020000040000fa
:020000040102f7
:107470004c32433a457674207263762c6e6f2066e8
:1074800072656520636f6e6e2068646c3d30782590
:107490003034782c65767449643d30782530327804
:1074a000004c32433a457674207263762c6e6f201e
:1074b000617661696c20636f6e6e2c68646c3d3020
:1074c00078253034782c65767449643d30782530e1
:0374d0003278000f
:020000040000fa
:020000040102f7
:1074d3004144563a747970653d307825782c73654c
:1074e3007449643d30782578004144563a616e6ba7
:1074f3003d3078256c782c62773d256c7528757343
:1075030029004144563a43523d307825780041449e
:10751300563a4c696e6b2065786973742100414457
:10752300563a4c696e6b73207265616368206d61b6
:03753300782100bc
:020000040000fa
:020000040102f7
:10753600534d503a457674207263762c6e6f2066f2
:1075460072656520636f6e6e2068646c3d307825c9
:107556003034782c65767449643d3078253032783d
:1075660000534d503a457674207263762c6e6f2028
:10757600617661696c20636f6e6e2c68646c3d3059
:1075860078253034782c65767449643d307825301a
:0375960032780048
:020000040000fa
:020000040102f7
:10759a0038b5dff783fe0446def70fffacb900b952
:1075aa0038bd01200bf046fd0546012006f0e5ff37
:1075ba000446294601200bf085fe002cf0d0012c50
:1075ca0013d10120def715ff0fe001200bf032fd89
:1075da000546012006f0d1ff0446294601200bf09a
:1075ea0071fe002cdcd0dff762fe002006f0c5ff3a
:0275fa00d6e7d2
:020000040000fa
:020000040102f7
:1075fc0073b5047a04b3c5680023e91fdab2944268
:10760c001fd806f02bf900262b78003318bf012366
:10761c008df800302b46013653f8012fcdf80120a0
:10762c009b88adf805306846f6b205f0d9f9b4423e
:10763c0005f10705e8d101e006f010f9002002b0d1
:10764c0070bd0133c3ebc3028a5c032ad6d9032075
:02765c00f5e750
:020000040000fa
:020000040102f7
:10765e0070b50e4690f8471040f2e24304464b4395
:10766e00aab12033c36700252046fff702f94ff475
:10767e009c73b0fbf3f203fb1203c4e91b3294f8c4
:10768e0064306bb902366423a665e36770bdb0f84b
:10769e00485003f282230035c36718bf0125e3e784
:1076ae00e36f40f27222761b02fb0535a665e56795
:0276be00ece7f7
:020000040000fa
:020000040102f7
:1076c00070b5056895f8ac31213b012b064626d8ec
:1076d00095f8ad31022b16d102f070fa0621304632
:1076e0000af04ffe044610b90024204670bd032363
:1076f00085f8ad3195f8c83123f0030343f0030357
:1077000085f8c831f1e70622032103f0adf80446fd
:107710000028e9d000213046fff71af9e5e70124f7
:02772000e3e79d
:020000040000fa
:020000040102f7
:10772200434d443a536574506174684c6f7373529d
:1077320065706f7274696e67506172616d2c486416
:107742006c3d307825782c68696768546872657377
:107752003d25642c68696768487973743d25642cfb
:107762006c6f7754687265733d25642c6c6f774833
:107772007973743d25642c6d696e54696d653d2580
:027782006400a1
:020000040000fa
:020000040102f7
:10778400154bda6822f4e0621204120c42f0bf6274
:1077940042f40032da60bff35f8f62b6e02183f80f
:1077a40023100e4a82f803130820106082f80c1389
:1077b4004ff4805111605a6a42f480225a625a6925
:1077c40042f010025a615a6a42f400325a625a6a0a
:1077d40042f480325a62704700ed00e000e100e0bc
:020000040000fa
:020000040102f7
:1077e400f8b5134b01221a700a2417469625002671
:1077f4003a463946384603f07ff9284607f04af9f5
:1078040032463146304603f077f9284607f042f90c
:10781400631e13f0ff04ebd1054b00221a70054bd5
:107824001878054b1978054b1a7803f065f9f8bdfb
:10783400aac20020afc20020aec20020abc200200a
:020000040000fa
:020000040102f7
:1078440070b505460c460af065fa134b1a682368ae
:10785400b3f1ff3f1ad06968104800682e68864269
:1078640005d0914203d80023236001240fe0501a6d
:10787400834203d800232360012408e09b1a0b44ad
:10788400236028460bf0fcf9002400e000240bf0f0
:1078940095fd204670bd00bffcc00020e8c000205c
:020000040000fa
:020000040102f7
:1078a4000200000025d9010104000000694601011d
:1078b40006000000b9500101080000001dce0001bf
:1078c4000a00000001e401010c00000015a50101fb
:1078d40010000000e90b01011200000049460301f9
:1078e400520000007534030116000000af4301018b
:1078f4001800000035b001011e0000009954020177
:020000040000fa
:020000040102f7
:1079040070b5164d00242b6803eb84031a6992b1f9
:10791400d17881b1012656721b6918880cf0fefedd
:1079240048b1221d2b6853f8223031464ff6ff72be
:10793400187800f0f3fb0134082ce4d14ff4827082
:107944000cf000ff40b1102202700022828001225c
:107954008271042109f090f8002070bd00c200205b
:020000040000fa
:020000040102f7
:10796400f0b589b006ad16460f46adf80e00059584
:10797400fbf726fc0446014605a80cf0dbfcbdf829
:107984000e1005a80cf0dcfc397805a80cf0d2fc2c
:10799400317805a80cf0cefc0df10e03009301958f
:1079a4000223052242f2300140f2011008f074fa79
:1079b400024b33f8140009b0f0bd00bfa62e02013b
:020000040000fa
:020000040102f7
:1079c400134b70b54022134c134ec3f88421236823
:1079d4001bb9bde870400bf0bfb90af0f1fd256892
:1079e4002b68236003b9646009f0b6fc01236a794b
:1079f40033700a4b284653f82230984795f90430df
:107a0400002b02db284606f0a1fd00233370dee7dd
:107a140000e100e044bf0020bcc2002014c00020ec
:020000040000fa
:020000040102f7
:107a2400bd1a3ccda6b8995899b740eb7b60ff4a84
:107a3400503f10d2e3b3c974385fc5a3d4f6493fad
:107a4400e69d350e480103ccdbfdf4ac1191f4ef57
:107a5400b9a5f9e9a7832c5e2cbe97f2d203b02016
:107a64008bd28915d08e1c742430ed8fc245637679
:107a74005c15525abf9a32636deb2a65499c80dccf
:020000040000fa
:020000040102f7
:107a840013b5154b019004460093ec200123022208
:107a94008021f2f721fa204609f090fda8b103688d
:107aa40093f8ae31213b012b11d809f02dfd80b99b
:107ab40007240a4b0093019401230022ff21ec20a8
:107ac400f2f70afa204602b010bd0224f1e70c24b2
:107ad400efe70024f6e700bfdc260301a10c030155
:020000040000fa
:020000040102f7
:107ae40037b5144d2b786c781bb1012b15d003b02e
:107af40030bd013c012cfad807f074fc0e4b019008
:107b04000446009302220123c521ec20f2f7e4f994
:107b1400002cecd101232b70e9e7002ce7d1074ab4
:107b24000092c6210222ec20f2f7d6f90bf0a4fd54
:107b34002c70dce78ec2002018f4020135f4020137
:020000040000fa
:020000040102f7
:107b440038b5134c134d2368134ac3f822232b680a
:107b5400124a9a600af03efe2b68c0f307101a8995
:107b6400b2fbf0f21a812268b2f82213b1fbf0f1f1
:107b7400a2f82213b2f82413b1fbf0f1a2f82413f3
:107b84005a89b2fbf0f01a895881a8321a8138bd9b
:107b9400ecc10020f0c10020100448038007e80372
:020000040000fa
:020000040102f7
:107ba400f8b5134c134d144f002226462b68510090
:107bb400cb4003f00303012b0cd1062303fb027318
:107bc400d0b21968c4f805109b88a4f80930211da7
:107bd400fcf7ccff0132082a04f10904e6d12b6832
:107be4003360502202490548bde8f8400af0d2b992
:107bf40018bb002008c2002000330141904001441a
:020000040000fa
:020000040102f7
:107c040010b5144c0368226890060ed422685106fd
:107c14000bd42268120608d42268d00505d4226841
:107c2400910502d42268520511d593f8623173b1db
:107c3400faf7e4ff084a138843f01003138023681b
:107c44005b0641bf054a138843f0080313800020f4
:107c540010bd00bf583e014198c20020803e014142
:020000040000fa
:020000040102f7
:107c640037b50468236e1b0405461ad403f0d0fe0e
:107c7400236e43f40043236608f0aafdd4e92013dd
:107c840020465b1ad9b20bf08dfdd4f880300195f3
:107c94005b1ac4f88030042201ab08490120fff7c5
:107ca400c1f8237d3bb103f0b3fe236e43f0806340
:107cb400236608f08dfd03b030bd00bfa1040101af
:020000040000fa
:020000040102f7
:107cc40010b5044615480cf02bf92046f9f7dcf9f9
:107cd4000120fbf785fc21460120f0f7edfa0cf0ba
:107ce40007f994f8e53083b9617e03200cf0c8f8f5
:107cf40094f8e51071b984f80211204608f034ffb5
:107d04002046bde8104006f094b9012b02d194f846
:107d14000911eae794f80211efe700bf5bc0002005
:020000040000fa
:020000040102f7
:107d2400f0b59bb004460d46164600214c2207a828
:107d34001f460bf05ffd4ff0ff324ff48173cde926
:107d4400022304b901accde9044555b16b1e002de5
:107d5400069308da094b4f221a604ff0ff301bb02c
:107d6400f0bd2b46f3e71cbf002323703a4631468f
:107d740002a8cde907440af0b9fdf0e780c200206b
:020000040000fa
:020000040102f7
:107d840008b50378162b10d8dfe803f00c100f0f9a
:107d9400140f0f181c0f0f0f0f0f0f0f0f0f0f1fc4
:107da4000f2225000230eaf7e1f808bd0230f9f7a6
:107db400c7fefae70230e6f7e5fcf6e70230e6f73d
:107dc400aafaf2e70cf0b9f9efe7f0f775f8ece787
:0e7dd4000cf0adf9e9e70230e7f715fae5e744
:020000040000fa
:020000040102f7
:107de20038b5816d91f82c3091f8e85004461d4069
:107df20091f8e90091f82d301840e378cbb9ea31d7
:107e020008f013fea16d2e31284608f00efe94f8fc
:107e120055306bb1a26d92f8ea3023f0030382f879
:107e2200ea30a26d92f82e3023f0030382f82e304e
:0e7e320038bd2e3108f0f9fda16dea31e4e70c
:020000040000fa
:020000040102f7
:107e400038b50546fe200cf0cbfb20b304466b781a
:107e5000c3eb0313104a02eb43031b8b0380022383
:107e600043800123037100234371122280f8f8201c
:107e7000a0f8fa3080f8fc300146688805f0a4fbd1
:107e800018b90223eb71002300e0012385f890303c
:0c7e900020460cf0a9fb38bd18b50020fe
:020000040000fa
:020000040102f7
:107e9c0008b5154b9b7dd3b1134a137edbb2927d93
:107eac0012f0800f14d1104a137edbb2927d12f0c7
:107ebc00010f02d013f0010f10d10b4a137edbb26d
:107ecc00927d12f0040f02d013f0040f09d108bdfb
:107edc0013f0800fe7d002f033f9e4e7f6f7bafebf
:0c7eec00ebe7f4f7c3fcf2e7000c0040e9
:020000040000fa
:020000040102f7
:107ef80008b5114901200bf051fe104b1a68d2f851
:107f0800bc3103f0f80343f4c06343f00103c2f843
:107f1800bc310b4b4ff0082119604ff4e061998098
:107f280000219971074bc2f87831074bc2f8fc3130
:107f3800bde808400bf0a4bab42c030128c1002006
:0c7f4800e4bf00201d110301591d0301be
:020000040000fa
:020000040102f7
:107f540030b583681c78012c85b025d85888021f59
:107f640092b243f6fc75aa421ed899880a1f92b2af
:107f7400aa4219d89a79032a16d8db7913f0f80f94
:107f840012d1adf806000df10a008df80440adf8e9
:107f940008108df80b208df80c300af0affa01a808
:0c7fa40005f0b4fc05b030bd0320fbe785
:020000040000fa
:020000040102f7
:107fb00030b5044689b000890cf0b2fb10b32089bb
:107fc00007f01afb0446d8b1f32380f844300df1d2
:107fd0000d050d4bc36302934ff420510223284635
:107fe0008df80c300cf0b4fb00959df80c30bdf80a
:107ff0000a20bdf808102046faf75afb09b030bd38
:0c8000000320fbe70420f9e70100ffff6c
:020000040000fa
:020000040102f7
:10800c0038b51049044604200af066fe01200e49da
:10801c000cf01cfa0d4b1b68002503f1100203f148
:10802c00300000bf52f8041b01b10d648242f9d13b
:10803c00074af72114805180064a9a60064ada6092
:10804c00002038bd31370301ecfd020100c20020d5
:0c805c0038c10020bd060301f91d03011e
:020000040000fa
:020000040102f7
:1080680038b54389152b044622d1037c122b21d124
:10807800008907f0bdfa08b9002038bd63681b788d
:10808800db0719d50125857200880cf024f8002833
:10809800f2d04ff482700cf053fb0028ecd0112280
:1080a8000270228982808571042108f0e3fce3e7ed
:0c80b800132be1d08020e0e71320dee76e
:020000040000fa
:020000040102f7
:1080c4002de9f341064680880f46144698460cf085
:1080d400effa054600b300f11003414601a80193ed
:1080e4000cf028f9b388013b9c4288bf9cb224b1b0
:1080f4002246394601980cf02dfb611c2a4689b2b0
:1081040030460af069f9044610b128460cf00afb1f
:0c811400204602b0bde8f0811124f9e71c
:020000040000fa
:020000040102f7
:10812000f8b50f46154607f067fa064600b3fa2081
:108130000cf00afb0446e8b10f4b40f8043b39460b
:108140000cf006fb2946a01d0cf002fb1d2384f851
:10815000f83021463088eaf7ddfa054618b9737a17
:1081600043f00203737220460cf0f0fa2846f8bd83
:0c8170000325fbe70225f9e712000400dc
:020000040000fa
:020000040102f7
:10817c0030b589b00b7806934b7805938b780493c4
:10818c00cb7803930b7902934b7901930d4b0093ae
:10819c000c460546012302221d21ec20f1f798fe26
:1081ac002146284600f0a4fc044640b1064b019041
:1081bc00009300220123ff21ec20f1f789fe2046d9
:0c81cc0009b030bd3a030301871c030119
:020000040000fa
:020000040102f7
:1081d80073b50c4616461d4609f0eef9f0b1611e5e
:1081e800c9b20af083fe0e4b307093f901302b7040
:1081f80000240c4b0093022201235221ec20f1f7ba
:1082080069fe44b1084b0093019401230022fd212b
:10821800ec20f1f75ffe204602b070bd0224e8e7cb
:0c82280080be002003fc020120fc0201cb
:020000040000fa
:020000040102f7
:1082340030b585b0134b0093cde9010105460c46da
:10824400ec20012302225721f1f746fe284609f0cb
:10825400b5f990b1036883f8b5410af07dff70b9b0
:108264000724094b0093019401230022ff21ec20f1
:10827400f1f732fe204605b030bd0224f1e70024b8
:0c828400f8e700bf780e03016608030154
:020000040000fa
:020000040102f7
:1082900030b585b0134b0093cde9010102220546ac
:1082a0000123ec200c465a21f1f718fe284609f06c
:1082b00087f9024658b902240b4b0093ec20019435
:1082c0000123ff21f1f70afe204605b030bd036807
:1082d000a3f8a0426408a3f8a24206f0f0fc002034
:0c82e000f3e700bf28ec02016608030170
:020000040000fa
:020000040102f7
:1082ec00f8b506680024306d0cf046fa06f15c0512
:1082fc00346506f59677e86910b106f009f9ec617a
:10830c0085f824402c7085f82e4085f82d4085f892
:10831c002f403435bd42eed1706a10b106f0f8f83a
:10832c007462002386f82f30b38501f0b9fc18b9bc
:0c833c0002210846faf7bcfe0020f8bd44
:020000040000fa
:020000040102f7
:1083480073b5144b144e1c68054614b9204602b088
:1083580070bda0680379042b17d108f0d5fda0b132
:10836800a3682a681b68c3f816222a7983f81a2298
:10837800a0680bf057f950b10023cde90063022241
:108388000123d421ec20f1f7a5fd2468dde70720bf
:0c839800dde700bf44c00020d04003011e
:020000040000fa
:020000040102f7
:1083a4000d4b0e4a0e4910b51a600e4b00241c608a
:1083b4000d4b1c600d4b1c700d4b07201c700cf0fa
:1083c4002bf80c4b1822214618460bf013fa0a4ad4
:1083d4008260204610bd00bfe4c1002080841e00de
:1083e40095280101dcc10020e0c10020c8c20020a2
:0c83f400c9c2002050be00200101020799
:020000040000fa
:020000040102f7
:1084000010b50468237a012b134b1a680bbf53680d
:10841000136843f0010343f001030cbf5360136082
:1084200094f84e309b070fd4636d2bb193f84f2017
:1084300042f0080283f84f20204609f071fb002229
:108440002146207ae4f7a4fb94f84e3023f002038f
:0c84500084f84e3010bd00bff0c10020c9
:020000040000fa
:020000040102f7
:10845c00f8b5124c1249134e134f5022204609f016
:10846c0095fd23683360002533686a00d34003f020
:10847c000303012b0cd12246062303fb057352f890
:10848c00051f196092889a802179e8b2fcf72efbbf
:10849c000135082d04f10904e6d1f8bd18bb002004
:0c84ac009040014408c200200033014150
:020000040000fa
:020000040102f7
:1084b800154b0178d3f8b02f61f31742c3f8b02fea
:1084c800d3f8b02f417861f31f62c3f8b02fd3f807
:1084d800b42f817861f30702c3f8b42fd3f8b42f0f
:1084e800c17861f30f22c3f8b42f0179d3f8b42f00
:1084f80061f31742c3f8b42f4179d3f8b42f61f36d
:0c8508001f62c3f8b42f7047002401412b
:020000040000fa
:020000040102f7
:1085140038b5134cd4f800316ff3db63c4f8003181
:10852400d4f8003143f00053c4f80031437c2546ad
:1085340033b9d4f8003143f08043c4f8003138bd76
:10854400084b1b682bb1984718b1074b1b78002bbd
:10855400efd0d5f800316ff39e73c5f80031eee724
:0c856400002401413cc20020dbc20020ca
:020000040000fa
:020000040102f7
:108570000e4a38b5002313600d4a0e4c13600e4aa4
:108580000e4d13600e4a13600e4a13600e4a53627a
:108590001361012393600cf016f90cf014f9ac424e
:1085a00000d338bd54f8043b9847f8e784c2002054
:1085b00074bb00200c41000170bb00201041000181
:0c85c00068bb00206cbb002078bb0020d2
:020000040000fa
:020000040102f7
:1085cc00f7b5002407460e460c800546ab69ebb1a7
:1085dc0001aa6946188806f051fd38b90634802086
:1085ec0057f824301b88338003b0f0bd009a937b7e
:1085fc00928913f0080fab69598805d18a4205d0ce
:10860c001b8833800d20efe78a42f9d30134082c04
:0a861c0005f10405dad10020e6e7bd
:020000040000fa
:020000040102f7
:1086260000b5036eda0693b021d490f86520422a8d
:1086360012d190f89d318df808300522adf8002052
:1086460000228df804200288adf80620684606f060
:1086560080f813b05df804fb412a0ad01b040ad542
:1086660090f8ac31032b0cbf16230823e3e73d2318
:0a867600e1e71623dfe73e23dde70e
:020000040000fa
:020000040102f7
:108680007fb5064611200d460cf014f8044610b3d1
:1086900000f11003042103a803930bf04dfe039a8d
:1086a0002b6813606b685360ab689360eb68d360b2
:1086b00006230093224600231121308806f01efa7b
:1086c000054620b90923b370284604b070bd204682
:0a86d0000cf02af8f8e70225f6e79f
:020000040000fa
:020000040102f7
:1086da007fb5064611200d460bf0e7ff044610b39e
:1086ea0000f110030d2103a803930bf020fe039a57
:1086fa002b6813606b685360ab689360eb68d36058
:10870a0006230093224600231121308806f0f1f94e
:10871a00054620b90d23b370284604b070bd204623
:0a872a000bf0fdfff8e70225f6e76b
:020000040000fa
:020000040102f7
:1087340010b504460378013b032b06d8dfe803f0a9
:1087440002161a1e4068fff71bfb20460af05ffc66
:1087540021460c48def74cfe2046e1f7e5ff2046b3
:10876400e1f71afe60680bf03dff10bd4068eef7bc
:1087740060f8eae74068eef77effe6e740680bf052
:088784006af8e2e77cc0002066
:020000040000fa
:020000040102f7
:10878c00144b196891f8f830052b01d9012070476a
:10879c0030b503ebc30301eb8303024620332030d7
:1087ac0015685468d2f808e0d2f80cc01d605c6003
:1087bc00c3f808e0c3f80cc0103210338242efd17a
:1087cc0012681a6091f8f830013381f8f830002003
:0887dc0030bd00bfa4c0002065
:020000040000fa
:020000040102f7
:1087e40038b504461d4631b101291bd0002303606e
:1087f4004ff0ff301fe0012b01d900201be00322c2
:108804000021012001f0b8fb206080b1012d0ed1c0
:1088140000231a461946eaf717fe012814bf002060
:10882400012008e02946104609f084fa20602068f7
:08883400003818bf012038bd17
:020000040000fa
:020000040102f7
:10883c0070b582b00190846ca26be36b9a4203d347
:10884c000025284602b070bd94f8456076b200222f
:10885c0001a92046fcf7b2fa0546b6f1ff3f0ad152
:10886c00636a002bedd004f12400f2f705fb00281d
:10887c0018bf0125e5e70bf0bdfc8642e1d20136bd
:08888c0076b284f84560dce7d8
:020000040000fa
:020000040102f7
:108894002de9f843064689469046002500f1180361
:1088a40053f82540efb23cb12288424515d100204f
:1088b40089f80070bde8f8834ff483700bf042ff31
:1088c40006eb8505a86168b14ff4837221460af06e
:1088d40091ffab69a3f80080e9e70135082ddfd1ea
:0888e4002f46e4e71120e3e751
:020000040000fa
:020000040102f7
:1088ec0038b5054600890bf015ffe8b12889ec680e
:1088fc0006f07cfe0546c8b1a3780b2b0ed1c27cca
:10890c0012f00a0f14d02146284631f8032bfff73a
:10891c00d3fb11280ed000b9e87438bd0d2b07d14c
:10892c00c27c12f00c0fede70420f6e70320f4e70d
:08893c000120f2e70220f0e740
:020000040000fa
:020000040102f7
:108944002de9f04186b002ad1746064688460395e8
:10895400f7f7fef90446014603a8adf81060adf838
:108964001280adf814700bf0e5fc314603a80bf04f
:10897400e7fc04ab009301950623032242f2220193
:1089840040f2011007f088fa024b33f8140006b0e5
:08899400bde8f081a62e0201ee
:020000040000fa
:020000040102f7
:10899c0070b588b006ad0e46adf80e000595fef725
:1089ac0067fc0446014605a80bf0c0fcbdf80e1090
:1089bc0005a80bf0c1fc314605a805220af0f4fd10
:1089cc000df10e03009301950223082242f21501ca
:1089dc0040f2011007f05cfa024b33f8140008b0b7
:0889ec0070bd00bfa62e0201c0
:020000040000fa
:020000040102f7
:1089f4002de9f04186b003ad174606468846059535
:108a0400eff756fe0446014605a8adf810608df850
:108a140012808df813700bf08dfc314605a80bf015
:108a24008ffc04ab009301950423032242f27a01e4
:108a340040f2011007f030fa024b33f8140006b08c
:088a4400bde8f081a62e02013d
:020000040000fa
:020000040102f7
:108a4c007fb5134b0190cde9021204460e46154634
:108a5c00009302223021ec200123f1f739fa2a4647
:108a6c00314620460af070fa78b90a4b9c743444ab
:108a7c002a0604ebd4744fea640454bf6d4280227e
:108a8c00dc741e7554bf5d755a7504b070bd00bfa3
:088a9c00940d030180be0020cf
:020000040000fa
:020000040102f7
:108aa40073b5124b01900093044601230d461646fc
:108ab40032210222ec20f1f70ffa0d4b1b68d3f898
:108ac40048318bb12046324629469847044640b186
:108ad400084b0093019401230022ff21ec20f1f7bd
:108ae400fbf9204602b070bd0c24f1e756390301ae
:088af40094c10020871c03015e
:020000040000fa
:020000040102f7
:108afc0073b5144c2368d3f8643106460d46984779
:108b0c0010b10c2002b070bd2368d3f868319847bf
:108b1c000028f6d12368d3f86c3198470028f0d19f
:108b2c000df1070229463046fdf7f6fa08b1002090
:108b3c00e8e731462846fbf77dfd0028f7d10720f2
:088b4c00e0e700bf94c1002026
:020000040000fa
:020000040102f7
:108b5400f8b5046894f86430e66805460f460bb926
:108b640006f070fc2046fff75cfd17b120460af0c2
:108b740033fd16b1304609f073ff201d09f082fd64
:108b840004f1080009f07efd18b181b2204608f016
:108b940012f9284605f0e1f9208804f00bff284675
:088ba400bde8f84002f0c4b97d
:020000040000fa
:020000040102f7
:108bac0038b50d4b0d4d0e480024c3e900440d4b58
:108bbc00ac601c60c5e900440bf08ef80a480bf061
:108bcc00a3f80a4b6b600a490a4b2b6002200bf08e
:108bdc001ffc204638bd00bf3cc000209cbf0020bd
:108bec0059140301b0c1002055e60201418f010167
:088bfc00a526030189e6020130
:020000040000fa
:020000040102f7
:108c040070b5046894f8ae3105460bb1222b21d11e
:108c140094f86420012a17d113b9212384f8ae31c2
:108c2400284600f017fc064660b1032384f8af31f0
:108c3400fe332846a4f8a83104f0f4fe04f5f770d6
:108c4400fdf7b8fe304670bd28460321bde87040ec
:088c540008f020bf0126f5e73e
:020000040000fa
:020000040102f7
:108c5c000c4b0d4810b500241c600c4b1c600c4bcd
:108c6c001c600c4b1c600bf02ff80b480bf044f8fd
:108c7c000a4b0b4a0b491a6101200bf0c9fb204629
:108c8c0010bd00bfd4c10020ad9c0201ccc100209e
:108c9c00d0c10020d8c100209558020108bd002089
:088cac005144020115270301e8
:020000040000fa
:020000040102f7
:108cb40038b5104d2c78d4b90f4b197801221a709d
:108cc40021b12b7801332b70204638bd0b4b1b6828
:108cd40021462046b3f8c820f7f700fb04460028d5
:108ce400efd0074b07481968edf734fee9e7002495
:108cf400e7e700bfc8c20020c9c2002054c2002058
:088d0400e4c1002050be002074
:020000040000fa
:020000040102f7
:108d0c0037b5836d0446a3b94388012b11d101916a
:108d1c000df1030001a90bf0abf90e4b9df80350bc
:108d2c001b689b793bb12b0705d403212046f8f730
:108d3c000dfd03b030bd08200bf000fd01460028ee
:108d4c00f7d00123037023888380857108200bf0f2
:088d5c0025fceee7fcc100203c
:020000040000fa
:020000040102f7
:108d640070b5144b1d682c68237d9b0720d594f89f
:108d740064601023012e237512d1236e43f4006323
:108d84002366204607f0c8fe204601f07df83146f0
:108d9400e6f722f828462321bde870400af0f0b82f
:108da400d4f87801037f002bf4d10bf093fcf1e7a6
:088db40070bd00bff8c10020f2
:020000040000fa
:020000040102f7
:108dbc002de9ff41134ed1f80080b788adf80c7047
:108dcc0005463068029002acb0798df80e00002a8e
:108ddc0018bf1446d1e901671a461bb920460af0a0
:108dec00eff80246002e02dbb24228bf3246cdf825
:108dfc0000803b4621462846fbf75afc04b0bde8f0
:088e0c00f08100bf4f220301b9
:020000040000fa
:020000040102f7
:108e1400f8b503210646002008f009fe044608b30d
:108e240035681723037395f8652295f8643295f82d
:108e34006612134095f8632283730a404273014615
:108e440030460af061f895f86470012f09d1b5f83d
:108e54009e31a5f8f632617b3046faf7b9faa5f8e7
:068e64009e010120f8bd93
:020000040000fa
:020000040102f7
:108e6a00f8b5069c054624b32079e1800f0e67f316
:108e7a0002002071080c607122b1194604f1080041
:108e8a000af093f8032d14d8dfe805f002070b0f58
:108e9a00204606f084f90020f8bd204607f059fc68
:108eaa00f9e7204606f093f9f5e7204607f065fc56
:068eba00f1e71f20f0e7c4
:020000040000fa
:020000040102f7
:108ec000f0b50c46d1e9011687b023680593002957
:108ed000a4bf23f00203059305abe76802930a23be
:108ee000cde900630546d2e900232046fbf730ffb9
:108ef0002269059b0093013a3346121a3918284615
:108f0000fbf7dcfb6b68db0503d563689842b8bff1
:068f1000184607b0f0bd99
:020000040000fa
:020000040102f7
:028f1600050054
:020000040000fa
:020000040102f7
:108f18002de9f843114b1e78e6b1804618f8017b1d
:108f28000f4c00254ff0060903e001352034b54207
:108f38000dd014f8013cbb42f7d14a4641462046c1
:108f480008f072fe0028f0d1e8b2bde8f8834ff0cf
:108f5800ff30fae74ff0ff30f7e700bf9ec200206e
:048f680025b200200e
:020000040000fa
:020000040102f7
:108f6c0038b50546fe200bf035fb00b304466b7894
:108f7c00c3eb03130e4a02eb43035b8a0380022309
:108f8c004380152303716b7a4371122380f8f830f8
:108f9c000023a0f8fa3080f8fc300146688804f011
:108fac000dfb08b900236b7220460bf017fb38bd84
:048fbc0018b50020c4
:020000040000fa
:020000040102f7
:108fc00000b583b000230193032200924ff4007296
:108fd0000b490c48e7f7c4f8012800d0fee70a4b1c
:108fe00001930123009300234ff48062074908484e
:108ff000e7f7b6f8fbf73cf803b05df804fb00bff9
:10900000ec6a0001a1c10201c4c00020f06a0001a5
:04901000f94503011a
:020000040000fa
:020000040102f7
:10901400134b03f1a80c1946d879d8b1da78012a90
:1090240018d010b409e01c3363450fd01946d87921
:109034000028f8d0da78012af5d04c793cb1022a1c
:10904400f1d18a79002aeed1204600e000205df8b3
:10905400044b70471c336345ddd10020704700bfcb
:04906400e8b600204a
:020000040000fa
:020000040102f7
:1090680030b5124c124d2379226885b08df8043042
:109078002b68009293f828000bf0d2fa2b688df831
:10908800060053f8292fcdf807209b88adf80b3040
:109098000df10500b4f80530adf80d3009f02cfae3
:1090a800684604f019fb05b030bd00bfe4bf0020de
:0490b80028c10020ab
:020000040000fa
:020000040102f7
:1090bc0070b5044686b000890bf02cfb00b32089f8
:1090cc006689a58906f092fa0446b8b1f12380f8b6
:1090dc0044308687c587022342f603010df1050053
:1090ec00adf80060adf802508df804300bf02afb9f
:1090fc0069462046f8f7c2f906b070bd0320fbe7bd
:04910c000420f9e75b
:020000040000fa
:020000040102f7
:1091100070b586b004ad0e46adf80e00059501f0b1
:1091200003fa0446014605a80bf006f9bdf80e1037
:1091300005a80bf007f9317805a80bf0fdf80df143
:109140000e03009301950223042241f2054140f2ef
:10915000011006f0a3fe024b33f8140006b070bdf8
:04916000a62e020134
:020000040000fa
:020000040102f7
:1091640070b588b006ad0e46adf80e00059500f05a
:10917400f3f80446014605a80bf0dcf8bdf80e1020
:1091840005a80bf0ddf8318805a80bf0d9f80df12e
:109194000e03009301950223052240f67b4140f221
:1091a400011006f079fe024b33f8140008b070bdcc
:0491b400a62e0201e0
:020000040000fa
:020000040102f7
:1091b800f0b5040b012c85b005460e4601d108f028
:1091c80093f8efb20d4b0093c5f30325cde90145a4
:1091d8000397042301220021ee20f0f77bfe084bc1
:1091e80004f18044013c1b68324653f82430394668
:1091f80028469847308005b0f0bd00bfd6fb020175
:049208004cc1002035
:020000040000fa
:020000040102f7
:10920c004b0705d0cb1d23f007030844c01a1946a1
:10921c000b4b002219605a600b18083b23f0070314
:10922c000848c3e900225a1ac1e900320360064b10
:10923c001a60064b1a60064b4ff000421a607047da
:10924c0004c0002064c1002060c100205cc100206b
:04925c0058c10020d5
:020000040000fa
:020000040102f7
:1092600010b50e4c0e4900200af0d4fc2146012016
:109270000af0d0fc0b4902200af0ccfc0a4903207a
:109280000af0c8fc214604200af0c4fc07480bf091
:109290006bf807480af006fd002010bd89d00001d8
:1092a0006db10001b1aa00016d310101152a010162
:0492b000991e0301ff
:020000040000fa
:020000040102f7
:1092b40038b540f20160f2f7c1fd104c2060c0b136
:1092c4000f4b00f5c0626260596a80b260f30f010f
:1092d4005962996992b262f30f01996100254ff4c2
:1092e400c063ff20c4e902532361f2f7a7fd606164
:1092f40008b9072038bd2846fce700bf38be002067
:0493040000240141ff
:020000040000fa
:020000040102f7
:1093080010b5046886b023880193114b009302229c
:1093180001234321ec20f0f7ddfd2388adf8083068
:10932800b4f84a30adf80a30adf81430adf8123060
:109338000123b4f84e20d4f84a1084f89e3002a8cd
:109348000391adf81020edf723fc06b010bd00bf67
:04935800e42f0301fa
:020000040000fa
:020000040102f7
:10935c007fb506460d4608f02df9e0b10368b3f869
:10936c00a0322b8000242b88cde901630b4b00939a
:10937c00022201235921ec20f0f7aafd44b1084b3d
:10938c000093019401230022ff21ec20f0f7a0fdb3
:10939c00204604b070bd0224e5e700bf85ed020154
:0493ac00660803014b
:020000040000fa
:020000040102f7
:1093b0002de9f041082106688046002008f039fbbd
:1093c0000446c0b10af01ef90546b0b1012706f205
:1093d00016260146c7714771c66040460bf0c1f8ba
:1093e00027733368c4f80d303379637440462146df
:1093f00009f08cfd3846bde8f08120460bf0acf852
:049400002846f8e71b
:020000040000fa
:020000040102f7
:109404000368b1f80120a3f84622b1f80320a3f8b9
:109414004822b1f80520a3f84a22b1f80720a3f89e
:109424004c224a7a83f84e224a89a3f850228a8928
:10943400a3f85222ca89a3f854220a8aa3f856220e
:109444004a8aa3f858228a8aa3f85a22ca8aa3f815
:049454005c227047df
:020000040000fa
:020000040102f7
:109458007fb5064605680d21002008f0e6fa0446a7
:10946800f0b10c2101a8fdf7d3f901ab03cb05f549
:10947800f372c5f8e6015160039bc5f8f231042385
:1094880023731368c4f80d305368c4f81130d5f845
:10949800f231c4f815303046214609f033fd012079
:0494a80004b070bddf
:020000040000fa
:020000040102f7
:1094ac002de9f04100258164857345640446174617
:1094bc00d0f81080fef740fb0c4b1b68012683f89c
:1094cc0029630b4b1b681a89a4f870205b89a4f8dc
:1094dc0076302046e8f77cfc10b9a673c4f81080ef
:1094ec00c4e911750020bde8f08100bfecc100207b
:0494fc00f0c100209b
:020000040000fa
:020000040102f7
:1095000030b5054685b002200bf0d4f80446e0b132
:1095100000f110030b2103a803930af00dff0c4b7d
:109520001b6803a859780af007ff062300932888d0
:1095300000232246022105f0e1fa054610b120463b
:109540000bf0f2f8284605b030bd0225fae700bf5f
:04955000fcc100203a
:020000040000fa
:020000040102f7
:10955400124b0246006818609188927999809a713a
:1095640033f8041c41f0020123f8041c53f8080cde
:10957400c0f3807080b15b6ac3f30263084a116868
:109584000a781944c97830b122fa03f010f00100c6
:1095940018bf81f0010070470023efe770330141e9
:0495a4000cc20020d5
:020000040000fa
:020000040102f7
:1095a80070b5cb6890f8a8601d7880f850505c784a
:1095b80080f85140997880f85210da7880f8532072
:1095c8001b7980f8543056b980f8ac5080f8ad401b
:1095d80080f8ae1080f8af2080f8b03070bd80f809
:1095e800bd5080f8be4080f8bf1080f8c02080f8d9
:0495f800c130f3e7a4
:020000040000fa
:020000040102f7
:1095fc0010b5124bd3f81c31c3f3c303072b1ad18c
:10960c000f4b02681b78342101fb032300219c6f54
:10961c0002342046eef7ccfe68b10378db060ad59f
:10962c0004212046eef7c4fe28b1817849090131a6
:10963c0003200af021fc002010bd00bf00240141d2
:04964c00d9c200205f
:020000040000fa
:020000040102f7
:10965000124b1b78342202fb030090f85c30cbb92c
:109660000f4bd3f8282142f00802c3f82821d3f881
:10967000282142f00202c3f82821d3f8282142f021
:109680000402c3f82821d3f8282142f00102c3f8cc
:1096900028217047012bfcd1014beee7d9c20020f5
:0496a0000024014160
:020000040000fa
:020000040102f7
:1096a40038b5124b044612481d780af039fc20469e
:1096b400f6f7e8ff0120f9f7d5ff204609f0bafdd7
:1096c4000af01efc342303fb054595f85c3043b9ce
:1096d400217c03200af0d4fb2046bde8384002f088
:1096e4003dbf012bf8d194f82210f2e7d9c2002033
:0496f40061c0002031
:020000040000fa
:020000040102f7
:1096f80003040c4a43f08073136040f201110139ee
:109708000dd1536813f0800307d05368c3f30723c0
:1097180083420abf53680b461b0c1846704700bfac
:10972800ede700bf003e0144054b41ea00411960e6
:109738005a681106fcd45a681206fcd5704700bf57
:04974800003e01449a
:020000040000fa
:020000040102f7
:10974c0053ec102b10b540f2ff7cc3f30a54644564
:10975c000dd064b11946204440f2fe73984209dce6
:10976c00002811dd6ff31e51964641ea005343ec7d
:10977c00102b10bd01f0004141f0ff43002243f4d7
:10978c00e00343ec102b10bd002201f0004343ec2e
:04979c00102b10bdc1
:020000040000fa
:020000040102f7
:1097a00013b50489b4f5706f21d2817ac27a007b37
:1097b00041ea0203034333f0070318d1adf8004038
:1097c00099b18df802302ab99df8023043f00203b6
:1097d0008df80230adf8060068468df803108df85c
:1097e000042003f0b5ff02b010bd0123e9e7032018
:0297f000f9e797
:020000040000fa
:020000040102f7
:1097f20070b50c461221054605f0b1f90646f8b9d6
:1098020005f15400f0f727f9052c19d84ff48270ae
:109812000af099ff044698b131464ff4827209f07a
:10982200eaff072323702b88a380b5f848302381f1
:109832001323a37120460421bde8704007f01db92f
:0298420070bdf7
:020000040000fa
:020000040102f7
:1098440037b590f83830032b054607d1fcf712ffe3
:10985400284607f0fdf8002385f8383001200af087
:1098640027ff044698b100f11003192101a80193c0
:109874000af060fd28462246012108f0adfd0546a8
:1098840010b120460af04eff284603b030bd022531
:02989400fae7f1
:020000040000fa
:020000040102f7
:1098960070b5222300eb41024b4303f15604034407
:1098a6000e46918ca3f86010518da3f86210044403
:1098b600128ea3f8642005462046f2f7b8f8204633
:1098c60009f0c1fa204605f014fd20460af05bf8bf
:1098d6002846314609f034fc2046bde8704009f0c0
:0298e60098be2a
:020000040000fa
:020000040102f7
:1098e80038b5232105460468f9f72efdf8b194f838
:1098f8008b0209f0b5feff2810d094f98d327e2b2b
:1099080013d094f8ac31062b0cbfff23002384f846
:1099180091322846bde83840eaf796bc202228460e
:109928002321bde8384000f09bbf1e22f7e7012045
:0299380038bd38
:020000040000fa
:020000040102f7
:10993a002de9f04104680e46904625461db12a6974
:10994a00424503d12d6a1cb9bde8f0812d68f5e7bf
:10995a00237a022b0ed8236943450bd3206a401b76
:10996a0009f070fc237a2769012b014604d01bb148
:10997a00022b01d02468e6e7304601f03efcf8608d
:02998a00f8e7fc
:020000040000fa
:020000040102f7
:10998c0000b589b0dff844c08cf814308cf8152081
:10999c008cf816008cf8171018238df80030bce8e2
:1099ac000f00cdf80100cdf80510cdf80920cdf849
:1099bc000d30bce80300cdf81100cdf81510684649
:1099cc0004f03afc09b05df804fb00bff8c40020b9
:020000040000fa
:020000040102f7
:1099dc0038b54ff0e024d4f8203d43f47f03c4f8ad
:1099ec00203dd4f8203d43f07f43c4f8203d0025b2
:1099fc00c4f81c5d09f033fb084b1d6009f0d0fc6a
:109a0c00d4f8343f43f04043c4f8343f06f000fe32
:109a1c00f5f776f908f06af9284638bdf8c5002044
:020000040000fa
:020000040102f7
:109a2c0070b5124e05460024336803eb8403d3f85b
:109a3c009c310bb1284698470134032cf4d12b7878
:109a4c00172b12d84ff480700af078fe044660b1e0
:109a5c0029464ff4807209f0a7fa22464ff4807120
:109a6c000120bde8704007f02bbc70bd28c1002060
:020000040000fa
:020000040102f7
:109a7c00f0b587b003ad06460f460495fdf72afcfa
:109a8c000446014604a8adf814608df816700af06f
:109a9c004dfc314604a80af04ffc05ab0093019530
:109aac000423032242f2210140f2011006f0f0f9e6
:109abc00024b33f8140007b0f0bd00bfa62e020114
:020000040000fa
:020000040102f7
:109acc00f0b587b003ad06460f460495fef7dafbfa
:109adc000446014604a80af029fc314604a80af001
:109aec002bfc05ab009301950423032240f67c412b
:109afc0040f20110adf81460adf8167006f0c8f91c
:109b0c00024b33f8140007b0f0bd00bfa62e0201c3
:020000040000fa
:020000040102f7
:109b1c0010b5faf7ddfb0446b0b902f0f7ff0b4abb
:109b2c001378590710d443f00403137008f0c2fde6
:109b3c0007480af055fc07480af058fc06480af09a
:109b4c005bfc06480af05efc204610bdc4c2002037
:109b5c00111a0301f135030155cb02019d5e02017f
:020000040000fa
:020000040102f7
:109b6c0010b50af079fc30b909f0e6fd00280cbffd
:109b7c000020072010bd0d4c2368d3f854319847b2
:109b8c0008b10c20f6e72368d3f858319847002821
:109b9c00f7d12368d3f85c3198470028f1d12368ba
:109bac00d3f8603198470028ded0eae794c1002052
:020000040000fa
:020000040102f7
:109bbc0010b5046804f2062204f5ef7104f5fb708d
:109bcc00f2f718ff04f2c9120023c4f8c93113715b
:109bdc0004f5e772c4f8ce31137194f8641041b9ee
:109bec0003f07f0284f8d22163f07f0384f8cd3137
:109bfc0010bd63f07f0284f8d22103f07f03f5e7f8
:020000040000fa
:020000040102f7
:109c0c0010b5faf765fb0446b0b902f07fff0b4aba
:109c1c001378990710d443f00203094813700af023
:109c2c0097fb08480af0a0fb07480af0a3fb07487b
:109c3c000af0a6fb0af0b8f8204610bdc4c20020fa
:109c4c000b230301f135030155cb02019d5e02018b
:020000040000fa
:020000040102f7
:109c5c0037b5124b1b6805461c6809f0f5ffd8b9df
:109c6c00012d02d0002003b030bda17b11f0fd010d
:109c7c0008d10df1070008f0e9f89df807300bb199
:109c8c001220f0e7a37b03f0fd03012bead109f0ce
:109c9c00c3ff0028e6d1f3e70c20e4e7d4c1002091
:020000040000fa
:020000040102f7
:109cac00104b1a6802b112680f4b1b6803b11b688a
:109cbc000e49086800b100681ab192f82c20012aec
:109ccc000bd01bb193f82c30012b08d040b190f87d
:109cdc002c00431e58425841704710467047184696
:109cec00704700bfd4c10020ccc10020d0c10020df
:020000040000fa
:020000040102f7
:109cfc0010b5437b012b04460bd143695b004366d3
:109d0c0083695b008366237b73b923695b0a2366d3
:109d1c0010bd002bf7d1406906f0d8f96066a06938
:109d2c0006f0d4f9a066eee7a36823f47f0323f4ce
:109d3c007f43b3f1807febd12369c3f31603e6e7ce
:020000040000fa
:020000040102f7
:109d4c0010b5044624200af0f9fc0146e0b10246a5
:109d5c000a2302f8143b0d4b1b68986850f8403fdf
:109d6c004b614368536083689360c368d360236816
:109d7c004b6063688b60a368cb60e3680b61242045
:109d8c00bde810400af00abc10bd00bffcc10020a9
:020000040000fa
:020000040102f7
:109d9c00114b0246006818609088927998809a71ed
:109dac0033f8040c40f0020023f8040c53f8082c90
:109dbc0052000dd5094a5b6a12681278c3f302632c
:109dcc00da4012f0010f14bf002002200b70704714
:109ddc0002200023fae700bf703301410cc20020bf
:020000040000fa
:020000040102f7
:109dec0038b5124b1d682c6894f86430012b17d1d0
:109dfc00236e1b0608d5d4f8883143f08073c4f861
:109e0c00883108f0e3f8a067237d13f0010f0bd025
:109e1c000223237528462021bde8384009f0acb850
:109e2c00237d13f0400ff2e738bd00bff8c10020ce
:020000040000fa
:020000040102f7
:109e3c0008b561b90f4b1a6802f01f02102a4ff0d7
:109e4c00010314d80c4903fa02f2114079b10a212a
:109e5c0090f8660004f0fcfc084b1a6842f0100203
:109e6c001a601a6842f002021a60002008bd1846f7
:109e7c00fce700bf583801414ce00100203a014199
:020000040000fa
:020000040102f7
:109e8c00817d90f8253090f8262080f8273080f8d6
:109e9c00282059b190f8a71141b9016eb2fa82f29b
:109eac0041f080415209016680f82620c27d6ab1da
:109ebc0090f8a62112b1002303767047b3fa83f30e
:109ecc0002225b09027680f8253070470123f3e704
:020000040000fa
:020000040102f7
:109edc00114b1a68100241bf1a4632f8241f41f088
:109eec00080111801a68510241bf0c490a8842f0de
:109efc0004020a801a68920241bf08490a8842f09b
:109f0c0002020a801b68db0241bf044a138843f03b
:109f1c0001031380704700bf0c3a0141303a0141f4
:020000040000fa
:020000040102f7
:109f2c0010b5124b1b780c46342101fb030393f83c
:109f3c005e109b6f39b91b78c3f380131370436a9f
:109f4c002360084610bd987800f03f01d81c0844e7
:109f5c00012110f8023bc3f380131370eef728fabb
:109f6c000028206014bf00211f21eae7d9c200207d
:020000040000fa
:020000040102f7
:109f7c0070b5e8b10c460646a1fb0023dbb901fb2a
:109f8c0000f010f14d0f18d84c30ebf78ffe054652
:109f9c0078b114b100f14c0300e003462b60ee6382
:109fac002c6401212846f7f739fd0023ab6400e04f
:0e9fbc000025284670bd0025fbe70025f9e7cb
:020000040000fa
:020000040102f7
:109fca0053434e3a436c6f73652c7068793d256430
:109fda002c636e743d25642c7469643d25640053ba
:109fea00434e3a7068793d25642c7365634e756dee
:109ffa003d25642c636e743d25642c7469643d258b
:0ea00a00640053434e3a43523d3078257800af
:020000040000fa
:020000040102f7
:10a0180038b504460d4699b1037a9bb90b7a012be2
:10a028000ed0827a8b7a9a420ad2f9f7e1fda36ab6
:10a0380013b1204605f086fd2046f4f7a1fb2c4617
:10a04800204638bd836c13b90023a373f7e7437f19
:0ea05800002bf9d090f85030db07f5d4e5e787
:020000040000fa
:020000040102f7
:10a0660038b5024690f8671090f89e0102f035fa6e
:10a0760085b292f86610002002f02ffa40f27122a3
:10a08600b5fbf2f1ccb202fb115189b280b2b0fb42
:10a09600f2f3dbb209b10134e4b2b0fbf2f102fb38
:0ea0a600110292b20ab10133dbb2e01838bdec
:020000040000fa
:020000040102f7
:10a0b40010b504460af09cf80e4b1a78c2b10e4b48
:10a0c40003eb421c43f6982e02e0203363450fd085
:10a0d400da79a242f9d11a7cff2a1cbf01321a7420
:10a0e4001a7c052a28bf05220efb02029a61ece7be
:0ca0f40010bd00bf9ec2002024b200205e
:020000040000fa
:020000040102f7
:10a10000c37903b9704710b5c0b004461b228df85f
:10a11000fc20a722adf804200522adf8062000227d
:10a120008df8082014228df809208288110a8df8f4
:10a130000a108df80b208df80c3001a9408803f02f
:0ca140005ffa08b90023e37140b010bdc5
:020000040000fa
:020000040102f7
:10a14c0008b5104b5b8b13f0070300d108bd0e4a0a
:10a15c00d3870c4b80221a7607225a831b7e13f06e
:10a16c00040f05d0074b9a6a1a7e12f0040ffad12d
:10a17c00054b1b6a002be9d0034b596a1b6a022062
:0ca18c009847e3e7000c00403cbc0020ba
:020000040000fa
:020000040102f7
:10a1980008b5003818bf01200c4b1870003918bfdb
:10a1a80001210b4b1970003a18bf0122094b1a7094
:10a1b800094b1b7803b108bd044b1878044b197878
:10a1c800044b1a7800f096fcf5e700bfafc20020f8
:0ca1d800aec20020abc20020aac20020d2
:020000040000fa
:020000040102f7
:10a1e400f8b50f4b1b68d3b10e4f0f4e0c4d07f053
:10a1f40091fdfb68dc68201d07f0d5fb3368013b4b
:10a2040033602b68013b2b6009f0d8f8206bf5f71d
:10a2140029f82046f5f726f82b68002be7d1f8bd7e
:0ca2240004c10020acbe002000c10020de
:020000040000fa
:020000040102f7
:10a2300010b584682078831e012b1ad9012806d115
:10a2400094f90630002b13da601c03f0f1fa0a4b84
:10a2500021681a68c2f8211002f12103a2889a80ad
:10a26000a2799a71214611f8010b08f09df900209e
:0ca2700010bd0120fce700bf28c1002049
:020000040000fa
:020000040102f7
:10a27c00f8b5114d07462b79007823f0070310f041
:10a28c0007042b712e460dd02b681bb947200af002
:10a29c0055fa2860306860b14722394608f084fed0
:10a2ac000020f8bd28680028fbd00af049fa2c6081
:0ca2bc00f6e70220f5e700bfecbf002031
:020000040000fa
:020000040102f7
:10a2c80070b51821054604f047fc0646e8b905f1c3
:10a2d8005400eff7bdfb4ff482700af031fa0446e0
:10a2e80098b131464ff4827209f082fa072323703d
:10a2f8002b88a380b5f8483023811923a371204601
:0ca308000421bde8704006f0b5bb70bd3c
:020000040000fa
:020000040102f7
:10a31400012837b50c4614d9013801aa694680b220
:10a3240004f0b0fe70b1009d0b492868022207f0ca
:10a334007dfc70b96b68122c1b7805d113f0080fe3
:10a3440000d1032003b030bd522cfbd113f0040f15
:0ca35400f6e70020f6e700bfbe0702019c
:020000040000fa
:020000040102f7
:10a3600070b586b003ad06468df812100595adf8b0
:10a370001000f9f7f1ff0446014605a809f0dcffdb
:10a38000314605a809f0deff04ab009301950423d4
:10a39000032242f2790140f2011005f07ffd024be9
:0ca3a00033f8140006b070bda62e0201b8
:020000040000fa
:020000040102f7
:10a3ac0030b587b004adadf80e000595fdf764fb34
:10a3bc000446014605a809f0b9ffbdf80e1005a822
:10a3cc0009f0baff0df10e0300930195022303224d
:10a3dc0042f21b0140f2011005f05afd024b33f81a
:0ca3ec00140007b030bd00bfa62e020117
:020000040000fa
:020000040102f7
:10a3f800f0b585b002ad0e460746039504f018ff88
:10a408000446014603a809f093ff397803a809f028
:10a418008fff317803a809f08bff00230093019583
:10a42800032242f24b0140f2011005f033fd024bca
:0ca4380033f8140005b0f0bda62e0201a0
:020000040000fa
:020000040102f7
:10a4440000b50f4a89b0106851686b4603c3906821
:10a45400d16803c3136904930a4b0b4a53f8010fe1
:10a4640005909b88cdf81a0004a96846adf8183009
:10a47400adf81e30f2f7c2fa09b05df804fb00bf74
:0ca484003c35030154c0002034bf002010
:020000040000fa
:020000040102f7
:10a4900010b5104b1a68824219d35c6819198842aa
:10a4a00001bf416818460919596041684418a24221
:10a4b00008d1094c2468a24204d052680a44426080
:10a4c0001a6812680260984218bf186010bd1346df
:0ca4d000e0e700bf04c0002064c10020d1
:020000040000fa
:020000040102f7
:10a4dc0037b5104b0190009302220123272104462b
:10a4ec00ec20eff7f5fc04f07bf8054638b9012cad
:10a4fc0008bf204607f0aafd284603b030bd064b26
:10a50c000190009300220123ff21ec20eff7e0fce7
:0ca51c00f2e700bf18220301871c0301b6
:020000040000fa
:020000040102f7
:10a5280013b50c4607f048f8c8b1036893f91b3017
:10a53800237000240b4b0093022201233d21ec20c1
:10a54800eff7c8fc44b1084b0093019401230022a3
:10a55800fd21ec20eff7befc204602b010bd02241e
:0ca56800e8e700bf943d0301a61c0301be
:020000040000fa
:020000040102f7
:10a5740010b5114a0321012008f0e2fb0af0d6f8d5
:10a5840010b90024204610bd02f06afa0028f8d061
:10a59400faf7d2fe0028f4d004f0ecfd0028f0d045
:10a5a40001f014fa04460028ebd009f06ffe05f020
:0ca5b40039f802f0cfffe5e77146030123
:020000040000fa
:020000040102f7
:10a5c00070b5114b196805460022540021fa04f6b3
:10a5d000b607d0b213d1ff2d02bf9a7842f0010224
:10a5e0009a704ff0030202fa04f51a680cbf0321b7
:10a5f000012122ea0502a1400a431a6070bd01321e
:0ca60000082ae2d11046f9e708c2002049
:020000040000fa
:020000040102f7
:10a60c00114bd3f8682f60f31242c3f8682fd3f8bc
:10a61c00702fc2f307220a70d3f8702fc2f30742cf
:10a62c004a70d3f8702fc2f307628a70d3f8742f74
:10a63c00ca70d3f8742fc2f307220a71d3f8743f8f
:0ca64c00c3f307434b7170470024014129
:020000040000fa
:020000040102f7
:10a6580008b5104bd3f8682f42f40012c3f8682fde
:10a668001a4600bfd2f8683f9b02fbd40a49002370
:10a6780082f8683f0a68012013700a681a44013397
:10a68800082bd070f9d1f1f79bfe0b6800229a7065
:0ca6980008bd00bf002401410cc20020de
:020000040000fa
:020000040102f7
:10a6a4007fb50d4b00681b788df804300b4b1b787d
:10a6b4008df806300a4b1b788df80530094b1b7852
:10a6c4008df80730084b01a91b680593e7f74cf890
:10a6d400002007b05df804fbd9c20020d7c20020d7
:0ca6e400d8c20020d5c2002038c20020df
:020000040000fa
:020000040102f7
:10a6f00037b5104c23685b79022b0d4614d100202e
:10a70000f9f77afb29780c4a236881b9012058713e
:10a7100058781870236819724ff48073adf80430bc
:10a7200001a910680af02cf8002003b030bd002108
:0ca730005971f6e754c2002050c200200e
:020000040000fa
:020000040102f7
:10a73c0001f000428b1aa3f16051b1f5801f0adbc6
:10a74c00b1f17f6f09d242eac102c10071f100413f
:10a75c0042eb507070471046704701285b4113f56f
:10a76c00001f02d842f0ff407047c90041ea507008
:0ca77c00104340f4800040f08040704723
:020000040000fa
:020000040102f7
:10a78800474154543a457674207263762c6e6f2094
:10a798006672656520636f6e6e00474154543a4592
:10a7a8007674207263762c6e6f20617661696c20f6
:10a7b800636f6e6e2c68646c3d3078253034782c6d
:0ba7c8006576743d3078253032780053
:020000040000fa
:020000040102f7
:10a7d40037b5828a05462ab100f11601f4f736f935
:10a7e4000023ab82012009f063ff044698b100f115
:10a7f4001003132101a8019309f09cfd2846224669
:10a80400012107f0e9fd054610b1204609f08aff51
:0aa81400284603b030bd0225fae724
:020000040000fa
:020000040102f7
:10a81e0000b593b003688df8041041f20302adf851
:10a82e00002093f8c6216ff3000283f8c6211a8820
:10a83e00adf8062061b9b3f84222d3f83e32029346
:10a84e006846adf80c2003f080ff13b05df804fbf2
:0aa85e00b3f83422d3f83032f1e7ea
:020000040000fa
:020000040102f7
:10a8680070b50368044693f8be0110f004000e4664
:10a87800154610d00321002007f0d7f8014608b983
:10a88800002070bd1123037346738573204608f0ba
:10a8980039fb0120f5e7022107f0c7f80146002837
:0aa8a800eed00d2303734573f0e7b3
:020000040000fa
:020000040102f7
:10a8b20070b503210646002007f0baf8e0b135680a
:10a8c2001623037395f86332437395f864328373e6
:10a8d2000146304608f019fb95f86440012c0ad174
:10a8e200b5f89e31a5f8f63295f863123046f8f7be
:0aa8f20070fda5f89e01012070bd65
:020000040000fa
:020000040102f7
:10a8fc0052433a436c656172526571204e6f726db2
:10a90c00616c203078253032782c73746174653d1d
:10a91c0025640052433a436c656172526571205054
:10a92c007265656d70746976652030782530327883
:0aa93c002c73746174653d256400fe
:020000040000fa
:020000040102f7
:10a946007fb5054602200e4609f0b1fe0446d0b199
:10a9560000f110030e2103a8039309f0eafc314627
:10a9660003a809f0e6fc0623009328880023224664
:10a97600022104f0c0f8054610b1204609f0d1fec8
:0aa98600284604b070bd0225fae770
:020000040000fa
:020000040102f7
:10a99000c1f30a5340f21e42d21a0edd202a0ad811
:10a9a000cb0243ea505040f00040d04090eae170c2
:10a9b000b0ebe1707047002070474b00004218bfb9
:10a9c00043f0010313f5001f88bf21f0004111f08f
:0aa9d000004058bf6ff000407047d0
:020000040000fa
:020000040102f7
:02a9da00050076
:020000040000fa
:020000040102f7
:10a9dc0038b5044609f008fc0d4b1a78bab10d4b8a
:10a9ec0003eb421c00254ff0010e06e01574956137
:10a9fc00d06015772033634509d01a46d979a14226
:10aa0c00f8d1d97c0029f1d183f813e0eee738bdf9
:08aa1c009ec2002024b20020bc
:020000040000fa
:020000040102f7
:10aa2400104b1a68131f02f11c0c08e013880b80ea
:10aa3400002000e001205df804fb63450fd053f8cb
:10aa4400042f002af9d000b592f81ee08645edd017
:10aa54006345efd053f8042f002af5d1f8e701201d
:08aa6400704700bfa0c00020f4
:020000040000fa
:020000040102f7
:10aa6c0000b583b0037b0133dbb203730c4a12686d
:10aa7c0092f8f8209a4204d9f6f7e0fb03b05df89f
:10aa8c0004fb00234373074b1b68002bf6d00022fa
:10aa9c008df804200289adf8062001a89847ede74f
:08aaac00a4c00020a8c0002096
:020000040000fa
:020000040102f7
:10aab40038b5104b1b6813b100240e4d10e0fc2078
:10aac40009f08cfd0b4b186090b1fc220021094b5e
:10aad400186808f08ffe012038bd0134082cf4d02a
:10aae4002b6853f824000028f7d001f06ffef4e738
:08aaf4000020f1e7a4c00020de
:020000040000fa
:020000040102f7
:10aafc0038b50d46144670b101210e4809f0fafd27
:10ab0c0075b108210b4809f0f5fd74b120210948f5
:10ab1c0009f0f0fd38bd0121064809f0edfdefe725
:10ab2c000821044809f0e8fdefe72021014809f06d
:08ab3c00e3fdefe700230044f4
:020000040000fa
:020000040102f7
:10ab440010b5104c0121204609f0dcfd08212046f7
:10ab540009f0d8fd2021204609f0d4fd0022114639
:10ab64001046fff7c9ff012211461046fff7c4ff44
:10ab74004ff4967003f08eff002211461046fff743
:08ab8400bbff10bd00230044db
:020000040000fa
:020000040102f7
:10ab8c000f4b01221a601a46936813f0010ffbd188
:10ab9c000b4b4ff4a0521a6000225a6158690949b4
:10abac00014359610221d9635a649a64da641a65c3
:10abbc0040f65f121a641a469368002bfcd170475a
:08abcc0000280040000f40408a
:020000040000fa
:020000040102f7
:10abd4002de9f8430f4e1d4633688146db6b182080
:10abe400884617469847044688b14561a0f80890fe
:10abf400c0e90387014641f20b6005f037f9336879
:10ac040025881b6c204698472846bde8f883022512
:08ac1400fae700bf54c1002063
:020000040000fa
:020000040102f7
:10ac1c0008b50d49022008f0bfff0c4b1a68d2f89a
:10ac2c00d43103f0f80343f0011343f4c063c2f8ca
:10ac3c00d431074bc2f89031064bc2f81432bde840
:10ac4c00084008f057bc00bf3c42030128c100205b
:08ac5c00f1e80101490d0301bb
:020000040000fa
:020000040102f7
:10ac64002de9f8430f4e1d4633688146db6b1020f7
:10ac7400884617469847044690b1858180f8089025
:10ac840080f809808772014641f2012005f0eef850
:10ac9400336825881b6c204698472846bde8f8830e
:08aca4000225fae754c100206b
:020000040000fa
:020000040102f7
:10acac007fb50d461446064605f076f90df10b03fb
:10acbc00019303ab8df80b0000930122032342f2a6
:10accc00310140f201108df80c608df80d508df8ab
:10acdc000e4005f0ddf89df80b20024b33f8120006
:08acec0004b070bda62e0201a8
:020000040000fa
:020000040102f7
:10acf40013b500230193f5f77bf8019048b10d4b90
:10ad04001b685c683cb90198036883b1214608f06c
:10ad140065fa02b010bd94f86031012b05d100230f
:10ad24001a4601a92046f6f743fa2468eae7f5f73c
:08ad340091fdeee788c100204b
:020000040000fa
:020000040102f7
:10ad3c00f8b5144606460f4f084608f05df87b68d8
:10ad4c00621e024493423fbf1b1a01339bb2e41aaa
:10ad5c003abfa5b21c46002501462246304608f0f3
:10ad6c0023f935b12a4639683019bde8f84008f0a6
:08ad7c001bb9f8bd38be002030
:020000040000fa
:020000040102f7
:10ad840038b5192104460568f8f7e0fa08b9012036
:10ad940038bd95f864307bb90a4b95f86f121a6880
:10ada400d1701b68da78252a02d92522da70efe7f8
:10adb400012aecd80222f9e720461921bde83840df
:08adc40006f068be54c2002035
:020000040000fa
:020000040102f7
:10adcc0038b5062104460568002006f02cfea8b113
:10addc000c2303730a4b1b7843730a4b1b88c381e8
:10adec004ff49763038295f8c63143f0080301468c
:10adfc0085f8c631204608f083f8012038bd00bf25
:08ae0c00c5c2002088c200202d
:020000040000fa
:020000040102f7
:10ae1400f0b5c4880e4b876885b0e6b20093240a67
:10ae240002231a460546cde901468121ec20eff7bd
:10ae340053f8084b53f824303bb105f10c02394662
:10ae4400304605b0bde8f040184705b0f0bd00bf7e
:08ae540094450301acbd002090
:020000040000fa
:020000040102f7
:10ae5c002de9f84300ebc2070646d7f800900d46e3
:10ae6c0090464c1e454508db013406ebc4003946c0
:10ae7c0008f008fc2046bde8f88356f83530a3eb03
:10ae8c0009035b0206ebc50104d5013406ebc400d3
:08ae9c0008f0f8fb0135e5e7c1
:020000040000fa
:020000040102f7
:10aea40038b5104d296891f8bb320133dbb281f813
:10aeb400bb3291f8ba12994212d1002408e000bfc3
:10aec40003eb84030134d3f8bc0204f0ebfae4b2dc
:10aed4002b6893f8bb22a242f2d80022a3f8ba222c
:08aee40038bd00bfecc10020e5
:020000040000fa
:020000040102f7
:10aeec0038b5104d296891f8ed320133dbb281f899
:10aefc00ed3291f8ec12994212d1002408e000bf17
:10af0c0004f1bc02013453f8220004f0dffae4b27d
:10af1c002b6893f8ed22a242f2d80022a3f8ec227f
:08af2c0038bd00bfecc100209c
:020000040000fa
:020000040102f7
:10af340070b5104e346805464cb9cdb12868b8b127
:10af440009f002fc2846bde8704009f0fdbba36887
:10af5400ab4209d1d4e9002342b15360d4e90023c0
:10af640020461a6009f0f0fb2468e5e77360f5e712
:08af740070bd00bf44c00020c5
:020000040000fa
:020000040102f7
:10af7c0010b50446082009f0e1fb0146c8b10323d3
:10af8c000370238883800b4b1a681378022b0ed125
:10af9c00a36d93f8e63013f0100302d05378c3f38b
:10afac0000138b710820bde8104009f0f7ba00239c
:08afbc00f7e710bdfcc1002005
:020000040000fa
:020000040102f7
:10afc40010b50446008909f0a9fb98b1208904f062
:10afd40011fb90b10b4b1b8813f001030fd090f8b9
:10afe40047101d2907d1002380f84730bde81040e1
:10aff40002f0eeb80423184610bd0323fbe7012337
:08b00400f9e700bf38c100208c
:020000040000fa
:020000040102f7
:10b00c00104a037811785b1a5bb203f11c010e290c
:10b01c000ad8dfe801f015151515150913131309d6
:10b02c0011090f090800f3230370037812781344f5
:10b03c0003707047f123f7e7ef23f5e7ed23f3e710
:08b04c00e923f1e794c20020a2
:020000040000fa
:020000040102f7
:10b0540010b5d0f84421dab1d0f84031c3b10d486d
:10b06400016892b262f31f4101600146423251f815
:10b07400084f92b262f31f440c6002689bb263f300
:10b084000f0202600a68ff339bb263f30f020a6087
:08b0940010bd00bf483401416a
:020000040000fa
:020000040102f7
:10b09c0037b50468236e002b054610da5b000ed51d
:10b0ac0000f0b2fc236e23f00043236605f08cfb0a
:10b0bc0001ab0422074901950120fbf7affe00f01c
:10b0cc00a3fc236e23f08043236605f07dfb03b0c5
:08b0dc0030bd00bf5404010166
:020000040000fa
:020000040102f7
:10b0e40010b590f81431072b0c46d0f8b43008d0c2
:10b0f4001b78c3f380131370d0f8b0300b600020ba
:10b1040010bd987800f03f01d81c0844012110f8c4
:10b11400023bc3f380131370edf74ef9002820604f
:08b1240014bf00201f20ebe71f
:020000040000fa
:020000040102f7
:10b12c0010b50446002008f097fe002008f08cfeb5
:10b13c00122c12d002d8112c08d010bd213c022c9c
:10b14c00fbd8084b4ff4a5711a6802e0054b1a683e
:10b15c00d82161f30f021a60efe7024b7c211a68c9
:08b16c00f7e700bf6434014164
:020000040000fa
:020000040102f7
:10b174000f4b02681b78342101fb0323012283f85f
:10b1840088200c4bd3f81c21110207d5d3f82421b5
:10b1940042f48022c3f8242100207047d3f81c21f4
:10b1a400d201f9d5d3f8242142f40022f2e700bffa
:08b1b400d9c200200024014172
:020000040000fa
:020000040102f7
:10b1bc00104bd3f80021962161f31742c3f80021fc
:10b1cc00d3f800216ff31962c3f80021d3f80021e2
:10b1dc006ff39a62c3f80021027b32b1d3f80021dd
:10b1ec006ff30002c3f800217047d3f8002142f03e
:08b1fc000102f7e70024014104
:020000040000fa
:020000040102f7
:10b2040030b5c0f30802c1f308041319490ab3f5b1
:10b214009c7f01eb50210b4d0add6ff49c73e01809
:10b224004b1c1044ab4280b209d840ea432030bde5
:10b23400a94298b20b46f8d9a1f50003f5e74b1bd8
:08b24400f3e700bfffff7f00ec
:020000040000fa
:020000040102f7
:10b24c000278202a034600f10100f9d0a2f109018d
:10b25c000429f5d92b2a06d02d2a13d1012101332b
:10b26c00013b002006e00021f9e700bf00eb800065
:10b27c00c2eb400013f8012f303a092af6d901b974
:08b28c00404270470021ebe78e
:020000040000fa
:020000040102f7
:10b29400062937b505460c4606d000231a4619463a
:10b2a400f6f760f803b030bd043201a90df10200d5
:10b2b400019207f00fff204609f044fa01460028e6
:10b2c400f0d001230370bdf802304580838020460e
:06b2d40009f01df9e6e798
:020000040000fa
:020000040102f7
:10b2da0073b54a89032a06460d460ad10b7c03f048
:10b2ea00bf03122b09d14968a87b04f05bfb044613
:10b2fa0000b18024204602b070bd0df10701fdf7b0
:10b30a00c4fa04460028f5d12a469df807103046ab
:06b31a00faf7f6f8eee779
:020000040000fa
:020000040102f7
:10b3200038b5437ad907054601d4002038bd827a62
:10b33000d207fad513f00c0f10d0002444724ff44a
:10b34000827009f001fa0028efd0102202702a88da
:10b3500082808471042105f091fbe6e743f0040349
:06b3600043721220e2e737
:020000040000fa
:020000040102f7
:10b3660090f81431072b04d041f21113a1f866307e
:10b37600704790f80231012b04d0002bf4d0022b39
:10b3860003d0704741f21223f0e790f8173181f8a5
:10b3960068302122012b81f8662014bf2322222245
:06b3a60081f867207047ea
:020000040000fa
:020000040102f7
:10b3ac00f8b50c2104460668f7f7ccff0546c0b18a
:10b3bc0096f8ac31022b0bd10027204686f8ac71e5
:10b3cc0003f0fafb39462046fbf7bcfa2846f8bdd9
:10b3dc0096f8c6311b07f9d42046bde8f840fff7b4
:06b3ec00efbc0125f2e7b1
:020000040000fa
:020000040102f7
:10b3f2000168b1f84622b1f848329a4219d8063aa1
:10b4020092b240f67a40824213d8063b9bb2834204
:10b412000fd8b1f84a32b3f5fa7f0ad2b1f84c022a
:10b422000a3880b240f6764398428cbf0020012051
:06b4320070470020704786
:020000040000fa
:020000040102f7
:10b438007fb5054641200e4609f038f90446c0b1eb
:10b448000c2100f110030deb0100039308f070ffcd
:10b4580040223146039807f0a9fd062300932246af
:10b4680000234121288803f045fb10b1204609f04c
:06b4780057f904b070bd9d
:020000040000fa
:020000040102f7
:10b47e0010b50446806d10215f30fbf7c6f9a06d44
:10b48e0010214f30fbf7c1f9a06d0821b230fbf748
:10b49e00bcf9a06d0221b030fbf7b7f9e378a06dcf
:10b4ae0010212bb900f5e070bde81040fbf7adb9e7
:06b4be0000f5c070f8e784
:020000040000fa
:020000040102f7
:10b4c40038b5044608f094fe0b4b197891b10b4b38
:10b4d40003eb41110a4d02e020338b4208d0da79a4
:10b4e400a242f9d1da68821aaa42f5d8012000e012
:10b4f400002038bd0020fce79ec2002024b20020ba
:04b50400bfd40100af
:020000040000fa
:020000040102f7
:10b50800f8b50646408803f0b3fc40b1837f337139
:10b518000a4b1b788bb10a4d0024084f08e008231a
:10b52800f5e73046984701343a78e3b29a4204d9ad
:10b5380055f8043b002bf4d1f5e7f8bda6c200206e
:04b54800bcbf002064
:020000040000fa
:020000040102f7
:10b54c0010b50f4b1b688bb10d4b1c682c220021c6
:10b55c00204608f04bf9234604f12000002200bfde
:10b56c0043f8042b8342fbd1012010bd2c2009f0a1
:10b57c0031f8034b18600028e6d10020f5e700bf36
:04b58c0098c0002043
:020000040000fa
:020000040102f7
:10b5900038b50f4b1b688bb100240d4d2b6853f849
:10b5a000240001f051fe0134082cf7d12c22002197
:10b5b000074b186808f020f9012038bd2c2009f04d
:10b5c0000ff8034b18600028f0d10020f5e700bf0a
:04b5d000a0c00020f7
:020000040000fa
:020000040102f7
:10b5d40038b50c4b1c780c4b1d7807f0d1fe024695
:10b5e4000a4b1b7863b9074b1b78094909788b42ce
:10b5f40014bf0123032329462046fef7c5f938bdad
:10b604000323f8e7b5c20020b4c20020b3c200206f
:04b61400b7c2002099
:020000040000fa
:020000040102f7
:10b61800e8b1034689b100b5d1f800e0d1f804c01b
:10b628008868ca68c3f8f8e0c3f8fcc0c3f800012a
:10b63800c3f8042100205df804fb0020c3f8f800db
:10b64800c3f8fc00c3f80001c3f8040170476ff0a9
:04b65800ac0070478b
:020000040000fa
:020000040102f7
:10b65c0010b490f8893103f00303012b14d0022ba2
:10b66c000cbf4ff0080c4ff0040c04390023084cad
:10b67c0051f8040f9a1c04eb8202506001336345ad
:10b68c00f6d15df8044b70474ff0060cede700bfa8
:04b69c000004004264
:020000040000fa
:020000040102f7
:10b6a000f8b50f4d2e68002406f5087353f8247082
:10b6b0008fb9162009f048f8883446f824002b6822
:10b6c00053f8240018b11622394608f095f82b6873
:10b6d00053f82400f8bd0134082ce7d10020f9e725
:04b6e00028c100205d
:020000040000fa
:020000040102f7
:10b6e40037b584682588b5f5706f19d2284603f0fc
:10b6f40039fca8b1a3788df80230e3788df80330d3
:10b7040023798df8043063798df805306846e38831
:10b71400adf80050adf8063000f0f2f803b030bddb
:04b724000320fbe71c
:020000040000fa
:020000040102f7
:10b72800ad1103013f4e020189110301d5560201f3
:10b7380065110301a1970201ad300301cd19030181
:10b74800fd330301e9330301973003012542030167
:10b7580053f902016d060301230d0301e5b6020149
:04b768004111030187
:020000040000fa
:020000040102f7
:10b76c002de9f0410e4e33688046db6b10200f46fe
:10b77c0015469847044680b18581a0f8088047811a
:10b78c00014644f2061004f06dfb336825881b6cef
:10b79c00204698472846bde8f0810225fae700bf0d
:04b7ac0054c1002064
:020000040000fa
:020000040102f7
:10b7b0002de9f0410e4e33688046db6b10200f46ba
:10b7c00015469847044680b18581a0f808804781d6
:10b7d000014644f2081004f04bfb336825881b6ccb
:10b7e000204698472846bde8f0810225fae700bfc9
:04b7f00054c1002020
:020000040000fa
:020000040102f7
:10b7f4002de9f84307464ff48270894690461d466a
:10b80400089e08f09fff044690b106230370a0f839
:10b814000490a0f800810581877131462a460a30d8
:10b8240007f0c6fb20460421bde8f84305f024b91f
:04b83400bde8f883f0
:020000040000fa
:020000040102f7
:10b8380038b50f4b014618680368a2b98c894f2c9c
:10b8480001d8302c11d13bb18d89dc89a54207d8ac
:10b85800cc899b899c4208d204f068ff002038bd3f
:10b868001a461b68efe70022ede70120f7e700bf63
:04b878003cc10020af
:020000040000fa
:020000040102f7
:10b87c0030b585b00c460546fcf7d6fc0df10b0334
:10b88c00019303ab8df80b0000930122042340f2cb
:10b89c00064140f20110adf80c508df80e4004f04a
:10b8ac00f7fa9df80b20024b33f8120005b030bdaf
:04b8bc00a62e0201b1
:020000040000fa
:020000040102f7
:10b8c00030b585b00c460546edf766f80df10b0373
:10b8d000019303ab8df80b0000930122042342f285
:10b8e000770140f20110adf80c508df80e4004f0d5
:10b8f000d5fa9df80b20024b33f8120005b030bd8d
:04b90000a62e02016c
:020000040000fa
:020000040102f7
:10b90400f0b585b002ae054607880396f2f74efb04
:10b914000446014603a808f00dfd394603a808f0c3
:10b924000ffdcde900560823032242f2780140f2cc
:10b93400011004f0b1fa024b33f8140005b0f0bd65
:04b94400a62e020128
:020000040000fa
:020000040102f7
:10b948001fb50146044604f11703e21d11f8010b67
:10b95800f2f7cefa0df10f038df80f00cde9004391
:10b968000122272342f2270140f2011004f092fa43
:10b978009df80f20024b33f8120004b010bd00bf31
:04b98800a62e0201e4
:020000040000fa
:020000040102f7
:10b98c0030b585b00c460546f6f706fb0df10b03fa
:10b99c00019303ab8df80b0000930122022342f2ba
:10b9ac000c0140f201108df80c508df80d4004f094
:10b9bc006ffa9df80b20024b33f8120005b030bd26
:04b9cc00a62e0201a0
:020000040000fa
:020000040102f7
:10b9d00038b50d4c236825467bb12b6800211846ed
:10b9e0008c2207f009ff18224270084808f0befeba
:10b9f000074808f0b3fe012038bd8c2008f0a4fef3
:10ba000020600028e9d1f7e740c10020e993010157
:04ba1000c147010128
:020000040000fa
:020000040102f7
:10ba14000e4b1a78b2b90e4a4ff00041c2f88010aa
:10ba2400bff34f8fbff36f8f0121c2f88410bff3b0
:10ba34004f8fbff36f8f4021c2f88410bff34f8f35
:10ba4400bff36f8f1a7801321a707047c0c200209a
:04ba540000e100e02d
:020000040000fa
:020000040102f7
:10ba580013b50d4b0093022201231c21ec20eef7b5
:10ba680039fa04f059fa044620b9084b1860204600
:10ba780002b010bd064b0190009300220123ff2164
:10ba8800ec20eef727faf2e74e45030108c2002042
:04ba9800871c030103
:020000040000fa
:020000040102f7
:10ba9c007fb5056802912b8801930d4b00930e46e0
:10baac000446012302225e21ec20eef711fa022e4d
:10babc0006d11621204607f051ff002385f8ac3142
:10bacc002068002104b0bde8704008f03db900bf0b
:04badc00af0c0301a7
:020000040000fa
:020000040102f7
:10bae00070b505460e46f0f777fa044610b101240a
:10baf000204670bd094b1b6853b9094b1b68002bce
:10bb0000f6d0314628469847041c18bf0124efe7b9
:10bb10003146284698470028efd0e8e7b4c1002016
:04bb2000b8c1002088
:020000040000fa
:020000040102f7
:10bb240038b500240b4b0546214620220a48c3e9b8
:10bb3400004307f05ffe094b094a1c6001210846d7
:10bb440007f0fef82846eff765fdbde83840fcf73e
:10bb540027bc00bf44c00020acbd0020c8c10020e9
:04bb640015ae020117
:020000040000fa
:020000040102f7
:10bb680038b5836d5a78022a044618d193f8e43020
:10bb7800022b14d10a4b1b681b78022b0fd008200c
:10bb88000d7808f0ddfd014648b1092303702388cc
:10bb980083808571bde83840082008f001bd38bdb4
:04bba800fcc10020bc
:020000040000fa
:020000040102f7
:10bbac0010b4836d0e4a93f8e730102b0c4603d17a
:10bbbc0011688978102910d012689078834289bf57
:10bbcc00c0f11002e018001900219cbfc3f1100253
:10bbdc0000215df8044b07f009be5df8044b70477b
:04bbec00fcc1002078
:020000040000fa
:020000040102f7
:10bbf00070b50546806d18b108f0a8fd0023ab654f
:10bc00000b4e3268002402f12c0300bf53f82420ad
:10bc1000aa4208d1284608f099fd336803eb840452
:10bc20000023e36270bd0134082cefd1fae700bfb6
:04bc3000fcc1002033
:020000040000fa
:020000040102f7
:10bc340038b5012004f0a6fa044678b10b4808f0a0
:10bc4400f7f8054658b9022384f85330084c2068a5
:10bc54001030edf7fffe236883f8285038bd2046e6
:10bc64000821bde83840f5f775bd00bf79bc020175
:04bc7400fcc10020ef
:020000040000fa
:020000040102f7
:10bc780070b50646022004f083fa044690b100f13c
:10bc8800120540223146284607f090f9a3780a2b7e
:10bc980009d12046fcf7a1f829462046fff7c8fb42
:10bca8000b23a37070bd0c2bfcd12046bde870405f
:04bcb800ecf780ba6b
:020000040000fa
:020000040102f7
:10bcbc002de9f0410e4e002400f117074ff0270834
:10bccc0035682b78e340db070ad508fb04501022bb
:10bcdc003946223005f0a6ff003018bf0120a870ad
:10bcec0033689b7813b90134082ce9d1bde8f08195
:04bcfc000cc2002056
:020000040000fa
:020000040102f7
:10bd000038b50e4c2278824205460ad002280ad164
:10bd10000b4b198821f0070141f001016d2001f062
:10bd20002bff257038bd022a01d0ff2af9d1044b20
:10bd3000198821f007010904090cefe7cdc20020a2
:04bd400096c2002087
:020000040000fa
:020000040102f7
:10bd4400122811d004d811284ff0010005d07047f3
:10bd5400213802280ed901207047094b1a8860f354
:10bd640083021a8000207047054b1a88022161f370
:10bd74008302f6e7024a138843f00c031380f1e7c9
:04bd8400c034014185
:020000040000fa
:020000040102f7
:10bd880038b50f4b1d682c68f1f720f894f864203b
:10bd9800237d82b913f0400f10d0d4f87801037fc7
:10bda8000bb908f095fc0423237528462421bde827
:10bdb800384007f0e3b813f0010fede738bd00bfd6
:04bdc800f8c100209e
:020000040000fa
:020000040102f7
:10bdcc0061b190f86630212b11d00ad8112b15d007
:10bddc00122b08bf012018bfff20704790f8673066
:10bdec00f1e7222b0cd0232b08bf0220f3e790f8ad
:10bdfc006830002b0cbf02200320704700207047d6
:04be0c000320704758
:020000040000fa
:020000040102f7
:10be100037b50023adf804304b7805460c462bb1fe
:10be20000021206908f0acfc03b030bd0df1030126
:10be300005f0baf8a37803f01103184310f0ff0fd0
:10be4000eed195f833308df8043001238df80530ac
:04be500001a9e6e777
:020000040000fa
:020000040102f7
:10be540030b482b08ded000b019addf800c0c2f35e
:10be64000a5373b140f2ff718b4210d06ff31e522c
:10be740042f07f55644645f40015cde90045a3f230
:10be8400fe339ded000b036002b030bc704700230d
:04be9400f7e700bf0d
:020000040000fa
:020000040102f7
:10be980010b503780b2bc2b0044617d1808803f085
:10bea8005ff840b105238df8083002a8a388adf8e3
:10beb8000a30fdf7b7fd00220434019200940c23e8
:10bec80040f23e514ff4827003f0e4ff012042b08b
:02bed80010bd9b
:020000040000fa
:020000040102f7
:10beda0010b5044690f8a83031b123b9b0f8b230a1
:10beea000133a0f8b23010bd53b9aa30f8f7effe0b
:10befa0094f8b43084f8aa300123a4f8b230f2e7f7
:10bf0a00b0f89830a0f8c230bde81040b830edf76c
:02bf1a00b4bcb5
:020000040000fa
:020000040102f7
:10bf1c00c0b208b50b461146072808d8dfe800f078
:10bf2c0004090d11070715151868e8f7e9fc00203e
:10bf3c0008bd1846f9f770faf9e71846f6f7b8f89d
:10bf4c00f5e71846ebf784faf1e7184603f026fefe
:02bf5c00ede70f
:020000040000fa
:020000040102f7
:02bf5e000800d9
:020000040000fa
:020000040102f7
:10bf600010b5054c237833b9044b13b10448aff333
:10bf700000800123237010bdccbd00200000000014
:10bf80000000000008b5034b1bb103490348aff3a1
:10bf9000008008bd00000000d0bd002000000000af
:020000040000fa
:020000040102f7
:10bfa00030b10c4b1b7813f0ff0318bf64230370f0
:10bfb00031b1094b1b7813f0ff0318bf64230b70da
:10bfc00032b1064b1b7813f0ff0318bf64231370c4
:10bfd000704700bfafc20020aec20020abc200203d
:020000040000fa
:020000040102f7
:10bfe00010b50c4b01221a7008f004f9044606f053
:10bff00031fe094ba3fb0023c21a03eb52039b0a39
:10c0000040f2d17202fb130004f5fa642044034ba2
:10c01000186010bdb2c200208b530306ccc00020b4
:020000040000fa
:020000040102f7
:10c0200070b50e4b1e780022824202d300231846c0
:10c0300070bd8c5ca042f9d38d186b78012b04d1b4
:10c040003eb9ad7815f0030ff1d101342244d2b2dc
:10c05000eae7ab7813f00103f6e700bfb8c20020af
:020000040000fa
:020000040102f7
:10c0600070b5e0b14ab116880024a64203d805197c
:10c070006d789d4208d08c4201d300200fe0055d11
:10c0800001352c44a4b2f0e78c42f6d2005da31c2b
:10c0900001389bb280b21c188c42eedc138070bd5c
:020000040000fa
:020000040102f7
:10c0a0007fb58df80f00ddf76ffd0df117030193dc
:10c0b0000df10f038df8170000930122202342f2a7
:10c0c0000a0140f2011003f0e9fe9df81720034b2e
:10c0d00033f8120007b05df804fb00bfa62e020182
:020000040000fa
:020000040102f7
:10c0e0007fb502ae05460396f7f7aef80446014663
:10c0f00003a808f021f9298803a808f023f9cde95d
:10c1000000560e23032242f2200140f2011003f0f8
:10c11000c5fe024b33f8140004b070bda62e020118
:020000040000fa
:020000040102f7
:10c120007fb58df80f00fef7d9f90df117030193d4
:10c130000df10f03009301238df817001a4642f208
:10c140002d0140f2011003f0a9fe9df81720034bca
:10c1500033f8120007b05df804fb00bfa62e020101
:020000040000fa
:020000040102f7
:10c160007fb5adf80e0002f027fa0df11703019329
:10c170000df10e038df8170000930122022342f205
:10c180002e0140f2011003f089fe9df81720034ba9
:10c1900033f8120007b05df804fb00bfa62e0201c1
:020000040000fa
:020000040102f7
:10c1a00073b50c4c0c4e0d4d23684ff0ff329b6a5b
:10c1b00001a9304698470128f6d10198437955f8ee
:10c1c00023309847019890f90430002becdb02f003
:10c1d000bff9e9e754c1002010c000208cbd002049
:020000040000fa
:020000040102f7
:10c1e0000a4b0b4a002018700a4b106050601a4628
:10c1f000c3e9000342f8080fda60074b1a8860f3be
:10c20000c3021a800721054a00f068bcc3c200209f
:10c210001cc0002064bf0020203e0141c53c01013c
:020000040000fa
:020000040102f7
:10c2200038b505460c4606f0dbf9a8b10b4b18688b
:10c230002946043008f0b0f860b190f860315bb185
:10c2400090f84130237050f8333f13608388938017
:10c25000002038bd4220fce70c20fae788c100200e
:020000040000fa
:020000040102f7
:10c2600010b508f0fff808b9002010bd0b4c23688a
:10c27000d3f85431984778b92368d3f858319847a0
:10c2800050b92368d3f85c31984728b92368d3f8ac
:10c29000603198470028e7d00c20e6e794c10020e1
:020000040000fa
:020000040102f7
:10c2a00013b50d4b0093022201232321ec20edf75f
:10c2b00015fefff7d5ff044620b9fef7cdf920465d
:10c2c00002b010bd054b0190009300220123ff2115
:10c2d000ec20edf703fef2e744450301871c030160
:020000040000fa
:020000040102f7
:10c2e00038b5036893f8ac21213a012a05460ad8eb
:10c2f00093f8ad41012c06d1022283f8ad2183f8d9
:10c30000a941204638bd062203212846fef7acfa93
:10c3100004460028f5d000212846faf719fbf0e77b
:020000040000fa
:020000040102f7
:10c3200010b509210446002005f083fbb8b123684d
:10c3300015220273b3f8a221a0f80d20b3f8a421ae
:10c34000a0f80f20b3f89e21a0f81120b3f8a03177
:10c35000a0f813300146204606f0d8fd012010bd9c
:020000040000fa
:020000040102f7
:10c3600010b50e4b4ff0000451b193f9012090f934
:10c370000010914207db027044f00204204610bd19
:10c3800093f90220f3e793f90330994203dc037039
:10c3900044f00104f2e7fef739feefe780be00202b
:020000040000fa
:020000040102f7
:10c3a0003a2808b50fd10d4b186890f82830042ba7
:10c3b00009d8013380f8283041f288311030bde8c7
:10c3c0000840eaf7c9ba022003f0defe20b10821d6
:10c3d000bde80840f5f7c0b908bd00bffcc10020aa
:020000040000fa
:020000040102f7
:10c3e000e69d350e480103ccdbfdf4ac1191f4ef72
:10c3f000b9a5f9e9a7832c5e2cbe97f2d203b02031
:10c400008bd28915d08e1c742430ed8fc245637693
:10c410005c15525abf9a32636deb2a65499c80dce9
:020000040000fa
:020000040102f7
:10c4200008b50b4a0c21022000f058fb094a0d21e7
:10c43000022000f053fb084a0e21022000f04efbc0
:10c44000064a0f21022000f049fb002008bd00bf72
:10c450009916030175160301511603012d160301e8
:020000040000fa
:020000040102f7
:10c46000094b10b500241c60084b1c60084b1c6075
:10c47000084b1c60084b1c7007f0aaf920460749be
:10c4800008f026f8204610bd10c200201cc2002073
:10c4900018c2002020c20020cec20020793c020138
:020000040000fa
:020000040102f7
:10c4a000c38a063b9bb240f67a42934213d8438b31
:10c4b0000a3b9bb2043a93420dd890f821301b33cb
:10c4c00003f01f030b2b06d8044b1b68002b14bf73
:10c4d00000201f2070471e20704700bf10c20020a0
:020000040000fa
:020000040102f7
:10c4e000122917d00bd8112911d00c4b1b68c3f39c
:10c4f0004113012b07d1000100f519707047222963
:10c50000f9d02329f1d1800100f266307047c000d4
:10c51000e63070478000c230704700bfc034014130
:020000040000fa
:020000040102f7
:10c5200007b590f8e5100023adf8043099b990f8fc
:10c53000e43013f0110f07d190f8c7308df80430b4
:10c5400001238df8053001a9044b186808f018f98b
:10c5500003b05df804fb1946f6e700bf24c20020d3
:020000040000fa
:020000040102f7
:10c5600010b50446fdf774f82046f4f73ff820466e
:10c57000eef766fa204605f00df9f2f71ffd2046aa
:10c58000fbf7c8ff2046fef719feedf76ffe00f03f
:10c5900085fc01f0edfb2046bde81040f5f7fcb945
:020000040000fa
:020000040102f7
:10c5a000094b10b500241c70084b1c60084b1c6024
:10c5b000084b1c60084b1c6003f00ef90749012072
:10c5c00007f086ff204610bddbc200203cc20020e1
:10c5d00040c2002044c2002048c200206de0020199
:020000040000fa
:020000040102f7
:10c5e000474154543a44617461207263762c4f7011
:10c5f0003d30782530327800474154543a446174d4
:10c6000061207263762c6e6f20617661696c2063a5
:0fc610006f6e6e2c68646c3d3078253034780086
:020000040000fa
:020000040102f7
:10c6200038b503780c2b044618d1808802f0e4ff5b
:10c63000a0b100254572008807f051fd70b14ff49c
:10c64000827008f081f848b110220270a2888280be
:0ec6500085710421bde8384004f010ba38bdf1
:020000040000fa
:020000040102f7
:10c65e0037b5d0e9035401aa6946008902f00dfdf1
:10c66e0088b1009b9a7b92060fd49a682188128813
:10c67e00914288bf228022885968284606f093fc92
:0ec68e00002003b030bd0320fbe70120f9e7d8
:020000040000fa
:020000040102f7
:10c69c000368b3f84c10b3f84a22914215d1b3f8a1
:10c6ac004e10b3f84c2291420fd193f84e2262b93e
:10c6bc00b3f84a20b3f84612914206d8b3f84802b0
:0ec6cc0090422cbf00200120704701207047d3
:020000040000fa
:020000040102f7
:10c6da00434d443a53657453636e506172616d0001
:10c6ea0053434e3a747970653d25642c696e7476ad
:10c6fa006c3d307825782c77696e3d307825780046
:0ec70a004552523a7374617475733d25640094
:020000040000fa
:020000040102f7
:10c7180070b50468236e43f08003236605460e4611
:10c7280004f02bfc90b9236e23f0800343f40073cc
:10c73800236616b12846f3f7a9fb20463146fff7d2
:0ec74800c8fb2846bde87040def760bb70bd40
:020000040000fa
:020000040102f7
:10c756004c32433a44617461207263762c6f703dab
:10c76600307825303278004c32433a446174612087
:10c776007263762c6e6f20617661696c20636f6ed2
:0dc786006e2c68646c3d30782530347800ee
:020000040000fa
:020000040102f7
:10c79300534d503a44617461207263762c6f703d3f
:10c7a30030782530327800534d503a44617461201b
:10c7b3007263762c6e6f20617661696c20636f6e95
:0dc7c3006e2c68646c3d30782530347800b1
:020000040000fa
:020000040102f7
:10c7d00038b50546006808b107f006ff0a4b1b682c
:10c7e000043b002453f8042faa4203d00134082c40
:10c7f000f8d138bd284607f0f7fe034b1b6800222e
:0cc8000043f82420f5e700bfa4c000208e
:020000040000fa
:020000040102f7
:10c80c0070b590b90c4615460b4806f0a1fd78b1f1
:10c81c00094e56f8083b1b682946204698470446a3
:10c82c00304606f0b1f9204670bd4ff0ff34fae700
:0cc83c004ff0ff34f7e700bf90bf002072
:020000040000fa
:020000040102f7
:10c8480070b590b90c4615460b4806f083fd78b1d3
:10c85800094e56f8083bdb682946204698470446a7
:10c86800304606f093f9204670bd4ff0ff34fae7e2
:0cc878004ff0ff34f7e700bf90bf002036
:020000040000fa
:020000040102f7
:10c8840008b5037a012b15d893b9fcf7ebfb70b903
:10c894000146012003f07cfa0220fff7fffb30b9c8
:10c8a400054b1a68137843f001031370002008bd88
:0cc8b4000320f2e70320fae728c100206f
:020000040000fa
:020000040102f7
:10c8c00038b50b4d0b49062007f06cf92a680a4968
:10c8d000c2f88411002400bf04f188022b680134df
:10c8e00053f8220001f0fcfc082cf5d1002038bde3
:0cc8f00028c1002028b70201997e000139
:020000040000fa
:020000040102f7
:10c8fc0008b50949042006f0eff90849002007f0b3
:10c90c00a5fd074b074a1b685a60074b1b684ff085
:10c91c00f7129a60002008bd31370301b8f002010c
:0cc92c0000c20020f93902013cc10020cb
:020000040000fa
:020000040102f7
:10c93800f8b50d4e33680746db6b10200d46984757
:10c94800044678b1002305734373876001464ff4aa
:10c95800804003f089fa336825881b6c2046984785
:0cc968002846f8bd0225fbe754c1002062
:020000040000fa
:020000040102f7
:10c974001fb50146044611f8010beff7f7fb0df163
:10c984000f038df80f00cde900430122202342f26a
:10c99400080140f2011003f07ffa9df80f20024bca
:0cc9a40033f8120004b010bda62e0201f2
:020000040000fa
:020000040102f7
:10c9b0001fb50146044611f8010beff73dfc0df1e0
:10c9c0000f038df80f00cde900430122202342f22e
:10c9d000090140f2011003f061fa9df80f20024bab
:0cc9e00033f8120004b010bda62e0201b6
:020000040000fa
:020000040102f7
:10c9ec001fb50146044611f8010bfbf7c1fb0df115
:10c9fc000f038df80f00cde900430122072342f20b
:10ca0c00110140f2011003f043fa9df80f20024b84
:0cca1c0033f8120004b010bda62e020179
:020000040000fa
:020000040102f7
:10ca280030b587b004ac0d46039405f011fa03a89d
:10ca3800002107f07dfc294603a8062206f0b6fd72
:10ca48000194002400942346072241f2090140f290
:0cca5800011003f01ffa204607b030bdab
:020000040000fa
:020000040102f7
:10ca640038b50b4c236825465bb12b68094a1a601c
:10ca74002b68c3e90122da60074ac3e904220120d2
:10ca840038bd182007f05efe20600028edd1f7e7de
:0cca940044c100203d470301414703015d
:020000040000fa
:020000040102f7
:10caa0000b4b1a6842f480121a600a4a118e6ff317
:10cab000c71111861a6a02f44032b2f5003ff9d16b
:10cac0005a6822f400025a60034b00221a70704721
:0ccad0000040014100240141bdc20020d3
:020000040000fa
:020000040102f7
:10cadc0038b90f2904d8094b02b9094a43f8212067
:10caec007047012803d10f29fad8064bf4e7022826
:10cafc00f6d10f29f4d8044beee700bf18c4002080
:0ccb0c008bfc020158c4002098c40020db
:020000040000fa
:020000040102f7
:10cb18000b4b1b7813f0060311d10a4a13700a4a0b
:10cb280008214ff47060013911f0ff0110809370f3
:10cb3800c2f80330a2f8073002f10a02f3d17047b5
:0ccb4800c4c20020c6c20020c8ba0020f1
:020000040000fa
:020000040102f7
:10cb5400f8b50d4d06460f4600242b88b3f5706fcb
:10cb640008d0ab78b34205d10622e91c384605f05b
:10cb74005df838b10134e4b2082c05f10a05ecd1b2
:0ccb84000020f8bd0120fce7c8ba00202a
:020000040000fa
:020000040102f7
:10cb900030b593b000688df8043041f20c04adf864
:10cba000004090f8c6410388adf80630002565f3d3
:10cbb0004104a0f86c5280f8c64168468df8081010
:0ccbc0008df8092001f0c8fd13b030bd55
:020000040000fa
:020000040102f7
:10cbcc0038b5046894f8ae3105460bb1012038bd78
:10cbdc00132384f8ae311621f6f7b4fb0028f5d0f8
:10cbec0094f86430284633b9e6f700fa0028edd102
:0ccbfc0084f8ae01ebe7fcf707f9f7e75f
:020000040000fa
:020000040102f7
:10cc080038b5046894f8ae51b5b994f8c8319b07a3
:10cc180012d50b2105f0b1fb68b140f22243a4f80c
:10cc2800ae3194f8c83165f3410384f8c83140f255
:0ccc38000113a4f8a83138bd0120fce76e
:020000040000fa
:020000040102f7
:10cc440010b504210446002004f0f1fea8b12368c5
:10cc5400062283f8ac212322027303f28b2211886b
:10cc6400a0f80d109278c27393f88c2283f8862270
:0ccc74000146204606f048f9012010bde2
:020000040000fa
:020000040102f7
:10cc800010b50a4c206807f07dfd00232360084c96
:10cc9000227842b1012a04d1064b07481968e9f706
:10cca0005bfe00232370002010bd00bfe0c1002008
:0cccb000c9c20020e4c1002050be0020da
:020000040000fa
:020000040102f7
:10ccbc0030b50c4691b0402205460021684606f07e
:10cccc0095fd94f9012000235200934206db214686
:10ccdc006846eaf765ffc0b211b030bd10a919441f
:0cccec00e85c01f8400c0133dbb2eee71d
:020000040000fa
:020000040102f7
:10ccf80070b50446b8b10c4d2b68d3f88061fef7c7
:10cd080085fe66b926602b68d3f8843163601c60a1
:10cd18002b68c3f88441bde8704003f057bda642b4
:0ccd2800f9d03668ede770bdecc10020ca
:020000040000fa
:020000040102f7
:10cd340038b570b100f0cafe044640b10a4b1d6814
:10cd4400012385f8283300f0c1fe85f8340320461a
:10cd540038bd054b1c6884f8280300f0b7fe84f83e
:0ccd640034030124f3e700bfecc1002001
:020000040000fa
:020000040102f7
:10cd7000f8b50d4d06682b8840f6fe6293429abfc7
:10cd800001339bb200232b8040f6fe772c8820468f
:10cd900004f016fc08b93480f8bdbc429abf0134d7
:0ccda000a4b200242c80f1e706c600209d
:020000040000fa
:020000040102f7
:10cdac0010b5044686b0806d0a4b019304220deb3e
:10cdbc00020102aba030e2f7f1ff074b0193a36d28
:10cdcc00042216330deb020102a8e2f7e7ff06b0ce
:0ccddc0010bd00bf31706d747262656c98
:020000040000fa
:020000040102f7
:10cde800072838b514d80b4c03b224685d00ec4012
:10cdf80004f00304012c0bd11d44074b03eb45033e
:10ce08001c6814609b889380f7f7aefe002038bd3d
:0cce18001f20fce708c20020003301418d
:020000040000fa
:020000040102f7
:10ce24000d4a03460068106098889b79908093713e
:10ce340032f8040c40f0020022f8040c52f8080cfa
:10ce4400430041bf906a086002f12803002046bff6
:0cce54009b888b801f20704770330141c9
:020000040000fa
:020000040102f7
:10ce60000d4bd3f8182142f48072c3f81821d3f87f
:10ce70002c216ff30f02c3f82c21d3f818210321c2
:10ce800061f30712c3f81821d3f8182161f30302e4
:0cce9000c3f81821704700bf00240141c6
:020000040000fa
:020000040102f7
:10ce9c000d4bd3f8182142f48072c3f81821d3f843
:10ceac002c216ff30f02c3f82c21d3f81821032186
:10cebc0061f30712c3f81821d3f8182161f30302a8
:0ccecc00c3f81821704700bf002401418a
:020000040000fa
:020000040102f7
:10ced80070b50c4b1b6805460c4616464bb97eb917
:10cee800342101fb045494f85e00003018bf01207f
:10cef80007e098470028f2d0034b1b78002beed1af
:0ccf0800002070bd3cc20020dbc20020f5
:020000040000fa
:020000040102f7
:10cf140010b5012004f0fcf94ff6ff71044601201e
:10cf240002f070f92146012004f004fa00220d21d8
:10cf34000120fff7d1fd00231a4603491846bde836
:0ccf44001040f9f76fbf00bf02070100aa
:020000040000fa
:020000040102f7
:10cf500013b50b4b1c680b4bd3f81c21120203d4e6
:10cf6000d3f81c31db0101d5f5f706fa01ab042239
:10cf7000054901940020f9f757ff02b010bd00bf2a
:0ccf8000f8c10020002401410102010062
:020000040000fa
:020000040102f7
:10cf8c004ff4001c1ceb410f98bf1ceb430f11d846
:10cf9c0051ea030c50ea4c0c5cea020c0cd004d2a3
:10cfac0082428b41804101307047904299418041cf
:0ccfbc00013070470020704701207047d2
:020000040000fa
:020000040102f7
:10cfc800434d443a536574507269766163794d6f85
:10cfd80064652c616464723d307825303278253080
:10cfe800327825303278253032782530327825303d
:0bcff80032782c6d6f64653d256400ed
:020000040000fa
:020000040102f7
:10d0040000b583b00023019301a90068f4f7defda5
:10d0140018b9002003b05df804fb019b5bb14ff02d
:10d02400e0234ff08052c3f8042dbff34f8fbff3ba
:0ad034006f8f0120eee70120ece70a
:020000040000fa
:020000040102f7
:10d03e0000b583b00023019301aa0068f0f750fbfe
:10d04e00012803d0002003b05df804fb019b53b10f
:10d05e004ff0e0234ff08052c3f8042dbff34f8ff3
:0ad06e00bff36f8fefe70120ede73d
:020000040000fa
:020000040102f7
:10d0780038b50546008907f04ffb80b12889ec6870
:10d0880002f0b6fa054660b12378c17c99420ad10c
:10d0980063786288f3f70afa00b9e87438bd0420a7
:0ad0a800fce70320fae70120f8e797
:020000040000fa
:020000040102f7
:10d0b200434d443a5365745478506f7765725265a4
:10d0c200706f7274696e67456e61626c652c48643c
:10d0d2006c3d307825782c4c6f63616c3d25642c57
:0ad0e20052656d6f74653d25640012
:020000040000fa
:020000040102f7
:10d0ec0010b5046894f8641094f8be21034689b90d
:10d0fc0091070bd50f211846ecf71cfd08b9002041
:10d10c0010bd112384f8ac310120f9e70121eaf7b5
:0ad11c00bafbf3e79207f2d5ece747
:020000040000fa
:020000040102f7
:10d1260038b5142104460568f6f70ff908b9012049
:10d1360038bd95f8ae31002bf9d12046ebf7a3fcac
:10d1460005462046fff7e9f80028f1d0002deed07d
:0ad15600204600f082fc2846eae7bc
:020000040000fa
:020000040102f7
:10d1600041b190f86730212b0ed006d8123b5842bf
:10d170005841704790f86630f5e7222b0bd0232bef
:10d180000cbf02200020704790f86830002b0cbfc5
:0ad1900002200320704703207047bf
:020000040000fa
:020000040102f7
:10d19a0070b506680c200d4607f0d1fa044650b166
:10d1aa004db1284607f0cbfa0546a06028b92046bb
:10d1ba0007f0c7fa2c46204670bd00232360d6f834
:0ad1ca00f0321c60c6f8f042f5e7f1
:020000040000fa
:020000040102f7
:10d1d40037b50546012007f06bfa044698b100f113
:10d1e40010031e2101a8019307f0a4f82846224643
:10d1f400012105f0f1f8054610b1204607f092fa36
:0ad20400284603b030bd0225fae70a
:020000040000fa
:020000040102f7
:02d20e00001806
:020000040000fa
:020000040102f7
:10d210003a2815d81f2807d92038c0b2094b23fa5d
:10d2200000f000f0010070470a2804d90d2814bf4f
:10d23000002001207047082894bf0020012070477b
:08d240000020704701300004da
:020000040000fa
:020000040102f7
:10d24800b8b110b501460b4b1b68043b002400bf66
:10d2580053f8042f8a4203d00134082cf8d110bdaa
:10d26800084607f0bdf9034b1b68002243f8242049
:08d27800f5e77047a0c000209b
:020000040000fa
:020000040102f7
:10d2800010b40c4b1c68211f002302e00133082b53
:10d290000bd051f8042f002af8d0b2f808c084450a
:10d2a000f4d1937254f8230000e000205df8044ba1
:08d2b000704700bfa4c000207c
:020000040000fa
:020000040102f7
:10d2b800f8b50c4e33680746db6b0c200d469847d3
:10d2c800044668b145810772014641f2031002f035
:10d2d800cbfd336825881b6c204698472846f8bd47
:08d2e8000225fbe754c1002000
:020000040000fa
:020000040102f7
:10d2f000f8b50c4e33680746db6b0c200d4698479b
:10d30000044668b18572078101464ff4b05002f0bf
:10d31000affd336825881b6c204698472846f8bd2a
:08d320000225fbe754c10020c7
:020000040000fa
:020000040102f7
:10d32800f8b50c4e33680746db6b10200d4698475e
:10d33800044668b1c5600781014641f2016002f008
:10d3480093fd336825881b6c204698472846f8bd0e
:08d358000225fbe754c100208f
:020000040000fa
:020000040102f7
:10d36000f8b50c4e33680746db6b10200d46984726
:10d37000044668b1c5600781014641f2036002f0ce
:10d3800077fd336825881b6c204698472846f8bdf2
:08d390000225fbe754c1002057
:020000040000fa
:020000040102f7
:10d39800f8b50c4e33680746db6b0c200d469847f2
:10d3a800044668b185720781014641f2046002f0c3
:10d3b8005bfd336825881b6c204698472846f8bdd6
:08d3c8000225fbe754c100201f
:020000040000fa
:020000040102f7
:10d3d000f8b50c4e33680746db6b10200d469847b6
:10d3e000044668b1c5600781014641f6010002f0bc
:10d3f0003ffd336825881b6c204698472846f8bdba
:08d400000225fbe754c10020e6
:020000040000fa
:020000040102f7
:10d40800f8b50c4e33680746db6b10200d4698477d
:10d41800044668b1c5600772014641f2040002f093
:10d4280023fd336825881b6c204698472846f8bd9d
:08d438000225fbe754c10020ae
:020000040000fa
:020000040102f7
:10d44000f8b50c4e33680746db6b10200d46984745
:10d45000044668b1c5600772014641f2090002f056
:10d4600007fd336825881b6c204698472846f8bd81
:08d470000225fbe754c1002076
:020000040000fa
:020000040102f7
:10d47800f8b50c4e33680746db6b10200d4698470d
:10d48800044668b1c5600772014641f20a0002f01d
:10d49800ebfc336825881b6c204698472846f8bd66
:08d4a8000225fbe754c100203e
:020000040000fa
:020000040102f7
:10d4b0001912030131a20201af46030131460301f3
:10d4c00019460301a3460301fd7502016de5010143
:10d4d0005d1c020109450301ff44030121460301cc
:08d4e00015470301534003014d
:020000040000fa
:020000040102f7
:10d4e800f8b50c4e33680746db6b0c200d469847a1
:10d4f800044668b145810781014642f2010002f005
:10d50800b3fc336825881b6c204698472846f8bd2d
:08d518000225fbe754c10020cd
:020000040000fa
:020000040102f7
:10d520000278042a14d80b4b19680a701a6881789b
:10d530005171417851701b68c2789a710279da7121
:10d54000c07830b15a7842f008025a700020704713
:08d5500003207047fcc100201c
:020000040000fa
:020000040102f7
:10d5580007b50a4806f08cfe094b0a4a1a604ff0d4
:10d56800ff3300936846cdf803303f238df807302a
:10d5780007f0def803b05df804fb00bf5542030175
:08d5880034c100202d4703010e
:020000040000fa
:020000040102f7
:10d59000f8b50c4e33680746db6b10200d469847f4
:10d5a000044668b1c5600781014644f2051002f0e7
:10d5b0005ffc336825881b6c204698472846f8bdd9
:08d5c0000225fbe754c1002025
:020000040000fa
:020000040102f7
:10d5c800f8b50c4e33680746db6b10200d469847bc
:10d5d800044668b1c5600781014644f2011002f0b3
:10d5e80043fc336825881b6c204698472846f8bdbd
:08d5f8000225fbe754c10020ed
:020000040000fa
:020000040102f7
:10d60000f8b50c4e33680746db6b10200d46984783
:10d61000044668b1c5600781014644f2010002f08a
:10d6200027fc336825881b6c204698472846f8bda0
:08d630000225fbe754c10020b4
:020000040000fa
:020000040102f7
:10d6380013b5c388032b044614d1837a0c2b03d06b
:10d6480003f0fd03082b0dd123680df1070059687d
:10d6580004f0befb30b923689df807209b681a8048
:08d6680002b010bd8020fbe7b9
:020000040000fa
:020000040102f7
:10d67000f8b50c4e33680746db6b10200d46984713
:10d68000044668b1c5600781014644f2060002f015
:10d69000effb336825881b6c204698472846f8bd69
:08d6a0000225fbe754c1002044
:020000040000fa
:020000040102f7
:10d6a800f8b50c4e33680746db6b10200d469847db
:10d6b800044668b1c5600781014644f2080002f0db
:10d6c800d3fb336825881b6c204698472846f8bd4d
:08d6d8000225fbe754c100200c
:020000040000fa
:020000040102f7
:10d6e0001fb50446ebf7b4fb0df10f038df80f00e7
:10d6f000cde900430122202342f2060140f201104d
:10d7000002f0ccfb9df80f20024b33f8120004b05e
:08d7100010bd00bfa62e0201ae
:020000040000fa
:020000040102f7
:10d718001fb50446e9f73cfa0df10f038df80f0029
:10d72800cde9004301220e2342f2130140f2011019
:10d7380002f0b0fb9df80f20024b33f8120004b042
:08d7480010bd00bfa62e020176
:020000040000fa
:020000040102f7
:10d750001fb50446e4f7d4fc0df10f038df80f005c
:10d76000cde900430122082342f2320140f20110c8
:10d7700002f094fb9df80f20024b33f8120004b026
:08d7800010bd00bfa62e02013e
:020000040000fa
:020000040102f7
:10d788001fb50446e5f7a6fd0df10f038df80f0050
:10d79800cde9004301221a2342f20d0140f20110a3
:10d7a80002f078fb9df80f20024b33f8120004b00a
:08d7b80010bd00bfa62e020106
:020000040000fa
:020000040102f7
:10d7c0001fb5f8f70dfc0df10f03019300238df841
:10d7d0000f000093012242f20e0140f2011002f00c
:10d7e0005dfb9df80f20034b33f8120005b05df888
:08d7f00004fb00bfa62e02019c
:020000040000fa
:020000040102f7
:10d7f8001fb50446f6f77cf90df10f038df80f00fd
:10d80800cde900430122052342f2140140f2011040
:10d8180002f040fb9df80f20024b33f8120004b0d1
:08d8280010bd00bfa62e020195
:020000040000fa
:020000040102f7
:10d830001fb50446f7f760fc0df10f038df80f00dc
:10d84000cde900430122062342f2050140f2011016
:10d8500002f024fb9df80f20024b33f8120004b0b5
:08d8600010bd00bfa62e02015d
:020000040000fa
:020000040102f7
:10d868001fb5fef7f5f80df10f03019300238df8ae
:10d878000f000093012242f2100140f2011002f061
:10d8880009fb9df80f20034b33f8120005b05df833
:08d8980004fb00bfa62e0201f3
:020000040000fa
:020000040102f7
:10d8a0001fb5fef7fdfc0df10f03019300238df86a
:10d8b0000f000093012242f2290140f2011002f010
:10d8c000edfa9df80f20034b33f8120005b05df818
:08d8d00004fb00bfa62e0201bb
:020000040000fa
:020000040102f7
:10d8d8001fb5f4f72dff0df10f03019300238df809
:10d8e8000f000093012242f2250140f2011002f0dc
:10d8f800d1fa9df80f20034b33f8120005b05df8fc
:08d9080004fb00bfa62e020182
:020000040000fa
:020000040102f7
:10d910001fb50446f3f726fb0df10f038df80f003a
:10d92000cde9004301220a2342f20b0140f201102b
:10d9300002f0b4fa9df80f20024b33f8120004b045
:08d9400010bd00bfa62e02017c
:020000040000fa
:020000040102f7
:10d9480013b50c46087000212046fef705fd084a6d
:10d9580094f9003053700193064b0093022201237f
:10d968002e21ec20ecf7b6fa002002b010bd00bf63
:08d9780080be0020fc18030131
:020000040000fa
:020000040102f7
:10d9800013b50c46087000212046fef7e9fc084a52
:10d9900094f9003013700193064b00930222012387
:10d9a0002f21ec20ecf79afa002002b010bd00bf46
:08d9b00080be0020ee19030106
:020000040000fa
:020000040102f7
:10d9b8000b4a30b500230a2404fb03f18d5a854233
:10d9c80008d14ff470635352064a1378013b137021
:10d9d800002030bd0133082beed10220f9e700bf4b
:08d9e800c8ba0020c6c20020ed
:020000040000fa
:020000040102f7
:10d9f00070b50c4e0024304605f00df8014638b1e4
:10da0000037a5b07a0f1040504d4064804f0f6ff8e
:10da1000204670bd284605f018f8284606f096fe08
:08da20000124e8e734c00020f6
:020000040000fa
:020000040102f7
:10da280000b593b0036841f2050203f2d311adf8d3
:10da380000201a88adf804200a68cdf80620b3f84b
:10da4800dc314a68cdf80a206846adf80e3000f09f
:08da58007ffe13b05df804fb32
:020000040000fa
:020000040102f7
:10da600000b503681a6e93b042f400121a6641f2d0
:10da70000702adf800201a88adf804206846d3f8f4
:10da80009e21d3f8a231cdf80620cdf80a3000f05f
:08da900063fe13b05df804fb16
:020000040000fa
:020000040102f7
:10da980008b50b4b186005f06ffe002001f0d8fdab
:10daa800012001f0d5fde1f7b3fcecf785fa03f0ae
:10dab800a7fd044b00221a60bde8084004f0b2be7e
:08dac800e8c1002008c20020a3
:020000040000fa
:020000040102f7
:10dad0000c4b1b68d3f8982282b9d3f89c0268b922
:10dae00093f894226ab993f8950248b9d3f8a4221e
:10daf0003ab993f8280380f001007047002070477e
:08db000010467047ecc1002043
:020000040000fa
:020000040102f7
:10db0800a91a010115f60001f3a50101c545020195
:10db1800310103013704030101e002010d0403018f
:10db2800f5e70201e30303010d8d020101eb010199
:08db38003de8010169bb020197
:020000040000fa
:020000040102f7
:10db400010b5047a4ff4827006f0fefd20b10d226c
:10db50000270042102f092ff064b04341b6853f854
:10db600024302bb113211888bde81040fff7c0bb4b
:08db700010bd00bf00c200203f
:020000040000fa
:020000040102f7
:10db78000c4bd3f8002c60f31742c3f8002cd3f8f1
:10db8800002c61f30f02c3f8002cd3f8042c42f4e4
:10db98008012c3f8042c00bfd3f8042cd202fbd4a3
:08dba800704700bf0024014199
:020000040000fa
:020000040102f7
:10dbb0000c4b03f5d3521320d16860f31f61d16081
:10dbc000d168192003f5835360f31741d1609a6837
:10dbd000072161f31f729a609a68032161f31b6247
:08dbe0009a6070470024014126
:020000040000fa
:020000040102f7
:10dbe80008b5036893f862218ab193f87320042a70
:10dbf80008d8012a04d1d3f844315b78252b01d900
:10dc0800f4f7faff034a138843f0800313800020d7
:08dc180008bd00bf98c2002006
:020000040000fa
:020000040102f7
:10dc200003780133dbb20370abb943780133dbb265
:10dc3000437083b983780133dbb283705bb9c378f7
:10dc40000133dbb2c37033b902797f2a01d103718a
:08dc50007047013202717047b8
:020000040000fa
:020000040102f7
:10dc580010b5c37d0146b3b1d0f8a0309bb190f8a0
:10dc68002a201c8922441a8105f0c2fed1f8a0306e
:10dc780018895a89904206d1c1f8a4300846bde8ef
:08dc8800104006f03dba10bd8a
:020000040000fa
:020000040102f7
:10dc900030b50c4b03f5825285b2946865f31f448e
:10dca000946003f5825203f58253d46865f31f44f0
:10dcb000d46001391a69084480b260f31f421a61c6
:08dcc00030bd00bf002401414a
:020000040000fa
:020000040102f7
:10dcc8000c4bd3f8282142f00802c3f82821d3f8d6
:10dcd800282142f00402c3f82821d3f8282142f071
:10dce8000202c3f82821d3f8282142f00102c3f820
:08dcf8002821704700240141be
:020000040000fa
:020000040102f7
:10dd00000c4b03f5d3521220d16860f31f61d16030
:10dd1000d168192003f5835360f31741d1609a68e5
:10dd2000072161f31f729a609a68032161f31b62f5
:08dd30009a60704700240141d4
:020000040000fa
:020000040102f7
:10dd380010b5c4880a4b220a53f8223023b100f1e7
:10dd48000c028168e0b29847064b1a68116809b15d
:10dd5800002111601b685a680ab100225a6010bd80
:08dd6800e0bc0020f0c1002026
:020000040000fa
:020000040102f7
:10dd70000c4b03f5d3521220d16860f31f61d160c0
:10dd8000d168192003f5835360f31741d1609a6875
:10dd9000072161f31f729a609a68032161f31b6285
:08dda0009a6070470024014164
:020000040000fa
:020000040102f7
:10dda80030b50c4a0146002012f810301bb902ebbe
:10ddb8004002507830bd0c6825789d4209bf02ebbf
:10ddc8004003431c5878013414bfd8b20c600a28a9
:08ddd800ead9efe76432030110
:020000040000fa
:020000040102f7
:10dde0004ff4001c1ceb410f98bf1ceb430f11d8e4
:10ddf00051ea030c50ea4c0c5cea020c0ad004d243
:10de000082428b418041404270479042994180411b
:08de10004042704700207047fa
:020000040000fa
:020000040102f7
:10de18004ff4001c1ceb410f98bf1ceb430f11d8ab
:10de280051ea030c50ea4c0c5cea020c0ad004d20a
:10de38009042994180414042704782428b418041e3
:08de48004042704700207047c2
:020000040000fa
:020000040102f7
:10de500010b50c4600f040f968b1827944ea02013d
:10de6000817111f0010f07d1027842f010020270a7
:10de700011f0020f03d110bdf9f7e2fffbe701211a
:06de8000f9f738f8f7e79e
:020000040000fa
:020000040102f7
:10de860070b50446008906f048fc80b12089658992
:10de9600a68901f0aefb60b1f22280f844208587a6
:10dea600c68732462946bde87040f7f73ab80420df
:06deb60070bd0320fce733
:020000040000fa
:020000040102f7
:10debc0038b50e2104460568f5f744fa88b195f893
:10decc00ae317bb995f864302bb920460921bde8f9
:10dedc003840f2f763b920460e21bde8384003f014
:06deec00d5bd012038bd88
:020000040000fa
:020000040102f7
:10def2000e2912d005d804290bd005290bd00020f9
:10df0200704717290bd019290bd01029f7d106f029
:10df1200d9bbfef7e4b9f9f7d2bbfff7cebf04f0e5
:06df220011bafcf72ebf4e
:020000040000fa
:020000040102f7
:10df280010b5046894f8c8319b070cd1f8f78af843
:10df380008b9002010bd40f22113a4f8ac31012328
:10df480084f8a831f6e70a2104f017fa0028f0d07f
:06df580040f22243f1e754
:020000040000fa
:020000040102f7
:10df5e0038b50468054603f0bafd04f52970ebf7f1
:10df6e0074fd94f8c83123f0030384f8c8310023fc
:10df7e0084f8ac3184f8ae3184f8b0312846bde86f
:06df8e00384002f076b8f5
:020000040000fa
:020000040102f7
:10df9400f8b50f46016891f8f44215461e465cb97f
:10dfa4001146fff7f8f860b107712a4631468068d8
:10dfb40004f0feff2046f8bd022381f8f432002469
:06dfc400f8e70724f6e770
:020000040000fa
:020000040102f7
:10dfca001fb5c36a8df8071004463bb106f073f912
:10dfda0030b1e36a206a0df10701984704b010bd19
:10dfea009df807300393082202ab114602200294df
:06dffa00f8f715fff2e745
:020000040000fa
:020000040102f7
:10e0000013b590f8573004469bb1826d0191137897
:10e0100043f002031370806d022201a900f59e7087
:10e0200005f0befaa06d082201a900f59f7005f069
:06e03000b7fa02b010bdba
:020000040000fa
:020000040102f7
:10e0360010b50446fff745fef3f763fcf2f739fd2a
:10e0460003f093fbeef785fa02f009f9f6f705fe01
:10e05600ebf763f8fef701fffff74ffe2046bde83a
:06e066001040f4f76eb853
:020000040000fa
:020000040102f7
:10e06c00c0b208b50b461146032806d8dfe800f00d
:10e07c0002070b0f1846fcf70ffb002008bd1846d3
:10e08c00fdf772f8f9e71846fbf7b2faf5e7184610
:06e09c00e3f7c2f9f1e711
:020000040000fa
:020000040102f7
:02e0a20002007a
:020000040000fa
:020000040102f7
:10e0a40010b40b4b1c680023a11c02e00133082ba5
:10e0b4000ad011f82320012af8d134f8232082420f
:10e0c400f4d104eb830000e000205df8044b7047ba
:04e0d40098c00020d0
:020000040000fa
:020000040102f7
:10e0d8000a4b002203e001329433082a0bd093f84c
:10e0e80090100129f7d119888142f4d1942304486a
:10e0f80003fb020070470020704700bfcea4002039
:04e10800cca4002083
:020000040000fa
:020000040102f7
:10e10c000a4b002203e001329433082a0bd0197811
:10e11c000129f8d1b3f801108142f4d194230448b9
:10e12c0003fb020070470020704700bf6da9002060
:04e13c006ca90020aa
:020000040000fa
:020000040102f7
:10e1400038b570b90a4805f009f968b1084d55f8b5
:10e15000083b1b6998470446284604f01bfd2046ef
:10e1600038bd4ff0ff34fae74ff0ff34f7e700bf58
:04e1700090bf00203c
:020000040000fa
:020000040102f7
:10e1740038b570b90a4805f0eff868b1084d55f89c
:10e18400083b5b6998470446284604f001fd204695
:10e1940038bd4ff0ff34fae74ff0ff34f7e700bf24
:04e1a40090bf002008
:020000040000fa
:020000040102f7
:10e1a80038b570b90a4805f0d5f868b1084d55f882
:10e1b800083b9b6898470446284604f0e7fc20463d
:10e1c80038bd4ff0ff34fae74ff0ff34f7e700bff0
:04e1d80090bf0020d4
:020000040000fa
:020000040102f7
:10e1dc0038b570b90a4805f0bbf868b1084d55f868
:10e1ec00083b5b6898470446284604f0cdfc204663
:10e1fc0038bd4ff0ff34fae74ff0ff34f7e700bfbc
:04e20c0090bf00209f
:020000040000fa
:020000040102f7
:10e210000b4b03f1a80c02e01c3363450ed0da79f6
:10e22000002af9d01a888242f6d100221a605a6078
:10e230009a60da601a615a619a61ede7704700bf2f
:04e24000e8b600201c
:020000040000fa
:020000040102f7
:10e2440070b50b4e33680546db6b0c2098470446cb
:10e2540060b1856001464ff4885001f007fe3368d1
:10e2640025881b6c20469847284670bd0225fbe78d
:04e2740054c1002071
:020000040000fa
:020000040102f7
:10e2780070b50b4e33680546db6b0c209847044697
:10e2880060b18560014641f2011001f0edfd33688f
:10e2980025881b6c20469847284670bd0225fbe759
:04e2a80054c100203d
:020000040000fa
:020000040102f7
:10e2ac0070b50b4e33680546db6b0c209847044663
:10e2bc0060b18560014641f2021001f0d3fd336874
:10e2cc0025881b6c20469847284670bd0225fbe725
:04e2dc0054c1002009
:020000040000fa
:020000040102f7
:10e2e00038b580b10a4d2a68002402f5087300bfd2
:10e2f00053f82420824207d106f028fa88342b688c
:10e30000002243f8242038bd0134082cf0d1fae76c
:04e3100028c1002000
:020000040000fa
:020000040102f7
:10e3140070b50b4e33680546db6b0c2098470446fa
:10e3240060b1856001464ff4b85001f09ffd336839
:10e3340025881b6c20469847284670bd0225fbe7bc
:04e3440054c10020a0
:020000040000fa
:020000040102f7
:10e3480070b50b4e33680546db6b0c2098470446c6
:10e3580060b1058101464ff4c05001f085fd336876
:10e3680025881b6c20469847284670bd0225fbe788
:04e3780054c100206c
:020000040000fa
:020000040102f7
:10e37c0070b5c3880a4e022b054604d133681b784e
:10e38c000bb1f0f7bfff0024336803eb840328467e
:10e39c00d3f8fc3101349847092cf5d170bd00bf7e
:04e3ac0028c1002064
:020000040000fa
:020000040102f7
:10e3b00070b50b4e33680546db6b0c20984704465e
:10e3c00060b1856001464ff4805001f051fd336823
:10e3d00025881b6c20469847284670bd0225fbe720
:04e3e00054c1002004
:020000040000fa
:020000040102f7
:10e3e40070b50b4e33680546db6b0c20984704462a
:10e3f40060b18560014641f2020001f037fd3368e7
:10e4040025881b6c20469847284670bd0225fbe7eb
:04e4140054c10020cf
:020000040000fa
:020000040102f7
:10e4180070b50b4e33680546db6b0c2098470446f5
:10e4280060b1856001464ff4905001f01dfd3368de
:10e4380025881b6c20469847284670bd0225fbe7b7
:04e4480054c100209b
:020000040000fa
:020000040102f7
:10e44c0070b50b4e33680546db6b0c2098470446c1
:10e45c0060b10581014643f2040001f003fd33680d
:10e46c0025881b6c20469847284670bd0225fbe783
:04e47c0054c1002067
:020000040000fa
:020000040102f7
:10e4800070b50b4e33680546db6b0c20984704468d
:10e4900060b10581014643f2060001f0e9fc3368f2
:10e4a00025881b6c20469847284670bd0225fbe74f
:04e4b00054c1002033
:020000040000fa
:020000040102f7
:10e4b40000000000115f01011d250301b34e02019c
:10e4c400d964020171000201b557020193220301cc
:10e4d4007522030179390201b1c7010141650201c5
:04e4e400b12203015d
:020000040000fa
:020000040102f7
:10e4e8001fb504460146e27911f8010bf4f724fe42
:10e4f8000df10f038df80f00cde900430122082329
:10e5080042f24e0140f2011001f0c4fc9df80f00e8
:04e5180004b010bd7e
:020000040000fa
:020000040102f7
:10e51c0098b10a4a50f8043c126813420dd050f8d6
:10e52c00081c51b9064923ea02030a6840f8043c66
:10e53c00134408380b60fbf7a5bf704758c1002087
:04e54c005cc100208e
:020000040000fa
:020000040102f7
:10e5500038b5044690b10379c3f3801504f032f85e
:10e56000074b1b68002203ebc503226059680c604f
:10e570005c602271bde8384002f0f0be38bd00bfdb
:04e580006cc100204a
:020000040000fa
:020000040102f7
:10e5840008b568b1084b1b68984740b1074b012296
:10e594001a70074b1b78002b0cbf1046022008bdd5
:10e5a400024b1870fbe700bf78c10020bec20020f8
:04e5b400bdc20020c4
:020000040000fa
:020000040102f7
:10e5b80013b50a4b01900446009302220123282137
:10e5c800ec20ebf787fc064b1b680021a3f8004101
:10e5d8000320f4f76ffd002002b010bd20380301be
:04e5e80094c10020ba
:020000040000fa
:020000040102f7
:10e5ec0010b50b4c2368d3f85431984770b9236895
:10e5fc00d3f85831984748b92368d3f85c31984719
:10e60c0020b92368d3f86031984700b10c2010bdb5
:04e61c0094c1002085
:020000040000fa
:020000040102f7
:10e6200000b50a4b1b685b7d93b063b18423adf8e2
:10e630000030074b19682822133101a804f0bafcf6
:10e64000684600f089f813b05df804fb90c1002023
:04e6500094c1002051
:020000040000fa
:020000040102f7
:10e654000b4b1a6832b192f8c010012902d1107c18
:10e6640001280bd0586848b190f8c030012b04d170
:10e67400007c431e5842584170470020704700bf39
:04e684003cc0002076
:020000040000fa
:020000040102f7
:10e6880013b50a4b0c780093022201234721ec2092
:10e69800ebf720fc064b0093022301941a4648210d
:10e6a800ec20ebf717fc002002b010bd642e03012c
:04e6b8006e2e0301be
:020000040000fa
:020000040102f7
:10e6bc00434d443a536574506174684c6f73735294
:10e6cc0065706f7274696e67456e61626c652c481b
:10e6dc00646c3d3078253034782c456e61626c6505
:04e6ec003d25640064
:020000040000fa
:020000040102f7
:10e6f000032911d004d859b101290bd0002070474b
:10e700000a290bd018290bd00829f7d104f052bde3
:10e71000eef78ebff7f772bdfaf774bafef774ba68
:04e72000e9f732b82b
:020000040000fa
:020000040102f7
:10e724000368084650f8012fc3f8d3214268c3f8a0
:10e73400d721b1f80920a3f8dc21084650f80b2fa3
:10e74400c3f8de214268c3f8e221d1f81320c3f8ec
:04e75400ee217047fb
:020000040000fa
:020000040102f7
:10e7580013b503880193094b009304460123022251
:10e768005f21ec20ebf7b6fb054b1b6823b1204675
:10e7780002b0bde81040184702b010bdc240030106
:04e78800c8c10020e4
:020000040000fa
:020000040102f7
:10e78c0010b5046e601a10f4800f0fd14c4008497c
:10e79c000c420bd003eb9203084040f27122504321
:10e7ac00b3eb500f2cbf0120002010bd0120fce763
:04e7bc00ffff7f00dc
:020000040000fa
:020000040102f7
:10e7c00008b5c38800f10801d8b213f47f4309d01b
:10e7d000b3f5807f09d0064b1968fff779f981f806
:10e7e000340308bdeff75af9f5e7f6f70df9f2e74c
:04e7f000ecc1002058
:020000040000fa
:020000040102f7
:10e7f40013b590f85730044693b1826d01911378a4
:10e8040043f008031370806d01a900f5ac7005f0a6
:10e8140033fca06d062201a900f2591004f0befedb
:04e8240002b010bd71
:020000040000fa
:020000040102f7
:10e8280010b5f4f761f9044660b9074a1378590737
:10e8380008d443f004030548137005f02dfe04487e
:10e8480005f03cfe204610bd68be00205dd50001e5
:04e85800ef55020175
:020000040000fa
:020000040102f7
:10e85c0012280b4b11d003d8112807d00a3106e02f
:10e86c0021380228fad801f5d37100e04c311a880e
:10e87c0061f30e021a80002070473731f7e700bfb2
:04e88c006c380141a2
:020000040000fa
:020000040102f7
:10e890001fb50b7b8df80c30022b08bf016802906e
:10e8a00002bf0b6e43f480030b660120009202aba3
:10e8b00008220349faf7d9fa05b05df804fb00bf56
:04e8c000000601014c
:020000040000fa
:020000040102f7
:10e8c40010b5044605f04cfa0369fe2b81bf002302
:10e8d4006376036882689abf012363769b18044aaf
:10e8e40098bf436911689bb263f30f01116010bdb7
:04e8f4004c3401415e
:020000040000fa
:020000040102f7
:10e8f80038b504680546fdf789f8236e23f08003d0
:10e9080043f48043236601f061ff236e5a0608d45e
:10e91800227d0ab99b0004d52846bde83840dcf7bb
:04e9280075ba38bdc7
:020000040000fa
:020000040102f7
:10e92c00074b084910b500241c60074b1c60074bb3
:10e93c001c60074b02201c6005f0c4fd204610bd76
:10e94c0030c200201dbf02012cc2002034c20020a6
:04e95c0028c20020ad
:020000040000fa
:020000040102f7
:10e9600010b5f4f7c5f8044660b9074a137899075b
:10e9700008d443f002030548137005f097fd0448de
:10e9800005f082fd204610bd68be002009da0001b6
:04e99000ef5502013c
:020000040000fa
:020000040102f7
:10e9940008b5c37b032b11d8dfe803f00207020795
:10e9a4000020bde80840eef7b1b9054b186818b966
:10e9b400edf776f90120f4e7d720f9e708bd00bfa9
:04e9c40008c2002065
:020000040000fa
:020000040102f7
:10e9c80038b50546f3f702fc044678b12846f1f756
:10e9d800adfa07498a780c2303fb02121379013b2d
:10e9e800dbb2137113b901220a701c46204638bde8
:04e9f80004ba00203d
:020000040000fa
:020000040102f7
:10e9fc0010b5c4b2012c0b460ad01cb1022c0bd0a2
:10ea0c00002403e01146184602f0d0fe204610bd4b
:10ea1c00034804f0d3fdf3e7f0f7c4f80446f5e738
:04ea2c0067c000209f
:020000040000fa
:020000040102f7
:10ea300038b50a480a4d016821b9436813b905f091
:10ea4000c1fe38bd0389426855f8233000f10c043b
:10ea50002046984704eb8000ede700bf2841000105
:04ea6000e437030193
:020000040000fa
:020000040102f7
:10ea6400c0f3c75191b142004fea40704fead2015e
:10ea74004fea310101f16051b2f17f4f38bf704765
:10ea840001f1605118bf41f40021704710f00041ba
:04ea940000207047a7
:020000040000fa
:020000040102f7
:10ea980010b550b94ff0e0234ff08052c3f8042d61
:10eaa800bff34f8fbff36f8f10bd044605f026f8f4
:10eab80000212046ecf776f9e4f7e0f90028f3d1d5
:02eac800e8e77d
:020000040000fa
:020000040102f7
:10eaca0030b40d68b5f1ff3f11d000f108031c46c0
:10eada005b681a68aa42fad963684b6099608c60cd
:10eaea006160086103680133036030bc70470469e0
:02eafa00f2e741
:020000040000fa
:020000040102f7
:10eafc00f7b506460c461f4601a802f10c03154655
:10eb0c000193043405f018fcbdf8201001a805f0a1
:10eb1c0013fc2b46a2b239463046f8f777fb03b00c
:02eb2c00f0bd3a
:020000040000fa
:020000040102f7
:10eb2e0038b50d46144601f012fb80b180f85250f4
:10eb3e002378c3f3000380f854302378c3f34003e3
:10eb4e0080f85530012380f85630002038bd032060
:02eb5e00fce7d2
:020000040000fa
:020000040102f7
:10eb600038b590f846308b42044610d1002580f825
:10eb700046504ff4827005f0e7fd38b11322027061
:10eb800022888280042101f079ff284638bd0120c7
:02eb9000fce7a0
:020000040000fa
:020000040102f7
:10eb9200022806d0032807d0012810d10a32d0005b
:10eba20070470b329000704701294feac2020cbf36
:10ebb200022008202b32424302f5bc70704700202d
:02ebc20070479a
:020000040000fa
:020000040102f7
:10ebc40000b593b00c220368adf8002000228df844
:10ebd40004201a88adf80620684693f86222d3f818
:10ebe4005e3202938df80c20fff7b4fd13b05df88c
:02ebf40004fb20
:020000040000fa
:020000040102f7
:10ebf600434d443a52656d7465436f6e6e50617253
:10ec0600615265714e65675265706c792c48646c0b
:10ec16003d3078253034782c726561736f6e3d25f2
:02ec2600640088
:020000040000fa
:020000040102f7
:10ec2800434d443a57726974654175746850617907
:10ec38006c6f616454696d656f75742c48646c3dc4
:10ec48003078253034782c74696d656f75743d257e
:02ec5800640056
:020000040000fa
:020000040102f7
:10ec5a0070b5154604460e4600f02cf82978204671
:10ec6a00f7f725fa2a4631462046f4f72afb012807
:10ec7a0005d129782046bde87040fcf72cbf012059
:02ec8a0070bd5b
:020000040000fa
:020000040102f7
:10ec8c0090f86822042a04d80123934013f0170f3c
:10ec9c0002d1002380f8683290f86922042a04d843
:10ecac000123934013f0170f02d1002380f869322f
:02ecbc0070479f
:020000040000fa
:020000040102f7
:10ecbe0038b5046894f8c831db0711d5b4f8a01242
:10ecce0042f21075694304f52f70e7f73efeb4f873
:10ecde00a21204f535706943bde83840e7f735be3a
:02ecee0038bd2f
:020000040000fa
:020000040102f7
:10ecf00038b5800085b203f08ff9044600bf00bf2d
:10ed000000bf0821a94200d338bd03f085f9844231
:10ed100088bf01f2e241091b10fa81f189b2044671
:02ed2000f0e71a
:020000040000fa
:020000040102f7
:10ed22004ff4001c1ceb410f98bf1ceb430f0cd897
:10ed320050ea410c08bf52ea430c08d0904208bf87
:10ed420099420cbf0120002070470020704701202b
:02ed5200704708
:020000040000fa
:020000040102f7
:10ed540051554555452c52656d6f766520656d702e
:10ed64007479206c6973740051554555452c52656e
:10ed74006d6f766520656c6d20696e76616c696473
:01ed8400008e
:020000040000fa
:020000040102f7
:10ed8500434d443a52656164417574685061796ccc
:10ed95006f616454696d656f75742c48646c3d30a2
:10eda50078253034782c74696d656f75743d2564ec
:01edb500005d
:020000040000fa
:020000040102f7
:10edb600434d443a536574446174614c656e67749f
:10edc600682c48646c3d307825782c74784f6374d1
:10edd6006574733d25642c747854696d653d2564ae
:01ede600002c
:020000040000fa
:020000040102f7
:10ede80000b1704700b5c3b001210748f4f780fdb2
:10edf80002238df80430002201a9044804f081faa6
:10ee080043b05df804fb00bfb1bf0020b8bf0020cd
:020000040000fa
:020000040102f7
:10ee180008b5094b197861b1084b03eb41114ff064
:10ee2800000cda79824208bf83f813c020338b4282
:10ee3800f7d1fbf73bf908bd9ec2002024b20020a1
:020000040000fa
:020000040102f7
:10ee480010b53c23022201210846fbf707ff08b151
:10ee5800002010bd0124044b1c7005f0c7f9034bba
:10ee680018602046f5e700bfe1c2002090c00020ee
:020000040000fa
:020000040102f7
:10ee780084460a4b1a68131f1c3201e093420ad0d9
:10ee880053f8040f0028f9d0c1780129f6d1018878
:10ee98006145f3d100e00020704700bfa0c000200a
:020000040000fa
:020000040102f7
:10eea80038b5eff3108572b6084c20634ff48043f1
:10eeb80063600f2262601140a160a36002f0baf89b
:10eec8004ff40043a36085f3108838bd0006004462
:020000040000fa
:020000040102f7
:10eed8000a4b002203e001321c33062a0bd0d979f1
:10eee8000029f8d019888142f5d1c2ebc202034843
:10eef80000eb820070470020704700bfe8b6002092
:020000040000fa
:020000040102f7
:10ef08000a4b03f1a80c002002e01c3363450bd028
:10ef1800da79002af9d09a78022af6d1da78022a20
:10ef280004bf0130c0b2f0e7704700bfe8b6002068
:020000040000fa
:020000040102f7
:10ef380008b50a4c0be04ff0e0234ff08052c3f8bd
:10ef4800042dbff34f8fbff36f8f05f041fbfbf725
:10ef580045f92368012beed8f7e700bfa0b90020d8
:020000040000fa
:020000040102f7
:10ef680010b50a4b1a6802f5087102f5107200bf55
:10ef780051f8043b23b1dc7814b11c88844202d0d8
:10ef88009142f5d10023184610bd00bf28c10020ca
:020000040000fa
:020000040102f7
:10ef980070b50a4e33680820db6b9847044658b1b1
:10efa800014641f2017000f05fff336825881b6c51
:10efb80020469847284670bd0225fbe754c100202b
:020000040000fa
:020000040102f7
:10efc80008b50849082004f0e9fdfdf775fc40b9cb
:10efd800054b064a1b68c3f88821bde8084004f0c1
:10efe80059ba08bd1046030128c1002099be020184
:020000040000fa
:020000040102f7
:10eff800202870b504460e460ed8084d28682022f1
:10f008000021013004f0f4fb286822463146013023
:10f0180003f0ccff002070bd0320fce728c10020ce
:020000040000fa
:020000040102f7
:10f0280073b50d460a2104461646fff795fd68b9e3
:10f0380004f15400eaf70cfd01366b1e00969bb2f2
:10f04800b4f8482021880b20fcf7d0fb02b070bd33
:020000040000fa
:020000040102f7
:10f0580073b50d460c2104461646fff77dfd68b9c9
:10f0680004f15400eaf7f4fc01366b1e00969bb2db
:10f07800b4f8482021880d20fcf7b8fb02b070bd19
:020000040000fa
:020000040102f7
:10f0880010b50a4b1b681b680bb918460de09c8924
:10f098008442f8d8dc898442f5d313609a895b6886
:10f0a800801a03eb00100860012010bd3cc100204d
:020000040000fa
:020000040102f7
:10f0b80027450301e70203010579020175380201ba
:10f0c80045fe0201ed88020179d00201212e0201dc
:10f0d800e16602015fc6020161420301000000000f
:020000040000fa
:020000040102f7
:10f0e80070b504464ff482700e4605f029fb70b1e6
:10f0f8000b2202702288828018250022c2800572a5
:10f10800c0f80a204672042101f0b4fce57470bd11
:020000040000fa
:020000040102f7
:10f1180010b50a4b1a68002302f16c01cc7834b19f
:10f128000c88844203d11b3302eb830010bd0133ea
:10f13800082b01f10401f1d10020f7e740c10020bc
:020000040000fa
:020000040102f7
:10f1480038b50a4c23680c2101fb00310546486993
:10f1580008b105f0f7fa0c2005fb000320681844f5
:10f16800002303604360836038bd00bf40c10020b6
:020000040000fa
:020000040102f7
:10f1780038b5094c236825463bb12b68074ac3e9d3
:10f188000022c3e90222012038bd102005f0d8fa78
:10f1980020600028f1d1f7e74cc100204547030162
:020000040000fa
:020000040102f7
:10f1a80038b50379044603f0070503f007fa00238e
:10f1b8002360064b03ebc5035a6814605c6002f0d9
:10f1c800c9f8bde8384003f0d1bd00bf44bf0020f6
:020000040000fa
:020000040102f7
:10f1d80038b50379044603f0070503f0eff9002377
:10f1e8002360064b03ebc5035a6814605c6002f0a9
:10f1f800b1f8bde8384003f0b9bd00bf44bf0020f6
:020000040000fa
:020000040102f7
:10f2080038b9084b1a68184620f8101b01681a808c
:10f218007047012801d1044bf4e70228f8d1034bc9
:10f22800f0e700bf303f0141343f0141383f014121
:020000040000fa
:020000040102f7
:10f2380007b5094b93f90320027093f902300b705c
:10f24800064b0093022201232921ec20eaf742fe13
:10f25800002003b05df804fb80be00209840030145
:020000040000fa
:020000040102f7
:10f26800002330b51a461c46012500bf05fa03f1f4
:10f27800014008d001320133202bf7d194422046b7
:10f2880038bf104630bd944238bf14460a46f2e7ec
:020000040000fa
:020000040102f7
:10f29800434d443a53657452616e64416464722c00
:10f2a800616464723d3078253032782530327825b3
:10f2b800303278253032782530327825303278006f
:020000040000fa
:020000040102f7
:10f2c80010b5044680b1c08802f076f970b1237990
:10f2d800012262f305130022237122602281214654
:10f2e80005f0eaf9104610bd0720fce70220fae70e
:020000040000fa
:020000040102f7
:10f2f80010b5044605f059f90c23b0fbf3f202fbf4
:10f308001300637d054a053060f3040312686375d2
:10f31800127d62f34713637510bd00bf90c10020d2
:020000040000fa
:020000040102f7
:10f3280000b593b003688df8041041f20402adf8fb
:10f3380000201a88adf8062003f5db7302aa1868c6
:10f34800596803c26846fff703fa13b05df804fb77
:020000040000fa
:020000040102f7
:10f3580000b593b0036841f20602adf800201a88a0
:10f36800adf804206846d3f84622d3f84a32cdf8df
:10f378000620cdf80a30fff7ebf913b05df804fb6f
:020000040000fa
:020000040102f7
:10f38800064a074900231360064a1360064a1360b9
:10f39800064a0620136005f03db800bfbcc1002036
:10f3a80071d20101c0c10020b4c10020b8c1002041
:020000040000fa
:020000040102f7
:10f3b80038b50a4b1b6804461d6804f047fc58b969
:10f3c80095f82c30a288012b638814bf00200c20ec
:10f3d8009a4288bf122038bd0c20fce7d4c1002017
:020000040000fa
:020000040102f7
:10f3e80010b54ff4fa7005f0abf9074a106048b150
:10f3f8000024064b4ff4fa7221461c7004f0f8f909
:10f40800204610bd0720fce7d8c10020c7c2002055
:020000040000fa
:020000040102f7
:10f4180053434e3a46444361636865496e697428ac
:10f4280031292c7374617475733d25640053434e00
:10f438003a46444361636865467265652831290028
:020000040000fa
:020000040102f7
:10f4480010b5084b1c78013ce4b21c7044b906485e
:10f45800eaf7fefa054b1a7812b11c7001f07efa31
:10f46800002010bdc8c2002050be0020c9c2002024
:020000040000fa
:020000040102f7
:10f47800017a39b9437f1bb1816cb1fa81f149092d
:10f48800e1f700ba012907d1836c3bb1437f002b18
:10f4980014bf00211121f3e70021f1e71121efe763
:020000040000fa
:020000040102f7
:10f4a80013b5036b04467bb1084b0093022301900c
:10f4b8001a468721ec20eaf70dfd236b206a2146c6
:10f4c80002b0bde81040184702b010bda4360301d1
:020000040000fa
:020000040102f7
:10f4d80013b5436b04467bb1084b0093022301909c
:10f4e8001a468821ec20eaf7f5fc636b206a0021b4
:10f4f80002b0bde81040184702b010bdb83603018d
:020000040000fa
:020000040102f7
:10f50800c37a012b08bfc26b036e08bf9b1a074a58
:10f518001168d1f8382308bfc3f3160312b9c1f82c
:10f52800383302e09a1a5202f9d47047ecc100202d
:020000040000fa
:020000040102f7
:10f5380010b5fcf76bfa094b1b68d3f8804134b15e
:10f54800d4e9001239b14a60d4e900231a6001f005
:10f558003df9204610bdc3f88421f5e7ecc1002031
:020000040000fa
:020000040102f7
:10f568000b6a1b79042b08d1084b1a6892f82733c9
:10f5780040b9013382f8273303e013b90b7a002b23
:10f58800f2d07047002bfcd0013bf3e7ecc1002020
:020000040000fa
:020000040102f7
:10f598000a4b1b68d3f89c2142b1d3f8a02122b1b1
:10f5a800d3f8a42142b104207047012203eb82035f
:10f5b800c3f89c01002070470222f7e728c1002009
:020000040000fa
:020000040102f7
:10f5c8000a4b1a68d2f8a83143b1d2f8ac3123b14a
:10f5d800d2f8b0313bb10420704701236a3342f8b6
:10f5e8002300002070470223f8e700bf28c100204d
:020000040000fa
:020000040102f7
:10f5f80010b50a4b1a6802f11001303251f8043b79
:10f6080033b193f88540012c02d11c88844202d082
:10f618009142f3d10023184610bd00bf00c200205c
:020000040000fa
:020000040102f7
:10f6280008b5084a0421012003f088fb0648fff7c3
:10f63800afff0649042002f0fbfbfdf75bf9002051
:10f6480008bd00bf41db0201c5eb0001c195010106
:020000040000fa
:020000040102f7
:10f6580048b9094b1a6842f004021a601a68d105c1
:10f66800fcd501207047054b1a8842f004021a8025
:10f678001a68d205fcd5f4e7203a0141283a01413d
:020000040000fa
:020000040102f7
:10f688000a4bd3f8002c60f31742c3f8002cd3f8c8
:10f69800042c42f48022c3f8042c00bfd3f8042cb5
:10f6a8005203fbd4d3f8280c80b2704700240141e0
:020000040000fa
:020000040102f7
:10f6b8000a4b1a68012002f00f0200fa02f24ef219
:10f6c8001c01114049b103f5e6731a8842f0100293
:10f6d8001a801a8802431a80002070475c3801415a
:020000040000fa
:020000040102f7
:10f6e80010b5028f1144018703460521002040f21e
:10f6f800e1441a8fa24208d9a2f2e2421a87da6bd1
:10f70800013222f07042da6301300139f1d110bdc3
:020000040000fa
:020000040102f7
:10f71800d0e92023b2ebd30f0ed3b2eb930f0dd366
:10f72800b2eb530f2cbf002002209b1a032b28bfdb
:10f7380001200630c0b270470420f6e70320f4e742
:020000040000fa
:020000040102f7
:10f74800d0f87831084ad3f8ac30806f13401040b5
:10f75800834288bf00f50000c31a044883428cbf67
:10f7680000200120704700bfffff7f00feff3f0021
:020000040000fa
:020000040102f7
:10f7780090f8c130012b0fd1084bd3f81c01c0f30e
:10f78800c02050b9d3f81c01c0f3002028b1d3f829
:10f798001c01c0f3c01070470020704700240141cd
:020000040000fa
:020000040102f7
:10f7a80008b50b785a1e022a08d8084a137843f07d
:10f7b80001031370f2f7dcfd002008bd002bf9d11e
:10f7c800024a137843f00203f3e700bfd7c20020d0
:020000040000fa
:020000040102f7
:10f7d8000a4b002210b501201a809a701146013296
:10f7e800d2b2082a1871d88019725972c3f80a104f
:10f7f800d98103f10c03f2d110bd00bf04ba002077
:020000040000fa
:020000040102f7
:10f8080008b530220021084803f0f2ff0749072015
:10f8180004f05afe04f04afd002100b2dff7ecffc5
:10f82800bde8084004f0e2b9aebc0020fde90201e1
:020000040000fa
:020000040102f7
:10f8380010b5036893f862310c4643b1f3f7dcf96d
:10f848002278064b2ab91a8842f004021a8000204e
:10f8580010bd1a8842f00802f8e700bf98c20020dd
:020000040000fa
:020000040102f7
:10f8680053b94ab9002908bf00281cbf4ff0ff311f
:10f878004ff0ff3004f098bfadf1080c6de904ceed
:10f88800dcf7e6feddf804e0dde9022304b07047aa
:020000040000fa
:020000040102f7
:10f8980005070709090b0d0f111315171b1f23283f
:10f8a8002b335b626a737f0b0b0d0f101113151747
:0ff8b800191b1d1f2326282b2f33375b626a7302
:020000040000fa
:020000040102f7
:10f8c80003463038c0b209280ad9a3f14102d2b29e
:10f8d800052a06d9a3f16102d2b2052a04d9ff206c
:0ef8e8007047373bd8b27047573bd8b27047d5
:020000040000fa
:020000040102f7
:10f8f6004ff0884308225a6003f50c5329225a60b8
:10f90600a3f5985301225a640222c3f83422002236
:0ef91600c3f88c22c3f8a822c3f8b8227047a9
:020000040000fa
:020000040102f7
:10f9240070b506460d46144600f08afe034620b123
:10f934001e605d609c60002070bd6ff0010000f0ef
:0ef944007ffe03460028f3d16ff08300f4e746
:020000040000fa
:020000040102f7
:10f9520070b50589b5f5706f04460ed2867a042e0d
:10f962000bd82846fff7fffa38b1d4e90323314612
:0ef972002846bde87040f5f710bb032070bdbd
:020000040000fa
:020000040102f7
:10f98000b0f5706f2de9f04104460d4616461f464e
:10f990000ad2fff7e9fa38b13b46324629462046fb
:0ef9a000bde8f041f7f7a2bb0320bde8f081ff
:020000040000fa
:020000040102f7
:10f9ae0010b5c0b0fff721fb044668b90a230df16c
:10f9be0003010df102008df8003002f006fa044644
:0ef9ce0010b96846faf72bf8204640b010bd7d
:020000040000fa
:020000040102f7
:10f9dc0073b502f10c0306460c4601a815460193bb
:10f9ec00043404f0a9fc01a8052104f0a5fc2b4665
:0ef9fc00a2b200213046f7f709fc02b070bd40
:020000040000fa
:020000040102f7
:10fa0a0038b50446008904f086fe60b12089e568ad
:10fa1a00fff7edfd48b1f02280f844202946bde801
:0efa2a003840f1f72cbd042038bd0320fce766
:020000040000fa
:020000040102f7
:10fa380070b503f073fa0646f0f7d8f9044666b1d4
:10fa4800002830460cbf0725002504f097fe14b1a6
:0efa58002046f0f7fdfe284670bd0725f7e7b3
:020000040000fa
:020000040102f7
:10fa660038b50546f0f7c3f978b1d5f87821002402
:10fa76001460d5f8782141685160d5f878210a607c
:0efa8600426004f0c4f9204638bd0720fce7ba
:020000040000fa
:020000040102f7
:10fa940008b50379052b03d0092b0cd0002008bd31
:10faa4008268114602f10c0331f8020b5289ecf71b
:0efab40027f80120f3e78068f4f72cfff9e74c
:020000040000fa
:020000040102f7
:10fac20038b5122104460568f3f741fc20b92046f7
:10fad200fff7f4f8012038bd95f8ae31002bf6d1ce
:0efae2001321204602f04cfc0028f0d1f3e77f
:020000040000fa
:020000040102f7
:10faf00010b5036893f8ac31052b04460bd1e8f739
:10fb0000c5ff10b12046fdf7abff00212046f6f7f8
:0efb10001fff012010bd152101f0befff9e717
:020000040000fa
:020000040102f7
:10fb1e00f0b500240746204665b2ab4200dcf0bdce
:10fb2e000e5d12f804c0351aa5eb0c05edb2ae420f
:0efb3e0002d034bf012000203d550134ece719
:020000040000fa
:020000040102f7
:10fb4c0013b5044604f0b6fb48b12369c4f8ac30d5
:10fb5c00a36a13b12146206a984702b010bd01abcd
:0efb6c000422072102200194f7f758f9f5e76b
:020000040000fa
:020000040102f7
:10fb7a0013b504460df1020101a800f0a2ffbdf879
:10fb8a000220019b110423f0704343bf02f2e242b8
:0efb9a0003f1ff3322872287e36302b010bd20
:020000040000fa
:020000040102f7
:10fba80008b50a780368511e022909d893f8e42099
:10fbb80042f0010283f8e420f2f7dafb002008bde6
:0efbc800002af9d193f8e42042f00202f2e79d
:020000040000fa
:020000040102f7
:10fbd600484f53543a436d64207263762c477270d3
:10fbe6003d3078253032782c5375623d307825309b
:0dfbf60032782c4f703d3078253032780089
:020000040000fa
:020000040102f7
:10fc0300434d443a456e68616e6365645265616451
:10fc13005478506f7765724c6576656c0045525227
:0dfc23003a5374617475733d307825780094
:020000040000fa
:020000040102f7
:10fc30004c4c43503a496e7374616e7455706461f4
:10fc40007465642c48646c3d3078253034782c6fb2
:0dfc500070436f64653d30782530327800d8
:020000040000fa
:020000040102f7
:10fc5d00534d503a47656e206b65792c64686b6522
:10fc6d0079206661696c00534d503a47656e206b83
:0dfc7d0065792c65646976206661696c000c
:020000040000fa
:020000040102f7
:02fc8a007047c1
:020000040000fa
:020000040102f7
:10fc8c0038b5094c04f5946502e09434ac420ad0c2
:10fc9c00204694f89230012bf7d1637a0c2bf4d9cf
:0cfcac00f9f75ef9f1e738bdcca40020a8
:020000040000fa
:020000040102f7
:10fcb800f8b5094c04f59467942600253246294680
:10fcc800204603f095fd1723a3809434bc42f5d158
:0cfcd80003f0f4fef8bd00bf6ca9002092
:020000040000fa
:020000040102f7
:10fce40000030000dd0403010dc80201dde102018f
:10fcf400a9e1020149c8020141e1020175e10201e1
:0cfd0400fff60101f53a03010d47030171
:020000040000fa
:020000040102f7
:10fd10004ff0807340f8043c21f0010140f8081cca
:10fd2000054b40f80c3c40f8202c6ff0020340f8e3
:0cfd3000243c4438704700bff91c03015c
:020000040000fa
:020000040102f7
:10fd3c0008b54ff0200383f31188bff36f8fbff327
:10fd4c004f8fe0f775fe28b14ff0e0234ff0805253
:0cfd5c00c3f8042d002383f3118808bdb8
:020000040000fa
:020000040102f7
:10fd680010b5094a0178002312f833408c4205d1b6
:10fd780002ebc3035b689847012010bd01331e2bbb
:0cfd8800f2d10020f9e700bf608d0101fe
:020000040000fa
:020000040102f7
:10fd9400094b1b681a7832b908b1eff7b7ba03f503
:10fda400f270e9f757be28b1032903d1d3f87431af
:0cfdb40001201847704700bf28c1002044
:020000040000fa
:020000040102f7
:10fdc00010b5094b1a6802f11001303251f8043baa
:10fdd0002bb19c7a012c02d11c88844202d0914222
:0cfde000f4d10023184610bd30c10020f3
:020000040000fa
:020000040102f7
:10fdec005daf0101dd100101c5af02013925030131
:10fdfc00b17f0201a55b0201bd900201f337020144
:0cfe0c0087de02010bfa0201000000007a
:020000040000fa
:020000040102f7
:10fe180070b5c47a0d460023d9b28c4201d880202f
:10fe28000be0c16801eb830101330e889642f3d1e0
:0cfe38006868498804f088fc002070bd58
:020000040000fa
:020000040102f7
:10fe440010b5094a038910680168002209b9012024
:10fe540005e08c899c4203d102f037fa002010bde2
:0cfe64000a460968f2e700bf3cc100201c
:020000040000fa
:020000040102f7
:10fe700038b5054604200c46f6f766fc68b1838861
:10fe8000c58003f0f80343f4407343f0010383801b
:0cfe90008460bde8384000f075bc38bd4f
:020000040000fa
:020000040102f7
:10fe9c001fb5094c24686cb1adf80630069b029373
:10feac00079badf80000adf80210adf804200393e9
:0cfebc006846a04704b010bd7cc10020c7
:020000040000fa
:020000040102f7
:10fec80010b5094b1b68d3f82c21013ac3f82c2133
:10fed80042b9d3f83021c3f82c210124eff75efc96
:0cfee800204610bd0024f9e794c1002062
:020000040000fa
:020000040102f7
:10fef40010b5094c02f09cfb2368d3f854319847a1
:10ff040018b12368d3f87031984700210320f3f720
:0cff1400d3f8002010bd00bf94c10020f5
:020000040000fa
:020000040102f7
:10ff200010b5094c2368d3f86431984748b9236861
:10ff3000d3f86831984720b92368d3f86c319847d3
:0cff400000b10c2010bd00bf94c10020d7
:020000040000fa
:020000040102f7
:10ff4c00430803f05533c31a980800f0333003f01c
:10ff5c003333184400eb101000f00f3000eb10207e
:0cff6c0000f0ff1000eb104080b2704766
:020000040000fa
:020000040102f7
:10ff7800c0b2012808b50b4609d018b1022809d02b
:10ff8800002008bd11461846fff7b0fff8e7fef756
:0cff980043fbf5e71046e5f721fff1e719
:020000040000fa
:020000040102f7
:10ffa40007b5084b1b68187459749a74064b009370
:10ffb400022201233821ec20e9f78eff002003b050
:0cffc4005df804fb90c100208f320301a7
:020000040000fa
:020000040102f7
:10ffd00000b593b003688df8041041f21f02adf82c
:10ffe00000201a8893f8aa31adf8062068468df8eb
:0cfff0000830fef7b1fb13b05df804fb15
:020000040000fa
:020000040102f7
:10fffc0010b502210446002001f015fd50b11d235f
:020000040103f6
:10000c000373054b1b681b7d43730146204602f0ae
:0c001c0077ff012010bd00bf90c1002044
:020000040000fa
:020000040103f6
:1000280010b502210446002001f0fffc50b11e2348
:100038000373054b1b681b7d43730146204602f082
:0c00480061ff012010bd00bf90c100202e
:020000040000fa
:020000040103f6
:1000540070b5066896f8ac318b4204460d4602d161
:100064000021f6f773fc96f8ae31ab4205d1204679
:0c0074000121bde87040f6f769bc70bdca
:020000040000fa
:020000040103f6
:1000800038b50568d5f8ec4204b938bd2368c5f821
:10009000ec321bb905f53b73c5f8f032a06804f0eb
:0c00a00055fb204604f052fbece700bfcb
:020000040000fa
:020000040103f6
:1000ac0013b5084c2378012b0ad1074a0092c721bb
:1000bc000222ec20e9f70cff03f0dafa002323709c
:0c00cc0002b010bd8ec2002033380301ca
:020000040000fa
:020000040103f6
:1000d80008b502f017fc02460b46ddf7fbff0022cd
:1000e800054bdef783ff41ec100becf735ff51ecc5
:0c00f800100b01f0edfb08bd00888340f8
:020000040000fa
:020000040103f6
:1001040038b503680446186820b92046bde838406d
:1001140004f0ddba012305684372002380f85c30e3
:0c012400a0f85e30f5f75af82846ede729
:020000040000fa
:020000040103f6
:1001300013b5044680b101910df1030001a903f04c
:100140009dff04f15c00e9f787fc00239df8032084
:0c01500001212046f0f760f902b010bd5c
:020000040000fa
:020000040103f6
:10015c0010b5094b1a6802f12c014c3251f8043bd2
:10016c0023b11c88844201d19c7814b99142f5d1f9
:0c017c000023184610bd00bffcc100208d
:020000040000fa
:020000040103f6
:1001880010b5094b1a6802f12c014c3251f8043ba6
:100198002bb19c781cb193f85340844202d0914211
:0c01a800f4d10023184610bdfcc100205b
:020000040000fa
:020000040103f6
:1001b400084b1a6842f005021a601a685207fcd408
:1001c4001a68d207fcd4044b53f804290a801b682c
:0c01d40003607047143e01410c3e0141e5
:020000040000fa
:020000040103f6
:1001e000084b1a6842f005021a601a685107fcd4dd
:1001f0001a68d207fcd4044b53f80419186889b262
:0c02000004f03aba143e01410c3e0141ea
:020000040000fa
:020000040103f6
:10020c0090f8c83113f002030ad0074b1b685b004f
:10021c0008d590f8220004288cbf002001207047dc
:0c022c0018467047012070473034014133
:020000040000fa
:020000040103f6
:100238007fb50e7916f0300f04d1fef725fb0020ac
:1002480004b070bdcde90201009202ab0822024958
:0c0258000120f8f706fef2e74104010166
:020000040000fa
:020000040103f6
:10026400094bd3f8002142f00062c3f80021d3f80f
:1002740000216ff35d72c3f80021d3f8002142f02e
:0c0284008042c3f80021704700240141b3
:020000040000fa
:020000040103f6
:1002900008b528220021074803f0aefa064a0121da
:1002a000002002f04ffdfff7affabde80840f1f77c
:0c02b000d7bf00bfe0bc002039dd020118
:020000040000fa
:020000040103f6
:1002bc0000b585b00df10601faf7aefb10b105b033
:1002cc005df804fb06238df80830bdf80630adf858
:0a02dc000a3002a8fbf712f9f1e75f
:020000040000fa
:020000040103f6
:1002e60038b50446c568008904f017fa48b1208974
:1002f600fff77ff938b129462089bde83840e2f793
:0a03060006ba042038bd0320fce70e
:020000040000fa
:020000040103f6
:10031000434d443a416464524c2c616464723d30f4
:1003200078253032782530327825303278253032d1
:0a033000782530327825303278004d
:020000040000fa
:020000040103f6
:10033a00434d443a416464574c2c616464723d30c5
:10034a0078253032782530327825303278253032a7
:0a035a007825303278253032780023
:020000040000fa
:020000040103f6
:10036400434d443a5374617274456e637279707488
:100374002c48646c3d307825303478004552523a2c
:0a0384007374617475733d25640005
:020000040000fa
:020000040103f6
:10038e00042810d8012202fa00f313f017030ad042
:10039e00042908d802fa01f313f0170303d0431a05
:0a03ae005842584170470020704784
:020000040000fa
:020000040103f6
:1003b800f0b50025074628466cb2a34200dcf0bd24
:1003c8004e5d545d34440444e4b2a64202d08cbf6e
:0a03d800012000207c550135eee7fe
:020000040000fa
:020000040103f6
:1003e20090f8573083b1826d137843f01003137085
:1003f200806d0b68c0f85f3100f25f124b6853608a
:0a0402008b689360cb68d3607047ed
:020000040000fa
:020000040103f6
:10040c0090f8573083b1826d137843f00403137066
:10041c00806d0b68c0f8483100f5a4724b685360ce
:0a042c008b689360cb68d3607047c3
:020000040000fa
:020000040103f6
:1004360090f8573083b1826d137843f0010313703f
:10044600806d0b68c0f82c3100f596724b685360ce
:0a0456008b689360cb68d360704799
:020000040000fa
:020000040103f6
:100460000103030303030305050505070709090b3a
:100470000b0d0f11131517191d21252b31375f692e
:0a048000737f1b1f23292f376b7faa
:020000040000fa
:020000040103f6
:10048a00812903dc7f2903dc002070478329fbd103
:10049a001368073323f0070303f108011160d3e956
:0a04aa000023c0e900230120704781
:020000040000fa
:020000040103f6
:1004b40008b5034608461968064a11645968116567
:1004c40099681166db6813670221fef7ebfc0120d3
:0804d40008bd00bf0006004452
:020000040000fa
:020000040103f6
:1004dc0000b1704710b50c46054802f049fb0128e5
:1004ec0004d12268034b1a6001221a7110bd00bf9f
:0804fc0098bf002090bf002012
:020000040000fa
:020000040103f6
:10050400084b03f1a801002002e01c338b4208d001
:10051400da79002af9d0da78022a04bf0130c0b2ad
:08052400f3e77047e8b6002080
:020000040000fa
:020000040103f6
:10052c00084b03f1a801002002e01c338b4208d0d9
:10053c00da79002af9d09a78012a04bf0130c0b2c6
:08054c00f3e77047e8b6002058
:020000040000fa
:020000040103f6
:10055400084b03f1a801002002e01c338b4208d0b1
:10056400da79002af9d09a78022a04bf0130c0b29d
:08057400f3e77047e8b6002030
:020000040000fa
:020000040103f6
:10057c000146084b03f1a80202e01c33934207d05a
:10058c00d8790028f9d093f804c08c45f5d100e057
:08059c0000207047e8b60020c2
:020000040000fa
:020000040103f6
:1005a400074b1a68074b9a4201d000207047044b4e
:1005b4005868431e622b01d8c0b2704700207047b0
:0805c400d4bf002001e5a7d11e
:020000040000fa
:020000040103f6
:1005cc0008b5074803f0e6fd03f086fa0028fbd1d6
:1005dc00044b4ff0ff321a60ff225a6008bd00bf77
:0805ec0000000f01d4bf002044
:020000040000fa
:020000040103f6
:1005f400074b1b681b6823b9064b4ff0ff321a6088
:100604007047034b1b68db681a68024b1a6070471b
:080614000cc10020e0c0002031
:020000040000fa
:020000040103f6
:10061c0008480068006880f308884ff0000080f3f9
:10062c00148862b661b6bff34f8fbff36f8f00dfd4
:08063c0000bf000008ed00e022
:020000040000fa
:020000040103f6
:10064400084a00231168814205d001330c32082b7b
:10065400f8d10020704703eb4303024800eb83000a
:08066400704700bf68ba0020d6
:020000040000fa
:020000040103f6
:10066c0038b50489b4f5706f0cd2857a042d09d88d
:10067c002046fef773fc28b129462046bde83840d9
:08068c00fbf718b9032038bd8b
:020000040000fa
:020000040103f6
:1006940010f0fd030ad001280ad14b7903f0c003fe
:1006a400402b07d0002b14bf0123032318467047a7
:0806b4000123fbe70223f9e733
:020000040000fa
:020000040103f6
:1006bc0070b41578074c002314f83360ae4204d1a3
:1006cc0004ebc30370bc5b68184701330d2bf3d1eb
:0806dc0070bc7047a865020123
:020000040000fa
:020000040103f6
:1006e40010b500f1180300f1380200bf53f8044bb1
:1006f4002cb194f8044124b1a4b200f0a9f9204625
:0807040010bd9342f2d1fae7a7
:020000040000fa
:020000040103f6
:10070c00084b1a6800230c321178012902d1518848
:10071c00814205d00133dbb2082b02f10c02f3d17c
:08072c001846704740c100208f
:020000040000fa
:020000040103f6
:10073400036810b413b14468944203d15df8044bc8
:1007440002f0f0be22b90b6001605df8044b704703
:0807540013680b601160f8e767
:020000040000fa
:020000040103f6
:10075c0007b5074a0379019012680648526a03f0fc
:10076c00070301a900eb8300904703b05df804fb7d
:08077c0054c100200cc0002054
:020000040000fa
:020000040103f6
:1007840013b5074a0379019012680648146a03f006
:100794000703002201a900eb8300a04702b010bdab
:0807a40054c100200cc000202c
:020000040000fa
:020000040103f6
:1007ac0010b5064b06480024202221461c7003f08d
:1007bc001df8044bc3e9004410bd00bfbcc20020af
:0807cc008cbd002014c00020c8
:020000040000fa
:020000040103f6
:1007d400074a13785bb1013bdbb213703bb9054b9d
:1007e4004ff000421a6001225a6040225a6070475a
:0807f400c0c2002000e100e09a
:020000040000fa
:020000040103f6
:1007fc0010f0010f4fea400318bf43f0010320290a
:10080c001dbf012202fa01f101f1ff314ff0ff315e
:08081c0058400840fff794bbaf
:020000040000fa
:020000040103f6
:10082400434d443a536574486f73744368616e6e04
:10083400656c436c617373004552523a537461742e
:0808440075733d307825780042
:020000040000fa
:020000040103f6
:10084c00434d443a436f6e6e5570646174652c4829
:10085c00646c3d307825303478004552523a7374cc
:08086c00617475733d25640001
:020000040000fa
:020000040103f6
:10087400434d443a5365745068792c48646c3d3058
:100884007825782c7478506879733d25642c7278b7
:08089400506879733d256400f2
:020000040000fa
:020000040103f6
:10089c0090f8a81090f81a32d0f81622026580f859
:1008ac00543021b9c0f8ac2080f8b0307047c0f893
:0808bc00bd2080f8c130704737
:020000040000fa
:020000040103f6
:1008c40010b505210446002001f0b1f858b12368a1
:1008d40025220273d3f89232c0f80d300146204627
:0808e40002f012fb012010bd1f
:020000040000fa
:020000040103f6
:1008ec0003684a7883f83a224a88a3f83c228a881b
:1008fc00a3f83e22ca88a3f840220a89a3f8422210
:08090c004a89a3f84422704758
:020000040000fa
:020000040103f6
:10091400036851b193f86700112809d0122809d04f
:1009240010f0200018bf0420704793f86600f3e726
:0809340001207047022070470a
:020000040000fa
:020000040103f6
:10093c0053434e3a45525221207469643d2564005c
:10094c0053434e3a5741524e21207072696d506498
:08095c0075436e743d25640033
:020000040000fa
:020000040103f6
:1009640010b5eff745fa58b1064b196800240c602e
:100974001c68416861600c601b68436003f048fabe
:08098400002010bde0c10020bd
:020000040000fa
:020000040103f6
:10098c00f8b506460c461746bc420cda21463a46e8
:10099c003046faf75dfa21460546421e3046fff70f
:0809ac00efff6c1cf0e7f8bd41
:020000040000fa
:020000040103f6
:1009b40007b5009003f082fc28b16846fff7a0fb5e
:1009c40003b05df804fb009b0193022101ab0422f8
:0809d4000846f6f727faf3e7e5
:020000040000fa
:020000040103f6
:1009dc0013b5044603f06efc30b1636a13b12146c3
:1009ec00206a984702b010bd01ab042206210220f8
:0809fc000194f6f713faf5e788
:020000040000fa
:020000040103f6
:100a040007b503238df80730064b1b68d3f8a432cf
:100a14002bb1da6a1ab10df10701186a904703b0d5
:080a24005df804fbecc10020a9
:020000040000fa
:020000040103f6
:100a2c0030b50023074c0b7040fa03f2d20744bfd9
:100a3c000a781d5d03f1010344bf2a430a70042b9d
:080a4c00f2d130bd8c4703011b
:020000040000fa
:020000040103f6
:100a540070b5054600f1180400f1380654f8040b8b
:100a640020b103f071fe002344f8043cb442f5d1f4
:080a7400002385f83b3070bd42
:020000040000fa
:020000040103f6
:100a7c0038b5084b1b6804460d463bb92246284640
:100a8c004ff48271bde8384000f01abc9847012839
:080a9c00f4d138bd04c20020b2
:020000040000fa
:020000040103f6
:100aa400084b1a4642f8040b118053f8102f42f4f5
:100ab400e0421a601a689104fcd41a68d204f9d48a
:080ac400704700bf003e014134
:020000040000fa
:020000040103f6
:100acc00074b1a8842f040021a801a685206fcd46e
:100adc00044b53f8042b02601b680b80704700bf5b
:080aec00143e0141003e0141ee
:020000040000fa
:020000040103f6
:100af40010b5074b1c6803f0d5fb064b1b78e4b21a
:100b04001c442044404240b2bde8104001f070be95
:080b1400b038014192c200203b
:020000040000fa
:020000040103f6
:100b1c0010b500230446c382faf776ff236e1a063b
:100b2c0044bf23f080732366236e23f040032366b7
:080b3c00fff74afe002010bd86
:020000040000fa
:020000040103f6
:100b440008b500210246fbf73ff9104490f9700202
:100b54007e2804bf034b93f90100bde80840e7f782
:080b640023be00bf80be00208b
:020000040000fa
:020000040103f6
:100b6c00222303fb01015631064b01f1140200bf95
:100b7c0051f8040b43f8040b9142f9d10a881a80fe
:080b8c00704700bf2e25014156
:020000040000fa
:020000040103f6
:100b9400c1f30803074a490a2bb94942114043ea01
:100ba4004121faf72dbbc3f59c7301339bb251402d
:080bb400f5e700bfffff7f0021
:020000040000fa
:020000040103f6
:100bbc0008b51320fef762fd044b054a1880054b5f
:100bcc001b68c3f38703137008bd00bf9ac20020d3
:080bdc00e0c200207037014166
:020000040000fa
:020000040103f6
:100be40010b5074b074c1b6813b9236813b910bd24
:100bf400012098472368002bf9d0bde8104018471e
:080c040070c2002068c200204c
:020000040000fa
:020000040103f6
:100c0c0010b5074b074c1b6813b9236813b910bdfb
:100c1c00002098472368002bf9d0bde810401847f6
:080c2c006cc2002064c200202c
:020000040000fa
:020000040103f6
:100c340038b503699a4228bf1a460446154652b18c
:100c4400406902f0b5f9636922692b44521b2261a1
:080c5400002263611a7038bd33
:020000040000fa
:020000040103f6
:040c5c004c2b030119
:020000040000fa
:020000040103f6
:100c6000edaf16204a62304029bd56b31544e9bfa6
:100c700077900d9cfe0b88c07e2615fa838073400a
:080c80000fce674b80d541c087
:020000040000fa
:020000040103f6
:100c8800434d443a4c746b5265715265706c792cc3
:100c980048646c3d30782578004552523a73746147
:070ca8007475733d25640023
:020000040000fa
:020000040103f6
:100caf00434f4e4e3a4c6c63705478446f6e653ab6
:100cbf0048646c3d3078253034782c4f70436f6426
:070ccf00653d307825780037
:020000040000fa
:020000040103f6
:100cd60058b1844661b100b583b00498009060466f
:100ce600f3f701fa03b05df804fb6ff0ac00704750
:060cf6006ff0ac00704736
:020000040000fa
:020000040103f6
:100cfc0038b504460d4601f009f8a36c23b1002465
:100d0c0002f058fb204638bda36b13b9a56401242f
:060d1c00f6e70024f4e7f5
:020000040000fa
:020000040103f6
:100d220038b50489b4f5706f05460ad22046fef73d
:100d32001af930b1ea7aa97a2046bde83840f7f7c5
:060d420058be032038bd7d
:020000040000fa
:020000040103f6
:100d480000b581790129c1b00ad1002318460222d1
:100d5800f3f706fa132368468df80030f8f762feb9
:060d680041b05df804fb40
:020000040000fa
:020000040103f6
:100d6e00434d443a536574416476506172616d2c03
:100d7e00747970653d2564004552523a73746174fe
:060d8e0075733d256400b1
:020000040000fa
:020000040103f6
:100d9400434d443a53657450434c507265736574c3
:100da4002c55703d25642c4c6f773d25642c737451
:060db40065703d2564009e
:020000040000fa
:020000040103f6
:100dba0000b593b01323adf8003001238df8043049
:100dca000388adf806306846adf80810fdf7bffc99
:060dda0013b05df804fbfc
:020000040000fa
:020000040103f6
:100de00070b50368c43304460d4616460021b4228c
:100df000184602f001fd3246034629462046bde86a
:060e00007040e8f767bb3b
:020000040000fa
:020000040103f6
:100e060070b505460068002450b1028943899a42ac
:100e160006d106682e6003f096fc01343046f3e7ef
:060e26002860204670bdab
:020000040000fa
:020000040103f6
:100e2c0090f81431072b03d1012381f8a8307047b7
:100e3c00d0f8b4301b789b0603d590f8e730012b23
:060e4c00f2d00023f1e7e3
:020000040000fa
:020000040103f6
:100e520000b593b003688df804100820adf80000c7
:100e62001b88adf8063068468df80820fdf773fc44
:060e720013b05df804fb63
:020000040000fa
:020000040103f6
:100e7800434d443a446973636f6e6e6563742c48de
:100e8800646c3d3078253034782c726561736f6ef0
:060e98003d25303264002c
:020000040000fa
:020000040103f6
:100e9e0010b5046894f864304bb90821eff77df96a
:100eae0008b9002010bd012084f8ac01fae7012b2f
:060ebe00f7d10e21f2e75e
:020000040000fa
:020000040103f6
:100ec40070b50a460f2105460668f9f7cbfc0446bf
:100ed40038b196f8ae31112b03d101212846f5f72c
:060ee40035fd204670bd43
:020000040000fa
:020000040103f6
:100eea0010b5044602f06cf938b123680022a3f861
:100efa00a8211a212046fff7a7ff20460021f5f76f
:060f0a0022fd012010bdd4
:020000040000fa
:020000040103f6
:100f10000368d3f8ac2112f0ff1f08d193f8f42234
:100f20003ab9d3f8ec02b0fa80f0400970470020db
:060f30007047012070472c
:020000040000fa
:020000040103f6
:100f360010b5013a52b2130601d5002010bd845ceb
:100f46008b5c9c4205d802f1ff32f4d24ff0ff30a1
:060f5600f4e70120f2e7c0
:020000040000fa
:020000040103f6
:100f5c0010b590f82c30044663b9012380f82c307e
:100f6c0000f2062001f0e4ff04f5f770bde8104034
:060f7c00f5f71cbd10bddd
:020000040000fa
:020000040103f6
:100f820008b503681a6e120601d4002008bdd3f812
:100f92008020013ac3f88020002af6d18021f0f7a0
:060fa2002af80120f2e72d
:020000040000fa
:020000040103f6
:100fa80000f189020023507828b9907818b9107890
:100fb80008b90b7070470133dbb2042b02f134021d
:060fc800f1d10720704783
:020000040000fa
:020000040103f6
:100fce00494e493a4c696e6b2065786973742100fd
:100fde00494e493a4c696e6b7320726561636820a5
:050fee006d6178210097
:020000040000fa
:020000040103f6
:100ff400064b1b78012b07d8054a42f8230001331e
:10100400024a13700020704704207047a6c20020d3
:04101400bcbf00203d
:020000040000fa
:020000040103f6
:1010180070b54ff4005442f20806e5b22046d6f700
:1010280099f928b10134a4b2b442f6d10135edb230
:04103800284670bd19
:020000040000fa
:020000040103f6
:10103c00064b00221a62064a1a6202f12b42a2f5f2
:10104c004b12a2f6ab421a62704700bf0006004476
:04105c00556699aa92
:020000040000fa
:020000040103f6
:10106000074b03f1a801002002e01c338b4205d09e
:10107000da79002af9d00130c0b2f6e7704700bf34
:04108000e8b60020ae
:020000040000fa
:020000040103f6
:10108400bff34f8f0549ca6802f4e062044b13436f
:10109400cb60bff34f8f00bffde700bf00ed00e062
:0410a4000400fa0545
:020000040000fa
:020000040103f6
:0810a80008b5f5f711f908bdc8
:020000040000fa
:020000040103f6
:1010b000074b19680868b0e8f04f80f30988bff360
:1010c0006f8f4ff0000080f311887047aff30080fe
:0410d00010c100202b
:020000040000fa
:020000040103f6
:1010d4000346026c6ab110b50846d9681144d96058
:1010e4009c68a14224bf1968d960d96801f060ffe7
:0410f40010bd704774
:020000040000fa
:020000040103f6
:1010f80010b5024600210120f8f73cff044638b13c
:10110800002181600160c1600b460a46e2f79af946
:04111800204610bda0
:020000040000fa
:020000040103f6
:10111c0000b503781e2bc1b008d115238df8003013
:10112c0003798df802306846f8f77afc012041b05b
:04113c005df804fb5b
:020000040000fa
:020000040103f6
:1011400038b50489b4f5706f054609d22046fdf71d
:101150000bff28b1a97a2046bde83840f9f700b95d
:04116000032038bd73
:020000040000fa
:020000040103f6
:1011640038b50489b4f5706f054609d22046fdf7f9
:10117400f9fe28b1a97a2046bde83840f8f77cbcce
:04118400032038bd4f
:020000040000fa
:020000040103f6
:1011880038b50489b4f5706f054609d22046fdf7d5
:10119800e7fe28b1e9682046bde83840f7f7b4bf54
:0411a800032038bd2b
:020000040000fa
:020000040103f6
:1011ac0038b50489b4f5706f054609d22046fdf7b1
:1011bc00d5fe28b1a97a2046bde83840faf758bbcd
:0411cc00032038bd07
:020000040000fa
:020000040103f6
:1011d00008b5074b1a68137823f004031370022133
:1011e0000020fef7d7fdbde80840fcf7e9ba00bfd4
:0411f00028c10020f2
:020000040000fa
:020000040103f6
:1011f40038b50489b4f5706f0ad2c5682046fdf786
:10120400b1fe28b129462046bde83840f5f79ebf17
:04121400032038bdbe
:020000040000fa
:020000040103f6
:1012180010b58468207800f0fbfd608803f022f8a0
:1012280023792bb1a38962892189e088e7f736fb06
:04123800002010bdc5
:020000040000fa
:020000040103f6
:10123c0070b5074e05460024336804f16a0253f872
:10124c0022300bb1284698470134032cf4d170bde1
:04125c0028c1002085
:020000040000fa
:020000040103f6
:10126000830708d5044b1a68002111601b68034ae4
:101270005a60034a9a60704730c10020b53b0301b1
:0412800025470301fa
:020000040000fa
:020000040103f6
:10128400072838b50bd8064d041d2b6853f82400e5
:1012940028b103f059fa2b68002243f8242038bd02
:0412a40030c1002035
:020000040000fa
:020000040103f6
:1012a80008b5fdf735ff40b1054b80781b685b78c2
:1012b80098422cbf0020012008bd0120fce700bf98
:0412c80040c1002001
:020000040000fa
:020000040103f6
:1012cc0013b5074b8df800001446adf802100192cf
:1012dc001b6868469847204603f032fa02b010bdee
:0412ec0048c10020d5
:020000040000fa
:020000040103f6
:1012f00010b501f067f9064b1b7804461bb1fbf7ec
:10130000cffbe2f7dffc2046bde8104000f026b836
:04131000bdc200203a
:020000040000fa
:020000040103f6
:10131400012805d008b1022804d0034b188870476f
:10132400024bfbe7024bf9e722b20020b2bf0020d8
:041334007ac000205b
:020000040000fa
:020000040103f6
:1013380010b9054b19807047012801d1034bf9e713
:101348000228f8d1024bf5e7203f0141243f014133
:04135800283f0141e8
:020000040000fa
:020000040103f6
:10135c0007b5074a0190137833b1013bdbb2137028
:10136c0013b901a802f0d0ff03b05df804fb00bf75
:04137c00c2c20020c9
:020000040000fa
:020000040103f6
:10138000064b1a8842f001021a801a68d207fcd470
:10139000034b186820f07040704700bf143e0141b5
:0413a000083e0141c1
:020000040000fa
:020000040103f6
:1013a400074b1b68586800b9704790f86031012bef
:1013b40002d190f829200ab90068f4e7184670476a
:0413c40088c10020bc
:020000040000fa
:020000040103f6
:1013c800074b1b68586800b9704790f86031012bcb
:1013d80001d1027c0ab10068f5e71846704700bfe2
:0413e80088c1002098
:020000040000fa
:020000040103f6
:1013ec00074b1b680bb91846704799680a79043a81
:1013fc00012af6d80a68126c8242f2d10120704799
:04140c0044c00020b8
:020000040000fa
:020000040103f6
:10141000074a13691b1a136193680344b3f5c06f3d
:1014200083bf6ff4c0615b18012000209360704798
:0414300038be0020a2
:020000040000fa
:020000040103f6
:10143400054b0022c3e90023044bc3e90023044bfa
:10144400c3e90023704700bf24c000202cc0002043
:0414540034c0002080
:020000040000fa
:020000040103f6
:10145800074b1a681ab192f8c000012806d05868dc
:1014680020b190f8c000431e58425841704700bf51
:041478003cc0002054
:020000040000fa
:020000040103f6
:10147c0000b593b03022adf80020036800228df83f
:10148c0004201b88adf806306846fdf75ff913b0f1
:04149c005df804fbf8
:020000040000fa
:020000040103f6
:1014a000434d443a5265616452656d6f746555737e
:1014b000656446656174757265732c48646c3d3073
:0414c0007825780013
:020000040000fa
:020000040103f6
:1014c400434d443a52656d7465436f6e6e5061725c
:1014d40061725265715265706c792c48646c3d3050
:0414e40078257800ef
:020000040000fa
:020000040103f6
:1014e80010b51c46044b1860044b1046196002f0f6
:1014f80055ff034a146010bdbcc10020b4c10020d0
:04150800c4c100203a
:020000040000fa
:020000040103f6
:10150c0070b50622032105460668f9f7a7f90446cb
:10151c0030b10023a6f8a83101212846f5f712fabc
:04152c00204670bd28
:020000040000fa
:020000040103f6
:101530000368b1f80120a3f82a22b1f80320a3f828
:101540002c22b1f80520a3f82622b1f80720a3f831
:041550002822704796
:020000040000fa
:020000040103f6
:10155400437b012b07d1c36e5b08c0f8b03003692d
:10156400c0f8ac307047002bf9d1c26e03f271237e
:041574005343f1e705
:020000040000fa
:020000040103f6
:1015780010b5836c044613b9036c834209d0002369
:10158800a3732046e0f726fc2046bde81040fdf78f
:04159800b7bf10bd0c
:020000040000fa
:020000040103f6
:10159c0013b5044602f08efe019401ab04220449fb
:1015ac0020b10120f5f73afc02b010bd0320f9e799
:0415bc000c0100011d
:020000040000fa
:020000040103f6
:1015c000074b1b680bb91a4608e09a681179043971
:1015d0000129f6d8116809888142f2d11046704776
:0415e00044c00020e3
:020000040000fa
:020000040103f6
:1015e40008b5fff75dfa064b1b6813f0060f05d02c
:1015f40040210020bde80840fdf704be08bd00bf3f
:04160400203f014141
:020000040000fa
:020000040103f6
:1016080008b54ff43b7003f09bf8054b4ff43b7261
:101618000021186002f0ecf8bde80840f9f718b8a6
:041628000cc20020d0
:020000040000fa
:020000040103f6
:10162c0007b5064b06491b680193042201ab002049
:10163c00f5f7f4fb03b05df804fb00bff8c1002024
:04164c000600010093
:020000040000fa
:020000040103f6
:1016500007b5064b06491b680193042201ab002025
:10166000f5f7e2fb03b05df804fb00bff8c1002012
:04167000090001006c
:020000040000fa
:020000040103f6
:1016740007b5064b06491b680193042201ab002001
:10168400f5f7d0fb03b05df804fb00bff8c1002000
:041694000800010049
:020000040000fa
:020000040103f6
:1016980007b5064b06491b680193042201ab0020dd
:1016a800f5f7befb03b05df804fb00bff8c10020ee
:0416b8000700010026
:020000040000fa
:020000040103f6
:1016bc0007b5064b06491b680193042201ab0020b9
:1016cc00f5f7acfb03b05df804fb00bff8c10020dc
:0416dc000200010007
:020000040000fa
:020000040103f6
:1016e00007b5064b06491b680193042201ab002095
:1016f000f5f79afb03b05df804fb00bff8c10020ca
:0417000003000100e1
:020000040000fa
:020000040103f6
:1017040007b5064b06491b680193042201ab002070
:10171400f5f788fb03b05df804fb00bff8c10020b7
:0417240004000100bc
:020000040000fa
:020000040103f6
:1017280008b5036893f86231012b06d1f1f764fa22
:10173800034a138843f040031380002008bd00bf0c
:0417480098c2002023
:020000040000fa
:020000040103f6
:10174c0010b50468faf760f9236ed4f8780123f029
:10175c00807343f000732366fef709fabde810406e
:04176c00fff732b899
:020000040000fa
:020000040103f6
:10177000027a074b42b1d3f8042140f2831161f39e
:101780000802c3f804217047d3f804210321f6e7c7
:0417900000240141ef
:020000040000fa
:020000040103f6
:10179400027b074b42b1d3f8042140f2d71161f325
:1017a4000802c3f804217047d3f804215721f6e74f
:0417b40000240141cb
:020000040000fa
:020000040103f6
:1017b80038b5074d0024204601342946e4b200f02c
:1017c80037fc082c05f10605f5d1002038bd00bf0f
:0417d800aebc002083
:020000040000fa
:020000040103f6
:1017dc0007b5064b06491b680193042201ab002098
:1017ec00f5f71cfb03b05df804fb00bff8c100204b
:0417fc0002020100e4
:020000040000fa
:020000040103f6
:1018000007b5064b06491b680193042201ab002073
:10181000f5f70afb03b05df804fb00bff8c1002038
:0418200003020100be
:020000040000fa
:020000040103f6
:1018240007b5064b06491b680193042201ab00204f
:10183400f5f7f8fa03b05df804fb00bff8c1002027
:04184400020101009c
:020000040000fa
:020000040103f6
:1018480007b5064b06491b680193042201ab00202b
:10185800f5f7e6fa03b05df804fb00bff8c1002015
:041868000101010079
:020000040000fa
:020000040103f6
:10186c0007b5064b06491b680193042201ab002007
:10187c00f5f7d4fa03b05df804fb00bff8c1002003
:04188c000001010056
:020000040000fa
:020000040103f6
:1018900007b5064b06491b680193042201ab0020e3
:1018a000f5f7c2fa03b05df804fb00bff8c10020f1
:0418b000030101002f
:020000040000fa
:020000040103f6
:1018b40008b5064a08210120fbf70ef9044a07215e
:1018c4000120bde80840fbf707b900bfe50b0301a1
:0418d4000d0c0301f3
:020000040000fa
:020000040103f6
:1018d8000b0d40f21e42d21a09dbcb0243ea5050ec
:1018e80040f00040202a28bf2022d04070474900fd
:0418f8008041704774
:020000040000fa
:020000040103f6
:1018fc00434d443a536574436f6e6e5478506f7712
:10190c0065725072657365742c73656c5077723d9b
:03191c002564003f
:020000040000fa
:020000040103f6
:10191f0053434e3a636c725365635265712c74690d
:10192f00643d25640053434e3a636c7250726952a2
:03193f00657100cf
:020000040000fa
:020000040103f6
:10194200534d503a446174612073656e642c70612a
:101952006972206661696c206572723d307825304b
:03196200347800d6
:020000040000fa
:020000040103f6
:1019660010b50c46fcf7b5fb30b1027b32b1827b79
:1019760000ebc2031b8a02e0002300e00023238061
:0219860010bd92
:020000040000fa
:020000040103f6
:1019880010b50c46fcf7befb30b1027c32b1827c4c
:1019980000ebc203db8a02e0002300e0002323807f
:0219a80010bd70
:020000040000fa
:020000040103f6
:1019aa000369416882688a60416851605a68824264
:1019ba0004bf82685a600022026118680138186000
:0219ca00704764
:020000040000fa
:020000040103f6
:1019cc00017a427a41ea020313f0f80f07d1b1fa17
:1019dc0081f040090ab940f00200f9f761b903201f
:0219ec00704742
:020000040000fa
:020000040103f6
:1019ee00434d443a5365744164765478506f77652d
:1019fe00725072657365742c73656c5077723d25e9
:021a0e00640072
:020000040000fa
:020000040103f6
:101a100038b505680446e4f735fc122385f86530cf
:101a2000204600220b21fff7dbf9bde83840f7f72d
:021a300041b9ba
:020000040000fa
:020000040103f6
:101a320038b5054601f10c000c4602f084fe38b1bf
:101a42000379448165f30513037100230381036065
:021a520038bd9d
:020000040000fa
:020000040103f6
:101a540038b505460468f8f7aff80521284600f0c4
:101a64008efc28b194f8c83143f0020384f8c831dd
:021a740038bd7b
:020000040000fa
:020000040103f6
:101a760038b504460d4600200221fff7d7ff38b1de
:101a86000223037345730146204601f03cfa012008
:021a960038bd59
:020000040000fa
:020000040103f6
:101a980038b504460d4600200221fff7c6ff38b1cd
:101aa8000723037345730146204601f02bfa0120f2
:021ab80038bd37
:020000040000fa
:020000040103f6
:101aba0003684a7883f85e228a7883f85f22ca78b4
:101aca0083f860220a7983f861224a7983f86222cc
:021ada00704753
:020000040000fa
:020000040103f6
:101adc0010b5046894f8c831db0709d504f52f70ec
:101aec00e7f7b4ff04f53570bde81040e7f7aebf7b
:021afc0010bd1b
:020000040000fa
:020000040103f6
:101afe0007b503688df8071093f84d20032a05d11a
:101b0e00da6a1ab10df10701186a904703b05df851
:021b1e0004fbc6
:020000040000fa
:020000040103f6
:101b200010b5002380f84d30a0f84e300377437a8b
:101b300004460bb1f3f754fb2046f3f7e3fe002015
:021b400010bdd6
:020000040000fa
:020000040103f6
:101b420010b50446062002f0fefd014640b108230e
:101b5200037023888380bde81040062002f023bd75
:021b620010bdb4
:020000040000fa
:020000040103f6
:101b640010b50446062002f0edfd014640b1042301
:101b7400037023888380bde81040062002f012bd64
:021b840010bd92
:020000040000fa
:020000040103f6
:101b860010b50446062002f0dcfd014640b10723ed
:101b9600037023888380bde81040062002f001bd53
:021ba60010bd70
:020000040000fa
:020000040103f6
:101ba80012290ad002d8112904d0704721390229f4
:101bb80005d97047012102f061b90221fbe7032131
:021bc800f9e73b
:020000040000fa
:020000040103f6
:101bca0010b504680a46d4f8a41029b1fef72ffb11
:101bda000023c4f8a43010bd1046bde81040fcf73d
:021bea00b2bc8b
:020000040000fa
:020000040103f6
:101bec0010b50468204601f0d9fdf9f70dff236efe
:101bfc0043f0006343f001032366bde81040fef799
:021c0c00e3bd36
:020000040000fa
:020000040103f6
:101c0e0090f82030817d0422013a12f0ff0206d0b6
:101c1e00042b1abf5b00dbb201230b42f4d1184632
:021c2e007047fd
:020000040000fa
:020000040103f6
:101c3000f0b500244f1ea24209d0651c035d7e5df5
:101c4000b34202d00a5d981af0bd2c46f3e700209b
:021c5000fae7b1
:020000040000fa
:020000040103f6
:101c520010f0004160b148bf40420a0d02f21d423d
:101c6200b0fa80f3d21a9840c30a400503eb02513e
:021c72007047b9
:020000040000fa
:020000040103f6
:101c7400434d443a536574486f7374466561747593
:101c84007265004552523a7374617475733d2564ec
:011c9400004f
:020000040000fa
:020000040103f6
:101c9500434d443a5265616443684d6170436d64d8
:101ca500004552523a5374617475733d3078257806
:011cb500002e
:020000040000fa
:020000040103f6
:101cb600434d443a5265616452656d6f746556656d
:101cc60072496e666f2c48646c3d307825303478e6
:011cd600000d
:020000040000fa
:020000040103f6
:101cd80008b5064800f02aff02f03afaf9f754fc72
:101ce80000b908bdf9f72efcfbe700bfbd020301f0
:020000040000fa
:020000040103f6
:101cf80082b0002301934ff0200383f31188bff3d0
:101d08006f8fbff34f8f019b002bfcd002b0704741
:020000040000fa
:020000040103f6
:101d18004ff0200383f31188bff36f8fbff34f8f0a
:101d2800024a136801331360704700bff8c50020ea
:020000040000fa
:020000040103f6
:101d380050b110b50c46884208d302220021f8f7aa
:101d480019f920b1846302e000207047002010bd1b
:020000040000fa
:020000040103f6
:101d580000b58179c1b041b90846f4f751fb0823b1
:101d680068468df80030f7f75dfe41b05df804fb7a
:020000040000fa
:020000040103f6
:101d780010b50c46fdf7f4f840b150f8043f236065
:101d88008388a3808379a371002010bd0320fce71a
:020000040000fa
:020000040103f6
:101d980008b50649072001f001fffaf78dfd18b9cb
:101da800bde8084000f0e0bb08bd00bf08460301dd
:020000040000fa
:020000040103f6
:101db80010b50489b4f5706f08d22046fdf7d0f845
:101dc80020b12046bde81040f8f7ecba032010bd5a
:020000040000fa
:020000040103f6
:101dd80030b5064d00232a681a44dcb2527812b98d
:101de8000470104630bdca540133f4e728c10020fe
:020000040000fa
:020000040103f6
:101df800037853b9837843b9837933b9034b598846
:101e0800172902d98088eef7cbbf704738c1002068
:020000040000fa
:020000040103f6
:101e1800044b054a00280cbf18461046034b58616e
:101e2800704700bfe3460301e846030190b700206e
:020000040000fa
:020000040103f6
:101e3800042802d0062804d07047044b1b68996018
:101e48007047024b1b68d960704700bf44c100202f
:020000040000fa
:020000040103f6
:101e580010b1054b1b78037021b1044b1a680a6056
:101e68009b888b80704700bf54c0002055c000205d
:020000040000fa
:020000040103f6
:101e780010b504460069f9f751fee1f7d1fffef706
:101e880003fa6068fbf704febde8104002f080bc6e
:020000040000fa
:020000040103f6
:101e980010b5064b1868f021043002f079fa0023d7
:101ea8001a461946bde81040eff780b988c10020ee
:020000040000fa
:020000040103f6
:101eb80010b5064b16301b6853f820300c4613b18a
:101ec800114620469847002010bd00bf8cc1002055
:020000040000fa
:020000040103f6
:101ed800064a1368c01a0144b1f5c06f8cbfa1f25d
:101ee800026101f1ff31d160704700bf38be0020a8
:020000040000fa
:020000040103f6
:101ef800014608b5054801f03cfd0b7b43f004039f
:101f08000b73bde80840fbf76fbd00bf24c000207d
:020000040000fa
:020000040103f6
:101f1800014608b5054801f02cfd0b7b43f004038e
:101f28000b73bde80840fbf75fbd00bf2cc0002065
:020000040000fa
:020000040103f6
:101f380000b593b041f21403adf804006846adf85b
:101f480000308df80610fcf703fc13b05df804fbb5
:020000040000fa
:020000040103f6
:101f58001fb50023cde90231019001ab0c220349e2
:101f68000120f4f75dff05b05df804fb01010001f5
:020000040000fa
:020000040103f6
:101f780007b5036b33b1019001ab04220349032079
:101f8800f4f74eff03b05df804fb00bf0a0100013f
:020000040000fa
:020000040103f6
:101f980010b530b129b112f0030302d1920893426f
:101fa80000d110bd51f8234040f823400133f6e733
:020000040000fa
:020000040103f6
:101fb800054b1a8842f001021a801a68d207fcd42d
:101fc800024b1868704700bf143e0141083e0141aa
:020000040000fa
:020000040103f6
:101fd800054b1a8842f002021a801a689207fcd44c
:101fe800024b1868704700bf143e0141003e014192
:020000040000fa
:020000040103f6
:101ff800054b1a8842f008021a801a681207fcd4a6
:10200800024b186880b27047143e0141043e0141fa
:020000040000fa
:020000040103f6
:10201800054b1a8842f004021a801a685207fcd449
:10202800024b186880b27047143e01410c3e0141d2
:020000040000fa
:020000040103f6
:10203800062340f2431203fb0020044b1b6818449c
:1020480003680b6083888b80704700bf0cc2002038
:020000040000fa
:020000040103f6
:10205800054bd3f8682f60f3d752c3f8682f034baa
:102068001b685870704700bf002401410cc2002053
:020000040000fa
:020000040103f6
:10207800064b1b681a78002322fa03f1c907d8b265
:1020880003d50133082bf7d1184670470cc200203e
:020000040000fa
:020000040103f6
:102098000103030303030305050507070909090be2
:1020a8000d0f111315171b1f252931375f69777f0e
:020000040000fa
:020000040103f6
:1020b80007b5064b1b680193042201ab4ff00111d1
:1020c8000020f4f7adfe03b05df804fbf8c1002072
:020000040000fa
:020000040103f6
:1020d80010b50446fef780f801462046fef756fd87
:1020e800024b984294bf0020012010bd38feff7fac
:020000040000fa
:020000040103f6
:1020f80010b5036893f8623133b1044c22780ab101
:10210800f0f77afd00232370002010bddfc2002005
:020000040000fa
:020000040103f6
:1021180008b50368d3f87c2132b10021d3f87801df
:1021280002f02afb002008bd102100f033fff9e778
:020000040000fa
:020000040103f6
:1021380010b50446fef750f801462046fef726fd86
:10214800024b984294bf0020012010bd38feff7f4b
:020000040000fa
:020000040103f6
:1021580010b50446fef740f801462046fef716fd86
:10216800024b984294bf0020012010bd38feff7f2b
:020000040000fa
:020000040103f6
:1021780007b53a238df8043005226b460349012040
:10218800f4f74efe002003b05df804fb02050101e0
:020000040000fa
:020000040103f6
:10219800064b1b685b79022b06d100231a464ff4c5
:1021a80084311846f4f73cbe704700bf54c2002083
:020000040000fa
:020000040103f6
:1021b800064b1b685b79022b06d100231a464ff4a5
:1021c80084311846f4f72cbe704700bf54c2002073
:020000040000fa
:020000040103f6
:1021d80007b5064b1b680193042201ab4ff481310c
:1021e8000020f4f71dfe03b05df804fbf8c10020e1
:020000040000fa
:020000040103f6
:1021f80038b555ec124b53ec112b51ec100be3f79f
:1022080029fc22462b46dbf765ff41ec100b38bd55
:020000040000fa
:020000040103f6
:10221800434d443a53657441646472526573456e24
:0f22280061626c652c656e61626c653d256400ba
:020000040000fa
:020000040103f6
:10223700286e696c29002500494e4600696e6600c4
:0f2247004e414e006e616e00286e756c6c290062
:020000040000fa
:020000040103f6
:1022560000b583b002238df80030adf802008df88a
:0e22660005106846f9f74df903b05df804fb6a
:020000040000fa
:020000040103f6
:1022740008b50089fdf770ff38b18378032b04d1ca
:0e2284000521bde80840eff765ba032008bd4c
:020000040000fa
:020000040103f6
:1022920008b50089fdf761ff38b18378022b04d1bc
:0e22a2000521bde80840eff756ba032008bd3d
:020000040000fa
:020000040103f6
:1022b00010b5847a0089fdf751ff30b1836d23b1e9
:0e22c0002146bde81040f8f73ebb012010bdde
:020000040000fa
:020000040103f6
:1022ce0003688b4206d10b68036043688b4208bfdc
:0e22de0042607047002af8d00b681360f5e7e5
:020000040000fa
:020000040103f6
:1022ec0008b5ebf777fb48b9f6f7b4ff30b9faf756
:0e22fc00b1f818b9bde80840faf78cb808bd73
:020000040000fa
:020000040103f6
:10230a0038b505680446e3f7b8ff122385f8653047
:0e231a00204600220b21bde83840fef75cbdd6
:020000040000fa
:020000040103f6
:10232800434f4e4e3a41434c206465736320616cc1
:0e2338006c6f63206661696c3a253032780064
:020000040000fa
:020000040103f6
:10234600026892f8ac111329034604d192f864206e
:0e2356000ab9e0f74ebe17211846fff79abbf2
:020000040000fa
:020000040103f6
:1023640000b593b003685722adf800201b88adf880
:0e23740004306846fcf7eef913b05df804fb88
:020000040000fa
:020000040103f6
:1023820038b504460d4600200121fff751fb28b164
:0e23920005730146204600f0b8fd012038bd5d
:020000040000fa
:020000040103f6
:1023a00010b5826c52b9046c844207d1a273e4f771
:0e23b00041ff2046bde81040fdf7a6b810bd65
:020000040000fa
:020000040103f6
:1023be0008b501f07eff034618b1dff75eff00207f
:0e23ce0008bd02460f210220f4f727fdf7e7b5
:020000040000fa
:020000040103f6
:1023dc0007b5c378db0708d50423009300880023d6
:0e23ec00fcf786fb03b05df804fb0120fae766
:020000040000fa
:020000040103f6
:1023fa00036eca6843f002030366b0f84a309b00d2
:0e240a008365528803eb8203c0e916317047e8
:020000040000fa
:020000040103f6
:1024180038b505680446284600f020fa2b6e1b06de
:0e24280004d52046bde83840e8f798ba38bd24
:020000040000fa
:020000040103f6
:1024360010b50023934206d113f0030018bf012004
:0e24460000eb930010bdc45ccc540133f2e7f0
:020000040000fa
:020000040103f6
:10245400434f4e4e3a4c4c206465736320616c6c60
:0d2464006f63206661696c3a2530327800a4
:020000040000fa
:020000040103f6
:10247100434d443a437265617465436f6e6e004526
:0d24810052523a7374617475733d25640006
:020000040000fa
:020000040103f6
:02248e00704795
:020000040000fa
:020000040103f6
:1024900010b5054c0022227040f201114020f7f7e0
:0c24a0006dfd606010bd00bfb4bf0020e7
:020000040000fa
:020000040103f6
:1024ac0008b5a0f500539bb2072b04d8024b1b6850
:0c24bc000bb1c0b2984708bd9cc00020c6
:020000040000fa
:020000040103f6
:1024c8004a68044b1a60044b0a895a8002221a701f
:0c24d80000207047bcc00020c0c00020e5
:020000040000fa
:020000040103f6
:1024e40010b50c46044b19681831fcf7ecfa0121bd
:0c24f4002046e8f759fc10bd10c1002084
:020000040000fa
:020000040103f6
:10250000054b1b6893f821300bb903707047022b01
:0c2510000cbf03230123f8e728c10020c2
:020000040000fa
:020000040103f6
:10251c0008b50089fdf71cfe30b1836d23b108218d
:0c252c00bde80840eff712b9012008bd1f
:020000040000fa
:020000040103f6
:1025380010b50446008902f0eff828b161892089b6
:0c254800bde81040eef72cbc042010bdd4
:020000040000fa
:020000040103f6
:1025540010b50c46f6f7a4fa2378ff2b16bf024bee
:0c256400012033f8100010bda62e02016b
:020000040000fa
:020000040103f6
:1025700010b500f017fc044c10b134f8100010bd79
:0c25800001f0d7f9f9e700bfa62e020118
:020000040000fa
:020000040103f6
:10258c0010b50f230022c45c42ea4402ca54c25c58
:0c259c0013f1ff334fead212f5d210bd4c
:020000040000fa
:020000040103f6
:1025a800054b187029b10a68c3f801208a88a3f876
:0c25b8000520f7f743bf00bf54c000200f
:020000040000fa
:020000040103f6
:1025c40007b501a801f051fd034a019813780133be
:0c25d400137003b05df804fbc2c20020cd
:020000040000fa
:020000040103f6
:1025e000054b1b685b680bb91846704793f8600190
:0c25f0000128fad01b68f6e788c1002023
:020000040000fa
:020000040103f6
:1025fc004144563a7265736368446573632c616435
:0c260c0076457674547970653d256400b5
:020000040000fa
:020000040103f6
:10261800054b1a68c30800f00700d35c23fa00f0e2
:0c26280000f00100704700bf90c10020ce
:020000040000fa
:020000040103f6
:1026340010b5f2f7bbfe00231a4603490220bde899
:0c2644001040f4f7efbb00bf00070100de
:020000040000fa
:020000040103f6
:1026500007b50422019001ab03490220f4f7e4fb23
:0c26600003b05df804fb00bf8106010020
:020000040000fa
:020000040103f6
:10266c0007b50422019001ab03490220f4f7d6fb15
:0c267c0003b05df804fb00bf8206010003
:020000040000fa
:020000040103f6
:1026880070b505460068002428b10668013402f0d8
:0c26980059f83046f8e72860204670bd75
:020000040000fa
:020000040103f6
:1026a40010b5054b53f820300c4613b111462046a3
:0c26b4009847002010bd00bf9cbf002014
:020000040000fa
:020000040103f6
:1026c000024b034a03490448fef70ebf95fa020184
:0c26d00019490201f3de0201f76c02015f
:020000040000fa
:020000040103f6
:1026dc00434d443a4c746b5265714e65675265704c
:0c26ec006c792c48646c3d307825780037
:020000040000fa
:020000040103f6
:1026f8000368084650f8012fc3f8e6214268c3f87a
:0c270800ea21d1f80920c3f8f221704743
:020000040000fa
:020000040103f6
:1027140010b5054b53f820300c4613b11146204632
:0c2724009847002010bd00bf08bd002039
:020000040000fa
:020000040103f6
:1027300053434e3a61646450726952657100534369
:0c2740004e3a6164645365635265710099
:020000040000fa
:020000040103f6
:10274c00036a1b791a1f012a07d8042b01d100f048
:0c275c0005b8018fc06bfef73fbf70474f
:020000040000fa
:020000040103f6
:10276800054b1a6842f440721a601a68d105fcd405
:0c2778001a689205f9d47047103e014128
:020000040000fa
:020000040103f6
:10278400054b02460068186392889a865a6e61f374
:0c27940018625a66704700bf0033014114
:020000040000fa
:020000040103f6
:1027a000054b0268c3f8362082885a875a6e61f357
:0c27b00059625a66704700bf00330141b7
:020000040000fa
:020000040103f6
:1027bc00054bd3f8682f60f31242c3f8682fd3f897
:0c27cc00700f00f0010070470024014174
:020000040000fa
:020000040103f6
:1027d800044b1b6ac3f30723022b9abf024ad05c3f
:0c27e80020207047000a0044513a030111
:020000040000fa
:020000040103f6
:1027f400044b9b79012b04d1034b1b780bb10c3098
:0c28040040b2704780be0020cbc2002014
:020000040000fa
:020000040103f6
:10281000044b9b79012b03d13930a4bf024a1370ba
:0c282000704700bf80be0020cbc200202b
:020000040000fa
:020000040103f6
:10282c0008b56d20fcf72aff024b1880024bff22e3
:0c283c001a7008bd96c20020cdc200201a
:020000040000fa
:020000040103f6
:1028480007b50422019001ab03490120f4f7e8fa27
:0c28580003b05df804fb00bff1040101b7
:020000040000fa
:020000040103f6
:1028640010b50446f9f7d4f8236e23f4f81323f4cf
:0c28740004632366bde81040fdf7aabf16
:020000040000fa
:020000040103f6
:1028800010b5054b1c68f7f729fb20461621bde85b
:0c289000104000f077bb00bff8c1002032
:020000040000fa
:020000040103f6
:10289c0010b5054b1c68f7f71bfb20461721bde84c
:0c28ac00104000f069bb00bff8c1002024
:020000040000fa
:020000040103f6
:1028b80008b501f0d9fd28b1034b1878bde80840e8
:0c28c800e4f7f4b908bd00bfdcc200203a
:020000040000fa
:020000040103f6
:1028d400c0f3080310f4007f40f271224fea902005
:0c28e40002fb003018bf00f59c7070472c
:020000040000fa
:020000040103f6
:1028f00013b50446019201aad8f7e0fd636813f00e
:0c290000100f18bf4ff0ff3002b010bde8
:020000040000fa
:020000040103f6
:10290c0050b140f21d42b0fa80f1521a8840c30a0d
:0c291c00400503eb0251704701007047ba
:020000040000fa
:020000040103f6
:102928004c32433a446174612073656e642c72655d
:0b2938006a20727370206661696c00f9
:020000040000fa
:020000040103f6
:10294300434d443a536574416476456e61626c65e8
:0b2953002c656e61626c653d25640020
:020000040000fa
:020000040103f6
:10295e00434d443a5265616452656d6f74655478a7
:0b296e00506f7765724c6576656c0059
:020000040000fa
:020000040103f6
:10297900434d443a53657453636e456e61626c65a9
:0b2989002c656e61626c653d256400ea
:020000040000fa
:020000040103f6
:1029940000b583b0002300931022fef79af90038a3
:0a29a40018bf012003b05df804fb2a
:020000040000fa
:020000040103f6
:1029ae0010b5fcf792fa38b1044601238371002367
:0a29be00037601f018fce06010bd84
:020000040000fa
:020000040103f6
:1029c800022806d90438c0b202288cbf0020012092
:0a29d8007047003818bf0120704757
:020000040000fa
:020000040103f6
:1029e200434d443a5365745363616e52737044614c
:0a29f20074612c6c656e3d256400d5
:020000040000fa
:020000040103f6
:1029fc0003680b6023b943684b60196041607047f2
:0a2a0c0048600368596001607047dc
:020000040000fa
:020000040103f6
:102a16000346006840b1026812b9c3e90023704753
:0a2a260053601a6812681a607047c6
:020000040000fa
:020000040103f6
:102a300010b504460830fef7e6f928b181b2204609
:0a2a4000bde81040fef7b9b910bd63
:020000040000fa
:020000040103f6
:102a4a00037b417b1a0748bf043123f00803037351
:0a2a5a0048bfc9b20069fff73aba9d
:020000040000fa
:020000040103f6
:102a640010b5837904461bb1c06808b101f06cfe4f
:0a2a74002046bde8104001f067bee7
:020000040000fa
:020000040103f6
:102a7e0010b50446006801f0b6f928b120461221bf
:0a2a8e00bde81040fff776bc10bd54
:020000040000fa
:020000040103f6
:102a980038b50d4614460021182200f0a9fe40f270
:0a2aa8000112c5600281448138bdaf
:020000040000fa
:020000040103f6
:102ab20001fb00f211b9b2fbf0f07047b0fbf1f389
:0a2ac20001fb130308461946f4e770
:020000040000fa
:020000040103f6
:102acc0008b590f8c8319b0705d500f5e770fbf702
:0a2adc00a1f80439c9b2084608bd8c
:020000040000fa
:020000040103f6
:102ae60008b5014618b1012804d0002008bdf7f743
:0a2af600fcfdfae7eef729f8f7e718
:020000040000fa
:020000040103f6
:102b000052433a53757370656e645265712c20722e
:092b10006f756e643a2025640023
:020000040000fa
:020000040103f6
:102b1900010102010201050201060202020102018c
:092b29000101010102060201068e
:020000040000fa
:020000040103f6
:022b32007047ea
:020000040000fa
:020000040103f6
:102b340008b5034b18600348d4f762fa08bd00bf18
:082b44009cc00020ad24030138
:020000040000fa
:020000040103f6
:102b4c00f9380201252c030135330301d5ac010101
:082b5c00f145030149330301b7
:020000040000fa
:020000040103f6
:102b640008b500231a4619460068e0f76dfc0128f1
:082b740014bf0020012008bd80
:020000040000fa
:020000040103f6
:102b7c0003680bb10020704710b504460120fef726
:082b8c00b5fa2060012010bd24
:020000040000fa
:020000040103f6
:102b940008b500231a4619460068e0f755fc0128d9
:082ba40014bf0020012008bd50
:020000040000fa
:020000040103f6
:102bac0010b50446084611460022f7f7e1f92060fb
:082bbc00003818bf012010bd14
:020000040000fa
:020000040103f6
:102bc40010b504460b461146186800f065f82060fd
:082bd400003818bf012010bdfc
:020000040000fa
:020000040103f6
:102bdc0008b5044b1b681bb1024b58681b6898471f
:082bec0008bd00bfccbf0020b2
:020000040000fa
:020000040103f6
:102bf40008b503460846034a13640121fcf752f959
:082c0400012008bd0006004498
:020000040000fa
:020000040103f6
:102c0c00044a9368d06883423ebf024a12699b18fb
:082c1c00181a70473cbc0020af
:020000040000fa
:020000040103f6
:102c2400044bd86a9b6a984282bf024a126b9b1873
:082c3400181a70473cbc002097
:020000040000fa
:020000040103f6
:102c3c000246044b93f8340083f8342083f83c109c
:082c4c00704700bf3cbc0020f2
:020000040000fa
:020000040103f6
:102c5400044b186880ea403080ea504080ea401013
:082c640018607047c8c0002091
:020000040000fa
:020000040103f6
:102c6c00034b044a92e8030083e80300704700bf5b
:082c7c00d4bf002000000f018d
:020000040000fa
:020000040103f6
:102c8400034b1b680360034b1b684360704700bf22
:082c9400e8c00020fcc0002094
:020000040000fa
:020000040103f6
:102c9c0000b583b00a460023019301a9e4f760fc58
:082cac00019803b05df804fb80
:020000040000fa
:020000040103f6
:102cb400253b0301153b0301c55d020145400301aa
:082cc40085c80201f54403017b
:020000040000fa
:020000040103f6
:102ccc0038b500250446c563a0f84450006c10b11b
:082cdc0001f036fd256438bd4e
:020000040000fa
:020000040103f6
:102ce400042806d8034b00f1804001381b6843f8e0
:082cf400201070474cc10020c4
:020000040000fa
:020000040103f6
:102cfc00044a136803605368436093688360d36825
:082d0c00c360704734bf0020d2
:020000040000fa
:020000040103f6
:102d1400044a036813604368536083689360c3681c
:082d2400d360704734bf0020aa
:020000040000fa
:020000040103f6
:102d2c004d454d2c416c6c6f63206661696c65641c
:082d3c002c6c656e3d2564005e
:020000040000fa
:020000040103f6
:102d440018b9034b43f821207047024bfae700bf40
:082d540014c000208cbd00201a
:020000040000fa
:020000040103f6
:102d5c00044b4ff080521a60bff34f8fbff36f8f4d
:082d6c00704700bf04ed00e018
:020000040000fa
:020000040103f6
:102d7400044b4022c3f80421bff34f8fbff36f8f7e
:082d8400704700bf00e100e010
:020000040000fa
:020000040103f6
:102d8c008b784a781b0403eb02230a781344ca7825
:082d9c0003eb026303607047c2
:020000040000fa
:020000040103f6
:102da40008b5f5f701ff30b901f0e2fc18b9bde848
:082db4000840fbf7b9bd08bda2
:020000040000fa
:020000040103f6
:102dbc0008b5f5f74dff30b9f1f7e4fd18b9bde8ea
:082dcc000840f9f7e7bb08bd60
:020000040000fa
:020000040103f6
:102dd4000138c0b206289abf024b185c4ff4fa704f
:082de400704700bf8f46030198
:020000040000fa
:020000040103f6
:102dec0008b50146406800f0a7ff20b98868bde827
:082dfc00084000f0a1bf08bd72
:020000040000fa
:020000040103f6
:102e0400044ad2e90231994238bf01f20161cb1a76
:082e14001361704738be002075
:020000040000fa
:020000040103f6
:102e1c00034b0b221a70034bcd221a8001f044b9dc
:082e2c00c5c2002088c200208d
:020000040000fa
:020000040103f6
:102e340008b5044b00221a60f3f79af8bde808407d
:082e4400eef768bb98c1002005
:020000040000fa
:020000040103f6
:102e4c00431eaa21023000bf13f8012f4a408342cf
:082e5c001a71f9d1704700bfa3
:020000040000fa
:020000040103f6
:102e6400494e493a436c6f736500494e493a43529f
:082e74003d3078253032780072
:020000040000fa
:020000040103f6
:102e7c00036893f8ac2132b993f8ae31213b012ba6
:082e8c0001d9f9f7d9be704726
:020000040000fa
:020000040103f6
:102e940010b50446006800f0abff20b12046bde841
:082ea4001040fdf7a9b810bdb4
:020000040000fa
:020000040103f6
:102eac0008b50368d3f88421d20703d493f8b3117f
:082ebc0000f054fd012008bde7
:020000040000fa
:020000040103f6
:102ec4000368ca88a3f81c2251f8012fc3f81622fc
:082ed4000a7983f81a22704705
:020000040000fa
:020000040103f6
:102edc0003684a7883f868228a7883f86922b1f803
:082eec000320a3f86a227047dd
:020000040000fa
:020000040103f6
:102ef4000368194491f970027e2804bf014b93f9c9
:082f04000100704780be0020af
:020000040000fa
:020000040103f6
:102f0c0038b505460c46097bf1f75efa2146284692
:082f1c00bde8384001f0cebb16
:020000040000fa
:020000040103f6
:102f240010b5b42001f00efc044618b1b4220021ff
:082f340000f060fc204610bd16
:020000040000fa
:020000040103f6
:102f3c000246044b0068516803c39068d16803c310
:082f4c00704700bfa0340141f1
:020000040000fa
:020000040103f6
:102f540010f1310f06da503104db002a0cbf1120c6
:082f64000020704711207047a6
:020000040000fa
:020000040103f6
:102f6c00037c1bb190f93000e5f71abc014b93f9c7
:082f7c000000f9e780be00200f
:020000040000fa
:020000040103f6
:102f840007b50422019001ab41f483310020f3f72b
:082f940049ff03b05df804fbe6
:020000040000fa
:020000040103f6
:102f9c000379042b0cbf024b024b1b68184700bf74
:082fac00fcc5002000c6002056
:020000040000fa
:020000040103f6
:102fb4004ab1431e84460a4411f8010b03f8010f79
:082fc4009142f9d1604670470b
:020000040000fa
:020000040103f6
:102fcc0003783bb1034600bf13f8012f002afbd155
:082fdc00181a704718467047ef
:020000040000fa
:020000040103f6
:102fe400416e63686f72204d6f76653a48646c3d3c
:072ff400307825303478002d
:020000040000fa
:020000040103f6
:102ffc0008b5037823b1012b04d1e1f780fa01e085
:06300c00e0f759fe08bdcb
:020000040000fa
:020000040103f6
:1030120010b50446e2f7c1fa2046d6f7d2ff2046a1
:06302200def773fc10bd97
:020000040000fa
:020000040103f6
:1030280010b50446807a01f08df800b110bd204635
:06303800f3f716f9fae7b8
:020000040000fa
:020000040103f6
:10303e0008b520b1012804d1fef767fe01e000f0cb
:06304e005afd002008bd40
:020000040000fa
:020000040103f6
:1030540000f1080343604ff0ff328260c3600361f4
:0630640000230360704729
:020000040000fa
:020000040103f6
:10306a004ff0e02300221a619a614ff6ff125a616b
:06307a0007221a617047f5
:020000040000fa
:020000040103f6
:1030800010b50446fef748fea46b00f099f9b4fab7
:0630900084f0400910bdb0
:020000040000fa
:020000040103f6
:103096000389b3f5706f04d2418911b11846f6f76a
:0630a60012bd032070477b
:020000040000fa
:020000040103f6
:1030ac0003460089b0f5706f03d2d3e90312f4f72d
:0630bc0053bc0320704725
:020000040000fa
:020000040103f6
:1030c200036833b100201b68013080b2002bfad1b3
:0630d2007047184670472c
:020000040000fa
:020000040103f6
:1030d80010b50a685478137803eb042303800b684f
:0630e80002330b6010bd75
:020000040000fa
:020000040103f6
:1030ee00434d443a536574416476446174612c6c6b
:0630fe00656e3d25640033
:020000040000fa
:020000040103f6
:1031040003681bb119791a6811b102601846704737
:0631140018461346f5e722
:020000040000fa
:020000040103f6
:10311a00036833b15a891989914206bf1a68026055
:06312a0000231846704767
:020000040000fa
:020000040103f6
:1031300008b50b7913f0300f0cbf0430083000f0e5
:06314000b2ff002008bdf3
:020000040000fa
:020000040103f6
:10314600222303fb0101b1f86030502b28bf502326
:06315600a1f85e30704795
:020000040000fa
:020000040103f6
:10315c0010b5046894f8b511fef787fc10b1032381
:06316c0084f8ac3110bd37
:020000040000fa
:020000040103f6
:1031720010b50468022384f8ac31f7f726fe08b9cb
:0631820084f8ac0110bd51
:020000040000fa
:020000040103f6
:1031880010b500210446f3f7dffb20460021fcf7c9
:06319800c7f8012010bd84
:020000040000fa
:020000040103f6
:10319e0010b500210446fcf714ff20460021f3f77a
:0631ae00d0fb012010bd62
:020000040000fa
:020000040103f6
:1031b400036893f86430012b02d10921ecf7f2bfc4
:0631c4000821fef767bcc4
:020000040000fa
:020000040103f6
:1031ca00036893f8ac2192065abf93f8ae01c0f394
:0631da00401001207047c7
:020000040000fa
:020000040103f6
:1031e00007b50b4601900022012101a8e4f766ff14
:0631f00003b05df804fbd2
:020000040000fa
:020000040103f6
:1031f6000023c0f8253090f8a631002b14bf002319
:063206000223037670476d
:020000040000fa
:020000040103f6
:10320c00034690f80b0129b920b993f80d0108b9c0
:06321c0093f80c0170475d
:020000040000fa
:020000040103f6
:1032220010b50c4601f023f920b12046bde810404c
:06323200e3f73fbd10bdf3
:020000040000fa
:020000040103f6
:1032380010b50446e6f7acfa2046f0f753fabde8b5
:063248001040fff735bb4a
:020000040000fa
:020000040103f6
:10324e0040f271224000b0fbf2f302fb13005b026e
:06325e0043ea5000704736
:020000040000fa
:020000040103f6
:1032640068076c094c836a9074a07ac000806888ef
:0632740000846c82008161
:020000040000fa
:020000040103f6
:10327a00544d522c5374617274206e756c6c2069b3
:05328a006e7075740078
:020000040000fa
:020000040103f6
:10328f00434d443a53657444656661756c74506878
:05329f0079436d64009d
:020000040000fa
:020000040103f6
:1032a400434d443a437265617465436f6e6e436186
:0532b4006e63656c0073
:020000040000fa
:020000040103f6
:1032ba0010b50446c06820b101f091f90023e3601b
:0432ca00637210bd5e
:020000040000fa
:020000040103f6
:1032ce0008b520b1012804d100f073f801e0dff752
:0432de00d2fd08bd58
:020000040000fa
:020000040103f6
:1032e20010b50446084600f096ff2060003818bf6b
:0432f200012010bdea
:020000040000fa
:020000040103f6
:1032f60008b509680068fdf7fefc012814bf002028
:04330600012008bddd
:020000040000fa
:020000040103f6
:10330a0008b500230068e0f79cf8012814bf0020e4
:04331a00012008bdc9
:020000040000fa
:020000040103f6
:02331e007047f6
:020000040000fa
:020000040103f6
:1033200008b5034b186b0021fbf7befd08bd00bfbd
:04333000000600444f
:020000040000fa
:020000040103f6
:1033340010b5034b1c6bfff773fc013c201a10bd46
:043344003cbc00206d
:020000040000fa
:020000040103f6
:1033480010b5034b1c69fff75dfc013c201a10bd4a
:043358003cbc002059
:020000040000fa
:020000040103f6
:10335c0008b54ff0ff31083000f0b8fa003818bf4c
:04336c00012008bd77
:020000040000fa
:020000040103f6
:1033700008b5a8220021024800f03efa08bd00bfaf
:04338000e8b600208b
:020000040000fa
:020000040103f6
:1033840008b5fbf7bffd03289abfc0f10400c0b223
:04339400002008bd50
:020000040000fa
:020000040103f6
:10339800034b186810b1836c01338364704700bf16
:0433a80010c1002030
:020000040000fa
:020000040103f6
:1033ac00dff80c00016841f4700101607047000007
:0433bc0088ed00e0b8
:020000040000fa
:020000040103f6
:1033c000034a1368013b13600bb983f311887047fc
:0433d000f8c500201c
:020000040000fa
:020000040103f6
:1033d40008b5002202491046fcf7a2fa08bd00bf56
:0433e4009d460301fe
:020000040000fa
:020000040103f6
:1033e8000389b3f5706f03d2c1681846f5f7b6be06
:0433f80003207047f7
:020000040000fa
:020000040103f6
:1033fc000389b3f5706f03d2c1681846f5f7c8bae4
:04340c0003207047e2
:020000040000fa
:020000040103f6
:10341000034b1b6853f82030104653f821301847ef
:043420002cc100209b
:020000040000fa
:020000040103f6
:1034240010b504460621f3f7f5f9637903f03f0379
:04343400637110bdf3
:020000040000fa
:020000040103f6
:1034380008b5034b1b689b689847002008bd00bf70
:0434480030c100206f
:020000040000fa
:020000040103f6
:10344c00034b53f82030104653f82130184700bf77
:04345c00f4bf002099
:020000040000fa
:020000040103f6
:1034600008b5034b1b689881e4f7a8fd002008bd50
:043470003cc100203b
:020000040000fa
:020000040103f6
:103474001346427a12b1827ad20702d45222e2f778
:04348400bbb9704719
:020000040000fa
:020000040103f6
:1034880008b5fef72fff024b33f8100008bd00bf48
:04349800a62e020159
:020000040000fa
:020000040103f6
:10349c0008b500f051fa024b33f8100008bd00bf1c
:0434ac00a62e020145
:020000040000fa
:020000040103f6
:1034b00008b5faf765fa024b33f8100008bd00bff3
:0434c000a62e020131
:020000040000fa
:020000040103f6
:1034c40008b5faf73ffa024b33f8100008bd00bf05
:0434d400a62e02011d
:020000040000fa
:020000040103f6
:1034d80008b500f039ff024b33f8100008bd00bff3
:0434e800a62e020109
:020000040000fa
:020000040103f6
:1034ec0008b5f5f7adfa024b33f8100008bd00bf74
:0434fc00a62e0201f5
:020000040000fa
:020000040103f6
:1035000008b5fff75bfc024b33f8100008bd00bfa5
:04351000a62e0201e0
:020000040000fa
:020000040103f6
:1035140030b50023c45ccd5c6c40d4540133102b13
:04352400f8d130bded
:020000040000fa
:020000040103f6
:1035280000230b60036813b901604160704743686a
:043538001960fae735
:020000040000fa
:020000040103f6
:10353c004d6963726f636869704368696d65726128
:04354c004144445260
:020000040000fa
:020000040103f6
:103550004d53472c476574206661696c2c6c656e11
:043560003d256400a1
:020000040000fa
:020000040103f6
:103564005359530000484f5354004c484349004cae
:043574004d00000006
:020000040000fa
:020000040103f6
:10357800544d522c53746f70206e756c6c20696eac
:0435880070757400e6
:020000040000fa
:020000040103f6
:10358c0001390244824200d1704711f8013f02f820
:04359c00013df7e70f
:020000040000fa
:020000040103f6
:1035a00038b50c4609681546fff704fd22682a4421
:0435b000226038bda0
:020000040000fa
:020000040103f6
:1035b40038b5044600681546fff7fafc22682a4429
:0435c400226038bd8c
:020000040000fa
:020000040103f6
:1035c800034b1b6853f8e02f02609b888380704789
:0435d80094c100207a
:020000040000fa
:020000040103f6
:1035dc00d0f8783123b10023c0f878311846704701
:0435ec000120704703
:020000040000fa
:020000040103f6
:1035f000034b1878072894bf00200120704700bfb4
:04360000c6c200201e
:020000040000fa
:020000040103f6
:1036040008b5102001f09ef818b10023838083715f
:04361400c36008bdca
:020000040000fa
:020000040103f6
:10361800034b1b6853f8d02f02611b790375704761
:0436280054c2002068
:020000040000fa
:020000040103f6
:10362c0010b50446f5f7befe18b12368122283f8d4
:04363c00ac2110bdf0
:020000040000fa
:020000040103f6
:10364000024b1860024b1960704700bfc0c10020d8
:04365000b8c10020dd
:020000040000fa
:020000040103f6
:10365400036893f8643013b90321e4f718b910210f
:04366400e6f76cba5f
:020000040000fa
:020000040103f6
:103668000138c0b207289abf014b185cff20704789
:0436780060460301a4
:020000040000fa
:020000040103f6
:10367c0010b5034c206801f063f80023236010bde3
:04368c00d8c1002081
:020000040000fa
:020000040103f6
:1036900010b5d0e900230c6804604c684460c1e9af
:0436a000002310bd36
:020000040000fa
:020000040103f6
:1036a40052433a436c6561724362207265713a25f4
:0436b4003038780032
:020000040000fa
:020000040103f6
:1036b80052433a53757370656e6443622072657144
:0436c8003a25780027
:020000040000fa
:020000040103f6
:1036cc00534d503a47656e206b65792c66342066f5
:0436dc0061696c00b4
:020000040000fa
:020000040103f6
:1036e000534d503a47656e206b65792c66352066e0
:0436f00061696c00a0
:020000040000fa
:020000040103f6
:1036f400534d503a47656e206b65792c66362066cb
:0437040061696c008b
:020000040000fa
:020000040103f6
:10370800534d503a47656e206b65792c67322066b9
:0437180061696c0077
:020000040000fa
:020000040103f6
:10371c0008b5fbf76bff18b101230372002008bd3d
:04372c000320fce793
:020000040000fa
:020000040103f6
:10373000034b53f82030104653f82130184700bf90
:043740004cc0002059
:020000040000fa
:020000040103f6
:10374400034b1b681878a0f1ff0358425841704797
:043754000cc2002083
:020000040000fa
:020000040103f6
:10375800034b1b681878b0fa80f04009704700bf27
:043768000cc200206f
:020000040000fa
:020000040103f6
:10376c00034b1b681b7823fa00f000f00100704734
:04377c000cc200205b
:020000040000fa
:020000040103f6
:10378000034b1a68000c60f31f421a60704700bfb9
:0437900000240141cf
:020000040000fa
:020000040103f6
:1037940008b5034b00681b689847002008bd00bfac
:0437a40020c200201f
:020000040000fa
:020000040103f6
:1037a800b0f84e30b0f84a20db00b3fbf2f3c0e9c2
:0437b8002033704703
:020000040000fa
:020000040103f6
:1037bc0008b50368d3f87c3113b91121fff7e8fb86
:0437cc00002008bd14
:020000040000fa
:020000040103f6
:1037d000024b00201860024b1870704758c200203e
:0437e000dfc2002024
:020000040000fa
:020000040103f6
:1037e4002f3a030137240301ad470301ad47030119
:0437f400ad470301d9
:020000040000fa
:020000040103f6
:1037f80032b1c9b20244034603f8011b9a42fbd115
:04380800704700bf46
:020000040000fa
:020000040103f6
:10380c00034600bf11f8012b184603f8012b002ac0
:04381c00f8d1704728
:020000040000fa
:020000040103f6
:10382000434d443a536574525041544f2c544f3dcc
:033830002564000c
:020000040000fa
:020000040103f6
:1038330053434e3a4644436163686546726565285f
:0338430032290027
:020000040000fa
:020000040103f6
:103846004348433a616464205265712c5065723d69
:03385600256400e6
:020000040000fa
:020000040103f6
:10385a0008b50378122b00d008bd406800f0bffeff
:02386a00fae77b
:020000040000fa
:020000040103f6
:10386c0008b511461a4600f004f8003818bf0120bc
:02387c0008bd85
:020000040000fa
:020000040103f6
:10387e0020b108b500f0d8fb002008bd6ff0ac00f9
:02388e00704781
:020000040000fa
:020000040103f6
:103890004ff0200383f31188bff36f8fbff34f8f77
:0238a000fee741
:020000040000fa
:020000040103f6
:1038a2004ff0200383f31188bff36f8fbff34f8f65
:0238b200fee72f
:020000040000fa
:020000040103f6
:1038b40008b50068e1f7cef8012814bf0020012004
:0238c40008bd3d
:020000040000fa
:020000040103f6
:1038c60008b5006800f029f8ff2828bfff20c0b21d
:0238d60008bd2b
:020000040000fa
:020000040103f6
:1038d80008b50068e1f7bcf8012814bf00200120f2
:0238e80008bd19
:020000040000fa
:020000040103f6
:1038ea0008b50068e3f73dfe012814bf0020012057
:0238fa0008bd07
:020000040000fa
:020000040103f6
:1038fc0008b5006800f092fb012814bf00200120dd
:02390c0008bdf4
:020000040000fa
:020000040103f6
:10390e0010b5fbf7e2fa18b1044600f06cfce0606b
:02391e0010bdda
:020000040000fa
:020000040103f6
:1039200010b50446fef7f8f9a46bfff749fd2046f1
:0239300010bdc8
:020000040000fa
:020000040103f6
:1039320008b5f6f7f2f818b9bde80840faf773bf10
:0239420008bdbe
:020000040000fa
:020000040103f6
:1039440008b5f6f761f918b9bde80840fbf706b801
:0239540008bdac
:020000040000fa
:020000040103f6
:10395600434d443a5264416476412c68646c3d257b
:023966006400fb
:020000040000fa
:020000040103f6
:103968000368162983f89d1101d1fef76dbefef795
:0239780079be16
:020000040000fa
:020000040103f6
:10397a000346006820b102681a600ab95b607047a2
:02398a00704784
:020000040000fa
:020000040103f6
:10398c004389092b9abf03f1ff33dbb20823c371c0
:02399c00704772
:020000040000fa
:020000040103f6
:10399e0010b50468ebf709fd10b1052384f8ac31be
:0239ae0010bd4a
:020000040000fa
:020000040103f6
:1039b00010b50468f6f77dff10b1132384f8ac311d
:0239c00010bd38
:020000040000fa
:020000040103f6
:1039c200012805d0022803d0042814bf01200320b7
:0239d20070473c
:020000040000fa
:020000040103f6
:1039d40001680b69c1f8ac308b6a0bb1086a1847ef
:0239e40070472a
:020000040000fa
:020000040103f6
:1039e60010b5841a64024cbf501ac01ac0f3805036
:0239f60010bd02
:020000040000fa
:020000040103f6
:1039f80090f8c831db0703d500f2c910faf70cb903
:023a0800704705
:020000040000fa
:020000040103f6
:103a0a0010b50446f1f7e9ff2046bde81040faf781
:023a1a0054bf97
:020000040000fa
:020000040103f6
:103a1c000001020002010100020102000200010289
:023a2c00010097
:020000040000fa
:020000040103f6
:103a2e000a440023914201d10020704701f8013b66
:023a3e00f8e7a7
:020000040000fa
:020000040103f6
:103a4000022900000000000000000000000000004b
:013a50000273
:020000040000fa
:020000040103f6
:033a5100604030a2
:020000040000fa
:020000040103f6
:103a54007e3b07ff1c51492fb3398a4c43535349ca
:013a64001051
:020000040000fa
:020000040103f6
:023a6500052a30
:020000040000fa
:020000040103f6
:103a6800b39b7234beecd4a8f44341884353534902
:013a7800103d
:020000040000fa
:020000040103f6
:023a7a00050045
:020000040000fa
:020000040103f6
:103a7c00022900000000000000000000000000000f
:013a8c000237
:020000040000fa
:020000040103f6
:023a8e00050031
:020000040000fa
:020000040103f6
:103a900016962447c62361bad94b4d1e435353494a
:013aa0001015
:020000040000fa
:020000040103f6
:103aa100434d443a47656e5075624b6579436d6489
:013ab1000014
:020000040000fa
:020000040103f6
:103ab20008b5e7f746fdf4f71efafbf784fa08bdee
:020000040000fa
:020000040103f6
:023ac200292bae
:020000040000fa
:020000040103f6
:103ac40008b509210148f8f735ff08bd24c50020d1
:020000040000fa
:020000040103f6
:103ad400024b186800f44050704700bf00060044d1
:020000040000fa
:020000040103f6
:103ae400024b1868c0f3c030704700bf00060044a2
:020000040000fa
:020000040103f6
:103af40010b9024b187970470320704790bf00201b
:020000040000fa
:020000040103f6
:103b0400024a136801331360704700bfd8c0002015
:020000040000fa
:020000040103f6
:103b1400806803781f2b01d8f8f748bf032070474b
:020000040000fa
:020000040103f6
:103b2400806803781f2b01d8f8f722bf0320704761
:020000040000fa
:020000040103f6
:103b3400024b1b68d3f88431184700bf28c100200a
:020000040000fa
:020000040103f6
:103b4400024b1b68d3f88831184700bf28c10020f6
:020000040000fa
:020000040103f6
:103b5400024b1b68d3f89031184700bf28c10020de
:020000040000fa
:020000040103f6
:103b6400024b1b68d3f87831184700bf28c10020e6
:020000040000fa
:020000040103f6
:103b7400024b1b68d3f89431184700bf28c10020ba
:020000040000fa
:020000040103f6
:103b8400024b1b68d3f87c31184700bf28c10020c2
:020000040000fa
:020000040103f6
:103b9400024b1b68d3f89831184700bf28c1002096
:020000040000fa
:020000040103f6
:103ba400024b1b6843f82010704700bf2cc1002053
:020000040000fa
:020000040103f6
:103bb40008b500231a461946edf7d4fbc0b208bd78
:020000040000fa
:020000040103f6
:103bc400024b104653f82130184700bfb4e40201f9
:020000040000fa
:020000040103f6
:103bd40000000100030001000100010001000200d7
:020000040000fa
:020000040103f6
:103be40003681bb11a68026002b942601846704744
:020000040000fa
:020000040103f6
:103bf400024b01221a700020704700bfd2c200207d
:020000040000fa
:020000040103f6
:103c0400437df02b01d100f00bb890f86c007047a5
:020000040000fa
:020000040103f6
:103c1400024b1b6803eb8000416270478cc100209b
:020000040000fa
:020000040103f6
:103c2400024b1b6893f8e600704700bf94c1002064
:020000040000fa
:020000040103f6
:103c3400024b1b6883f80301704700bf94c1002046
:020000040000fa
:020000040103f6
:103c4400024b1b6883f80401704700bf94c1002035
:020000040000fa
:020000040103f6
:103c5400024b1b6893f80401704700bf94c1002015
:020000040000fa
:020000040103f6
:103c6400024b1b68b3f80001704700bf94c10020e9
:020000040000fa
:020000040103f6
:103c7400024b1b68c3f84401704700bf94c1002085
:020000040000fa
:020000040103f6
:103c8400024b1b68c3f84801704700bf94c1002071
:020000040000fa
:020000040103f6
:103c9400024b1b68c3e94b00704700bf94c100206e
:020000040000fa
:020000040103f6
:103ca400024b1b68c3f84c01704700bf94c100204d
:020000040000fa
:020000040103f6
:103cb400024b1b68c3f85001704700bf94c1002039
:020000040000fa
:020000040103f6
:103cc400024b1b68c3f85401704700bf94c1002025
:020000040000fa
:020000040103f6
:103cd400024b1b68c3f85801704700bf94c1002011
:020000040000fa
:020000040103f6
:103ce400024b1b68c3f85c01704700bf94c10020fd
:020000040000fa
:020000040103f6
:103cf400024b1b68c3f86401704700bf94c10020e5
:020000040000fa
:020000040103f6
:103d0400024b1b68c3f86801704700bf94c10020d0
:020000040000fa
:020000040103f6
:103d1400024b1b68c3f86c01704700bf94c10020bc
:020000040000fa
:020000040103f6
:103d2400024b1b68c3f87001704700bf94c10020a8
:020000040000fa
:020000040103f6
:103d3400434d443a47656e44684b6579436d64006e
:020000040000fa
:020000040103f6
:103d440028b1028943899a4201d10068f8e7704793
:020000040000fa
:020000040103f6
:103d540008b500f043fb10b100f0f6fc012008bdeb
:020000040000fa
:020000040103f6
:103d640008b5fff74df8014808bd00bf38be002074
:020000040000fa
:020000040103f6
:103d740008b51c2000f0e6fc08b10223037308bd5b
:020000040000fa
:020000040103f6
:103d840008b5182000f0defc08b10123037308bd58
:020000040000fa
:020000040103f6
:103d9400434d443a5265616452737369436d6400e0
:020000040000fa
:020000040103f6
:103da40008b5fdf757fb00280cbf0c20002008bd08
:020000040000fa
:020000040103f6
:103db40001490248fff742bcf1e602015d6d0201d0
:020000040000fa
:020000040103f6
:103dc40003684a7883f86e228a7883f86f227047f2
:020000040000fa
:020000040103f6
:103dd40003684a7883f8b2218a7883f8b32170475c
:020000040000fa
:020000040103f6
:103de40003684a7883f865228a7883f866227047e4
:020000040000fa
:020000040103f6
:103df400d0f8ac3113f0ff1f0cbf01200020704736
:020000040000fa
:020000040103f6
:103e040007b5019001a8e2f7cdfa03b05df804fb11
:020000040000fa
:020000040103f6
:103e140007b5019001a8e9f7e9fa03b05df804fbde
:020000040000fa
:020000040103f6
:103e2400024b1b6893f83403704700bfecc10020b9
:020000040000fa
:020000040103f6
:103e3400024b1b68d86000f06dbc00bffcc10020c1
:020000040000fa
:020000040103f6
:103e4400be83605adb0b376038a5f5aa9183886c72
:020000040000fa
:020000040103f6
:103e5400024b1a8860f308221a807047183e014109
:020000040000fa
:020000040103f6
:103e6400024b1a8860f349221a807047183e0141b8
:020000040000fa
:020000040103f6
:103e7400024b1b681844c078704700bf0cc2002076
:020000040000fa
:020000040103f6
:103e840000f0fd00012802d10846f7f737bf70475c
:020000040000fa
:020000040103f6
:103e9400024a0b210020f8f71fbe00bfbd16030124
:020000040000fa
:020000040103f6
:103ea400024a0c210020f8f717be00bfb920030115
:020000040000fa
:020000040103f6
:103eb400024a0d210020f8f70fbe00bfe1160301ee
:020000040000fa
:020000040103f6
:103ec400024a04210120f8f707be00bf05170301c9
:020000040000fa
:020000040103f6
:103ed40008b50b46c1b21846fff75ef8002008bdce
:020000040000fa
:020000040103f6
:103ee400d0f87831987a0a289cbf0130c0b2704764
:020000040000fa
:020000040103f6
:103ef400024b93f90000e4f757bc00bf80be0020da
:020000040000fa
:020000040103f6
:103f0400024b93f90000e4f74fbc00bf80be0020d1
:020000040000fa
:020000040103f6
:103f1400024b00eb400003eb40007047aebc0020b6
:020000040000fa
:020000040103f6
:103f2400024b1a6802609b888380704767c0002038
:020000040000fa
:020000040103f6
:103f340040f2fc7303ea8003400a13800860704770
:020000040000fa
:020000040103f6
:103f4400024a08210220f8f7c7bd00bfdd170301ac
:020000040000fa
:020000040103f6
:103f5400024a09210220f8f7bfbd00bf51cf020178
:020000040000fa
:020000040103f6
:103f6400024a0a210220f8f7b7bd00bfd921030194
:020000040000fa
:020000040103f6
:103f7400024a0d210020f8f7afbd00bf011803016c
:020000040000fa
:020000040103f6
:103f8400024a08210220f8f7a7bd00bf2518030143
:020000040000fa
:020000040103f6
:103f9400024a09210220f8f79fbd00bf4918030116
:020000040000fa
:020000040103f6
:103fa400024a0a210220f8f797bd00bf6d180301e9
:020000040000fa
:020000040103f6
:103fb400024a0d210020f8f78fbd00bf91180301bc
:020000040000fa
:020000040103f6
:0f3fc400000102030304050506070707070708a6
:020000040000fa
:020000040103f6
:0f3fd300434d443a52656164506879436d640010
:020000040000fa
:020000040103f6
:0e3fe20008b50020def7d5faf4f7e9fffce79a
:020000040000fa
:020000040103f6
:0e3ff00010b50c46faf770ff00b1047110bd59
:020000040000fa
:020000040103f6
:0e3ffe0008b5faf76aff08b10122427108bd4a
:020000040000fa
:020000040103f6
:0e400c0010b50c46faf762ff00b1c47010bd8b
:020000040000fa
:020000040103f6
:0e401a0008b5fcf7c2fa003818bf012008bd37
:020000040000fa
:020000040103f6
:0e402800836bc06b984214bf002001207047cc
:020000040000fa
:020000040103f6
:0e40360008b513460a461946eaf73bfa08bddc
:020000040000fa
:020000040103f6
:0e404400037a4189181c18bf0120f2f7dbb97e
:020000040000fa
:020000040103f6
:0e405200827a90f9091090f90800fff746ba3b
:020000040000fa
:020000040103f6
:0e40600010b504460830f6f709f9208010bdaf
:020000040000fa
:020000040103f6
:0e406e00eff31083036072b6bff35f8f7047ed
:020000040000fa
:020000040103f6
:0e407c000b681b7803700b6801330b607047f4
:020000040000fa
:020000040103f6
:0e408a0000230b6043684b6019604160704773
:020000040000fa
:020000040103f6
:0e409800434d443a526561645478507772008b
:020000040000fa
:020000040103f6
:0e40a600036813b90160184670471846f8e722
:020000040000fa
:020000040103f6
:0e40b40008b5fdf7bdf9bde80840f5f7f9b80d
:020000040000fa
:020000040103f6
:0e40c2004556543a69643d3078253034780014
:020000040000fa
:020000040103f6
:0e40d0004348433a434820496e642c2564005f
:020000040000fa
:020000040103f6
:0e40de0008b5fcf73cf808b190f8560008bd94
:020000040000fa
:020000040103f6
:0e40ec000707111102110b11081102411102f8
:020000040000fa
:020000040103f6
:0e40fa0090f8c83103f0010380f823307047be
:020000040000fa
:020000040103f6
:0e41080010b50446fef76efec4f8a00010bd10
:020000040000fa
:020000040103f6
:0e411600a0f14103192b98bf40f02000704724
:020000040000fa
:020000040103f6
:0e412400a0f16103192b98bf00f05f007047f7
:020000040000fa
:020000040103f6
:0c41320008b500210120f9f7bef808bd17
:020000040000fa
:020000040103f6
:0c413e0008b500210120f9f7b8f808bd11
:020000040000fa
:020000040103f6
:02414a002a2b1e
:020000040000fa
:020000040103f6
:0c414c00014b187000207047a7c2002033
:020000040000fa
:020000040103f6
:0c415800014b01221a707047a7c2002022
:020000040000fa
:020000040103f6
:0c416400014b1860704700bfa8c000208d
:020000040000fa
:020000040103f6
:0c417000014b1860704700bfacc000207d
:020000040000fa
:020000040103f6
:0c417c00014b1860704700bfb0c000206d
:020000040000fa
:020000040103f6
:0c4188005c0c0301e4fc020100000000dc
:020000040000fa
:020000040103f6
:0c4194000000000003000000000000001c
:020000040000fa
:020000040103f6
:0c41a00008b50421faf780fe012008bddc
:020000040000fa
:020000040103f6
:0c41ac0008b1014a906370473cbc002041
:020000040000fa
:020000040103f6
:0c41b800014b1862596270473cbc0020ab
:020000040000fa
:020000040103f6
:0c41c400014b5888704700bfc0c00020ad
:020000040000fa
:020000040103f6
:0c41d000014b1868704700bfbcc0002005
:020000040000fa
:020000040103f6
:0c41dc00014b1878704700bfb7c20020ec
:020000040000fa
:020000040103f6
:0c41e80008b5f7f7f3f9f7f7f7fe08bd8c
:020000040000fa
:020000040103f6
:0c41f400014b1868704700bffcc00020a1
:020000040000fa
:020000040103f6
:0c420000014b1868704700bf00c100208f
:020000040000fa
:020000040103f6
:0c420c00014b01221a607047ecc000203a
:020000040000fa
:020000040103f6
:0c42180008b500220421f5f7adfe08bd3a
:020000040000fa
:020000040103f6
:0c422400d0e90423c1680089fbf7a8bba7
:020000040000fa
:020000040103f6
:0c4230008389827a417a007aeff796bf0a
:020000040000fa
:020000040103f6
:0c423c00557f0201314203016140030183
:020000040000fa
:020000040103f6
:0c424800014b1b685b68184730c1002068
:020000040000fa
:020000040103f6
:0c425400014b1b68184700bf34c100205c
:020000040000fa
:020000040103f6
:0c4260008368187808b1e2f707bc7047cb
:020000040000fa
:020000040103f6
:0c426c000146014800f06eba96be00202a
:020000040000fa
:020000040103f6
:0c427800014b1b685860704740c10020db
:020000040000fa
:020000040103f6
:0c428400014b1b689860704740c100208f
:020000040000fa
:020000040103f6
:0c4290000148fff7f7bf00bf61420201c8
:020000040000fa
:020000040103f6
:0c429c00014b1860704700bf48c10020b3
:020000040000fa
:020000040103f6
:0c42a800014b93f900007047bbc20020de
:020000040000fa
:020000040103f6
:0c42b400014b93f900007047bac20020d3
:020000040000fa
:020000040103f6
:0c42c000014b1878704700bfbcc2002002
:020000040000fa
:020000040103f6
:0c42cc00014b1860704700bf78c1002053
:020000040000fa
:020000040103f6
:0c42d800014b1860704700bf74c100204b
:020000040000fa
:020000040103f6
:0c42e400014b1878704700bfbec20020dc
:020000040000fa
:020000040103f6
:0c42f000014b1870704700bfbec20020d8
:020000040000fa
:020000040103f6
:0c42fc00014b00221a707047bdc2002068
:020000040000fa
:020000040103f6
:0c430800014b1878704700bfbdc20020b8
:020000040000fa
:020000040103f6
:0c431400bff35f8f036883f310887047cd
:020000040000fa
:020000040103f6
:0c432000014b1878704700bfc1c200209c
:020000040000fa
:020000040103f6
:0c432c004a780b7803eb022303807047f3
:020000040000fa
:020000040103f6
:0c433800036819700368013303607047cc
:020000040000fa
:020000040103f6
:0c434400036819800368023303607047af
:020000040000fa
:020000040103f6
:0c435000014b002018707047d2c2002002
:020000040000fa
:020000040103f6
:0c435c00014b1b68d86670478cc1002024
:020000040000fa
:020000040103f6
:0c436800014b1b68d86070478cc100201e
:020000040000fa
:020000040103f6
:0c437400014b1b68986170478cc1002051
:020000040000fa
:020000040103f6
:0c438000014b1b68d86170478cc1002005
:020000040000fa
:020000040103f6
:0c438c00014b1b68186270478cc10020b8
:020000040000fa
:020000040103f6
:0c439800006810b1437d8b42fad17047e1
:020000040000fa
:020000040103f6
:0c43a400014b1b68d864704790c10020da
:020000040000fa
:020000040103f6
:0c43b000014b1860704700bfa0c1002046
:020000040000fa
:020000040103f6
:0c43bc00014b01221a6070479cc10020d8
:020000040000fa
:020000040103f6
:0c43c800014b00221a6070479cc10020cd
:020000040000fa
:020000040103f6
:0c43d400014b1878704700bfc6c20020e3
:020000040000fa
:020000040103f6
:0c43e00011b90430fef799be0830fbe76d
:020000040000fa
:020000040103f6
:0c43ec00014b1860704700bfb0c10020fa
:020000040000fa
:020000040103f6
:0c43f800014b1860704700bfacc10020f2
:020000040000fa
:020000040103f6
:0c440400014b1860704700bfa8c10020e9
:020000040000fa
:020000040103f6
:0c441000014b1860704700bfa4c10020e1
:020000040000fa
:020000040103f6
:0c441c00014b43f820107047acbd00209d
:020000040000fa
:020000040103f6
:0c442800014b1860704700bfc8c10020a5
:020000040000fa
:020000040103f6
:0c443400014b43f82010704708bd002029
:020000040000fa
:020000040103f6
:0c44400001684b6a0bb1086a184770470e
:020000040000fa
:020000040103f6
:0c444c0008b5e9f7c3fec0f3870008bd07
:020000040000fa
:020000040103f6
:0c445800014b43f8201070474cc00020be
:020000040000fa
:020000040103f6
:0c446400014b1b68587870470cc2002008
:020000040000fa
:020000040103f6
:0c447000014b1b68987870470cc20020bc
:020000040000fa
:020000040103f6
:0c447c00014b00221a707047cbc20020d8
:020000040000fa
:020000040103f6
:0c448800014b1860704700bf10c20020fc
:020000040000fa
:020000040103f6
:0c449400014b1860704700bf20c20020e0
:020000040000fa
:020000040103f6
:0c44a000014b1860704700bffcc50020f5
:020000040000fa
:020000040103f6
:0c44ac00014b1860704700bf00c60020e4
:020000040000fa
:020000040103f6
:0c44b80008b51221fef76efd002008bdc3
:020000040000fa
:020000040103f6
:0c44c400014b1860704700bf28c20020a8
:020000040000fa
:020000040103f6
:0c44d000014b43f820107047e0bc0020b6
:020000040000fa
:020000040103f6
:0c44dc0010b50446fff794f9204610bd0f
:020000040000fa
:020000040103f6
:0b44e8004552523a4c3136423073000e
:020000040000fa
:020000040103f6
:0a44f400c168007a4a1cfef72bb8dd
:020000040000fa
:020000040103f6
:0a44fe00c16890f90800fef7debf68
:020000040000fa
:020000040103f6
:0a450800c16890f90800fef7cfbf6c
:020000040000fa
:020000040103f6
:0a4512000a4601460220fcf7d8be5d
:020000040000fa
:020000040103f6
:0a451c0000231a461946ecf721bff0
:020000040000fa
:020000040103f6
:0a452600427b017b8068f7f784b93f
:020000040000fa
:020000040103f6
:0a45300003680bb1fff766bc70478b
:020000040000fa
:020000040103f6
:0a453a0003680bb1fff769bc70477e
:020000040000fa
:020000040103f6
:0a454400434d443a436c72524c00a0
:020000040000fa
:020000040103f6
:0a454e00434d443a436c72574c0091
:020000040000fa
:020000040103f6
:0a45580008b500f0f7f8002008bdd8
:020000040000fa
:020000040103f6
:0a4562000368da680a60d960704748
:020000040000fa
:020000040103f6
:0a456c000a4601461320dbf707bde5
:020000040000fa
:020000040103f6
:0a45760003680bb1fff74bbc704760
:020000040000fa
:020000040103f6
:0a45800003684a7883f8b3217047fe
:020000040000fa
:020000040103f6
:0a458a0003684a7883f8b4217047f3
:020000040000fa
:020000040103f6
:0a459400307825782c307825780067
:020000040000fa
:020000040103f6
:0a459e0003680bb1fff737bc70474c
:020000040000fa
:020000040103f6
:0a45a8000a4601460320fcf78dbe11
:020000040000fa
:020000040103f6
:0a45b20008b5fdf700fdc0b208bd1a
:020000040000fa
:020000040103f6
:0a45bc0000b9704700bf0138fae7ac
:020000040000fa
:020000040103f6
:0a45c600036e43f4c07303667047f0
:020000040000fa
:020000040103f6
:0845d000a3000100a800010096
:020000040000fa
:020000040103f6
:0845d80008b5f2f7deff08bd93
:020000040000fa
:020000040103f6
:0845e00008b5e1f769fb08bd15
:020000040000fa
:020000040103f6
:0845e80008b5eaf73dfe08bd2d
:020000040000fa
:020000040103f6
:0845f00008b5fef70bfb08bd46
:020000040000fa
:020000040103f6
:0845f80008b5d8f77df9fce7d6
:020000040000fa
:020000040103f6
:0846000000487047e8b60020f5
:020000040000fa
:020000040103f6
:08460800718c0101d1110301c5
:020000040000fa
:020000040103f6
:08461000b91d0301f5110301be
:020000040000fa
:020000040103f6
:08461800c168007afaf7ecbc5e
:020000040000fa
:020000040103f6
:08462000d0e90201f5f7e8be44
:020000040000fa
:020000040103f6
:08462800003018bf01207047ab
:020000040000fa
:020000040103f6
:08463000d0e90201fdf7d0bb47
:020000040000fa
:020000040103f6
:0846380050494333324358009e
:020000040000fa
:020000040103f6
:0846400059f601014557020182
:020000040000fa
:020000040103f6
:0846480013461222e1f7d6b877
:020000040000fa
:020000040103f6
:08465000456363446f6e6500d1
:020000040000fa
:020000040103f6
:0846580000680c30fef752bdb2
:020000040000fa
:020000040103f6
:084660000001ff02ffffff0350
:020000040000fa
:020000040103f6
:0846680000487047e2c2002087
:020000040000fa
:020000040103f6
:084670008168c088f4f7a0bdc9
:020000040000fa
:020000040103f6
:08467800890841ea4020704767
:020000040000fa
:020000040103f6
:0846800083f00043d9f72abdc5
:020000040000fa
:020000040103f6
:0746880000939393671100fa
:020000040000fa
:020000040103f6
:07468f00fa96644b321e1481
:020000040000fa
:020000040103f6
:06469600002303617047e0
:020000040000fa
:020000040103f6
:06469c006ff48770704707
:020000040000fa
:020000040103f6
:0646a2008068f9f7a8b8da
:020000040000fa
:020000040103f6
:0646a800411cf8f7bdb94a
:020000040000fa
:020000040103f6
:0646ae008068fff7fabf6f
:020000040000fa
:020000040103f6
:0646b400103000f047b8d1
:020000040000fa
:020000040103f6
:0646ba00c043faf7d4bd75
:020000040000fa
:020000040103f6
:0646c0000068fef735bda5
:020000040000fa
:020000040103f6
:0646c6000221e3f7e3b856
:020000040000fa
:020000040103f6
:0646cc002221fff74bb9ab
:020000040000fa
:020000040103f6
:0646d2000068ecf7c0b81f
:020000040000fa
:020000040103f6
:0646d80001230377704787
:020000040000fa
:020000040103f6
:0546de00020500012aa5
:020000040000fa
:020000040103f6
:0546e300020300002aa3
:020000040000fa
:020000040103f6
:0546e8000a0300002a96
:020000040000fa
:020000040103f6
:0546ed000a1500292b55
:020000040000fa
:020000040103f6
:0546f2000217002a2b55
:020000040000fa
:020000040103f6
:0546f700201200052a5d
:020000040000fa
:020000040103f6
:0446fc0000befee717
:020000040000fa
:020000040103f6
:04470000816370471a
:020000040000fa
:020000040103f6
:044704004163704756
:020000040000fa
:020000040103f6
:044708004161704754
:020000040000fa
:020000040103f6
:04470c0001207047d1
:020000040000fa
:020000040103f6
:0447100004000000a1
:020000040000fa
:020000040103f6
:04471400fef7e0be0e
:020000040000fa
:020000040103f6
:04471800f9f7deb817
:020000040000fa
:020000040103f6
:04471c00f2f74abda9
:020000040000fa
:020000040103f6
:04472000fcf7c2bd23
:020000040000fa
:020000040103f6
:0447240000207047ba
:020000040000fa
:020000040103f6
:0447280000f010b8d5
:020000040000fa
:020000040103f6
:04472c0000207047b2
:020000040000fa
:020000040103f6
:04473000eef7ceb81a
:020000040000fa
:020000040103f6
:0447340000207047aa
:020000040000fa
:020000040103f6
:0447380000207047a6
:020000040000fa
:020000040103f6
:04473c0000207047a2
:020000040000fa
:020000040103f6
:04474000002070479e
:020000040000fa
:020000040103f6
:04474400002070479a
:020000040000fa
:020000040103f6
:04474800e7f77abb5a
:020000040000fa
:020000040103f6
:04474c00f9f7e6bed5
:020000040000fa
:020000040103f6
:04475000018070472d
:020000040000fa
:020000040103f6
:044754000160704749
:020000040000fa
:020000040103f6
:04475800fef72cbc80
:020000040000fa
:020000040103f6
:04475c00fff728be7d
:020000040000fa
:020000040103f6
:04476000fff72cbe75
:020000040000fa
:020000040103f6
:04476400fff730be6d
:020000040000fa
:020000040103f6
:04476800faf7aebdf1
:020000040000fa
:020000040103f6
:04476c00fff75cbe39
:020000040000fa
:020000040103f6
:04477000002070476e
:020000040000fa
:020000040103f6
:04477400002070476a
:020000040000fa
:020000040103f6
:04477800f8f764ba30
:020000040000fa
:020000040103f6
:04477c00f8f762ba2e
:020000040000fa
:020000040103f6
:04478000dbf7dabdcc
:020000040000fa
:020000040103f6
:04478400fff7e2bf9a
:020000040000fa
:020000040103f6
:044788000020704756
:020000040000fa
:020000040103f6
:04478c00030c10000a
:020000040000fa
:020000040103f6
:044790001300020010
:020000040000fa
:020000040103f6
:044794000100ffff22
:020000040000fa
:020000040103f6
:04479800fdf78cb8e5
:020000040000fa
:020000040103f6
:04479c000020704742
:020000040000fa
:020000040103f6
:0447a000002070473e
:020000040000fa
:020000040103f6
:0447a400002070473a
:020000040000fa
:020000040103f6
:0447a8000020704736
:020000040000fa
:020000040103f6
:0447ac000020704732
:020000040000fa
:020000040103f6
:0447b000704700bf8f
:020000040000fa
:020000040103f6
:0247b4000500fe
:020000040000fa
:020000040103f6
:0247b600010000
:020000040000fa
:020000040103f6
:0247b8001000ef
:020000040000fa
:020000040103f6
:0247ba000200fb
:020000040000fa
:020000040103f6
:0247bc000400f7
:020000040000fa
:020000040103f6
:0247be000118e0
:020000040000fa
:020000040103f6
:0247c0000200f5
:020000040000fa
:020000040103f6
:0247c20070473e
:020000040000fa
:020000040103f6
:0247c40070473c
:020000040000fa
:020000040103f6
:0247c60070473a
:00000001FF
