:020000040000fa
:10000000f08b0120410b02015d800001d5e9000168
:100010006db20101450003014d0503010000000020
:100020000000000000000000000000005105030176
:100030009db10101000000004162020119f10201bd
:100040000d3c03010d3c03010d3c0301c1200301e4
:100050000d3c03010d3c03010d3c03010d3c03016c
:100060000d3c03010d3c03010d3c03010d3c03015c
:10007000217b02010d3c03010d3c03010d3c0301fa
:100080000d3c03010d3c03010d3c03010d3c03013c
:100090000d3c03010d3c03010d3c03010d3c03012c
:1000a0000d3c03010d3c03010d3c03010d3c03011c
:1000b0000d3c03010d3c03010d3c0301615b02019a
:1000c000edcc01010d3c03010d3c03010d3c03018e
:1000d0000d3c03010d3c0301056d02010d3c0301c4
:020000040000fa
:020000040004f6
:045f8800ffff000017
:020000040000fa
:020000040004f6
:045f8c0000400e843f
:020000040000fa
:020000040004f6
:045f900038fc745f06
:020000040000fa
:020000040004f6
:045f94003844121467
:020000040000fa
:020000040004f6
:045f98000300007191
:020000040000fa
:020000040004f6
:045f9c000000000001
:020000040000fa
:020000040004f6
:045fbc0000000010d1
:020000040000fa
:020000040100f9
:1040000008202000f4b6002000000000000000009e
:1040100009202000f4b6002000000000000000008d
:104020000a202000f4b6002000000000000000007c
:104030000b202000f4b6002000000000000000006b
:104040000c202000f4b6002000000000000000005a
:104050000d202000f4b60020000000000000000049
:104060000e202000f4b60020000000000000000038
:104070000f202000f4b60020000000000000000027
:104080000020320044b600200000000000000000c4
:104090000120320044b600200000000000000000b3
:1040a0000220320044b600200000000000000000a2
:1040b0000320320044b60020000000000000000091
:1040c0000420320044b60020000000000000000080
:1040d0000520320044b6002000000000000000006f
:1040e0000620320044b6002000000000000000005e
:1040f0000720320044b6002000000000000000004d
:10410000f8b500bff8bc08bc9e467047d9b20201a2
:10411000f8b500bff8bc08bc9e467047b5b20201b6
:020000040000fa
:020000040100f9
:08412000d87600000100000048
:020000040000fa
:020000040100f9
:1041280074b700201c00000000000000ccb800207c
:104138001000000000000000d9ad002001000000c0
:104148000000000059b90020010000000000000034
:10415800000000200c0000000000000060be0020ed
:1041680018000000010000000201060a0944494d38
:104178004d45525f30300916dafe00020005000096
:104188000c000020040000000000000009ba002014
:10419800010000000000000000fe01208001000076
:1041a8000000000006bc0020020000000000000023
:1041b8000cba0020040000000000000016bc00201b
:1041c800020000000000000049bc002001000000bf
:1041d8000100000001000000100000200c00000099
:1041e8000000000010ba00200800000000000000d5
:1041f800f4b60020200000000000000044b60020b3
:10420800320000000000000018ba0020040000007e
:104218000000000009bc00200100000000000000b0
:104228001cba00200c00000000000000dcae0020da
:10423800f000000000000000c4b5002040000000ad
:104248000000000084a00020a0040000000000007e
:1042580078be0020140000000100000040bf0020cc
:1042680048bf002038bf002028bf002030bf0020f2
:1042780028bf002028000000010000008827030153
:10428800000000009c27030101000000b027030183
:1042980000000000c427030100000000d827030124
:1042a8000100000018bc002002000000000000000f
:1042b80014bc0020020000000000000010bc002018
:1042c80001000000000000000cbc002001000000fc
:1042d8000000000008bc00200100000000000000f1
:1042e800dcbe002030000000010000007e3b07ff1c
:1042f8001c51492fb3398a4c43535349b39b7234e9
:10430800beecd4a8f4434188435353491696244736
:10431800c62361bad94b4d1e43535349a0be002052
:1043280013000000010000001ca7007e3b07ff1cd3
:1043380051492fb3398a4c4353534900b4be002026
:1043480013000000010000000ca500b39b7234beee
:10435800ecd4a8f44341884353534900c8be002015
:10436800130000000100000018a20016962447c69a
:104378002361bad94b4d1e43535349008cbe0020cc
:10438800140000000100000000000000f0bc002044
:10439800cc3a0301a000a800020000000cbf0020d6
:1043a800100000000100000055e405d2af9fa98f5e
:1043b800e54a7dfe43535349eebc0020020000004d
:1043c800010000000100000026bf002002000000dc
:1043d80001000000010000005ebf00200200000094
:1043e8000100000001000000f0bc00209000000067
:1043f80001000000161502010cbf00201ad40101ab
:10440800100000019a090201c8be00209e9e010109
:1044180013000001fcbe002008bc00205ebf002085
:10442800f7000d10ba01020114bc0020dec401011e
:10443800020021119a090201b4be00203e94010134
:1044480013000001ecbe00200cbc002026bf002099
:10445800f7000d109a090201a0be00202e7f01016d
:1044680013000001dcbe002010bc0020eebc0020c0
:10447800f7000d10ba01020118bc002042ba010170
:104488000200211140be00202000000001000000b1
:10449800064a136823f49f7323f0010343f01103c2
:1044a8001360092300bf013bfcd17047002401447d
:1044b8001c00002050000000000000005cb9002033
:1044c800080000000000000080ff012080000000bc
:1044d80000000000acb200208000000000000000d6
:1044e80004b6002040000000000000002cb90020a5
:1044f8000c00000000000000acb00020c800000064
:104508000000000028ba002004000000000000009d
:104518000abc0020010000000000000038b900209b
:104528000c000000000000002cba0020040000006d
:10453800000000006c0000200800000000000000df
:104548000bbc002001000000000000000dbc002092
:10455800030000000000000074b10020a800000063
:104568000000000090b700201c00000000000000c0
:1045780050b90020090000000000000011bc002014
:104588000100000000000000dcad00200001000078
:104598000000000012bc0020020000000000000023
:1045a80030ba0020040000000000000000fc0120d8
:1045b80000020000000000001abc002001000000fa
:1045c8000000000034ba00200800000000000000cd
:1045d8001bbc00200100000000000000ccaf002040
:1045e800e0000000000000003cba002004000000c9
:1045f800000000001cbc00200400000000000000b7
:104608001cbf00200a0000000100000050524f5655
:104618005f4641494c00000050bf002008000000e0
:104628000100000050524f565f4f4b0070bf0020f2
:104638000200000001000000ffff000064b9002034
:10464800080000000000000040ba00200c00000034
:1046580000000000acb3002064000000000000006f
:104668004cba0020140000000000000040b80020f0
:10467800280000000000000060ba002010000000c0
:104688000000000068b800201400000000000000ce
:1046980070ba002004000000000000007cb8002070
:1046a800280000000000000074ba00200800000084
:1046b8000000000060bf00200800000001000000aa
:1046c80004000000aaaaaaaa7cba002004000000dc
:1046d800000000008400002000a00000000000008e
:1046e80080ba002010000000000000006cb9002013
:1046f800080000000000000074b400206000000002
:104708000000000090ba0020040000000000000033
:1047180024a50020a00400000000000074b90020b7
:10472800080000000000000094ba00200800000003
:104738000000000020bc0020010000000000000074
:104748007cb9002008000000000000009cba00208e
:10475800040000000000000084b9002008000000e8
:1047680000000000a0ba00200c00000000000000bb
:10477800a6b60020020000000000000021bc0020b6
:104788000100000000000000fdb900200500000045
:104798000000000014b70020200000000000000006
:1047a8003eb8002002000000000000001cb20020fb
:1047b80090000000000000008cb9002008000000f4
:1047c80000000000a4b80020140000000000000051
:1047d800b3be00200100000001000000010000003d
:1047e80058bf00200500000001000000020700a6d5
:1047f8002a000000acba00201000000000000000f1
:1048080022bc00200100000000000000e4b90020e4
:104818000700000000000000dcb8002010000000c5
:104828000000000023bc0020010000000000000080
:10483800bcba0020140000000000000094b9002059
:104848000800000000000000d0ba002004000000aa
:1048580000000000ecb8002010000000000000007c
:104868009cb900200800000000000000d4ba002015
:104878000c0000000000000024bc00200100000023
:1048880000000000a4b9002008000000000000009b
:1048980034b70020200000000000000025bc0020e4
:1048a8000100000000000000e0ba0020080000003d
:1048b8000000000026bc00200100000000000000ed
:1048c800e8ba0020080000000000000027bc002013
:1048d8000100000000000000f0ba00200400000001
:1048e8000000000028bc00200300000000000000b9
:1048f80002ba00200200000000000000daad00202b
:1049080002000000000000005ab900200200000068
:104918000000000080bd0020c00000000100000071
:10492800c33c0301c33c0301c33c0301c33c030173
:10493800c33c0301c33c0301c33c0301c33c030163
:10494800c33c0301c33c0301c33c0301c33c030153
:10495800c33c0301c33c0301c33c0301c33c030143
:10496800c33c0301c33c0301c33c0301c33c030133
:10497800c33c0301c33c0301c33c0301c33c030123
:10498800c33c0301c33c0301c33c0301c33c030113
:10499800c33c0301c33c0301c33c0301c33c030103
:1049a800c33c0301c33c0301c33c0301c33c0301f3
:1049b800c33c0301c33c0301c33c0301c33c0301e3
:1049c800c33c0301c33c0301c33c0301c33c0301d3
:1049d800c33c0301c33c0301c33c0301c33c0301c3
:1049e800fcb8002020000000000000002bbc0020c4
:1049f8000100000000000000acb900200800000021
:104a080000000000f4ba00200c00000000000000c4
:104a180000bb00200400000000000000c8b7002010
:104a280018000000000000002cbc0020010000005d
:104a38000000000004bb00200c0000000000000083
:104a48000aba00200200000000000000b4b90020eb
:104a58001800000000000000e0b700201800000067
:104a6800000000002dbc0020010000000000000034
:104a7800f4bb00200400000000000000d4b40020b3
:104a880050000000000000002ebc002001000000c3
:104a98000000000010bb002004000000000000001f
:104aa800ccb90020080000000000000014bb002062
:104ab8000c0000000000000044b900200c000000b9
:104ac8000000000020bb00201800000000000000cb
:104ad80054b700202000000000000000f8bb0020b0
:104ae800020000000000000038bb00200c0000009d
:104af800000000002fbc00200100000000000000a2
:104b0800d0b60020240000000000000044bb0020b4
:104b1800100000000000000030bc00200100000070
:104b280000000000f8b70020180000000000000096
:104b380031bc002001000000000000004abc002039
:104b4800a40000000100000020200001ffffffff7b
:104b5800ffffffffffffffff000000000000000055
:104b68000000000001000000ffffffff512563fc6b
:104b7800c2cab9f3849e17a7adfae6bcffffffffd0
:104b8800ffffffff00000000ffffffff96c298d85d
:104b98004539a1f4a033eb2d817d0377f240a4635e
:104ba800e5e6bcf847422ce1f2d1176bf551bf3767
:104bb8006840b6cbce5e316b5733ce2b169e0f7c3a
:104bc8004aebe78e9b7f1afee242e34f4b60d22707
:104bd8003e3cce3bf6b053ccb0061d65bc869876fd
:104be80055bdebb3e7933aaad835c65a54bb002053
:104bf8001000000000000000d4b9002008000000e8
:104c08000000000064bb0020040000000000000059
:104c180072bf0020020000000100000070000000c8
:104c280068bb00200800000000000000dcb900207c
:104c3800080000000000000070bb00200400000015
:104c48000000000032bc002001000000000000004d
:104c58001cb900201000000000000000fabb002072
:104c680002000000000000002cb3002080000000bb
:104c780000000000b8b80020140000000000000088
:104c880074bb0020040000000000000024b50020d0
:104c9800500000000000000078bb00200400000065
:104ca8000000000033bc00200200000000000000eb
:104cb80028b800201600000000000000fcbb0020ff
:104cc800040000000000000035bc002001000000c6
:104cd8000000000000bc00200200000000000000ee
:104ce8007cbb0020040000000000000036bc00204f
:104cf800030000000000000002bc002002000000c9
:104d08000000000039bc0020010000000000000085
:104d180080bb0020100000000000000010b8002038
:104d280018000000000000003abc0020010000004c
:104d38000000000068bf002008000000010000001b
:104d4800e33c0301e33c030190bb0020100000009a
:104d5800000000003bbc0020010000000000000033
:104d6800a0bb00200400000000000000ebb90020f8
:104d780006000000000000003cbc0020010000000c
:104d880000000000a8b60020280000000000000075
:104d98003dbc00200500000000000000a4bb00206e
:104da800100000000000000042bc002002000000cb
:104db80000000000b4bb0020040000000000000058
:104dc800f1b90020060000000000000010b4002027
:104dd800640000000000000044bc00200100000046
:104de8000000000076b6002030000000000000003f
:104df800f7b900200600000000000000b8bb002042
:104e0800080000000000000045bc0020020000006f
:104e180000000000c0bb00200400000000000000eb
:104e280047bc00200100000000000000c4bb0020b7
:104e38000c0000000000000048bc00200100000039
:104e48000000000004bc0020020000000000000078
:104e5800d0bb0020100000000000000004ba0020b1
:104e680005000000000000007400002001000000a0
:104e780000000000780000200c0000000000000086
:104e8800acb700201c00000000000000e0bb0020c0
:104e98000800000000000000c4a90020150400005c
:104ea80000000000e8bb0020040000000000000033
:104eb800ecbb0020040000000000000074b50020d6
:104ec8005000000000000000f0bb002004000000bb
:104ed8000000000000000000000000006666666632
:020000040000fa
:020000040100f9
:104ee80008b5044b186818b1804780f00100c0b2bb
:104ef80008bd00bfc4a9002009b91046704780b199
:104f0800037883ea122383ea131343ea022282ea2c
:104f1800033282ea431292b200b10130013989b2f8
:104f2800eae7ff23ede72de9f04f85b081460e9eb5
:104f38008a46904606b11e4443449cb247465546ad
:104f4800a74203d1012005b0bde8f08f95b36a46aa
:104f580010232946484606f085f9bdf804209442f6
:104f680008d9bdf8063013449bb29f4202d29c4236
:104f780003d91f46bdf80a50e8e79742a4eb02019f
:104f880028bfe31b89b234bf0b469bb2a4eb0304d2
:104f980032bfbdf80ab04746d346a4b246b1103571
:104fa8002944f61ac91a324689b2484606f05af90f
:104fb8005d46c5e72846c6e72de9f74fd4889688a9
:104fc800dff8588082468b4644f307254ff6ff7773
:104fd800002d03da384603b0bde8f08f1ad0a4f5e7
:104fe80080741ffa84f94ff48074cdf8008023464a
:104ff800324659465046fff796ff38b13a462146a1
:105008004046fff779ff2644b6b20746013d6db228
:105018004c46dde7002cddd0a146e6e7c8a9002014
:1050280010b5094c94f8040106f0baf94ff400528f
:10503800002194f8040106f0ddf918b14ff48073eb
:10504800a4f8063110bd00bfc4a900202de9f04125
:10505800094c05460e46174613460a46014694f87b
:10506800040106f035f93b463246294694f8040116
:10507800bde8f04106f00cbac4a9002003292cd8d9
:10508800dfe801f002091b23184bb3f8062110448e
:10509800a3f806017047154ab2f80631184480b2e1
:1050a800c11c4ff6fc730b40984203d90430a2f898
:1050b80006017047a2f8063170470c4ab2f806316b
:1050c8000f33184420f00f00f1e7084ab2f8063110
:1050d8003f33184420f03f00e9e74ff0200383f303
:1050e8001188bff36f8fbff34f8ffee7c4a900206d
:1050f8004ff0200383f31188bff36f8fbff34f8ff7
:10510800fee770b50c4a92f808410023d9b28c42e8
:1051180001d800200be05d1c9b00d118b1f8096193
:10512800864207d1b1f80b2112b10448184470bd6a
:10513800fff7deff2b46e9e7c4a90020cdaa00202f
:1051480008b5fff7deff00b1408808bd10b504467a
:10515800fff7d7ff40b14ff0200383f31188bff367
:105168006f8fbff34f8ffee7094b93f808010206d4
:1051780001d5fff7bdff421c83f8082103eb80022d
:1051880003f20913a2f8094103eb800010bd00bf28
:10519800c4a9002008b5fff7b4ff08b9fff7a8ffb6
:1051a800064a92f80831013bdbb282f8083102eb7b
:1051b8008303d3f80931036008bd00bfc4a90020e8
:1051c8002de9f041244cb4f80a33b4f80c630344d5
:1051d8009bb204f20e37ff2b0546a4f80a3307ebff
:1051e800060004f104080ad82a46414635442cf042
:1051f800e1fd0126a4f80c533046bde8f081c6f560
:10520800807241462cf0d6fd4ff480723946b4f8ce
:105218000601fff71bff06460028edd000214ff4da
:105228008070fff72bffb4f80a53b4f80c13a5f5f8
:1052380080750023adb2a4f80c33a4f80a53002dee
:10524800dad0c1f580712a4618fa81f138462cf077
:10525800b1fda4f80c53cfe7c4a900207fb545f2ef
:105268004143adf806300d4bcde902300c4bc0433d
:10527800b3f80e3404904ff6ff7210210df10600ba
:10528800adf81430fff738fe1222adf8040001a97a
:105298000020fff7dbfe07b05df804fb534e7632c3
:1052a800c4a900202de9f04f724c94f80471002530
:1052b8008fb0122309aa29463846a4f81054a4f836
:1052c8001254a4f80c53a4f80a5305f0cbff0b9b17
:1052d800039394f804310133dbb2012b94bf84f8b3
:1052e800043184f8045194f80431bb4208d14ff0da
:1052f800200383f31188bff36f8fbff34f8ffee74f
:10530800fff78efe0028e4d04ff0000adff8708126
:1053180080e004eb8a091023b9f80bb105aa5946b5
:10532800384605f09fff0026bdf81c50adf81a500e
:1053380005aa59463846adf81860adf81e60adf8b4
:105348002060fff739fe4ff6ff72adf814000e210a
:1053580005a8fff7d1fdf022adf82200ff2146484d
:105368002df0cafc05ab03cb1035c8f80000c8f80f
:105378000410b4f80c2303cbb4f80631c8f80800bd
:10538800adb21344b5f5807fc8f80c10a9f80b31fd
:1053980019d8394b00933246bdf81c305946384667
:1053a800fff7c1fd50b1b4f80631b4f80c2313442b
:1053b800a9f80b312846fff703ff38bb0024204625
:1053c8000fb0bde8f08f1023b5f5807f2a4628bfbf
:1053d8004ff48072a2eb03091ffa89f94344029241
:1053e800009332464b4659463846fff79cfd002845
:1053f800e4d00298fff7e4fe0028dfd0029bed1a04
:105408004e44adb2b6b20023002dddd10af101033e
:105418005ffa83fa94f8083153453ff67aafb4f847
:105428000a23fab9b4f80a030021fff727feb4f8f3
:105438000631a4f80e34039b581efff70fff0446ed
:105448000028bbd002210020fff718fe1222ff21fe
:1054580009a82df051fc122309aa0021384605f0ad
:1054680037fface70549b4f80601fff7effd002860
:10547800d8d1a3e7c4a90020d8a90020d2ac002025
:10548800c8a9002008b50a4bb3f80631c3f5005384
:105498009bb283420bd2fff705ff40b94ff02003c0
:1054a80083f31188bff36f8fbff34f8ffee708bdfb
:1054b800c4a900202de9f84f344e0446351d89460d
:1054c8004ff48072ff2128462df016fce1884ff634
:1054d800ff724846fff710fd4ff6ff7220800e213d
:1054e8002046fff709fd2346e08103cb7060696021
:1054f80003cba860e960e28802f11007bfb2b9f1f6
:10550800000f07d0b7f5807f17d8494606f1140079
:105518002cf050fce2881e49b6f80601f02a28bf94
:10552800f022103292b2fff791fd8046e0881030e9
:10553800022180b2fff7a2fd25e04ff0000b1020fa
:10554800b7f5807f3c4628bf4ff48074a4eb000a6f
:10555800524609eb0b0128442cf02cfc22460c493e
:10556800b6f80601fff772fd804660b120460221b9
:105578003f1bfff783fdbfb20beb0a031ffa83fb48
:105588000020002fdcd14046bde8f88fc4a90020d8
:10559800c8a900202de9f041674c00258eb084f899
:1055a80008514ff0ff38ff27122304aa002128468c
:1055b80005f058fedde906637340013326d19df8f6
:1055c8001230412b22d19df81330542b1ed19df857
:1055d8001430532b1ad19df815304e2b16d19df847
:1055e8001630762b12d19df81730322b0ed14ff68c
:1055f800ff7210210df11200fff77efcbdf810308c
:10560800834203d146453cbfb0462f46e5b1ff2f44
:105618002cd1002384f804314ff6ff766ff0010592
:10562800fff7fefc90b994f804310133dbb2012b8b
:1056380084f80431f4d94ff0200383f31188bff3c1
:105648006f8fbff34f8ffee70125ade72846a4f81b
:105658000e64fff703fe0028e5d0002384f8083124
:10566800012384f814340eb0bde8f0814ff4807340
:10567800a4f806313846122309aa002184f80471d7
:1056880005f0f0fd4ff6ff77b4f80631b3f5005f8b
:10569800e6d2bdf83420ba4201d09a4217d8022186
:1056a8000020fff7ebfc022510236a46b4f8061128
:1056b80094f8040105f0d6fd6a46102312f8011b80
:1056c800ff291ed1013b9bb2002bf7d1c8e700256b
:1056d800eae729461020fff7d1fcd5e7bdf80260bc
:1056e8003046fff70efd10b93046fff72ffdb4f82e
:1056f80006314380bdf80830bbb93046fff74afd94
:1057080013e03a460e216846fff7f6fbbdf80e6037
:105718008642ded16a46b4f8061194f80401fff710
:105728004bfcbdf800308342d8d0bdf806001030dd
:10573800294680b2cfe700bfc4a90020034b93f8e5
:1057480014340bb9fff726bf704700bfc4a9002067
:105758002de9ff478a4616469846054630b12bb1d3
:10576800fff7befb044650b1052045e04ff020038b
:1057780083f31188bff36f8fbff34f8ffee706f1f6
:10578800100080b2fff77efe2846fff7bafc0746f6
:10579800a8b3b0f802901d4d10236a46494695f803
:1057a800040105f05ffdbdf808300aeb06029a42d5
:1057b80027d8b34218bfbdf80c40adf804a01cbff1
:1057c8000134a4b241466846adf80c40adf8066015
:1057d800adf80a90b5f80641fff76cfe98b1bdf830
:1057e8000c307c80642b4ff0000005d9bdf80230e6
:1057f800a5f81034a5f8120404b0bde8f08703201a
:10580800fae70420f8e70120f6e700bfc4a9002062
:1058180073b50c4615461e46c0b1bbb1fff790fce8
:1058280080b16319b3f5803f09d201460c48009650
:105838002b46224690f80401fff775fb20b9042097
:1058480002b070bd0320fbe70020f9e74ff020030a
:1058580083f31188bff36f8fbff34f8ffee700bf4d
:10586800c4a900201fb540b94ff0200383f3118865
:10587800bff36f8fbff34f8ffee7fff761fc48b1af
:1058880001460648102390f804016a4605f0eafc30
:10589800bdf8080005b05df804fb00bfc4a90020ee
:1058a8002de9f04f431e14469bb24ff6fd7293420a
:1058b8008bb080460e461dd8b1f5006f1ad8fff799
:1058c8003ffc00bbfff70cfb054648bb06f1100088
:1058d80080b2fff7d7fd8d4b93f90821002a80f29b
:1058e800f7804ff0200383f31188bff36f8fbff366
:1058f8004f8ffee74ff0200383f31188bff36f8fbc
:10590800bff34f8ffee74046fff7acff86420fd04c
:105918007e4da5f81084a5f81264fff7e1fa08b1e6
:1059280005200ee0b5f8120470b9b5f810347bb94b
:10593800002c00f0e6802346324600214046fff75f
:1059480067ff0bb0bde8f08f103080b2fff79afd0b
:10595800b5f81004fff7d5fb81460028e8d0b0f869
:1059680002b095f80401102306aa594605f07afcfe
:10597800b5f81234ebb9bdf82000103080b2fff74b
:1059880081fdb5f81004fff7bcfb814640b94ff024
:10599800200383f31188bff36f8fbff34f8ffee7a8
:1059a800b0f802b095f80401102306aa594605f08c
:1059b80059fcb5f81224b5f806310493bdf8203027
:1059c80022b19342adf8202028bf13460022bdf82b
:1059d8002010adf81c20adf81e10adf82220adf84f
:1059e80024200df1180cbce80300dff824a168603e
:1059f80003f11007caf80410bce80300bfb2b7f5fa
:105a0800807fcaf80800caf80c1030d80af11001d3
:105a1800009195f804015946fff785fa002872d0dd
:105a280006ab03cbbdf81e206860caf8041003cb90
:105a38001032caf80800caf80c1092b25146b5f8ec
:105a48000601fff703fb00283ff472afbdf81e0004
:105a58001030022180b2fff711fb2c4b0022a3f873
:105a68001024a3f81224049ba9f8023060e7154615
:105a78001023cdf814a0b7f5807fba4628bf4ff49d
:105a8800807aaaeb030292b20392059a1f48134444
:105a980000932a46039b90f804015946fff743fafe
:105aa80088b31b495246b1f80201fff7cffa002824
:105ab8003ff43eaf02215046fff7e0fa039ba7eb05
:105ac8000a072b44bfb29db20023002fd3d1c4e7ed
:105ad800214606a8b3f80671adf81a80adf81c5037
:105ae800adf81e60adf82060adf82250adf8245036
:105af800fff7e0fc38b14046fff728fb478002205b
:105b08001fe720461de701201be700bfc4a90020ae
:105b1800c8a90020f0b5074685b040b94ff020036a
:105b280083f31188bff36f8fbff34f8ffee7fff743
:105b380007fb00283fd0fff7d3f9044600283cd1e3
:105b48001020fff79ffc4ff6ff720e216846adf854
:105b58000020adf80270cde90144adf80c40fff724
:105b6800cbf96b46adf80e0003cb154d6860a96004
:105b780003cb2e1de860296110223146b5f80601d5
:105b8800fff764fa68b91022b5f8061195f8040110
:105b980005f030fc18b902211020fff76ffa012038
:105ba80007e002211020fff769fa3846fff7f2fafa
:105bb800204605b0f0bd0320fbe70520f9e700bf4c
:105bc800c4a90020f8b50446fff78af9054668bb62
:105bd80064b105f0e5fb012005f0e2fb4ff400722b
:105be800294613482df088f8002020e0114d95f83b
:105bf8000871e3b29f420cd8fff754fb0028f3d199
:105c08004ff0200383f31188bff36f8fbff34f8fdb
:105c1800fee705eb8403b3f80961304600f03cfe6b
:105c280010b93046fff7b6fa0134e2e70520f8bdaf
:105c3800cdaa0020c4a90020014b1860704700bffe
:105c4800c4a9002008b5fff77bfa003018bf01206f
:105c580008bd08b5fff726fb40b94ff0200383f3d2
:105c68001188bff36f8fbff34f8ffee708bd00bfea
:020000040000fa
:020000040100f9
:105c78002b4b2c4941f24852995002f5de724ff4f1
:105c88008041995018324ff01451995003f5b95288
:105c98002549116041f2247224499950043224495b
:105ca80099500432234999500432234999500432b7
:105cb800e0219950043221499950043220499950e1
:105cc80003f5ba524ff44031116041f244721d4954
:105cd800995004321c49995004321c499950043295
:105ce8000621995004321a49995004321949995099
:105cf80004324ff40041995003f5bb521649116024
:105d080041f2647215499950043245f23361995051
:105d180004324ff4f05199500432402199507047a1
:105d2800002001411e00ffffc0464654a040000c61
:105d380010928fbe18d410007aa64f4053a948215c
:105d48004b055046f1813d8cd3080c0c9002061887
:105d580020875c006400ffff110d40060529240020
:105d6800024a536823f400635360704700400141be
:105d7800c82300bf00bf00bf00bf00bf00bf00bff7
:105d880000bf00bf00bf00bf00bf00bf00bf00bf13
:105d980000bf00bf00bf00bf00bf00bf00bf013b86
:105da80013f0ff03e5d1704708b540f65a210120ea
:105db8000ef090fa4ff49e7103200ef08bfa4ff418
:105dc800987104200ef086fa43f2152105200ef092
:105dd80081fa43f2060107200ef07cfa4ff40061c5
:105de80013200ef077fa40f2ad2114200ef072fa6b
:105df80044f2e00117200ef06dfa4ff489411820a3
:105e08000ef068fa4cf6862119200ef063fa4ff46a
:105e18007e711f200ef05efa4ff4686133200ef099
:105e280059fa46f27a213a200ef054fa41f6040162
:105e38003e200ef04ffa4cf6052144200ef04afaa7
:105e4800012147200ef046fa4cf6072148200ef0b3
:105e580041faff214f200ef03dfa4af6ac315120ad
:105e68000ef038fa4ff478615d200ef033fa4df6f3
:105e780060016b200ef02efa47f678016c200ef0c8
:105e880029fa4ef619116d200ef024fa4ff6e17139
:105e980071200ef01ffa4ff648617220bde80840e5
:105ea8000ef018ba08b54ef24e3108200ef012fa6c
:105eb8004ef254313d200ef00dfa42f20201492013
:105ec8000ef008fa42f2ff6162200ef003fa42f285
:105ed800ff0164200ef0fef942f202016a200ef082
:105ee800f9f942f2040175200ef0f4f942f20401c6
:105ef8007d200ef0eff942f2ff7180200ef0eaf9f2
:105f08004ef24e3181200ef0e5f942f2fa7182200c
:105f18000ef0e0f94ef24e3183200ef0dbf942f23a
:105f2800f57184200ef0d6f94ef24e3185200ef030
:105f3800d1f942f2f27186200ef0ccf94ef24e31d0
:105f480087200ef0c7f942f2ea7188200ef0c2f9f4
:105f58004ef24e3189200ef0bdf942f2e0718a20ee
:105f68000ef0b8f94ef24e318b200ef0b3f942f232
:105f7800d6718c200ef0aef94ef24e318d200ef017
:105f8800a9f942f2fb118e200ef0a4f94ef2543119
:105f98008f200ef09ff942f2ed1190200ef09af941
:105fa8004ef2543191200ef095f942f2e011922010
:105fb8000ef090f94ef2543193200ef08bf942f224
:105fc800d61194200ef086f94ef2543195200ef039
:105fd80081f942f2ca1196200ef07cf94ef2543142
:105fe80097200ef077f94ff4075198200ef072f9c8
:105ff8004ef2543199200ef06df942f296119a2022
:106008000ef068f94ef254319b200ef063f942f21b
:1060180090119c200ef05ef94ef254319d200ef046
:1060280059f942f28a119e200ef054f94ef2543179
:106038009f20bde808400ef04db908b50821602042
:106048000ef048f9fff794fefff792fefff790fe77
:10605800fff78efefff78cfe00216020bde80840a8
:106068000ef038b92de9f74f00200ef04bf91f203c
:106078000ef048f983461d200ef044f98246602050
:106088000ef040f9814654200ef03cf98046592024
:106098000ef038f907461a200ef034f90646552056
:1060a8000ef030f905464f200ef02cf90446742006
:1060b8000ef028f944f48071009089b24f200ef058
:1060c80009f9009bc3f30b0141f4405174200ef011
:1060d80001f9522100200ef0fdf840f6f8311f209a
:1060e8000ef0f8f84ff620011d200ef0f3f8042109
:1060f80060200ef0eff842f6b05154200ef0eaf8a6
:1061080048f21c0159200ef0e5f848f21c011a204b
:106118000ef0e0f84ef2100155200ef0dbf8fff714
:1061280027fefff725fe2549d1f83c3443f0080344
:10613800c1f83c34fff71cfe214b1a6842f4007288
:106148001a601a46136813f40073fbd141f25052d7
:1061580001938a58d1f83c04009220f00800c1f855
:106168003c044ff6ff6121404f200ef0b3f859462a
:106178001f200ef0aff851461d200ef0abf849462f
:1061880060200ef0a7f8414654200ef0a3f83946d7
:1061980059200ef09ff831461a200ef09bf8294638
:1061a80055200ef097f8019b122019460ef092f830
:1061b800009ac2f3094003b0bde8f08f0020014106
:1061c8004035014173b506460df106000c4614f042
:1061d80091fabdf8060000284cd0314d2a78801b72
:1061e800002a49d02af071ff27a3d3e900230ef033
:1061f80023ff23f067fc07ee900ab3ee047ac7ee9c
:10620800877a17ee900a27f0a7fe9fed210b41ec45
:10621800110b02f0ddfb0022224b51ec100b0ef0ab
:106228000bff41ec100b1bf0f7fd51ec100b2af0a3
:10623800b1fd2a78c3b2002a14bf19201e203c2bb6
:1062480020d8984238bf184641f26873164ad15888
:1062580021f4fc41d150d15841ea4021d150a30743
:1062680008d5a2f5005292f8a03003f0c0031843f5
:1062780082f8a00002b070bd2af027ff06a3d3e978
:106288000023b4e73c20dfe7ce1951da1b7ca13f9d
:106298000000000000002440e59b6d6e4c4f883fd5
:1062a80078000020008045400020014173b5064673
:1062b8000df106000d4614f01dfabdf80640dcb1dc
:1062c8000df1050001f08df9a41ba5235c4343f6ed
:1062d800cf439c42c9bf9df805309df90530023b6c
:1062e8005bb2aa0708d5054991f8a42002f0e0029c
:1062f8001343dbb281f8a43002b070bd0000014145
:1063080037b505460df1060014f0f4f9bdf806405e
:10631800ecb16d200df0f6ffc0f38210052816d100
:10632800a523641b5c43a3f5e7539c42124c10da87
:1063380001200df0e7ff4ff61f71014041f06001a9
:1063480001200df0c7fffff778fe0123237003b08b
:1063580030bd2378002bfad001200df0d3ff4ff683
:106368001f71014041f0400101200df0b3fffff71c
:1063780064fe0023eae700bf7c000020094a41f6da
:106388002863d358084a12689b1a084a23f07043b6
:10639800934205d8064b1878003018bf0120704783
:1063a800002070470020014180000020feffff0709
:1063b80079000020f7b50023adf806300646fff750
:1063c80051fe05460df1060014f094f9bdf80630ab
:1063d800dbb1144f5b1ba5245c434ff48b7394fb18
:1063e800f3f4b7f900301934a342b4bfe31a1b1b06
:1063f800132b02ddfff721fe3c8031462846fff7cc
:10640800e1fe31462846fff751ff074a41f6286367
:10641800d358064a03f5403323f07043136003b0a2
:10642800f0bd00bf7a00002000200141800000205c
:1064380013b5244a05211170234a00238df805302d
:106448001370044628b1fff7affcfff711fcfff704
:1064580087fc22460df10501072001f015f85cb311
:106468009df805300bb9fff71dfdfff7e6fd0df1af
:10647800060014f03ff9bdf806201449144beab1a0
:1064880019220a8001221a70124b4ff440321a6006
:10649800114b00221a704ff08843104a1a65104bae
:1064a80040f27142012c9a600cbfff227f229a6150
:1064b80013221a604022da6002b010bdff20088063
:1064c800e1e700bf74000020780000207a00002077
:1064d80079000020800000207c0000204c0040e073
:1064e80000100141002112200df0f4be08b5064b42
:1064f8004ff088721a6046f2e2515e200df0eafe13
:10650800bde80840fff7eebf004001410c4b0d49c4
:1065180001221a700c4b02225a615a630b4a5368c3
:1065280043f44033536041f638028b5843f4005328
:106538008b50074b02f5081202f2da721a607047a4
:106548007800002000200141002300440040014160
:0465580008400141b5
:020000040000fa
:020000040100f9
:10655c0080b588b000afb96011461a460346fb817e
:10656c000b46bb811346fb80fb893b82bb687b617e
:10657c00bb893b83fb887b830e4b1b68fb6110e064
:10658c00fb691b6807f1100210469847034683f01d
:10659c000103dbb2002b01d0002306e0fb695b6832
:1065ac00fb61fb69002bebd1012318462037bd465c
:1065bc0080bd00bfacb700201fb5044669460088fb
:1065cc0000f0acf968b3bdf80230abb1019b9bb1e4
:1065dc00029bd3b9a2882088cab1a368bbb16188d9
:1065ec00fff7b4f8d0b14ff0200383f31188bff359
:1065fc006f8fbff34f8ffee74ff0200383f31188ab
:10660c00bff36f8fbff34f8ffee79847e2e7019b15
:10661c00bdf802200021fff799f8e3e7208800f08d
:10662c00c4f904b010bd7fb56946054600f076f993
:10663c0010b9002004b070bdbdf80230a3b1019bad
:10664c0093b1029bcbb92846fff70af9019abdf822
:10665c00021006462846fff721f9022804460ed1ff
:10666c00b4fa84f04009e5e74ff0200383f3118876
:10667c00bff36f8fbff34f8ffee79847e3e740b14f
:10668c004ff0200383f31188bff36f8fbff34f8f4d
:10669c00fee73346bdf8022001992846fff758ff64
:1066ac000028ddd1c5e71fb504466946008800f017
:1066bc0035f910b9002004b010bdbdf8023093b10b
:1066cc00019b83b1029b83b96188a288bdf802301b
:1066dc0088189842eedca3682088fff797f8b0fa88
:1066ec0080f04009e7e700f029f89847ece773b52c
:1066fc00104adff844c005460e4600236c46bcf831
:10670c000210994201d800200de092e8030084e8c1
:10671c000300d1888d4208d1adf8065094e80300ef
:10672c0086e80300012002b070bd013308329bb231
:10673c00e5e700bf00410001b0b700204ff0200397
:10674c0083f31188bff36f8fbff34f8ffee72de9f3
:10675c007f431b4d804628682cf060fb002481464b
:10676c002646a14509d836bb3246414614482cf082
:10677c004bf801281fd0fff7e1ff002201a92846a2
:10678c002cf031fb01280dd1019ad8f8003001a969
:10679c009a4208bf01262846002201342cf034f816
:1067ac00e4b2dee74ff0200383f31188bff36f8f61
:1067bc00bff34f8ffee7012004b0bde8708300bf2c
:1067cc00e0bb002010b5044688b108200ef0d2f9c9
:1067dc0040b94ff0200383f31188bff36f8fbff3e1
:1067ec004f8ffee7024b04601a694260186110bdbe
:1067fc00b0b7002010b5044688b108200ef0baf9e5
:10680c0040b94ff0200383f31188bff36f8fbff3b0
:10681c004f8ffee7024b04601a684260186010bd8f
:10682c00acb7002010b5044608200ef0a3f928b12f
:10683c00034b04805a6942605861012010bd00bfaf
:10684c00b0b7002000f44063b3f5406f13b514d11a
:10685c006946fff74cff70b9002002b010bd009bd9
:10686c0033f81400fff754f90134e4b2bdf80430e6
:10687c00a342f4d8f0e70024f8e7fff749f9ebe777
:10688c00034b00229880181dda801a81da605ee7cb
:10689c00b0b70020054b5b690bb9184670471a88d6
:1068ac00824201d05b68f7e701207047b0b7002047
:1068bc007fb5184b184d5e6904464eb90120fff7a1
:1068cc007ff93146286819f073fc002004b070bdc4
:1068dc00fff776f924b10021286819f069fcf4e778
:1068ec0028682cf09bfa0646a642eed9002201a994
:1068fc0028462cf078fa012809d1bdf80400fff7de
:10690c00c9ff20b1002201a928462bf07dff0134dc
:10691c00e4b2e9e7b0b70020e0bb00202de97041fc
:10692c00dff848c0dff8488085b086460e46002563
:10693c006c46bcf80030ab4201d8002010e008ebec
:10694c0005130fcb84e80f00bdf8003073450ad156
:10695c00234603cb3060716003cbb060f160012043
:10696c0005b0bde870810135e3e700bfb0b700208a
:10697c00004000011fb50446008800f44063b3f5e5
:10698c00406f02d1002004b010bd6946fff7c6ff6e
:10699c000028f7d0a28863881344bdf802209342e4
:1069ac00f0dc2046fff7d3feede738b5044b1c694d
:1069bc00054604b938bd2368284698476468f8e74b
:1069cc00b0b7002030b585b0044669460088fff7a3
:1069dc00a5ff002845d0bdf80230d3b1019bc3b14f
:1069ec00029bfbb92088fff72bf92588e0b9019aa7
:1069fc00bdf802102846fef751ff10f0fd0f2dd008
:106a0c004ff0200383f31188bff36f8fbff34f8fc9
:106a1c00fee74ff0200383f31188bff36f8fbff3b2
:106a2c004f8ffee79847dde7a2887ab1a3686bb178
:106a3c0061882846fef78afe80b14ff0200383f36d
:106a4c001188bff36f8fbff34f8ffee7019bbdf82b
:106a5c00022000212846fef779feede72088fff79b
:106a6c00a4ff05b030bd08b5024b18682cf0d6f960
:106a7c00c0b208bde0bb002030b5184d89b0002273
:106a8c0002a928462cf0aff9012801d009b030bd7d
:106a9c00bdf8080000f44063b3f5406f19d16946a6
:106aac00fff725fe0028ead00024adf81640adf81b
:106abc0018400794bdf80430a342e0d9009b05a808
:106acc0033f81430adf814300134fff77bffe4b227
:106adc00f0e702a8fff776ffd1e700bfe0bb00208c
:106aec0030b50446008800f44063b3f5406f85b0c0
:106afc0003d10025284605b030bd6946fff70effcf
:106b0c0005460028f5d0a28863881344bdf80220fe
:106b1c009342eedc2046fff755ffebe700f44063b1
:106b2c00b3f5406f37b518d16946fff7e0fd054660
:106b3c0088b900250ce0009b33f81400fff780f8af
:106b4c000028f6d00134e4b2bdf80430a342f2d8e8
:106b5c00284603b030bd0024f6e7fff771f8054670
:106b6c00f6e700f44063b3f5406f13b516d16946f0
:106b7c00fff7bdfd80b9012002b010bd009b33f8ba
:106b8c001400fff750fd0028f6d00134e4b2bdf834
:106b9c000430a342f2d8eee70024f8e7fff743fdf8
:106bac00eae7038803f44063b3f5406f00d07ae55d
:046bbc0000207047fe
:020000040000fa
:020000040100f9
:106bc0002de9f04f85b00b78012b05d0042b00f098
:106bd000fc8005b0bde8f08f04460028f9d04d6870
:106be0002b78012b00f09d805ab2fab1032bf0d123
:106bf0002b79002bedd1688826f0d2fc05460028c1
:106c0000e7d00368002b00f0ba809a79002a00f0e0
:106c1000b680062a00f09880082a00f09880042a9e
:106c200000f0a1802b6800229a71d2e7ae78002e86
:106c3000cfd1a24bd3f80080d8f800305bb108f177
:106c400004020123deb21f4652f8041b21b10133b6
:106c5000082bf7d1bde7002710202cf03fff48f8a4
:106c60002700964b196851f82730002bb1d000222d
:106c70001a605a609a60da6051f827309e7251f8b3
:106c80002760002ea5d0ab88338100233373ab7906
:106c9000f37208202cf022ff3060884b196891f8bd
:106ca000f83083b10022af88d3b203ebc30301eb0a
:106cb0008303b07adb6b23f83070013291f8f8006f
:106cc000d3b29842efd8336803b300221a605a60f7
:106cd000237813f0080f13d113f0020f01d0f27aca
:106ce0002ab113f0040f11d0f27a012a0ed113f059
:106cf000010f0bd101237373304619f0dbfe05e061
:106d000023786ff3c30323700123b37302238df839
:106d10000c303389adf80e30694b1b6803a89847d7
:106d200057e7688826f03cfc00283ff452af23f078
:106d30001dfe03238df80c306b88adf80e30604bd0
:106d40001b6803a8984744e719f0b4fe6ae75a881d
:106d50001988008923f0d6fe07287ff463af2b68db
:106d600008225a715ee75a881988008923f0ecfee0
:106d700007287ff457af2b6804225a7152e7227814
:106d800012f0010f3ff425af4c49096891f8f81053
:106d900000293ff41eaf002b3ff41bafab7b002b51
:106da0007ff417af12f0020f01d0eb7a3bb112f073
:106db000040f3ff40eafeb7a012b7ff40aaf0123ef
:106dc0006b73284619f076fe03e74e683378132b71
:106dd0003ff6ffae01a252f823f000bf2d6e000176
:106de000d36b0001c56e0001416f000137700001d7
:106df000d36b0001d36b0001d36b0001d36b000197
:106e0000d36b0001d36b0001d36b0001d36b000186
:106e1000d36b0001d36b0001d36b0001d36b000176
:106e2000d36b0001d36b0001e7700001b08826f03e
:106e3000b7fb044600283ff4ccae437b002b3ff465
:106e4000c8aeb37a0f2b0cd0052b0ad0b379062b22
:106e500018d0082b28d0042b7ff4bbae23f016f8f3
:106e6000b7e62368b2799a71154b1b68002b3ff483
:106e7000b0ae01228df80c202289adf80e2003a8b7
:106e80009847a6e603681a795ab15a881988008982
:106e900023f038fe07287ff49cae236808225a713d
:106ea00097e622f0f3ff94e61df014fd00287ff42e
:106eb00090ae204622f0eaff8be600bf20ba002009
:106ec0001cba0020b08826f06bfb0446437b002be5
:106ed0003ff47fae0268717a337a03eb01231380ab
:106ee0000268f17ab37a03eb01235380984b1a6856
:106ef000037b03ebc30302eb83035b6b5bb10168b2
:106f000009881980037b03ebc30302eb8302536bf5
:106f1000026852885a80236801221a7196f8fe305e
:106f200093427ff456ae23685a881988208923f04b
:106f3000e9fd07287ff44dae236808225a7148e620
:106f4000b08826f02dfb0746437b002b3ff441ae73
:106f5000b379152b0cbf4ff0100a4ff0020a33899a
:106f6000002b59d07a4bd3f800804ff0000b3ee055
:106f700001343b7b03ebc30308eb830393f840200e
:106f8000e3b29a422cd955f8043f1a7912f0010f56
:106f9000eed11868037c5345ead1524600992af095
:106fa000fffe0028e4d1e3b203eb43034fea430cb6
:106fb0007a68624499f80b0099f80a1001eb0021f5
:106fc00091807868019ab21892f80ee0517b01eb3b
:106fd0000e2120f81310127b7b6863449a70c7e778
:106fe000b3799b441ffa8bfb33895b4514d9cdf8e9
:106ff00004b00bf10f03f31800933a7bd3009918f8
:1070000008eb81018d6b91f84030002be8d0043df6
:10701000002406eb0b09b6e796f8ff30012b7ff44e
:10702000d8ad38461df056fc00287ff4d2ad384666
:1070300022f02cffcde5b08826f0b2fa8046437be3
:10704000002b3ff4c6ad338943b996f8ff30012bce
:107050007ff4bfad404622f019ffbae53c4b1b68f8
:107060004ff0000a9b4628e00634bd421ed055f87a
:10707000043f1a7912f0010ff6d0d8f8042002eb81
:107080000409125b002aefd11868037c022bebd1b4
:10709000022200992af084fe0028e5d106eb0a03bb
:1070a000da7a9b7a03eb0223a9f800300af1040a8a
:1070b0001ffa8afa33895345c7d90af10c03f3182a
:1070c000009398f80c20d30099180beb81018f6b7b
:1070d00091f84030002be9d03d1f013b9bb207ebfc
:1070e00083070024c3e7b08826f05afa0446437b9e
:1070f000002b3ff46ead02685379062b13d0082b9a
:1071000016d0042b7ff465ad0023537103685a88b1
:107110001988008923f018fd07287ff45aad2368e9
:1071200004225a7155e50023537119f0c3fc50e550
:107130000023537103685a881988008923f0e2fc00
:1071400007287ff446ad236808225a7141e500bf45
:0471500020ba002041
:020000040000fa
:020000040100f9
:10715400704770b5e9b101444ff6ff7348f2084532
:1071640089b210f8014b082284ea030616f0010fd5
:107174004fea530302f1ff3214bf6b409bb212f08b
:10718400ff024fea5404efd182b28a42e9d1db43d1
:1071940099b2084670bd10b51378ed2b144611d181
:1071a4005378032b0ed1937853b1012b0ad1fff7f7
:1071b400d0ff2279e37803eb02231b1a18bf0123c3
:1071c400184610bd0123fbe7f0b5034640780622bc
:1071d400b0fbf2f102fb110212f0ff001fd1114ebd
:1071e400114fdff848c0cdb20146a94200d1f0bd2d
:1071f400dc789a7893f804e002eb042202f18244ea
:1072040004f59034013184f800e05c7994559c795c
:10721400d455dc7902f80c40c9b20633e5e7012005
:10722400e5e700bf012001410220014103200141a3
:107234002de9f04343780622b3fbf2f602fb163243
:1072440012f0ff0237d102391c4fdff874c0dff8a7
:1072540074e0f6b203461546c9b2b54202d11046ef
:10726400bde8f083dc789878012900eb042080b233
:1072740012d800f1824404f5803893f8049088f819
:10728400009004f1011493f8058084f800809c793f
:10729400c455dc7900f80c40a42808d1187900f012
:1072a4001f00c40648bf60f01f008ef800000135bf
:1072b400edb20633d1e70122d1e700bf020001415c
:1072c40003000141740000204078023818bf0120f7
:1072d40070474378042b05d1034bd0f802201a6081
:1072e40001221a710020704704ba0020f8b50f4635
:1072f40004460026a1f10805a54202d84ff0ff3448
:1073040006e02378ff2b13d1230703d144f07f44f5
:107314002046f8bd24f003031c1da742eed95a6889
:10732400013205d15b69013302d114f00c0fedd0a9
:107334002378012b0ad16378012b07d1a178621d30
:107344000a44e01cfff727ff0028e1d00eb1d3e781
:107354000434a542d0d923680133cdd0234613f891
:10736400012bef2a0bd16378002bf1d1a378ed2bfd
:10737400eed1e378032bebd107340126bce71c469e
:10738400e7e72de9f04785789df8206004460f462d
:107394009046994603354ff0010a2378434508bfc8
:1073a40089f800a02378082b2bd00fd8022b1bd0f0
:1073b400072b20d00020a7421bd96378023ded1a89
:1073c4002db20233002d1c44e7dc12e00a2b22d03c
:1073d4001bd3552beed1a4f5c043b3f5776fe9d297
:1073e4002046fff776ff02e02046fff76dff0128f5
:1073f400e1d1bde8f087002edcd0204613f05cf923
:10740400f5e7204613f016f9f1e7002ed2d0204616
:10741400fff7dafeebe731462046fff709ffe6e720
:107424002de9f7430f469046994628b3164b1a792f
:107434003ab3186800f5776600250be04346cdf8ab
:1074440000903a463146fff79cff0546a07804f1c8
:107454000a031844b0420bd23146fff747ff10f03d
:107464007f4f0446ead084b2b4f5c04f08bf01256b
:10747400284603b0bde8f08346f670764ff4c0406a
:10748400dae78525f4e700bf04ba002013b51346f4
:1074940014460a4601460020fff7c2ff054b1b793c
:1074a40033b123460df1070200210120fff7b8ff95
:1074b40002b010bd04ba00202de9f0478678089d7b
:1074c4009df824a0894604461746984603360021b1
:1074d40023786278ff2fdbb208d1013bdbb2fd2bae
:1074e4002ed828880232214640440ae0bb4227d1e4
:1074f400baf1000ff5d0062f0cd1072a1cd1a11c1c
:1075040040462af059fc2b889a1c637813442b803c
:10751400012115e00b2f01d1042aefe70c2f01d133
:10752400012aebe7102f01d1022ae7e7152f01d139
:10753400082ae3e7182fefd02b8802331a442a8055
:107544006378023ef61a36b20233002e1c4401dd83
:107554004c45bdd3012914bf80200020bde8f0872d
:107564002de9ff47002407468846adf80e404ff446
:10757400c04046f670754ff0010946f66f7629460d
:10758400fff7b4fe10f07f4f824613d10df10e03c6
:107594000093cdf8049043463a462946fff78cff02
:1075a40000289af802000af10a03184408bf0124cb
:1075b400b042e4d9012c14bf8020002004b0bde8ff
:1075c400f087014608b50620fff7caffb0fa80f03d
:1075d400400908bd014608b51520fff7c1ffb0fa00
:1075e40080f0400908bd034b93f90030037001207b
:1075f400704700bf7400002013b5044601a90b2096
:10760400fff7aeff28b9bdf804302380012002b093
:1076140010bd0020fbe713b5044601a90b20fff7ba
:107624009fff28b9bdf806302380012002b010bda9
:107634000020fbe713b504460df107010c20fff70a
:107644008fff28b99df807302370012002b010bdc8
:107654000020fbe7014b1879704700bf04ba0020f3
:10766400014b1871704700bf04ba0020014b186821
:08767400704700bf04ba0020ba
:020000040000fa
:020000040100f9
:10767c0070b50378c4b004461f2b3ad8dfe813f07a
:10768c0020004b000e0239003900390039006e0021
:10769c0039004001390039006f016c0239003900a2
:1076ac0039009c01e70191001502390039003900bd
:1076bc0039003900390039001d0248023900c70170
:1076cc00c588284626f07efe0246a8b9b74b009323
:1076dc00cde9015004231021ee2011f0fffb002214
:1076ec00043401920094062305214ff4827027f094
:1076fc00e9fd012044b070bd26f084f8e388adf8b4
:10770c001230237a8df8143004a801238df8103030
:10771c0021f028fbe3e7c588284626f053fe0246f5
:10772c0080b90123cde90153a04b00931021042310
:10773c00ee2011f0d3fb00220434019200940623b6
:10774c000821d2e703238df8103004a82379adf873
:10775c0012508df8143021f005fbece7c588284653
:10776c0026f030fe024680b90723cde901538f4b3a
:10777c00009310210423ee2011f0b0fb00220434fe
:10778c000192009404233021afe703238df81030cd
:10779c0004a82379adf812508df8143021f0e2fad8
:1077ac00ece7037a824d012b60d1286800f5da7082
:1077bc0011f0c4f92a681378002123f00103137027
:1077cc00084627f0fbfc23f031f92379002b40f01d
:1077dc008480e388002861d12278cde90132754b91
:1077ec000093024604231121ee2011f077fb23793c
:1077fc008df8123004f10a06e388adf814303146e6
:10780c00237a607a8df8163028f046f9e389adf8c2
:10781c001c30637d8df8170003f0c003d4f80a0008
:10782c000690402b5ed1234653f8102fcdf81e2026
:10783c009b88adf822302346002553f8160f09908b
:10784c009b88adf82830a38badf82a3004a8d4f867
:10785c001e300b9304348df8105021f083fa0195ef
:10786c00009420232a464ff49f713ee72a68137830
:10787c0023f0040313700221002027f09ffc2b68d7
:10788c0003f5087203f5107352f8040b10b1c178ac
:10789c0001299ad09342f7d1002096e70380022366
:1078ac00c370237a8370a38b8381e38bc381238c76
:1078bc0003822b6893f821200271627d02f0c002d2
:1078cc00402a0abf234653f8221f53f8101fc0f852
:1078dc000510421d9b88938089e7002887d025f0ee
:1078ec0091ff84e72b6893f82120022a02d153f8e8
:1078fc00222f9be70023cdf81e30adf822309ae7fb
:10790c00c588284626f05efd024688b90923cde9d4
:10791c000153264b009310210423ee2011f0defac4
:10792c0000220434019200940a2340f23e31dce63a
:10793c000023837402238df81030e388adf81230e5
:10794c0023798df814302389adf81630a268a389f9
:10795c00069204a8adf81c3021f004fae0e7858803
:10796c00284626f02ffd024688b90c23cde9015399
:10797c000e4b009310210423ee2011f0affa0022dd
:10798c000434019200940a2340f23e61ade60623d2
:10799c008df81030d4f80630059304a8d4f80a30ca
:1079ac00adf81250069321f0ddf9e8e7d85f02013b
:1079bc0094ba00200c600201c588284626f002fd0e
:1079cc0090b91123cde90153674b00930246042370
:1079dc001021ee2011f082fa00220434019200945e
:1079ec000c2340f23e4180e62379002bf4d1237a1c
:1079fc009b0605d540f64802fb21008820f092f941
:107a0c00172304a88df8103021f0acf9e4e7858831
:107a1c00284626f0d7fc024680b91f23cde9015336
:107a2c00514b009310210423ee2011f057fa002241
:107a3c000434019200940223572156e60b2304a828
:107a4c008df81030adf8125021f08cf9efe7c588a5
:107a5c00284626f0b7fc024688b91223cde901531b
:107a6c00414b009310210423ee2011f037fa002231
:107a7c00043401920094062340f63e4135e60c2373
:107a8c008df8103023798df8143004a82389adf8c3
:107a9c001250adf8153021f065f9e8e700220434f6
:107aac00019200940a230c211fe600220434019257
:107abc000094042341f23e4117e6c588284626f07f
:107acc0081fc024688b91c23cde90153274b009356
:107adc0011210423ee2011f001fa0022043401924a
:107aec0000940a2342f23e11ffe514238df8103066
:107afc0023798df81230a26894f90c30adf814503b
:107b0c0004a8cdf816208df81a3021f02bf9e4e7f3
:107b1c008588284626f056fc024688b91d23cde9f7
:107b2c000153124b009311210423ee2011f0d6f9ce
:107b3c000022043401920094042342f23e01d4e565
:107b4c0016238df8103004a8e388adf81250adf868
:107b5c00143021f007f9ebe7002204340192009471
:107b6c000a2340f23e71c0e5d85f02010c600201ad
:020000040000fa
:020000040100f9
:107b7c002de9f04f85b02bf0abfd81462bf0b8ff13
:107b8c0082460027dff8c0b30bf5f27857e00023ec
:107b9c0004f8043c25e0637d042b9cbf0133637522
:107bac00627d642393401a464ff0000c5801d90ea5
:107bbc00c01a61eb0c018b0043ea90734fea800e04
:107bcc001eeb020043eb0c01cb0043ea5073c200e6
:107bdc00104619464ff47a72002327f05bf848449c
:107bec00a061444527d02034022e24d814f8043c3c
:107bfc00002bf6d0a369a9eb0303002bf1db23794f
:107c0c00b7fa87f25209012b14bf002301239a42c1
:107c1c00e7d134f8020c26f08dfb0028b7d0227d7a
:107c2c0021461ff0a3ff0028b5d0002304f8043c24
:107c3c000136f6b2d5e70137ffb2022f03d00bf1b4
:107c4c0004040026d2e7b04b1b782bb1ae4b9b69da
:107c5c00a9eb0303002b03da54460af1a80a2be024
:107c6c00aa4b19784a1c1a70a74ce1700c2323718b
:107c7c00a74b187824f04afd4ff6ff72617d601c0b
:107c8c0012f074f9a37d013bdbb2a37513b900228a
:107c9c002270e1e709f548739b4a9361dce7288879
:107cac0019f000fdc5f814902b7e042b9cbf0133fa
:107cbc002b761c3454453ad02546e379002bf8d06a
:107ccc006379002bf5d0a379002bf2d1628840f2b6
:107cdc0001239a42edd16669002ee0d0a9eb06068d
:107cec00237e052b28bf05231a464ff47a73934045
:107cfc001a4600275801d90ec01a61eb07018b00f8
:107d0c0043ea90734fea800c19461ceb020047ebd8
:107d1c000101cb0043ea5073c200104619464ff4e0
:107d2c007a72002326f0b6ff8642c2d3b7e700274b
:107d3c00dff8e0a15fe02bf0b9fc02284fd800235c
:107d4c0006f8013c01351c34082d50d0a8462646b7
:107d5c0014f8013c002bf5d0d4f81730a9eb030331
:107d6c00002befdb2379b7fa87f25209012b14bff2
:107d7c00002301239a42e5d1637d022bdbd8654dac
:107d8c004feac807a7eb080405eb84044ff6ff7213
:107d9c00617d304612f0eaf8a37d0133dbb2a375a6
:107dac004ff42f7202fa03f34b44a3615a4b1b6836
:107dbc00a9eb0303002b22da584b1b68a9eb030336
:107dcc00574a93427cd8574b1b782bb1564b1b68a8
:107ddc00a9eb0303002b7cda05b0bde8f08f2bf088
:107dec005ffca378227851491df0acfca7e7013762
:107dfc00ffb2022fdad00af101040025a6e74c4ba2
:107e0c001b788df808304b4b1b788df809302af015
:107e1c0037fd8df80a002bf06bfe05462af086f92b
:107e2c00454ba3fb00235b0b42f2117202fb1303c5
:107e3c0003f5c3422832104600245301d10e9b1a7d
:107e4c0061eb04018a0042ea93729e0011463018dd
:107e5c0044eb0101cb0043ea5073c20010461946b3
:107e6c004ff47a72002326f015ff48442a4b186011
:107e7c002c46a83502e01c34ac421ed0e379002b12
:107e8c00f9d06379002bf6d0a379002bf3d0e378eb
:107e9c00022bf0d1217920880323009302ab0c2212
:107eac001cf04afde368a9eb0303244a9342e2d990
:107ebc001321208824f062fcdde722f095fd7be79e
:107ecc00164bc3f800901e4b01221a701cf078f868
:107edc0079e728f0fffa1b4b03f109060124ff2771
:107eec0002e00333b34231d01a78002af9d0597822
:107efc006218ff2a94bfd4b23c469a788118ff29a5
:107f0c0094bfc8b23846ece790b700201ebc0020e6
:107f1c001abc0020ccaf002034ba002030ba0020ac
:107f2c00df9304001fbc002038ba0020781903012d
:107f3c001dbc002011bc002019b9b1d18f5f01000c
:107f4c0013bc002050b9002000fc0120384b1b78da
:107f5c008df80830374d2b788df80930364b1b785f
:107f6c008df80a30354b1b788df80b308df80c40a2
:107f7c008df80d00324b1b788df80e302bf0b8fdc0
:107f8c0029780346a83002e01c33984245d01c46a1
:107f9c00da79002af8d05a79002af5d01a798a426f
:107fac00f2d100293bd020880723009302ab0d228d
:107fbc001cf0c2fc38b10023224a1370204a137003
:107fcc00214a137008e7204b1b78042b02d801338d
:107fdc001d4a13701c4b1b784ff4fa729a401046d2
:107fec0000245301d10e9b1a61eb04018a0042ea72
:107ffc0093729d001146281844eb0101cb0043ea13
:10800c005073c200104619464ff47a72002326f0c2
:10801c0041fe48440d4b1860dee60029d3d1002305
:10802c00084a1370064a1370074a1370d4e600bf4f
:10803c001abc00201bbc00201dbc002011bc002061
:10804c0013bc00201fbc00201cbc002038ba002030
:020000040000fa
:020000040100f9
:04805c0000befee77d
:020000040000fa
:020000040100f9
:108060002de9f04f2ded028bd2e9008997b0cde9d3
:108070000c138b6808930b690f90d1e900b6149329
:10808000cd68002200234046494625f0f5f840b966
:108090001bf0040f32d11bf00803059330d02023ce
:1080a00003e089f0004399462d232b70089b03f1d0
:1080b000ff3a012305934c4929f0004300208b42ed
:1080c00008bf80451fd10d9b413b192b059b94bfd9
:1080d000464947492b4418462bf07afc28462af09b
:1080e000e7f9cdf800b00246089b0f9829461af030
:1080f00083fb17b0bdec028bbde8f08f2b23d4e7d8
:10810000ddf820a0d7e7994208bf404509d20d9b72
:10811000413b192b059b94bf364937492b441846e0
:10812000dae7002200234046494626f046f89fed54
:108130002c7b8ded027b48b300240d982bf05ffa69
:10814000002ec3b20993c0f2d781672b5ad1002efb
:1081500008bf0126231d02dbb442c0f2c681652799
:1081600061e09ded067b8ded027b01340022234b07
:10817000dde902010cf064ff42464b46cde9060101
:1081800025f096f80028ecd000271fe00446ede724
:1081900014f5967f11da87b90022194b40464946fb
:1081a0000cf04eff002280468946154bdde90201a6
:1081b0000cf046ffcde902010127dde902010022b2
:1081c0000e4b05f0f5fecde90201013cdde902238d
:1081d0004046494625f050f80028d9d1ade700bf08
:1081e000000000000000f03f0000f07f9c3403011d
:1081f000a0340301a4340301a83403010000244087
:1082000000005043099f662f06f101060bd1002c98
:1082100004da9fedbd7b8ded027b0024099b672b6b
:1082200018bf361966279ded027bcde906898dedd5
:108230000a7b00230e93dde90a23dde9060105f040
:10824000b7fe41ec100b13f013f851ec100bb0ee2d
:10825000408af0ee608a21f063fdb0ee480af0ee4d
:10826000680a069b1093079b159083f000431193b7
:108270009ded0a1b9ded102b27f03afa53ec102bc5
:1082800083f000430793dde90a01a34b8ded060a55
:10829000002205f08dfe0e9b01339e42cde90a01be
:1082a0000e93c8d100229d4b0cf0cafecde90a0105
:1082b00002460b46dde9060124f0deff002840f00f
:1082c0008180dde90a23dde9060125f076ff10b1a2
:1082d000159bda0776d5dde90a234046494604f0c6
:1082e000ebff0022cde906018b4bdde902010cf02a
:1082f000a7fedde90623cde90a0124f0e9f800280c
:1083000065d0662f04f1010465d10136a146a9ebc1
:1083100006034ff00008059e1093cdf80880109bcf
:10832000994540f08180029b002b00f0c880a8197d
:108330000022652f027029d1149b1499013b9442ad
:10834000ea54c1f1030ebcbf644201220a21002c91
:1083500040f0bc800eeb030cbcf1000f00f3b680c4
:10836000002a03f1ff3114bf2d222b226a540d9aeb
:10837000023b413a192a05eb030198bf45279e426b
:108380000f70aaf1020a01da2bf022fb0bf00303b3
:10839000022b7ff4a3aebaf1000f7ff79fae284601
:1083a0002af086f805eb0a03059a824240f3998089
:1083b000059b2b441846524630212af0a1fc00238d
:1083c00008938be69fed527b8ded0a7b83e79ded55
:1083d000027b8ded0a7b652f14bfa1464ff000098b
:1083e00095e7029a52b9b9f1000f07da0e992e22d9
:1083f0006a54012201360af1ff3a029205eb0801a4
:10840000aa193144302001e002f8010b9142fbd15e
:1084100008eb06023033aaeb080808f1ff3a561cb5
:10842000ab544ff0000828e00c9b0e961b69053bef
:10843000b3427ff678afdde90a23dde9060105f0f6
:10844000b7fd41ec100b12f013ff51ec100bb0ee26
:10845000408af0ee608a21f063fc0bf010020928dc
:108460000346a8bf09230243bbd1099a672ab8d1a2
:10847000b9f1000fc2da08f10108069b1293079bbd
:10848000b0ee480af0ee680a83f0004313939dedc6
:108490000a1b9ded122b27f02bf953ec102b83f0c8
:1084a00000430793dde90a0100221b4b8ded060a0c
:1084b00005f07efd09f1ff39cde90a012fe71bf038
:1084c000100f1ebf2e23ab55013630e7b4fbf1fc75
:1084d000013b01fb1c443034ec540af1ff3a644682
:1084e00035e72a5c1a5401385ee7002cbff69aaed5
:1084f000662788e606262de6099b672bfad01f46dd
:10850000062680e6aff30080000000000000f03f88
:1085100000000000000000000000244000001440a3
:020000040000fa
:020000040100f9
:108520002de9f04f95b0cde912030b68089392ed59
:10853000007b4b680a938b6809930b690d93cc6899
:108540000022002351ec170b8ded047b24f094fee8
:1085500040b9089b580734d4089b13f0080732d061
:10856000202306e0dde9042181f00043cde9042366
:108570002d232370099b01275a1edde90403dff830
:10858000f8b223f000414ff0000a594508bf5045aa
:108590001bd1139b413b192b04eb070094bfb0493f
:1085a000b0492bf015faaf4829f082ff089b0093e1
:1085b0000246099b129821461af01ef915b0bde833
:1085c000f08f2b23d5e7099ad7e7139b8b45a3f1af
:1085d000410308bf82450b9309d2192b04eb070016
:1085e00094bfa149a1492bf0f3f9a048dce7302161
:1085f000e1550b997b1c1a2934bf58217821e1548d
:10860000931e079300220023dde90401023725f0c1
:10861000d4fd002800f07b819fed8f7b8ded027be8
:1086200000250a9bdde90289002bdde904abb8bf18
:1086300018230e93002642464b465046594605f0f5
:10864000b7fc41ec100b12f013fe42464b4651ecc6
:10865000100b8ded100b0cf0f3fc02460b46504650
:1086600059462bf08bfa824b82468b464046494650
:1086700000220cf0e5fc731c0c930a9b002b804637
:10868000894606da002200235046594625f095fd1a
:1086900028b90e9bb34200f3408101330c930022b2
:1086a000744b404649460cf0cbfc80468946024656
:1086b0000b465046594624f0dffd002840f02f813c
:1086c00042464b465046594625f077fd30b1dde92c
:1086d000100121f025fbc10740f1218142464b46a4
:1086e000dde9040104f0e8fdcde90401dde9042140
:1086f00021f00043604900208b4208bf82423ff4d2
:1087000048af4ff000083e46c246c1460d9b053bb0
:10871000b342b34633d9dde90223dde9040105f0b4
:1087200047fc41ec100b12f0a3fd51ec100b8ded4a
:108730000e0b21f0f5fa002840f0f680b9f1000f99
:1087400000f0f28008f10108dde90223dde90e0105
:108750000cf076fc02460b46dde904012bf00efa24
:10876000434bcde904010022dde902010cf068fc75
:108770000c9b09f101094b45cde90201c6d1baf1c3
:10878000000f1ed1b8f1000f00f015810a9b002bdd
:1087900040f31181089bda0700f10d81a3192e2205
:1087a0001a7008eb06022244302100bf03f8011fb3
:1087b0009a42fbd1079b46446fea080843440136be
:1087c00007930d9b0d990022a019013b9542027061
:1087d000b8bf6d42e254c1f1020eb8bf01224ff0a2
:1087e0000a08002d40f0d7800eeb030cbcf1010ffe
:1087f00000f0d180002a03f1ff3114bf2d222b227b
:1088000062540b9a023b1a2a04eb030134bf502234
:1088100070229e420a7001da2bf0daf8089b03f00e
:108820000303022b14d1079ba3f10208b8f1000f38
:108830000edd204629f03cfe04eb0803b84280f22e
:10884000b68042463021e0192af05afa00230993f3
:108850002046a9e6aff30080000000000000f03fd2
:108860008c340301903403019434030198340301e0
:108870000000b03f000020400000f07fcde90289f9
:108880000135dde902231046194604f015fd804646
:10889000894602460b46dde9040124f0edfc002880
:1088a000ecd0dff82cb1dff82c914ff0000a4ff03c
:1088b0000008dde90223dde9040124f0ddfc0028e5
:1088c0003ff4afae52465b46dde902010cf0b8fb67
:1088d0000022002325f071fc78b142464b46dde9c9
:1088e00002010cf0adfb4246cde902014b46dde949
:1088f00004010cf0a5fbcde90401dde902015246bb
:108900005b460cf09dfb013dcde90201d1e79fedf7
:108910002e7b05468ded027bb3e70c9e8be64ff078
:1089200000084ff00009d9e6baf1000f0bd1b9f1f8
:10893000000f08d02e2304f80b30079b013b0136b3
:1089400007934ff0010a04eb0803a21933443021c6
:1089500002e000bf02f8011b9a42fbd1079b06eb25
:10896000080ba3eb08080b9b0928d4bf3030573005
:10897000192b06d840f02003613b192b01d82af0af
:1089800045fe08f1ff330bf1010604f80b000793d5
:108990004ff00008d8e60799b5fbf8fc013b08fb4f
:1089a0001c5530350139e5540791654619e7225cbd
:1089b0001a54013842e7089bdb067ff502af2e23ed
:1089c000a3550136fde600bf000000000000f03fa7
:0889d0000000e03f00005043ed
:020000040000fa
:020000040100f9
:1089d8002de9f04fca4b2ded048b59ec108b00227a
:1089e80099458fb008bf90458ded021b00f0d480eb
:1089f800dde90267b319009347eb07030193dde94b
:108a08000001c04b4ff0ff328b4208bf824280f01a
:108a1800008118eb080a49eb090b5b4508bf524572
:108a280010ee104a4d4633d26ff400134ff0ff3268
:108a38005b4508bf524532d2c5f30a53013b40f2a9
:108a4800fd72934200f2ab80c7f30a53013b934295
:108a580000f2a580dde9020121f05ef9824628f0e6
:108a680034fb8f4208bf864268d040464946002200
:108a7800002324f0fdfb00284ad09fed9b8bb0ee2d
:108a8800480af0ee680a0fb0bdec048bbde8f08f21
:108a9800002e77f1000302da9b4b22221a60002c89
:108aa80075f10003c8dadde900016ff400134ff037
:108ab800ff328b4208bf8242bed3c7f30a5eaef2d2
:108ac800ff33332b049340f2a780b3f5806f40f255
:108ad800508100988d4b8a4a0021091a019963eb4d
:108ae800010302eae37207f0004342ea03010020af
:108af800cde9060102460b46dde9020125f059fbe6
:108b0800002899d1804b21221a609fed778bb6e718
:108b1800224625f0004343ec102b05f059ffdde910
:108b2800020153ec102b0cf087fa41ec100b04f007
:108b38000fffb0ee408af0ee608aa0e7baf1004f6e
:108b480093d0baf1000fc0f20d8118bf002460d095
:108b58009fed678b1af0010f07d051ec180b4246b6
:108b68004b460cf069fa41ec180b5fea5a0a424688
:108b78004b46404649460ad1002c80d053ec182b6e
:108b880000205f4905f010fa41ec180b77e70cf06c
:108b980053fa80468946dde749ec188b6fe75c4b52
:108ba80000225b4508bf5245f6d3dde900018b4240
:108bb80008bf8242c0f0da80bbf5001f08bfbaf1d7
:108bc800000fc0f0af80534b00229d4208bf944273
:108bd80000f0ff80504b00229d4208bf944200f0f5
:108be800fe809f4208bf964200f0df804b4925f087
:108bf80000434ff0ff30994208bfa04280f0e68062
:108c0800474b00229d4208bf944202d09fed3a8b09
:108c180035e79fed378b32e7c3f1340c4ff0ff3265
:108c2800acf1200002fa00f002fa0cf3ccf12001ba
:108c380022fa01f1034302fa0cf243ea0100911807
:108c4800049b0b920c9047f48012404122ea0002e8
:108c580002fa03f0c3f120030993ccf1200326eaba
:108c680001010a93aef21f4e099b01fa0efe40ea7b
:108c78000e0021fa03fe049bcdf824e001fa03f369
:108c88000d930a9b02fa03fe099bcdf810e01843e6
:108c98000d9bdb180d93049b21fa0cf1acf1200e0f
:108ca80041ea030122fa0ef322fa0cf20992099a18
:108cb80041ea030140410d9b10430b43c0f31401eb
:108cc80005910c980b99049306ea010207ea000340
:108cd800dde90401b1f5801f08bf012850d2cde9b4
:108ce800062309e7aff30080000000000000f87fca
:108cf800000000000000f03f000000000000f07fce
:108d08000000f03fffff1f00ecbb00200000c07f09
:108d18000000e0ff0000f07f0000f0ffffffef3fe2
:108d28000000f0bfdde9020120f0f6ff824628f0de
:108d3800ccf98f4208bf86427ff497ae002e77f1b8
:108d4800000368db9fed3a8b002108461af0010ffb
:108d58003ff495ae05f000440a4684ea000343ec6c
:108d6800182b8ce6caf1000a0124f1e69ded028b6e
:108d780085e69ded027b8ded067b53ec172bbbe65c
:108d8800012101fa0ef00a994ff0010e2efa01fea8
:108d9800012101fa0cf1891840ea0e0040eb0303a7
:108da80006910793dde90623a6e6294b00229d429a
:108db80008bf94423ff42daf264925f000434ff0f9
:108dc800ff30994208bfa042bff420af9fed188b37
:108dd80055e6002e77f10003bff618aff6e7002e30
:108de80077f100031cdb9fed149b9fed158bdde9ec
:108df800020120f091ff044628f067f98f4208bf6e
:108e080086427ff43caee3077ff539aeb0ee498a7f
:108e1800f0ee698a33e69fed0a8b0f48002195e74b
:108e28009fed099b9fed028be1e700bfaff3008048
:108e38000000000000000000000000000000f0ff3b
:108e4800000000000000f07f00000000000000802b
:0c8e58000000f0bfffffef3f0000f07fc4
:020000040000fa
:020000040100f9
:108e64002de9f04186b0b84b0190064600930222ea
:108e740001231321ec2010f035f8012e09d9b34f4a
:108e84003868f02104302af0fffc044630b90c2580
:108e94000fe02af041f90028f1d0f8e7002e40f065
:108ea400678190f86031012b12d115f057ff68b932
:108eb4000725a74b0093019501230022ff21ec20f5
:108ec40010f010f8284606b0bde8f08116f0c6fc94
:108ed4003868f02104302af0d7fc0446032e00f24f
:108ee4001981dfe816f04b005800b5001e011e255d
:108ef4006ee1012e00f2768179e155b9294604a884
:108f040028f0e8f99df81030002b00f07b81122541
:108f1400cfe7ab1e012b00f2758194f822209df857
:108f2400103062f300038df8103023464ff0000830
:108f340053f8232fcdf811209b888df80e800df166
:108f44000e0104a8adf8153020f0c8f8002800f090
:108f54005981022d40f0508141460df10f0028f057
:108f6400b9f99df80f30cfe794f86031002bafd1f9
:108f740025f065ff054600289bd1a9e794f86021f8
:108f8400012a03d1002120461cf0f4f801202af024
:108f9400b3f8002596e794f86051002df6d101212d
:108fa400084619f08bf894f8731020460bf012fc65
:108fb4004ff48073a4f88c3194f87330e26925740b
:108fc40013f1ff3318bf012384f88e31042384f88e
:108fd4008f3103f26d235343c4f8a43142f210736a
:108fe400c4f8a831012384f8603129f017fac4f8d1
:108ff400ec0115f0b3fed4f8ec31a2681a62d4f88f
:10900400ec31544a5a62d4f8ec31534a9a62d4f897
:10901400ec31524ada62d4f8ec31514a1a63d4f88a
:10902400ec31504a5a6306462946d4f8ec010df057
:1090340045fad4f8ec311d60d4f8ec3172685a600a
:10904400d4f8ec311360304673602af0e9fc9de7f4
:1090540094f8731020460bf0bdfb012384f86031b3
:1090640000232374e5692af05ff84ff4c86358437a
:10907400b0fbf5f02af070f828f032fd3d6894f862
:1090840073302b7394f820306b7394f82930ab73de
:1090940094f82130eb7394f822302b74234605f1b5
:1090a4000c0653f8232fc5f811209b88a5f815301a
:1090b400b4f800212ab1d4f8fc1005f1180028f006
:1090c4007bfeb4f80031eb75b4f810212ab1d4f862
:1090d4000c1105f1380028f06ffeb4f8103185f852
:1090e400373094f8f43085f85730502231461e4812
:1090f40028f090f91df0f4fe1cf068fe15f058fb02
:10910400a3680493e3680093042204ab1749022084
:109114001ff09ff8002029f0efff002029f0f4ff52
:1091240037e7012384f860310023237426f0e4f840
:1091340008b128f0d5fc94f8731020460bf04afbd4
:10914400dee71e25b5e600bf2b1e0301f4ba00209e
:10915400bc010301a5630101b53c030171ec0201eb
:10916400cdc4000185420201104001440b000100fe
:10917400032e7ff4beae3d684749502205f10c0032
:1091840028f048f92b7b84f873306b7b84f820300b
:10919400ab7b84f82930ff2384f82e30eb7b84f8f2
:1091a40021302b4653f8112fc4f823209b88a4f8b0
:1091b40027302b7c84f8223095f8573084f8f4302b
:1091c4006a7b002a3ff493ae002b0cbf1e250025ba
:1091d4001ef0b4fa18f08afc14f02cfa284310f0ac
:1091e400ff0faed194f87330012b3ff450ae94f8d6
:1091f4002150012d7ff481ae204629f065ff00281f
:109204003ff485ae94f86031002b42d1204608f03b
:1092140057fc054600287ff44cae012e3ff4a4ae63
:1092240004201cf067fce06000283ff441ae0120fc
:1092340023f002f800283ff42aae032e7ff448ae50
:109244003d68154905f10c00502228f0e3f8e87d4b
:1092540048b111f009fec4f8fc0020b1ea7d05f123
:10926400180128f0a9fdeb7da4f8003195f837002a
:1092740050b111f0f9fdc4f80c0128b195f837206c
:1092840005f1380128f098fd95f83730a4f810312d
:0c9294001ee6012ec4d11be61040014470
:020000040000fa
:020000040100f9
:1092a000f0b587b004460f4616461d460379013bcc
:1092b0000d2b69d8dfe813f016012d0163017d0144
:1092c000a001e601f6000e001f006a00610099008f
:1092d000ba00f200002e57d0097828462af0fcf890
:1092e000022128462af006f928462af0fcf82846ea
:1092f00028f0d1fd48e0022e46d9097828462af008
:10930000ebf8022128462af0f5f828462af0ebf877
:1093100024f0e2f9022814d9ac4b1b788df80c30fc
:10932000ab4b1b788df80d300223009303ab0b225f
:10933000397828461bf006fb1321284623f024fa2f
:1093400022e0284628f0a7fda04b1b788df80c30b2
:10935000a04b1b788df80d3029f098fa8df80e008f
:109360000323009303ab0a22397828461bf0eafa5c
:1093700021f040fb1af02afe06e0407820f0f6fccf
:109380001321284623f000fa07b0f0bd012efbd9c7
:10939000284624f0d5ff68b1617828462af09cf869
:1093a000022128462af0a6f828462af09cf82846ea
:1093b00028f071fd3b78854a12789a4203d8844a96
:1093c0001278002ae0d1814a13707b78fd2b9abf76
:1093d0000133dbb2ff237f4a137062787c4b1a7033
:1093e00021f008fb1af0f2fdcee7284629f013fd24
:1093f000012ec9d96278764b1b789a42c4d13a784b
:10940000724b1b78934206d17b78013371490978fe
:10941000dbb29942b8d06d4b1a707b7801336d4a3c
:10942000137021f0e7fa1af0d1fdade7062eabd9a3
:10943000284629f0f0fc62783c797879664b1b78f5
:109440009a4216d0002b14bfff2300236249c9782b
:109450008a420ad0002908bf01235f4989798a42dc
:1094600005d081b1ff2b8fd00ee0012302e0022353
:1094700000e0002303eb4302574b13445c709870e9
:109480001af0a4fd80e70223534d03eb4303e918d0
:10949000ea544c7088701af099fd75e7284629f057
:1094a000bafc71e7012e7ff66faf0a784b4b1b7841
:1094b0009a427ff469af4a4a002304e001331c3228
:1094c000082b3ff461af12f8031c0029f6d0147882
:1094d00079788c42f2d1c3ebc3008300414a00216a
:1094e000d15451e7022e7ff64faf2af0e5f802285b
:1094f00005d8ba78797838781ff0caff44e72af09f
:10950000d5f8bb7800937b783a7837491cf020f97e
:10951000efe70df10a020df1090102a821f048fa66
:1095200026f0deff8df80b004ff6ff739d4203d04f
:109530002e4b1b88ab4206d0042302aa032160787d
:109540000df010fe20e700238df80c30234b1b7824
:109550008df80d30264a1378591c11708df80e3095
:109560000c238df80f3003238df81030029bcdf8bb
:10957000113003aa0921284615f0caf804e71b4b4d
:109580001d884ff6ff739d423ff4feae00680390c6
:1095900023798df81030042e05d903aa711d2846b1
:1095a00015f0b6f8f0e632460df1110028f006fc91
:1095b000f3e71df087fa2af07ff802287ff6e4ae81
:1095c0002af074f80b491cf0c3f8dde61dbc00203e
:1095d0001bbc002011bc002050b900201abc002088
:1095e000cfaf0020ccaf0020246b020170bf002061
:1095f0001ebc00203c6b0201002e3ff4c5ae0c786f
:109600002af05af8022817d820461ff061fb18b933
:1096100020460ef08dfcb0b90022114664201ff0e8
:1096200037ff4ff6ff739d423ff4aeae214a09214a
:10963000284615f06df8a7e62af038f822461e49ac
:109640001cf086f8e0e70022642110461ff020ff9e
:109650004ff6ff739d4209d12af02ef802280bd84d
:109660004ff4fa7024f052f826f04cff134a072109
:10967000284615f04df8efe72af018f810491cf0cd
:1096800067f8ede72af018f802280cd826f0baf9a6
:109690000022114664201ff0fbfe4ff4fa7024f004
:1096a00035f826f02fff2af001f806491cf050f893
:1096b000ece700bf1cbf0020486b020150bf002038
:0896c0005c6b0201746b0201f6
:020000040000fa
:020000040100f9
:1096c800f0b597b00378032b04d0012b00f062812a
:1096d80017b0f0bd44682378062bf9d801a252f8d8
:1096e80023f000bf8b97000109970001d99600016c
:1096f800d9960001d9960001039800015f970001ef
:10970800c84b1b78002be3d0a08820f097fb0446b9
:109718000028ddd08378002bdad103a9807f0ff0f1
:109728008bfe70b911ab0df142020df13a012088a0
:1097380020f05cfc0028cbd10121208827f0a8ff6d
:10974800c6e7208824f016f90028c1d10021208816
:1097580027f09effbce7b34b1b78002bb8d0a0883e
:1097680020f06cfb0028b3d08378012bb0d1a088ff
:1097780024f01af90028abd10021a08827f088ff2f
:10978800a6e7a3793bbba08820f058fb0546002834
:109798009ed0a288237a03218df80c10adf80e20f4
:1097a80000228df811208df8123003a820f022fb3a
:1097b8000123eb7254f8096f6068a168e268ee60f3
:1097c80028616961aa61ab78002b81d101212888c1
:1097d80027f05eff7ce7a188e27904208df80c0071
:1097e800adf80e1000218df811108df812308df89b
:1097f800132003a820f0fefa6ae7a08820f01efbd9
:10980800064600283ff464af4c202af063f9054669
:1098180000283ff45daf04f1780393e80300286063
:10982800a980090ca971284614f07afc0246082878
:109838005ad0b277b378002b40f0868094f8223063
:1098480013f0010f6ad0214651f8087f4e688868e6
:10985800c968af63ee6328646964214651f8687f7c
:109868004e688868c968c5f80770c5f80b60c5f800
:109878000f00c5f8131094f822309b0895f848108b
:1098880063f3870185f8481094f82230c3f3400346
:10989800c9b263f3410185f8481094f8221095f88d
:1098a800483061f3000385f84830234653f8247f95
:1098b8005e689868db68c5f81e70c5f82260c5f850
:1098c8002600c5f82a30606bc5f81700208f94f879
:1098d8003a10a5f81b0069772946104615f05cf880
:1098e80028462af0fbf8f3e626f0d2fd02460828bf
:1098f8009fd105238df80c303388adf80e3008233e
:109908008df8113003a820f075fa26f0c1fd024643
:1099180008288ed128462af0e1f8d9e6214651f8e0
:109928004c7f4e688868c968af63ee6328646964d1
:10993800234653f85e1f5b68c5f82e10c5f8323011
:10994800b4f85c30eb8688e7234653f808efd3f881
:1099580004c09f68d868c5f838e0c5f83cc02f64d3
:109968006864d3f800c05f689868db68c6f80cc004
:1099780037617061b361214651f8687f4e68886825
:10998800c968c5f80770c5f80b60c5f80f00c5f8b9
:10999800131070e744682378052b15d0032b7ff448
:1099a80097ae2379002b6fd1638803228df80c20a2
:1099b800adf80e3001238df8113000238df81230e8
:1099c80003a820f017fa83e6608820f037fa0546e6
:1099d80000283ff47dae0121008827f059feeb7a7c
:1099e800002b37d103a9a87f0ff026fde0b911a9f4
:1099f800288822f035ff00283ff46aae63880422e5
:109a08008df80420adf8063001238df809300023c5
:109a18008df80a308df80b300deb020020f0eaf9d2
:109a280056e600bf09bc0020288823f021ff638880
:109a380004228df80420adf8063001238df8093092
:109a480000238df80a308df80b300deb020020f062
:109a5800d1f93de6294631f80c0b22f001ff002828
:109a68003ff436ae638804228df80c20adf80e3032
:109a780001238df8113000238df812308df8133042
:109a880003a820f0b7f923e6638804228df80c2098
:109a9800adf80e3001238df8113000238df8123007
:0c9aa8008df8133003a820f0a5f911e69a
:020000040000fa
:020000040100f9
:109ab400f0b587b00378012b04d0042b00f0978015
:109ac40007b0f0bd42681378092bf9d801a151f809
:109ad40023f000bf019b00013f9b0001c59a0001d8
:109ae4009b9b0001c59a0001c59a0001c59a00011b
:109af400c59a0001c59a0001959b00019378002b3b
:109b0400ded1a34b93f892505db119460123ddb227
:109b14001c4691f8260128b101339431082bf6d163
:109b2400cee700249a4b942101fb0434012384f8ea
:109b34009230657093886380c2e7508824f0cefb2e
:109b440004460028bcd0037bd3b100250be0a37be3
:109b54000133dbb20f2b94bfa373a573237b013bab
:109b6400dbb2237363b1a37b04ebc30358690028fe
:109b7400edd029f0b5ffa37b04ebc3035d61e6e7f9
:109b840094220021204629f0b9f81723a38097e7ef
:109b940025f07efa94e71379002b91d154887d4bfc
:109ba4001b88a3420ad001237a49184631f833208e
:109bb400a24204d00133082bf7d181e70020754b72
:109bc40003ebc00043685b8a002b3ff479af204667
:109bd40024f084fb00283ff473af90f89130012bfc
:109be4007ff46eaf0321204623f0f2fc68e744685b
:109bf4002378132b3ff664af01a252f823f000bf81
:109c0400679c0001c59a0001c59a0001c59a00012c
:109c1400c59a0001c59a0001c59a0001a79c0001dc
:109c2400099d0001c59a0001c59a0001c59a000169
:109c3400c59a0001c59a0001559c0001c59a00010e
:109c4400c59a0001c59a0001c59a0001459e00010c
:109c5400a08824f043fb00283ff432afe2888280de
:109c64002ee7a08824f03afb024600283ff428aff0
:109c7400a379122b7ff424afa37a052b02d00f2be8
:109c84007ff41eaf5378c3eb0313434901eb430343
:109c940021891b8b99427ff413af012382f8913001
:109ca4000ee7a08824f01afb014600283ff408af11
:109cb40022894378c3eb0314374830f814009042e8
:109cc4001cd02046344c04eb4000c088904215d090
:109cd400c3eb031004eb4000808990420ed0c3eb29
:109ce400031004eb4000408a904207d0c3eb0313f7
:109cf40004eb43031b8b93427ff4e2ae08460bf064
:109d0400cbfadde6a08824f0e9fa054600283ff402
:109d1400d7aee18800230093019302934378c3eb09
:109d240003101d4a32f810208a4239d0c3eb0313c2
:109d3400194a02eb43035b8a8b427ff4c1aea37ad8
:109d4400002b67d1e37a142b7ff4baae2b7843f05f
:109d540020032b70227b637b03eb0223ab802b7ae3
:109d6400a27b1344dbb22b720c4a1268002a3ff424
:109d7400a7ae02218df800106988adf804102021e7
:109d84008df806108df807306846904798e600bfb6
:109d940084a00020c4b50020dcae002024ba00203a
:109da4002b7b0f2b3ff68cae268900230393049361
:109db4000593304629f090fe074600b3324604f17d
:109dc4000a0127f0f9ff6b7b05ebc302168257618a
:109dd4000133dbb20f2b88bf00236b732b7b013362
:109de4002b7303238df80c306b88adf810301e4ba9
:109df4001b68002b3ff464ae03a8984760e6072372
:109e04008df80c30184b1b68002b3ff459ae03a897
:109e1400984755e61f2b7ff653ae134b1b68002b58
:109e24003ff44eae04228df800206a88adf8042079
:109e340022898df806200a340294684698473fe642
:109e4400a08824f04bfa00283ff43aae90f8902012
:109e540012b925f01df933e6c271002280f8902072
:0c9e64000bf01afa2ce600bf24ba002014
:020000040000fa
:020000040100f9
:109e70002de9f04184b00378012b04d0042b7ed06f
:109e800004b0bde8f08142681378012b37d059b295
:109e9000d1b1092bf4d1508825f054f9044600289b
:109ea000eed0c16831b1437a012b56d0022b5dd080
:109eb00028f072f96378012be2d1e3790c2bdfd91a
:109ec00020461ff057fbdbe79378002bd8d1924b4d
:109ed0005b7853b1904901231c4691f8950028b155
:109ee00001339431082bf7d1cae700248a4b94211f
:109ef00001fb04340123637093886380c0e75088ba
:109f000025f020f904460028bad0037cd3b10025ff
:109f100011e029f0e7fda37c04ebc3039d61a37c62
:109f20000133dbb20f2b94bfa374a574237c013bd8
:109f3000dbb2237433b1a37c04ebc303986900281c
:109f4000e7d1ece7204628f027f9942200212046ab
:109f500028f0d6fe1723a38092e7408822f0f0fd78
:109f60000028a7d1204628f017f9a3e7408822f05f
:109f7000cbfd00289ed1204628f00ef99ae74468d0
:109f800023780b2b0bd00e2b7ff47aafa08825f013
:109f9000d9f800283ff474afe288828070e7e58842
:109fa000a5f1a1039bb2072b3ff66aafa08825f06d
:109fb000c9f8064600b3277a162f26d1f368002b7e
:109fc0007ff45eaf0625042029f088fdf0600028ac
:109fd0003ff456af237a0370e38843804570022331
:109fe00073720146a08822f08ffd00287ff448afed
:109ff000304628f0d1f843e7237a162bded08025af
:10a00000237a122b7ff43cafa5e0a33d052d00f28f
:10a01000f680dfe815f00600f4002900f400640083
:10a02000d2000023019302930393e27ba37b03eb13
:10a0300002239bb2012b11d093b9337002238df808
:10a0400004307388adf8083033788df80a30334b1c
:10a050001b683bb101a89847002576e03370ede717
:10a06000802572e0002570e0337c0f2b01d900259c
:10a07000c6e7a5890023019302930393284629f09c
:10a080002dfd804608b32a4604f10e0127f096fe06
:10a09000737c06ebc3021775d582c2f818800133b2
:10a0a000dbb20f2b88bf00237374337c013333740e
:10a0b00005238df804307388adf80830174b1b6802
:10a0c0000bb101a8984700253fe008238df8043024
:10a0d000124b1b680bb101a89847002535e0a289f7
:10a0e0000023019302930393a37b142b18d0152b09
:10a0f0004ed01f2b28d9094b1b682bb306218df896
:10a1000004107188adf80810adf80a2004f10e02b1
:10a11000039201a8984717e024a5002090ba0020d8
:10a12000b37943f00203b3711023f37130461ff08b
:10a1300021fa344b1b683bb103228df8042072884e
:10a14000adf8082001a898470025237a03f0fb0307
:10a15000122b7ff495aef368002b7ff491ae002da7
:10a160007ff431affa2029f0b9fcf06000283ff409
:10a1700087ae13230370012373720146a08822f077
:10a18000dffc00287ff47cae304628f005f877e647
:10a19000b37943f00103b371337ae27b1344337232
:10a1a000184b1b68002bcfd004228df80420728836
:10a1b000adf8082001a89847c6e700230193029351
:10a1c0000393e27ba37b03eb02239bb2012b12d808
:10a1d0000c4a12688ab101218df804107188adf81b
:10a1e0000810012b14bf002301238df80a3001a8a9
:10a1f00090470025a9e78025a7e70025a5e70025ca
:08a20000a3e700bf90ba0020a3
:020000040000fa
:020000040100f9
:10a208002de9f04fd0f84881d0f8549189b008f181
:10a2180002030093d0f844310393d0f840310493fb
:10a2280008238df81c3090f8003106900446063358
:10a238002546414606a88df81d300ef035ff4a46e2
:10a2480055f8333f42f8253bab88a9f80430019212
:10a25800b4f800212ab1d4f8fc1009f1060027f05f
:10a26800a9fd05238df81c3094f810310099069447
:10a27800063306a88df81d300ef016ff2b68c9f8b6
:10a288002530019aab889380b4f810212ab1d4f80c
:10a298000c1109f12b0027f08dfd0025d4f8f87179
:10a2a8002e4600bf94f8f430b34202d809b0bde896
:10a2b800f08fd7f810a0daf800306ff30203caf86d
:10a2c8000030daf80020012363f3c402caf8002042
:10a2d800daf800204ff0040b6bf3ca12caf800201a
:10a2e800daf8001052466bf3ce2142f8101bdaf868
:10a2f800001092b262f3de31caf80010daf80020da
:10a308006ff3df72caf80020daf804101ffa88f237
:10a3180062f30f01caf80410daf804101ffa89f280
:10a3280062f31f41caf80410daf8082063f3010247
:10a33800caf80820daf8082042ea0b02caf808200e
:10a3480098f8012094f83f1094f82b0023f069fe48
:10a35800c7f810a004eb860a0022c7e907053a727d
:10a3680087f82820c7e90589caf8c4703f682b1800
:10a378003d690293a9b2caf890102968052060f3d4
:10a38800020129602968012363f3c40129602b684d
:10a398006bf3ca132b602b686bf3ce232b6094f8f6
:10a3a800f430013b9e420fbf2b682a6805f1200359
:10a3b8009bb20bbf62f3de3363f3de322b602a609d
:10a3c8006a68bdf80c3063f30f026a606a68bdf80a
:10a3d800103063f31f426a60ab68022262f3010324
:10a3e800ab60ab6843f00403ab60aa6805f11003e7
:10a3f8009bb263f35822aa60ab686ff35a63ab60f1
:10a40800252294f83f1094f82b0023f00afe052328
:10a418003b72039b7b61049b3d61c7e906300023c7
:10a428003b6287f82830caf8d0502b6804eb460204
:10a43800c3f3cf33a2f8e830059294f83f1094f8ac
:10a448002b000c2223f0edfd98f8032094f83f1020
:10a45800054694f82b0023f0e4fd029b03f5ce7328
:10a468001d4428440eb9c4f8940194f8f4104b1e06
:10a478009e4208bfc4f890010023f518a94266dc83
:10a48800d7f800b0029bdbf8107003f5a775bbb2d4
:10a49800caf884303a68042363f302023a603a68df
:10a4a800012161f3c4023a603a6863f3ca123a6060
:10a4b8003a6863f3ce223a6094f8f430013b9e4246
:10a4c8000fbf3b683a6807f110039bb213bf63f3f1
:10a4d800de326ff3de333b603a607a68bdf80030f5
:10a4e80063f30f027a607a68bdf8043063f31f42a1
:10a4f8007a60bb68022262f30103bb60bb6843f069
:10a508000403bb6098f8032094f83f1094f82b00dc
:10a5180023f087fd04238bf80830009bcbf8143018
:10a52800019bcbf81070cbe906300023cbf8203024
:10a538008bf82830caf8dc703b68059ac3f3cf3330
:10a54800a2f8ee300136dbf80070f6b2aae603ebab
:10a5580043022a4404eb82020133c2f8a000dbb2b2
:04a568008be700bfbe
:020000040000fa
:020000040100f9
:10a56c00f7b5046800260546adf8006020f018fc2d
:10a57c00267525f031fb236eda050ad509f0ccf8e7
:10a58c0017f012fd29f0eef9bd4b9a8f66f3c71246
:10a59c009a87b4f898300133a4f8983094f8643062
:10a5ac00012b64d1236edb0105d5d4f87831198fda
:10a5bc00d86b26f073fad4f88831df0109d5204620
:10a5cc0024f0d8fa28b1d4f87831198fd86b26f04a
:10a5dc0065fa206ee36e10f0007700f0c3809b00ec
:10a5ec0040334ff6fc711940d4f87801276fa66ff1
:10a5fc0024f090fad4e91b2140f272234b4303eb75
:10a60c0042032033e36700236367013ed4f87831bb
:10a61c00f61b1e6694f86430012b28d1e3681bb935
:10a62c00236e23f480532366236e13f4505f00f0e3
:10a63c00f48018021bd514f08dfb226e031e22f43d
:10a64c00000214bf00210721226681b9d4f87821b9
:10a65c001160d4f8782159685160d4f878210a60d7
:10a66c005a601b68002b00f00f8125f0a5fb20f031
:10a67c0097fb236e23f03c5323f44c632366d4f8ee
:10a68c00883123f08073c4f8883125f0a5fa236e45
:10a69c009b0715d520f084fb236e23f0020343f0b7
:10a6ac000403236625f098fad4f87821a36d126e72
:10a6bc001344a365284627f019fb0123c4f87c3109
:10a6cc00236e9f0214d520f06bfb236e23f4001332
:10a6dc00236625f081fa20461ef061fed4f878310d
:10a6ec00c2b25a61d4f87831400000f4ff70586659
:10a6fc00236e9e0540f1cb80b4f84c30002b00f05b
:10a70c00d680b4f80a33002b00f0d180013ba4f8ba
:10a71c000a33002384f89c3120f042fb236eda05c7
:10a72c0054bf23f4844323f48643236625f054fa60
:10a73c0094f89d304bb101ab042252490195012094
:10a74c001bf044fd002384f89d3094f89e32d4f81d
:10a75c00780143f0400384f89e32694629f090fa60
:10a76c0003b0f0bd10f0010035d0e66f226f20363b
:10a77c0040f2722106eb430601fb0266617d59b182
:10a78c000322b1fbf2f202eb42028a1a12f0ff0f23
:10a79c0004bf06f272260746b6f5004fbff43aaf77
:10a7ac00b4f84a1040f271224a43963a9642bff4ea
:10a7bc0031af9b0040334ff6fc711940d4f878014f
:10a7cc0024f0a8f9d4f87821e667136e216f5b1a90
:10a7dc00db1b13661ee7626fd4f878019b0003f550
:10a7ec0098734ff6fc71022a01ea030194bf00260c
:10a7fc00012624f08ff9e26fe16e236f7a32334435
:10a80c0002eb410240f2722101fb0322d4f87811d1
:10a81c00e2670a6ed31a0b66fce699067ff527af42
:10a82c00e27d012a7ff423afb4f84c20002a3ff4d8
:10a83c001eaf1a023ff51baf14f08cfa226e031eea
:10a84c0042f40002226618bf0021b4f84c20a4f890
:10a85c000a2308bf072100297ff409afd4f8782117
:10a86c001160d4f8782159685160d4f878210a60c5
:10a87c005a601b6843b1b4f84c1026f0a7fdf6e6fd
:10a88c0000240141a204010114f0e4ffefe6580496
:10a89c000dd5190405d5204624f054f98df8000087
:10a8ac0037e7d4f878319b7a8df8003031e72046c1
:08a8bc0028f076fdf2e700bf71
:020000040000fa
:020000040100f9
:10a8c4002de9f04fd0f84891d0f8548189b009f1be
:10a8d40002030093d0f844310393d0f84031049339
:10a8e40000238df81c3090f800310690044606339e
:10a8f4002546494606a88df81d300ef0d7fb424682
:10a9040055f8333f42f8253bab88a8f80430019250
:10a91400b4f800212ab1d4f8fc1008f1060027f09d
:10a924004bfa05238df81c3094f8103100990694e5
:10a93400063306a88df81d300ef0b8fb2b68c8f856
:10a944002530019aab889380b4f810212ab1d4f849
:10a954000c1108f12b0027f02ffa0025d4f8f87118
:10a964002e4600bf94f8f430b34202d809b0bde8d3
:10a97400f08fd7f810a0daf800306ff30203caf8aa
:10a984000030daf80020012363f3c402caf800207f
:10a99400daf800204ff0040b6bf3ca12caf8002057
:10a9a400daf8001052466bf3ce2142f8101bdaf8a5
:10a9b400001092b262f3de31caf80010daf8002017
:10a9c4006ff3df72caf80020daf804101ffa89f274
:10a9d40062f30f01caf80410daf804101ffa88f2bf
:10a9e40062f31f41caf80410daf8082063f3010285
:10a9f400caf80820daf8082042ea0b02caf808204c
:10aa040099f8012094f83f1094f82b0023f00bfbe5
:10aa1400c7f810a004eb860a0022c7e907053a72ba
:10aa240087f82820c7e90598caf8c4703f682b182e
:10aa34003d690293a9b2caf890102968052060f311
:10aa4400020129602968012363f3c40129602b688a
:10aa54006bf3ca132b602b686bf3ce232b6094f833
:10aa6400f430013b9e420fbf2b682a6805f1200396
:10aa74009bb20bbf62f3de3363f3de322b602a60da
:10aa84006a68bdf80c3063f30f026a60bdf81030d9
:10aa94006a6863f31f426a60ab68022262f30103cf
:10aaa400ab60ab6843f00403ab60a96805f1100325
:10aab4009bb263f35821a960ab6862f35a63ab603d
:10aac400252294f83f1094f82b0023f0acfa0523c8
:10aad4003b72039b7b61049b3d61c7e90630002305
:10aae4003b6287f82830caf8d0502b6804eb460242
:10aaf400c3f3cf33a2f8e830059294f83f1094f8ea
:10ab04002b00222223f08ffa029b03f59c73184436
:10ab14000eb9c4f8940194f8f4104b1e9e4208bf79
:10ab2400c4f890010023f518a94266dcd7f800b0f8
:10ab3400029bdbf8107003f5a775bbb2caf884302a
:10ab44003a68042363f302023a603a68012161f32c
:10ab5400c4023a603a6863f3ca123a603a6863f32b
:10ab6400ce223a6094f8f430013b9e420fbf3b681a
:10ab74003a6807f110039bb213bf63f3de326ff33d
:10ab8400de333b603a607a68bdf8003063f30f024d
:10ab94007a607a68bdf8043063f31f427a60bb6858
:10aba400022262f30103bb60bb6843f00403bb6091
:10abb40099f8032094f83f1094f82b0023f033fa0b
:10abc40004238bf80830009bcbf81430019bcbf89e
:10abd4001070cbe906300023cbf820308bf82830f6
:10abe400caf8dc703b68059ac3f3cf33a2f8ee30a1
:10abf4000136dbf80070f6b2b4e603eb43022a44f4
:10ac040004eb82020133c2f8a000dbb28be700bf81
:020000040000fa
:020000040100f9
:10ac14002de9f0478d78046898b00023012d059341
:10ac24005bd9022d60d094f82e300e88cf78cde910
:10ac34000153b34b0093022201238f21ec200ef029
:10ac440051f904eb85039621d3f8ec31d3f8b02005
:10ac54000292d3f8ac300193aa4b009302231a4614
:10ac6400ec200ef03ff914f079f80590002800f07c
:10ac74004581a54b0093f6b20223922101961a4610
:10ac8400ec200ef02ff9b10640f1da809f4e94f8d3
:10ac94006c9133689b699847336804f26d1a09f024
:10aca40001098046db695146484698470546b8f194
:10acb400000f40f0b980d0b1954b009302220123dc
:10acc4001821ec200ef00ef905980468002c00f011
:10acd400128128f0aafe002003e094f86001002805
:10ace400a1d118b0bde8f08794f86101f7e74ff4fb
:10acf4004371052019f0acfb80460028e4d0c4f869
:10ad040088010568336828881b6a52464946984773
:10ad140094f87330063b012b28d8012385f8a8301a
:10ad240094f87320072a07d80123934013f0130fd4
:10ad340030d113f0c00f25d1336885f8f872db6e7b
:10ad4400d4f87c21d4f8401140469847002f37d1dd
:10ad5400012205a920461af00dfa227c0123a4f849
:10ad64008031002ab0d0a4f88631ade7d4f844315c
:10ad74001b789a0604d50e2026f0a4fe0028ccd118
:10ad84000023cbe794f82d30022b08d0032b09d0f5
:10ad9400012bd1d141f21113a5f86630cce741f271
:10ada4001223f9e794f83f3085f868302122012b0b
:10adb40085f8662014bf2322222285f86720bbe78a
:10adc4000021204619f0d8fcb4f800313bb1d4f886
:10add400fc0008b122f038fe0023c4f8fc30b4f8bb
:10ade40010313bb1d4f80c0108b122f02dfe002340
:10adf400c4f80c31002684f86061304621f01cfa56
:10ae040032462988204614f0f1fe2a8895f8a830a5
:10ae14008df81e3041f21401adf81810adf81c2065
:10ae240006a822f02fff4fe73a4b0093022201239a
:10ae34001721ec200ef056f8002d3ff445af3be708
:10ae4400730609d5012205a920461af093f943f6a1
:10ae54000143a4f8803137e7237cbbb194f8752013
:10ae6400a2b194f863318bb985b994f87430013385
:10ae7400dbb29a4284f8743008d8012205a920462e
:10ae84001af078f944f20133a4f8863194f8732067
:10ae9400012a07d105a920461af06cf943f60143ab
:10aea400a4f88031002f3ff40faf0021204619f0a1
:10aeb40063fcb4f800313bb1d4f8fc0008b122f0d3
:10aec400c3fd0023c4f8fc30b4f810313bb1d4f80e
:10aed4000c0108b122f0b8fd0023c4f80c310025a0
:10aee40084f86051284621f0a7f98623adf818307c
:10aef4008df81c5094e714f0b1fcece60720f0e662
:10af0400536702016c67020185670201f8ba0020e9
:08af140091670201a16702012f
:020000040000fa
:020000040100f9
:10af1c002de9f041aeb0064615460591002705997e
:10af2c000b78002b00f0fa8000244ff0ff33cde9b2
:10af3c0009430eab0c9380230b940d930b5d0bb15b
:10af4c00252b26d134b12246304625f08bf8059bb3
:10af5c0023440593059b1a78252a40f0d78003f1ea
:10af6c000108cdf81480059803782b2b1ad025d81e
:10af7c00202b1bd0232b1dd02a2b27d01ff088fc75
:10af8c000b90059b1a78303a092a2ed80133059379
:10af9c00f7e70134d2e7099b43f001030130099331
:10afac000590e0e7099b43f00403f7e7099b43f0a6
:10afbc000803f3e7099b43f01003efe72d2bead0ce
:10afcc00302bd9d1099b43f00203e7e72b681a1dfc
:10afdc001b682a600130002b05900b9305da099a47
:10afec005b4282f0010209920b93099bda0744bf82
:10affc0023f002030993059b1a782e2a0dd1002207
:10b00c00581c0a9205905a782a2a25d102330593a6
:10b01c002b681a1d1b682a600a9305a821f034fac4
:10b02c00059b0390187828f0e4fa6928039979d0e5
:10b03c0032dc632800f0cb8019dc252800f0d980a5
:10b04c00612853d000234ff0ff32cdf814800993c0
:10b05c000b930a920093d4e01ff01afc0a90059b04
:10b06c001a78303a092ad8d801330593f7e76428bf
:10b07c0058d06728e6dc2a4606a824f030fc0028c5
:10b08c0000f0a180059b5a1c05921b7806aa09a901
:10b09c003046fcf7dfff38e0702873d015dc6e28e3
:10b0ac0000f08c806f28cdd12b46002206a812f020
:10b0bc0089ff002800f08780059b06aa013309a9a7
:10b0cc003046059319f0c6fb1fe075283ad0782856
:10b0dc0048d07328b6d1802975d1059b2a680133d5
:10b0ec000593131d2b60126800237de02a4606a8e9
:10b0fc0024f0f5fb002866d0059b5a1c05921b78a2
:10b10c0006aa09a93046fdf705fa04443c44a742b7
:10b11c007add3e4b4f221a604ff0ff3738462eb087
:10b12c00bde8f0812b46012206a812f04bff002847
:10b13c0049d0059b06aa013309a93046059313f0a3
:10b14c0039fae2e72b46002206a812f03bff002852
:10b15c0039d0059b06aa013309a9304605931df089
:10b16c009ff8d2e72b46002206a812f02bff50b313
:10b17c00059b5a1c05921b7806aa09a930460af0b1
:10b18c00affdc2e72b460022f02106a812f01afff1
:10b19c00c8b1059b01330593dde9062313430bd19d
:10b1ac001b4827f07ff9099b009319490b9b02461a
:10b1bc00304617f01bfba8e77823dde72b463a193e
:10b1cc0006a818f03dfb059b013305939ee78029eb
:10b1dc00f9d1059b013305932b681a1d1b682a6056
:10b1ec008df8183006aa012309a930461cf0d6ffa9
:10b1fc008be78029e7d1059b01330593099b0093cd
:10b20c000b9b04490122d3e7274688e6ecbb0020c0
:08b21c00843b03018a3b03019e
:020000040000fa
:020000040100f9
:10b224000c4b13f0ff0f08d04ff0200383f3118869
:10b23400bff36f8fbff34f8ffee7074a934208d0e7
:10b244004ff0200383f31188bff36f8fbff34f8f49
:10b25400fee770470000000100000001014b186088
:10b26400704700bfe4bb002030b4184c1546184aa0
:10b274000c4404eb4030541e844208d24ff02003a7
:10b2840083f31188bff36f8fbff34f8ffee71c1852
:10b29400a24208d24ff0200383f31188bff36f8fcb
:10b2a400bff34f8ffee71944b1f5005f08dd4ff09f
:10b2b400200383f31188bff36f8fbff34f8ffee733
:10b2c40001461a46284630bc26f076bd000000012f
:10b2d40000400001f8b5304d0d4405eb40351746ec
:10b2e4002a071c4608d04ff0200383f31188bff3cc
:10b2f4006f8fbff34f8ffee743b94ff0200383f303
:10b304001188bff36f8fbff34f8ffee7234b5a1e95
:10b31400aa4208d24ff0200383f31188bff36f8f42
:10b32400bff34f8ffee76219934208d24ff0200318
:10b3340083f31188bff36f8fbff34f8ffee7214470
:10b34400b1f5005f08dd4ff0200383f31188bff3ec
:10b354006f8fbff34f8ffee7114b1b6803b1984704
:10b3640023071ebf24f00f0310339cb24ff6f07373
:10b374002340fe18ed1bbe4204d127f00dfe002829
:10b38400fbd1f8bd27f008fe0028fbd17919384617
:10b3940024f0d2fa1037eee700000001004000016b
:10b3a400e4bb002010b5124c124b04eb4034a34212
:10b3b40014d327f0f1fd0028fbd1204628f062f9d0
:10b3c40004f5805427f0e8fd0028fbd1204628f03e
:10b3d40059f927f0e1fd0028fbd110bd4ff02003ff
:10b3e40083f31188bff36f8fbff34f8ffee700bf66
:10b3f40000000001ff3f000137b542b94ff02003c0
:10b4040083f31188bff36f8fbff34f8ffee71f4c99
:10b414000c4404eb40341e48431ea34208d24ff0b0
:10b42400200383f31188bff36f8fbff34f8ffee7c1
:10b434001319984208d24ff0200383f31188bff305
:10b444006f8fbff34f8ffee71144b1f5005f08dd46
:10b454004ff0200383f31188bff36f8fbff34f8f37
:10b46400fee74ff0ff3201929db204220deb020180
:10b47400204626f093fc30b90434a3b29d42f4d1a3
:10b48400012003b030bd0020fbe700bf0000000135
:10b494000040000138b5154643b94ff0200383f34b
:10b4a4001188bff36f8fbff34f8ffee7184c194a13
:10b4b4000c4404eb4030541e844208d24ff0200365
:10b4c40083f31188bff36f8fbff34f8ffee71c1810
:10b4d400a24208d24ff0200383f31188bff36f8f89
:10b4e400bff34f8ffee7ca18b2f5005f08dd4ff0d7
:10b4f400200383f31188bff36f8fbff34f8ffee7f1
:10b504001a46294626f04afcb0fa80f0400938bdb4
:08b514000000000100400001ed
:020000040000fa
:020000040100f9
:10b51c002de9f04f89b00023074601930e4629b957
:10b52c004ff00008404609b0bde8f08fd0f84490c9
:10b53c004c6ca1458bbfb9fbf4f3b4fbf9f304fbe2
:10b54c00139309fb13438bb12146484626f012fd99
:10b55c00b0fbf9f3dbb2092b019304d9b0fbf4f087
:10b56c00c0b20928dcd84ff0020801e04ff0010806
:10b57c00fb7ad7f860b0356e726eb6f87010012b8e
:10b58c0002bffb6babeb0303c3f3160af37a18bfd2
:10b59c00da46012b08bff06bb6f8763004bf2d1ad3
:10b5ac00c5f31605b8f1010f67d1aaeb05004602e9
:10b5bc001ed520468b4c0093cde9012123f0a0ff32
:10b5cc002668dff824c2348976890299344440f223
:10b5dc003916b4fbf6f4a5eb0a06e443044406ea78
:10b5ec000c06b442dde900329cbf2d1a05ea0c05ad
:10b5fc0040f2391cb3fbfcf47b6edff8ec91b7f82e
:10b60c007660b6fbfcf62a44534402ea090203eacc
:10b61c0009030134013614441e44b1fbfcf2b7f8a3
:10b62c007000b0fbfcf00132013004ea090406eab8
:10b63c000906aa1aaaeb0000234602ea09023146bf
:10b64c0000ea090027f04dfc00283ff469af331bda
:10b65c005d024cbfa4eb0a0aa6eb0a0a0bf1030429
:10b66c0097f84f300aea0909a144c9f3160443f0cc
:10b67c0002033c6687f84f3054e75b48ac1840f245
:10b68c00391c0440b3fbfcf3013323440340039304
:10b69c00544bb1fbfcf101311b680093691a01405a
:10b6ac0012234ff0000802910493c246019b5345ac
:10b6bc007ff638af049b013b13f0ff0304933ff478
:10b6cc002faf3b6e059309fb0af023f019ff059b86
:10b6dc00b7f870101844444b40f2391200ea030bcf
:10b6ec00b1fbf2f1786e0131abeb0101194058441a
:10b6fc0006911840b7f87610b1fbf2f10131014414
:10b70c00194000bfa4eb0b0040020fd50098b0f815
:10b71c000ac0b0f808e00eeb0c00abeb040cb0fb6d
:10b72c00f2f00cea030c0130604535d3dde902235d
:10b73c00069827f0d6fb00284ed0009b009a1b8958
:10b74c005289059840f239111344274ab3fbf1f39f
:10b75c00013323441340a3eb0b03134000f1030b01
:10b76c005b443b66356eb6f87030746eb3fbf1f328
:10b77c000133eb1a13402c4402931440b6f8763084
:10b78c00b3fbf1f10131214401ea020303934ff0c1
:10b79c00000a4ff0010889e7706c079123f0b0fea6
:10b7ac00114b746e05441d4040f23912b6f870000e
:10b7bc00b0fbf2f00130281a2c4400ea03011c40c3
:10b7cc00b6f87600b0fbf2f001302044029100eaaa
:10b7dc0003010391079995e70af1010a5ffa8afac6
:0cb7ec0064e700bf5cbb0020ffff7f0093
:020000040000fa
:020000040100f9
:10b7f8002de9f04f099f154604468e461e46002b3c
:10b8080040f0cc808a42b2fa82fc4cd9bcf1000fdd
:10b818000bd0ccf1200801fa0cfe20fa08f802fa45
:10b828000cf548ea0e0e00fa0cf44fea15491ffa17
:10b8380085f8befbf9fa210c09fb1ae30afb08fba1
:10b8480041ea03439b452ad9eb180af1ff3004d299
:10b858009b4502d9aaf102002b44a3eb0b03a4b227
:10b86800b3fbf9f209fb123302fb08f844ea03447c
:10b87800a04516d92c1902f1ff3303d2a04501d9ee
:10b88800931e2c44a4eb080443ea004027b124fa91
:10b898000cf400233c607b603146bde8f08f5046d5
:10b8a800dbe71346eee702b9ffdebcf1000f2ed14d
:10b8b8008b1a01264fea154eaab2b3fbfef8210ceb
:10b8c8000efb183308fb02f941ea0343994561d995
:10b8d800eb1808f1ff3004d2994502d9a8f102000b
:10b8e8002b44a3eb0903a4b2b3fbfef10efb113307
:10b8f8004a4344ea0344a2424ed92c1901f1ff33ca
:10b9080003d2a24201d98b1e2c44a41abce7ccf165
:10b91800200e02fa0cf521fa0ef901fa0cf320fabe
:10b928000efe4eea03034fea154800fa0cf4b9fb81
:10b93800f8f11ffa85fe08fb1192180c01fb0ef6b0
:10b9480040ea0242964221d9aa1801f1ff3003d2f7
:10b95800964201d9881e2a44921b9bb2b2fbf8f981
:10b9680008fb192209fb0efe43ea02439e450fd944
:10b97800eb1809f1ff3604d29e4502d9a9f1020657
:10b988002b44a3eb0e0346ea004693e70846e3e799
:10b998004e46f6e74046a4e70b46b6e78b4206d983
:10b9a800002f7ed00026c7e90001304674e7b3fabd
:10b9b80083fcbcf1000f0fd18b4201d3824209d81e
:10b9c800841a61eb030e0120002f6dd0c7e9004ee9
:10b9d800002661e76046f7e7ccf1200e03fa0cf386
:10b9e80022fa0ef521fa0ef41d4301fa0cf320fa9f
:10b9f8000ef10b434fea154a00fa0cf6b4fbfaf9bc
:10ba08001ffa85f80afb19401c0c09fb08f144eae7
:10ba18000044a14202fa0cf23fd92c1909f1ff3077
:10ba280004d2a14202d9a9f102002c44641a9bb2a3
:10ba3800b4fbfaf90afb194409fb08f843ea044184
:10ba480088452cd9691809f1ff3304d2884502d9f1
:10ba5800a9f10203294443ea0040a1eb0801a0fb35
:10ba680002894945c2464c4602d306d1464504d20e
:10ba7800b8eb020a69eb05040138afb1b6eb0a036b
:10ba880061eb040606fa0efe23fa0cf34eea0303f2
:10ba980026fa0cf6c7e900369ae74846c6e74b4649
:0cbaa800d9e73e463846f7e63e46f5e694
:020000040000fa
:020000040100f9
:10bab4002de9f04f054685b041208b46904628f08d
:10bac400c7f8044650b9a54b009302460423c2218b
:10bad400ee200df007fa05b0bde8f08feb78c21d3b
:10bae40005f1040a039205f10b0900f1110600f1b6
:10baf4002107002b40f0b280daf800300360baf876
:10bb0400043083809af806308371d9f80030c0f885
:10bb14000730b9f80430938099f806309371904b4c
:10bb24001b681a7882735a79c2735b780374bbf109
:10bb3400000f00f08d80dbf80030c0f81130dbf826
:10bb440004307360dbf80830b360dbf80c30f3606a
:10bb5400aa6d02f5c07204f1310b1368c4f82130e8
:10bb640053687b609368bb60d368fb60aa6d02f581
:10bb7400e07221461368c4f831305368cbf80430be
:10bb84009368cbf80830d368cbf80c30a86d412209
:10bb940000f5e873063003f0e3fbd9f800302360c6
:10bba400b9f80430a38099f80630a371daf80030ac
:10bbb400c4f80730baf80430a4f80b30e21d9af840
:10bbc40006309371ab6d93f8e430a373ab6d93f8c7
:10bbd400e530e373ab6d93f8e6302374b8f1000fee
:10bbe40000f0b580d8f80030c4f81130d8f804302b
:10bbf4007360d8f80830b360d8f80c30f360aa6ddd
:10bc040002f5e07221461368c4f8213053687b6062
:10bc14009368bb60d368fb60aa6d02f5c0721368b9
:10bc2400c4f831305368cbf804309368cbf808304b
:10bc3400d368cbf80c30a86d412200f5c8730630e8
:10bc440003f08efb204605b0bde8f04f28f002b8a3
:10bc540010225946304627f051f879e7d9f80030d8
:10bc64000360b9f80430838099f806308371daf8f8
:10bc74000030c0f80730baf80430a0f80b30c21d09
:10bc84009af806309371ab6d93f8e4308373ab6d1f
:10bc940093f8e530c373ab6d93f8e6300374bbf1ee
:10bca400000f4ed0dbf80030c0f81130dbf8043060
:10bcb4007360dbf80830b360dbf80c30f360aa6d16
:10bcc40002f5c07204f1310b1368c4f821305368d3
:10bcd4007b609368bb60d368fb60aa6d02f5e07279
:10bce40021461368c4f831305368cbf804309368a4
:10bcf400cbf80830d368cbf80c30a86d412200f59e
:10bd0400e873063003f02cfbdaf800302360baf84d
:10bd14000430a3809af80630a371d9f80030c4f82f
:10bd24000730b9f80430a4f80b30e21d99f8063056
:10bd340093710b4b1b681a78a2735a79e2735b7880
:10bd44004be710225946304626f0d8ffb7e71022b9
:10bd54004146304626f0d2ff51e700bffc2b0301d9
:04bd640068bb002098
:020000040000fa
:020000040100f9
:10bd68002de9f84f9f4e9046336800f1a6020d4624
:10bd780053f822203ab192f84d20022a03d1bde8a7
:10bd8800f84f25f039bd002840f08f8093f89432a1
:10bd98007bb1dff854820c27336803ebc703d3f871
:10bda800c43143b9336893f8943213b117f1ff37ac
:10bdb800f2d2bde8f88f9c68d3f80090637ad8f87f
:10bdc8000020012b13684fd143f002031360a37bbb
:10bdd8005bb1d8f80020136823f0040313605dbb3f
:10bde8002046bde8f84f05f049b8236ca3421bd1a3
:10bdf800204615f0adfda37b002bead1d8f8002032
:10be0800136843f004031360a36c33b194f8503003
:10be1800db07204622d516f0f1ff336893f89432f9
:10be2800002bc6d04b46bce794f85030da07e5d56e
:10be3800204605f0eff8dee7ac42d1d095f84d305a
:10be4800012bcdd1284616f0d9ffab6a13b128468d
:10be580023f07df8284611f045fcc1e716f0ceff27
:10be6800204611f03ffcd8e743f480431360e36dac
:10be780033f47f430ad0204616f0c0ffa36a13b1fb
:10be8800204623f064f8204611f02cfc94f85c302e
:10be9800002bc2d1b4f85e30013b9bb2a4f85e30ef
:10bea800002bbad101236372b7e793f89532002bc0
:10beb8003ff47faf0c27336803ebc703d3f82c326a
:10bec8004bb9336893f89532002b3ff472af17f1f2
:10bed800ff37f0d26de79c68d3f80090637a012ba6
:10bee8005ad194f84f30580714d4dff8fca0daf888
:10bef8000020536843f002035360236ca342d346e7
:10bf080012d1a36c0bb1637f53b9414620460ef0a2
:10bf18004bfa09e027f04afc0028e6d04b46cfe769
:10bf280094f85030d907f0d4a37bc3b1dbf80020d4
:10bf3800536823f004035360002d3ff451afa5422a
:10bf48003ff44eaf95f84d30012b7ff449af95f88b
:10bf58005030da077ff576af0023ab7340e7daf8a5
:10bf68000020536843f004035360a36c73b194f842
:10bf78005030db070ad4204616f040ffa36a13b1fd
:10bf8800204622f0e4ff204611f0acfb336893f81a
:10bf98009532002bc2d10ce7134b1a68536843f44f
:10bfa80080435360e36d33f47f430ad0204616f094
:10bfb80025ffa36a13b1204622f0c9ff204611f0dd
:10bfc80091fb94f85c30002be0d1b4f85e30002b84
:10bfd800dcd0013b9bb2a4f85e30002bd6d1012304
:0cbfe8006372d3e758bb00205cbb002054
:020000040000fa
:020000040100f9
:10bff4002de9f04f8fb00025072906468df80b5028
:10c0040001d0152942d10132a1f1050903a804a9df
:10c0140004921ffa89f926f0b9fa04a90df10e0069
:10c0240026f0b4fa4a4604a90aa826f03bfdbdf856
:10c034000c40002c00f0f580bdf80e30a342c0f097
:10c04400f480747ae00739d406ab01935ffa89f976
:10c0540005ab00934a460aabbdf80e10bdf80c00c0
:10c0640014f084fe0446002800f0e280059b30882a
:10c07400da7b012112f000f81ffa80f8b8f1000f02
:10c084004cd0adf80c400024254604e0adf80c502b
:10c094002c464ff004089df80b3063b9b8f1000f3b
:10c0a40040f0d0802a462146304625f0b6fb10b138
:10c0b400284627f0bdfd0fb0bde8f08fb37ad9074d
:10c0c400c2d514f00c0f10d0002474724ff4827097
:10c0d40027f0befd0028b7d010220270328882807b
:10c0e4008471042123f0d0feaee75b4bb9f1020f5b
:10c0f4001b88adf81c3009d14a4607a90aa825f0c7
:10c104004dfe18b944f0080474729de744f0040429
:10c11400002574724ff012082c46bce7059b9a7bed
:10c12400920769d49df80b30002bacd1b08827f06e
:10c1340045fd054600287fd0059b9b68b3f800b0f9
:10c144000bf1020a00f11003092104a81ffa8afa6c
:10c15400049327f069fb5ffa8af104a827f064fbd3
:10c16400214604a827f066fb059b9a685968128843
:10c1740004a826f0a1fc0bf1040b2746069ad189ea
:10c184004ff6ff7291421ffa8bf484d0b28804eb0d
:10c194000a0b93453ff77faf06ab781c019305abc1
:10c1a40080b200934a460aabbdf80e10adf80c00fd
:10c1b40014f0dcfd0746002842d0059a917b8b07da
:10c1c4003ff569af91680988023151457ff463af47
:10c1d400d27b3088012111f04fff00287ff45baf40
:10c1e400394604a827f026fb05998a68496812880d
:10c1f40004a826f061fcc1e707933388adf820302a
:10c204000df10b01082307a8adf82240adf82480f6
:10c214008df8263019f0d2fb002883d0444680469e
:10c2240032e725464ff0010835e700252c46f9e7ab
:10c2340005464ff00a082ee704464ff011082ae796
:10c24400804628e75ffa88f3bdf80c2008213046c1
:0cc2540013f032f92fe700bf3a2002017e
:020000040000fa
:020000040100f9
:10c260002de9f04f87b0d0f84431d0f848910193d0
:10c27000d0f84031d0f854810293054640f601438e
:10c280000490494604a8adf814300cf011ff2b4679
:10c29000002453f8332fc8f800209b88a8f80430f6
:10c2a0002b46264653f8392fc8f806209b88a8f855
:10c2b0000a30d5f8f8713b69039300bf95f8f43064
:10c2c000b34202d807b0bde8f08fd7f810b0dbf862
:10c2d00000306ff30203cbf80030dbf800200123bd
:10c2e00063f3c402cbf80020dbf800204ff0040a0f
:10c2f0006af3ca12cbf80020dbf800105a466af342
:10c30000ce2142f8101bdbf8001092b262f3de314e
:10c31000cbf80010dbf800206ff3df72cbf80020c1
:10c32000dbf804101ffa89f262f30f01cbf8041056
:10c33000dbf804101ffa88f262f31f41cbf80410f7
:10c34000dbf8082063f30102cbf80820dbf80820b3
:10c3500042ea0a02cbf8082099f8012095f83f102c
:10c3600095f82b0021f061fec7f810b005eb860ba5
:10c370000022c7e907043a72c7e9059887f8282020
:10c38000cbf8c4703f6823183c69009321680520ee
:10c3900060f3020121602168012363f3c40121607d
:10c3a00023686af3ca13236023686af3ce232360e9
:10c3b00095f8f430013b9e4278d195f87330012b0b
:10c3c00006d1bdf80c30226863f3de32226003e050
:10c3d000236862f3de3323606268bdf8043063f3e0
:10c3e0000f0262606268bdf8083063f31f4262604a
:10c3f000a368022262f30103a360a36843f004036d
:10c40000a360a3686ff35823a360a368012262f3bb
:10c410005a63a360222295f83f1095f82b0021f073
:10c4200004fe05233b72019b7b61029b3c61c7e9d3
:10c43000063000233b6287f82830cbf8d0402268d2
:10c4400005eb4601c2f3cf32a1f8e820cbf8dc308f
:10c45000a1f8ee30009b03f59c7318440eb9c5f8a3
:10c46000940195f8f4104b1e9e4208d195f8733054
:10c47000012b06bf144bc5f89031c5f8900100237d
:10c48000f418a14216dc95f87330012b009b03f5dc
:10c49000a77407d1252295f83f1095f82b0021f0bd
:10c4a000c4fd044401363f68f6b207e704f1100307
:10c4b0009bb288e703eb4302224405eb820201337f
:0cc4c000c2f8a000dbb2dbe7008813002c
:020000040000fa
:020000040100f9
:10c4cc002de9f043046893b0d4f8ec0127f0dafbc3
:10c4dc0094f865310025d907c4f8ec5144d523f004
:10c4ec00010384f8653104f50e700cf027fb94f809
:10c4fc008031002b47d094f8812184f88051002a98
:10c50c003bd1d4f888311d688db12988204613f0b1
:10c51c0069fb2a8895f8a830adf8042041f2140183
:10c52c006846adf800108df8063021f0a7fb94f8a2
:10c53c0086315bb1002384f88631754b94f88721e2
:10c54c001b681b680abb2988204698470021204697
:10c55c0018f00ef9002384f8603125f093fa18b91d
:10c56c000121022015f0a6fd94f865319a070fd42d
:10c57c000025284613b0bde8f0834ff6ff71204626
:10c58c0013f030fbd3e71d46d1e74ff6ff71dbe725
:10c59c0023f0020384f8653194f86031012be7d164
:10c5ac005b4e33685b6893b994f87310204617f0b0
:10c5bc0029fe25f02fff814625f02cff804612f036
:10c5cc00c9fb0746b9f1000f07d107250fe020463c
:10c5dc00984705460028e7d0cbe7b8f1000f4bd0c1
:10c5ec00002814bf00250725484627f04bfbb8f15f
:10c5fc00000f02d0404627f045fb17b1384613f028
:10c60c0029f9002db5d112f0a5fb074625f002ff44
:10c61c00a368c4f8ec010362d4f8ec313d4a5a62c9
:10c62c00d4f8ec313c4a9a62d4f8ec313b4ada62e9
:10c63c00d4f8ec313a4a1a63d4f8ec31394a5a63db
:10c64c002946d4f8ec0109f035ffd4f8ec311d6023
:10c65c00d4f8ec317a685a60d4f8ec3113607b6012
:10c66c00d4f8003253b9c4e971553b683846002bf5
:10c67c004ad027f0d1f97ce70725b5e7d4f890e14b
:10c68c00d4f8b03194f82cc0d4f8a4010eeb03010b
:10c69c00bcf1000f27d101f2a2330ef2a232c01a64
:10c6ac00c4f8c421c4f8c80125f0b4fea368c4f8ca
:10c6bc00f0010362d4e97b231a64336820465b697a
:10c6cc0098470121d4f8f00109f0f4fed4f8f031c8
:10c6dc0000221a60d4f8f0317a685a60d4f8f0313c
:10c6ec0013607b60c1e7a0f5a572521a520802f5df
:10c6fc00a57300fb0cec0ceb03020b44c31ac4f83f
:10c70c00c421c4f8c831cfe713f0a4f831e700bf57
:10c71c00f8ba0020a5630101b53c030171ec0201dc
:08c72c00cdc4000185420201a9
:020000040000fa
:020000040100f9
:10c7340070b5046894f86520132a054640d002d8e1
:10c74400122a0ed070bd403a022afbd8102901d01b
:10c754001229f7d1d4f878010021bde8704027f000
:10c7640093ba112937d01bd81029ebd100262046c3
:10c7740084f82c6027f09ff9284625f06cf82046b1
:10c7840025f093ff3146204601f004fb204626f0b5
:10c79400befb284615f0eef9132384f86530d1e783
:10c7a400122908d08129cdd1002281212846bde853
:10c7b400704013f0d9bb2846bde870400ff00ebda1
:10c7c400212900f0cc8016d81229f4d009d81029d8
:10c7d40046d01129b6d128460121bde870401ff08a
:10c7e400c3b91629aed31729e5d92029aad1bde8a2
:10c7f40070401af0d5bb242900f0b18010d822294a
:10c8040058d023299ed1204623f08efb284623f0be
:10c81400d1fd002896d12846bde8704021f002bb26
:10c824008129c1d0822900f0ac8025298ad11ef04b
:10c83400bbfa236e23f04003236623f0d1f9284684
:10c844001df03afe204622f051f968b31ef0acfa0e
:10c85400236e23f480332366bde8704023f0c0b90f
:10c86400494b002684f82c601a6866f39a621a60b1
:10c874001a6866f359621a60204627f01cf92846a4
:10c8840012f0bcfa284624f0e6ff20461cf09efc79
:10c894003146204601f07efa204626f038fb284631
:10c8a400bde8704015f066b91ef07efa236e43f4bd
:10c8b4008033d0e7236e13f0100203d0d4f8fc22a7
:10c8c400812174e784f808231a0709d51ef06cfa4d
:10c8d400236e23f4005323f00803236623f080f926
:10c8e400d4e9bf21284606f00dfd94f8ac31032ba2
:10c8f400284626d1e37d23bb23f05cfd00287ff48a
:10c9040021af237d1bb994f8092302b1e3822846a1
:10c9140021f088fa236e5b067ff514af00212046d0
:10c924001cf02cfc80b11ef03ffa236e23f0400370
:10c93400236623f055f92846fdf716fe0023e3820b
:10c9440000e724f0a2fbdce71ef02efa236e23f4aa
:10c95400f81323f40063236623f042f9eee71ef094
:10c9640023fa236e43f48063236623f039f92846bf
:10c9740023f020fd00287ff4e5ae204623f0d4fa0e
:0cc9840049e7002213e700bf30340141f6
:020000040000fa
:020000040100f9
:10c990002de9f04f0d4689b008210446914621f05b
:10c9a0002bfb8046002875d104f154000cf0ccf824
:10c9b000032d6fd999f80170023dadb21ffa87fbc4
:10c9c000ab4567d894f84430f02b09f1020919d12e
:10c9d000204625f0f9fb4ff4827027f03bf906461c
:10c9e000002857d005230370238883808771058131
:10c9f0002a4649460a3025f0e1f90421304623f061
:10ca000045fa47e0f52b40f09c80b5fbf7f64ff672
:10ca1000ff7307fb1656adf80630002e40f08980f4
:10ca2000284627f017f98046002840f08080e28fe2
:10ca3000bdf806309a4211d84ff4827027f00af9f7
:10ca400060b1228882800f220270002282710281ee
:10ca5000012280f8ff20042123f018fab8f1000f1a
:10ca600061d1bdf80630e28f9a4266d901339bb29c
:10ca7000a387adf8083042f6030102230df10d0043
:10ca8000adf80a208df80c3027f0e8f802a920460e
:10ca900013f06cfc09b0bde8f08fabf105020af1b0
:10caa000050192b2494402a827f0dcf80af103011b
:10cab00049440df1060026f0b3fe7a1f216c02a84e
:10cac00025f06ef940b908eb06003a4609eb0a0179
:10cad00025f074f95e44b6b2da441ffa8afa0aeb1a
:10cae00007039d42d9da002ea1d04ff4827027f0bf
:10caf000b1f80546b8b1238883800f23037087718e
:10cb00000681324641460a3025f058f9e38fbdf8d8
:10cb1000062093428cbf0023012385f8ff300421b7
:10cb2000284623f0b3f9404627f096f899e7b24635
:10cb3000d5e7e38fadf8063079e7204625f044fbd2
:10cb4000a8e7f12ba6d1b5fbf7f307fb1353002b96
:10cb500038d1e91b49440df1060026f061fee28f51
:10cb6000bdf80630511e8b4232d201339bb2a387ef
:10cb7000adf8083042f6030102230df10d00adf8c7
:10cb80000a208df80c3027f069f802a9204613f02e
:10cb9000edfb4ff000084ff4827027f05bf806467b
:10cba00000283ff477af03230370238883808771c5
:10cbb000058125b12a4649460a3025f0fff886f856
:10cbc000ff801ae7e38fadf8063045464746c6e7d3
:10cbd0000023e36384f844304ff00108dbe700bf33
:020000040000fa
:020000040100f9
:10cbe00038b5046894f86520132a054645d002d864
:10cbf000122a0ed038bd403a022afbd8102901d0a3
:10cc00001229f7d1d4f878010021bde8384027f087
:10cc10003db8112925d019d81029ebd1002384f86b
:10cc20002c30204626f049ff284624f016fe132318
:10cc300084f8653094f866001df088fc204626f0e4
:10cc400068f92846bde8384015f01eb812290fd003
:10cc50008129cfd1002281212846bde8384013f038
:10cc600085b901211ef082ff132384f86530c1e7e6
:10cc70002846bde838400ff0b3ba212900f0ba8049
:10cc800030d81229f4d008d8102960d01129b1d198
:10cc90000121bde838401ef069bf1629aad3172923
:10cca000e6d92029a6d1236e180616d51ef07ef8e7
:10ccb000d4f8883123f08073c4f8883122f092ffd1
:10ccc000204621f05dff002894d01ef06ff8236eff
:10ccd00043f08073236622f085ff2846bde8384084
:10cce0001af060b9242900f085800ed8222949d095
:10ccf00023297ff47faf23f05ffb00287ff47aaf16
:10cd0000237d002b3ff476af6be08129a2d08229ee
:10cd100000f0878025297ff46daf1df0cffb2846fa
:10cd200021f082f8236e5b067ff564af204621f088
:10cd3000dffe10b31ef03af8236e23f040032366a3
:10cd400022f050ff2846bde8384021f06db80021a0
:10cd5000354b84f82c101a6861f39a621a602046e9
:10cd600026f0abfe284612f04bf8236e23f40003a6
:10cd70002366284624f071fd5ce72846bde838406c
:10cd800024f06bbd236e13f0100203d0d4f8fc2204
:10cd9000812162e7190784f80823627509d51ef01e
:10cda00005f8236e23f4005323f00803236622f0d2
:10cdb00019ffd4e9bf21284606f0a6fa236e5a06c9
:10cdc0000cd5002120461cf0dbf938b11df0eeff38
:10cdd000236e23f04003236622f004ff284624f04c
:10cde00056f9236e1b067ff505af2846bde838408f
:10cdf00023f00ebf637d013363751df0d7ff236ef3
:10ce000023f0400343f48063236622f0ebfe2846c0
:10ce100023f0d2fa00287ff4edae204623f086f806
:0cce200090e7002219e700bf3034014108
:020000040000fa
:020000040100f9
:10ce2c002de9f0430446c3788e4a806d617ca57a67
:10ce3c0095b004ae002b63d112688df8201001213f
:10ce4c0092f8009092f80580b2f801e0b0f8e47026
:10ce5c00b0f82cc0d0f8e6208df8221002218df805
:10ce6c002150adf82a708df823908df82480adf800
:10ce7c0025e0adf827c08df829100b9200f5c0778e
:10ce8c0008adfa5c595d4a40f2540133102bf8d1cd
:10ce9c000caa31466f300ef031fee178231d04f1ff
:10ceac000b02002940f08a8018689b88adf824306a
:10cebc001368cdf826309388adf82a300b91089082
:10cecc000cab08a910251a7811f8010b013d424052
:10cedc0015f0ff0503f8012bf5d1a06d10aa0ca9d4
:10ceec006f300ef00bfea76d102207f5b87110a86d
:10cefc0024f050ff90b30421204613f099fb5ae024
:10cf0c0013688df82110012193f800e093f805c007
:10cf1c00b3f80120d0f8e470838db0f8e8808df878
:10cf2c00221002218df82050cdf82370adf82e3050
:10cf3c00adf827808df829108df82ae08df82bc0dc
:10cf4c00adf82c20002300f5e07708adfa5c595db4
:10cf5c004a40f2540133102bf8d199e707f5e072ef
:10cf6c00334610685168adf8045007f5c07203c31e
:10cf7c001068516806ab03c307f17f02314607f115
:10cf8c006f00cde902550ef0b9fda16d20467f3141
:10cf9c001df0d2ff204609f0a3fba36d20887f3340
:10cfac0001aa02a921f0ebfea36d2a467f33294684
:10cfbc00204612f02ffa15b0bde8f0831068928865
:10cfcc00adf824201a689b88adf82a300023cdf8e0
:10cfdc0026200b9308900caa08ab1025117813f897
:10cfec00010b013d414015f0ff0502f8011bf5d185
:10cffc00a06d10aa0ca96f300ef080fda76d102249
:10d00c0007f5d87110a824f0c5fe00287ff473af83
:10d01c0007f5e07233461068516807f5c07203c318
:10d02c001068516806ab03c307f17f02314607f164
:10d03c006f000ef063fda16d20467f311df07cff6b
:10d04c00a36d2a467f332946204612f0e3f9a16de1
:10d05c00204601f5c0711af07ffc204609f040fb18
:08d06c00a9e700bf68bb00202a
:020000040000fa
:020000040100f9
:10d074002de9f04f87b0834600f10906077a26f0c0
:10d084001ffb03900bf10103029318461af076f884
:10d094000190002f00f086809bf80950002d00f0cd
:10d0a4008180b846af427dd90024a14617e0092dfe
:10d0b40008d909f1020007227949304424f06efeb0
:10d0c400002843d02c44013404f0ff04a74269d95a
:10d0d400a146355d002d65d06319434562da06eb40
:10d0e40009035a78a2f10803dbb2012bdfd9162a0f
:10d0f400e8d1082de6d906eb09039b78da2be1d1b8
:10d1040006eb0903db78fe2bdcd106eb09035b7924
:10d11400012bd7d9019b002bc0f2ba80b14499f8f6
:10d124000600604a019b5900cb1802ebc303187533
:10d1340099f80700d87499f80800587499f80930d8
:10d144000198014402ebc1029374bbe7b14499f81e
:10d154000930303b03eb830399f80a90a9f13009b5
:10d1640009eb43035ffa83f926f0b6fa0490039bb4
:10d174004b4513d002981af001f800281cdb494be8
:10d184004200111803ebc10181f807909bf928c0f4
:10d1940081f808c0049aca60019093e726f08afadd
:10d1a400022802d807b0bde8f08f26f07dfa4a467f
:10d1b4003d4918f0cbfaf5e73c4b19780f2933d8e1
:10d1c4004a1c3a4b1a700ffa81fa019b002bbff6e6
:10d1d40079af344a4fea4a0101eb0a0e02ebce035f
:10d1e400dc465cf8010f42f83e00bcf804e09cf811
:10d1f4000600a3f804e0987183f807909bf92800cf
:10d2040018720498d8600020187483f811909874e8
:10d214004ff0010c83f813c0187526f04bfa02285e
:10d224002bd8cdf804a04de7dff878c00122002305
:10d23400059400bf5ffa82fe03eb4300194c04eb34
:10d24400c0009cf920a090f908008245b8bf73463d
:10d2540001320cf1180cd0b28142ebd8059c03ebdf
:10d264004302104901ebc2029bf9281092f90820ed
:10d27400914297dd0ffa83faa7e726f015fa0b4bd4
:10d284001b784a460a4918f061facdf804a019e758
:10d29400029819f073ff031e0193fff613af3de7e5
:10d2a400b49d020100fe0120bc9d020106bc0020c9
:04d2b400dc9d0201fa
:020000040000fa
:020000040100f9
:10d2b80030b591ea030f00f18280841a71eb030cf8
:10d2c80005d2121953eb0c03001b71eb0c0140f251
:10d2d800000ccff6e07c1cea430f52d0bceb410fa8
:10d2e8005fd90c0da4eb135e5ff0010c6cf31f51ba
:10d2f8006cf31f53def1200c2ad303fa0cf5401906
:10d3080041f1000122fa0ef5401923fa0ef56941a0
:10d3180012fa0cf2cd0208d349085fea30005fea3e
:10d32800320228bf42f001020134013c5fea500c8e
:10d3380072f1004250f1000051eb04514ff4001318
:10d3480013eb410f38bf30bd6ff31301002030bd20
:10d35800bef1200ebef1200f1ed223fa0ef54019a1
:10d3680041f10001cef1200c124218bf012203fa4c
:10d378000cf52a43cee711ea5c0f04bf0020002118
:10d3880030bd1cea410f04bf01f00041002030bd50
:10d3980001f00041002030bd21f4801101eb04515f
:10d3a80030bd004218bf41f00101bceb410f08bf7e
:10d3b80030bd4ff0fe4141f47801002030bd83f0cc
:10d3c8000043841a71eb030e07d28ef0004e001b47
:10d3d80071eb0e01121953eb0e0340f2000ccff65d
:10d3e800e07c1cea430fc6d0bceb410f72d90c0d90
:10d3f800a4eb135ec90241ea5051c00241f000415a
:10d40800db0243ea5253d20243f00043def1200c20
:10d4180041d312fa0cf522fa0ef203fa0cf542ea9d
:10d42800050218bf42f0010223fa0ef3801a99414f
:10d43800e30ac4f30a0411f0404f03d418d0013ca6
:10d4480040004941013c23d44205c00a40ea41500a
:10d45800c90a51eac3715fea500c72f1004250f1f7
:10d46800000051eb045130bd01002fd00020203cba
:10d478000029f9d0b1fa81fcdcf1200e11fa0cf187
:10d4880030fa0ef510fa0cf02943a4eb0c04d9e796
:10d498000020d90730bdaef1200ebef1200f0dd20d
:10d4a800cef1200c03fa0cf533fa0ef32a4318bf19
:10d4b80043f00103c01a61f10001b9e721f000410e
:10d4c800c00a40ea4150c90a01eb045130bd0020ae
:10d4d800002130bd004218bf41f00101bceb410ff3
:0ed4e8007ff467afbceb430f3ff463af30bd82
:020000040000fa
:020000040100f9
:02d4f60070477d
:020000040000fa
:020000040100f9
:10d4f8002de9f04f05468fb00f460026bb5dab55b2
:10d508000136202efad13c464ff0000854f82c0f73
:10d51800cdf82080616809abcde9068803c3a0680f
:10d52800e16803c306aa206918601146334610460d
:10d5380022f06ef906aa83462946284622f068f9a1
:10d54800ba4683445af8300fdaf8041009ab03c31b
:10d55800daf80800daf80c1006aa03c333461146b5
:10d568001046cdf8348022f053f95ffa8bfb8344e0
:10d5780006aa2946284622f04bf93b465ffa8bfb60
:10d58800834453f8200f01935968cdf82c800df18e
:10d598001809a9e803003a469868c9f8000052f843
:10d5a800380f049251680cabcde9098806aa03c369
:10d5b80033462946284622f02bf95ffa8bfb3a4678
:10d5c8005844c3b252f8240f059351680292bb46df
:10d5d80006ab03c39068c9f800005bf8340fdbf8aa
:10d5e800041009ab03c3dbf80800186003937b6bd6
:10d5f8000c933b6a0d9306aa33462946284622f027
:10d6080007f9059b6168cdf82c801844c3b22068df
:10d61800059306ab03c33b6aa0680c93bb6ac9f8c1
:10d6280000000d9306aa334629462846cde9098805
:10d6380021f076fc059bdaf80410181ac4b2daf85f
:10d64800000006ab03c3daf80800daf80c1003c3cd
:10d658007b6a0c93fb6a0d9306aa33462946284633
:10d66800cde90a8821f05cfcdbf80410019a241a41
:10d67800dbf8000006ab03c3dbf808005168c9f803
:10d688000000106809ab03c3039b906818603b6bec
:10d698000d9306aa334629462846cdf8308021f056
:10d6a8003ffc049ae4b25168241a1068029a06ab47
:10d6b80003c310685168c9f8008009ab03c3039b12
:10d6c800906818607b6b0d9306aa33462946284656
:10d6d800cdf8308021f024fce4b2241a64b2444529
:10d6e8000f4e10db34b920222946304622f03afe8c
:10d6f800012812d0202332462946284621f010fc62
:10d70800241a64b2eee7202332462946284622f03e
:10d718007ff8044464b2002cf5db0fb0bde8f08f4d
:04d728004ebc0020d3
:020000040000fa
:020000040100f9
:10d72c002de9f04f9bb00378022b11d00646052b48
:10d73c003ad0012b02d01bb0bde8f08f25f0b6ff1c
:10d74c000228f8d925f0acff7c4917f0fbfff2e773
:10d75c008379012befd18488204625f0befe25f07d
:10d76c00a5ff022819d8204620f0e4fd0028e2d0bd
:10d77c008378022bdfd15023adf82830a023adf8ed
:10d78c002a300023adf82c304ff4c873adf82e308e
:10d79c000aa920461ff00ef8cde725f081ff22469e
:10d7ac00674917f0cfffdee70023adf806300df127
:10d7bc000601808823f044fbbdf80630013b9bb288
:10d7cc003f2bb8d80aa9b08813f05afe044600289b
:10d7dc00b1d1bdf80690b9f1000facd00aad09f18a
:10d7ec00ff380df1290313fa88f801e045450ed0f6
:10d7fc0015f8017b38461ff099fe0028f6d1384603
:10d80c001ff07afeff2807d00134a4b2eee7092cf2
:10d81c0002d914f001077ed0b9f1040f8bd9b0886e
:10d82c0020f088fd28b19df829206ab1c378022b1d
:10d83c000fd125f03bff022810d80aaabdf806101c
:10d84c00b08800f0c3fe76e70121b08825f04cfecd
:10d85c00efe70221b08825f047feeae725f020ff2c
:10d86c009df82c309df82820364917f06bffe4e723
:10d87c000121b08825f038fe55e0631c434536daab
:10d88c001aab03eb040b1bf8400c1ff035fe0546de
:10d89c001bf83f0c1ff030feff2d28d0ff2826d0a0
:10d8ac000137bfb240ea051009f8010b0234a4b2eb
:10d8bc00a0451cd9202f0fd0a045ded90aab1d19cd
:10d8cc0015f8010b1ff032fe0028d6d00134a4b29b
:10d8dc00a045f5d15446d0e725f0e8fe02280dd935
:10d8ec0025f0defe3a46184917f02cff03e025f030
:10d8fc00ddfe0228f4d8042f7ff61daf02aa3946ac
:10d90c00b08800f063fe16e725f0d0fe02287ff603
:10d91c0012af4746e4e7b08820f00cfd034610b187
:10d92c00db78012ba4d1bdf80680b8f1000febd049
:10d93c000df108093c46c246bee700bf707a0201f1
:0cd94c00807a02019c7a0201b47a020188
:020000040000fa
:020000040100f9
:10d958002de9f84353ec102bc3f30a51013940f277
:10d96800fd7081421d4600f2a78073a1d1e9000134
:10d9780090429941c0f2b98071a1d1e90001994260
:10d9880008bf9042c0f08d806fa7d7e9006723f0e9
:10d9980000418f4208bf964280f08a801f4605f0fa
:10d9a8000043164643f07f55002469a3d3e90023ba
:10d9b8003046394645f4001507f03efb22462b4613
:10d9c800fff776fc1cf0a8f9044623f07efb62a35f
:10d9d800d3e900238046894607f02efb32463b46b2
:10d9e800fff766fc5ea3d3e9002306460f464046d0
:10d9f800494607f021fb02460b4630463946fff7f9
:10da080057fc02460b468046894607f015fb56a38d
:10da1800d3e9002306460f4607f00efb54a3d3e9cb
:10da28000023fff745fc32463b4607f005fb002282
:10da38003b4bfff73dfc42464b4607f0fdfa2ea351
:10da4800d3e90023804689463046394607f0f4fa80
:10da58002ba3d3e90023fff72bfc32463b4607f004
:10da6800ebfa424606460f464b4600202d4926f063
:10da780081f802460b4630463946fff719fc024644
:10da88000b464046494600f08ffa0022254bfff727
:10da98000ffc013441ec100b20461af0f5ffbde8ed
:10daa800f883214b22221a609fed170bbde8f883fb
:10dab8009fed170bbde8f88396181c4943eb030745
:10dac8000020b94208bfb042e9d3194900208b426f
:10dad80008bf8242e3d0174900208b4208bf824228
:10dae8007ff45caf9fed080bd9e70f4b22221a6039
:10daf8009fed090bd3e700bf0938de6f993f403f20
:10db0800b35142718e71ac3f00000000000000006c
:10db1800000000000000f03f000000000000f07f5f
:10db28000000d03f0000e03fecbb00200000e0ff19
:10db38000000f07f0000f0ffef39fafe422e864029
:10db4800d2bc7add2b2386c02242920ca19cc73b13
:10db58003cf92f9e2c15f73f000000000030e6bf6f
:10db6800a80c615c10d02b3f1cdc586fa452f13e0e
:08db7800e0f6b36fe4707c3f9e
:020000040000fa
:020000040100f9
:10db80002de9ff470478012c054600f0a0802cb158
:10db9000032c00f0e48004b0bde8f0878478002c0a
:10dba000f9d1794ed6f800a00af1100353f8247089
:10dbb0005ffa84f977bb882026f04cf804f104085a
:10dbc0004af82800336853f82800b0b18822394653
:10dbd00025f096f83368a400234417211a69918030
:10dbe0001b6983f8029033681c440122236983f87f
:10dbf00085202369df6423691f65336853f8284053
:10dc000064b9624b0093002204239221ee200bf0b2
:10dc10006bf9c0e70134082cc8d1f2e7ab88238048
:10dc2000aa79e378002a31d143f02103584fe370f9
:10dc30003a68d2f80080e37ab8f1000f29d1980051
:10dc400043b126f007f8e06020b13b681968474609
:10dc500000293ad1b4f85c30a178216640f2014243
:10dc600003f0f8031343a4f85c30b4f87430a167f0
:10dc700003f0f8031a433368a4f87420db68002b20
:10dc800089d0284604b0bde8f047184743f0110397
:10dc9000cce798f810201344e372d8f80080cae764
:10dca00088689b0030f822c0e06820f803c0e06874
:10dcb000034401325f80d2b2087c02eb0803904239
:10dcc000dbb2edd809689846c2e70022f4e7458840
:10dcd000284620f0adfe064650b9cde901542d4b43
:10dce0000093024604239321ee200bf0fdf852e747
:10dcf000008825f068fc60b34ff4827025f0aaff1d
:10dd000040b11122027032888280b27a827104217d
:10dd100022f0bcf84ff4827025f09cff0446c0b19d
:10dd2000f07a800025f096ff054690b1122323700b
:10dd300033882381f37aa3726060f27af1689200eb
:10dd400024f03cf82046042122f0a0f8284625f0d3
:10dd500083ffb07804b0bde8f04711f0cdbd037982
:10dd6000002b7ff418af4588284620f061fe02465c
:10dd700028b9084b0093cde901540423b3e70123ec
:10dd800080f8843007e700bf6cbb0020189b0201bd
:08dd9000a8ba0020329b020139
:020000040000fa
:020000040100f9
:10dd9800f8b5037e824d022b044621d125f024fce0
:10dda800d4f8a0307bb92376236e23f08053236602
:10ddb8004ff00003a4f829302b6923634ff48073d4
:10ddc800a4f8233011e094f8a8214ab11b7903f094
:10ddd8003003102b04d100232376c4f8a030e3e7e6
:10dde800217e0029e0d0022964d0204615f084ff66
:10ddf80094f8671084f82b0094f82a001df076fd3b
:10de0800d4f88830d4f87811d4f894201844c4f899
:10de1800880094f86430d1f8b010012b40f27123d7
:10de280003fb01f340f0a8809a4238bf9b1ad4f84c
:10de38008c2028bf00239042226e80f09a8098425e
:10de480080f09780d10040f18f80012384f8293039
:10de580042f0400222661cf0a5ff524be9681868a0
:10de6800226b8eb266f30f00186053f8400d92b221
:10de780062f30f00186094f82b304b7094f825303b
:10de880094f82910ea68db0043ea011394f8241097
:10de98000b4394f8261043ea8103137021f09efe89
:10dea800236e13f0200203d143f02003e2752366aa
:10deb8000020f8bdd4f8a02013895689f61a236edd
:10dec80023f080532366002384f82930137903f064
:10ded8003000102829d112891abb03f00303012b43
:10dee8001fd084f82410d4f8a020b4f89e11138908
:10def8000c331344b14223631ed3106825f082f912
:10df0800d4f8a0301b7903f03003102b07461ed13c
:10df1800606825f077f927b3236e43f080532366b2
:10df28000fe0012384f82430dde7032384f824304c
:10df3800204611f075fdd6e7236e43f08053236623
:10df48000e4684f82a60204625f047fb4de7a06876
:10df580025f058f994f8a831002bdcd0002fdbd13c
:10df6800efe70028d8d1ece794f82130002b7ff4b4
:10df78006faf22f040026de79a4238bf9b1ad4f87f
:10df8800902028bf00239042bff465af9842bff4a9
:10df980062af236edb0044bf012384f829305ae7bf
:08dfa80010b800208034014193
:020000040000fa
:020000040100f9
:10dfb000f0b581ea030e0ef0004e40f20007cff6f6
:10dfc000e07717ea41051ebf95ea070f17ea4304f9
:10dfd00094ea070f00f0c5806d0da5eb545707f5c7
:10dfe00080674ff0004646eac12444ea5054c0021c
:10dff00046eac32343ea5253d202801a9c4104d218
:10e000000018644180185c41013f5b084fea32020e
:10e010000025002140f001004ff0070604e0801abf
:10e020009c4136d340416441801a9c4136d34041e3
:10e030006441801a9c4136d340416441801a9c411e
:10e0400036d340416441801a9c4136d340416441fb
:10e05000013e17d0801a9c4136d340416441801a5a
:10e060009c4136d340416441801a9c4136d34041a3
:10e070006441090201eb156190ea052520f0ff00db
:10e080004540cce7801a9c4156d335e080185c416e
:10e09000c8d20018644180185c41c8d2001864419d
:10e0a00080185c41c8d20018644180185c41c8d215
:10e0b0000018644180185c41c8d200186441013ed8
:10e0c00017d080185c41c8d20018644180185c41a8
:10e0d000c8d20018644180185c41c8d2001864415d
:10e0e000090201eb156190ea052520f0ff0045408b
:10e0f000cce780185c411fd3420918bf44f00104eb
:10e10000490101ebd56100f01f0000eb451021f43f
:10e11000801141ea0e01013041f10001244208bfa3
:10e1200020f00100b7f5006f3eda013f49dd01eb59
:10e130000751bde8f0407047490101ebd56100f09f
:10e140001f0000eb451021f4801141ea0e01b7f5e4
:10e15000006f29da013f34dd01eb0751bde8f040e3
:10e160007047004218bf41f00101124218bf43f04e
:10e170000103b7eb410f2cbfb7eb430f1ce0b7eb2c
:10e18000410f04bfb7eb430f16e017ea410f04bf7e
:10e1900017ea430f10e017ea410f12d017ea430fb6
:10e1a00002d0b7eb430f0cd04ef0fe4141f47001aa
:10e1b0000020bde8f04070474ff0fe4141f4780187
:06e1c000f6e77146f4e7ea
:020000040000fa
:020000040100f9
:02e1c6007047a0
:020000040000fa
:020000040100f9
:10e1c8002de9f04fbbb0dff800a206921268019269
:10e1d8008a6e1344019a12fa83f9031f029300f11d
:10e1e8002c038b4609930026029b53f8047f029365
:10e1f800002f64d07b6e0593fb7ad7f86080bbf85c
:10e208007620b7f87040b7f87650012b04bffb6b47
:10e21800a8eb030840f23913b2fbf3f2b4fbf3f4b2
:10e2280002f1010204f1010414440392b5fbf3f571
:10e23800bbf87020b2fbf3f205f1010502f101020f
:10e2480015440492059a08bf08ea0a08424402eafb
:10e258000a021544ba6ca8eb040404ea0a0405eaa5
:10e268000a05002a61d13a6c97425ed1786c21f098
:10e2780049f940f239130890079300bfa4eb09034a
:10e288005b020bd484ea090313ea0a0f06d0182e9e
:10e2980014d0099b029a9342a6d110e04b46019aea
:10e2a8002946204624f01ffee0b13aab03ebc60333
:10e2b8000136f6b2182e43e9304513d11826449b8f
:10e2c800721e1e700aa8002121f064fd00230a981e
:10e2d8001a4644990978914237d8459a13703bb049
:10e2e800bde8f08f7b7f002bd1d0089bb7f870403a
:10e2f800b7f876509844079bb4fbf3f4039b0134ba
:10e308001c44079bb5fbf3f5049b01351d44059b95
:10e3180008ea0a08434403ea0a03a8eb04041d4474
:10e3280004ea0a0405ea0a05a8e74b46019a2946c1
:10e33800204624f0d8fd0028a9d03aab03ebc60349
:10e34800013643e93045f6b2a1e75ab906990c6897
:10e35800211a4d0206d5469901ebc301c1e90040d7
:10e368000133dbb24499097801398a4202f1010488
:10e3780013da3aa901ebc20151f8bc6c3aa901ebd6
:10e38800c40151f8c05c711b490206d5469901ebde
:10e39800c301c1e900650133dbb244990978013949
:10e3a8008a420fd13aa901ebc20252f8bc1ca1eb78
:10e3b8000902520206d5469a02ebc302c2e90019c5
:0ce3c8000133dbb2e2b284e7ffff7f000c
:020000040000fa
:020000040100f9
:10e3d40010b5c4b0714b1b7823b1012b00f08380be
:10e3e40044b010bd23f0b2fe08f018fb012108462a
:10e3f40023f094fe012025f04bf90021684825f014
:10e404004df921f0e9fa044690b324f033fa20469a
:10e4140005f01efe1bf0a4fd25f071f8002845d17f
:10e4240025f048f9022834d825f044f9022837d8d1
:10e434000022114610461bf029f8002101201ef08d
:10e4440085f925f037f9022841d84ff47a701ff086
:10e454005bf942f210730222012108461bf010fe00
:10e4640025f028f9022838d84c4b01221a70b7e756
:10e4740001a81ff04dfa9df805404a4ba3fb042365
:10e484009b0903eb430303eb4313e41a0134e4b2a3
:10e49400bbe725f009f92246434917f057f9c3e7ca
:10e4a40025f002f9414917f051f9c1e725f002f9c5
:10e4b400022805d80022642110461af0e7ffbce7c1
:10e4c40025f0f2f822463a4917f040f9f2e725f030
:10e4d400ebf8384917f03af9b7e725f0e5f836498b
:10e4e40017f034f9c0e74ff47a7203a9334824f0e3
:10e4f4007efc002847d09df80c303bb1022b0ad09b
:10e50400052b7ff46daf13f005f869e70df10d00ed
:10e5140019f080fa64e72a4b1b780d2b0cd00a2bd8
:10e524000ad0284a12780e2a3ff65aaf501c2549c1
:10e53400087025498b5453e7224b1b78002b3ff47a
:10e544004faf214a0021d15425f0b4f8022807d84e
:10e5540025f0b0f802280ad81a4b00221a703fe7b7
:10e5640025f0a2f8184a194917f0f0f8f0e725f059
:10e574009bf8044621f0b2ff0346012214492046c9
:10e5840017f0e4f8e8e712f0c5ff03f0d1fc43f616
:10e59400982016f04dfdf9f7effa21e7040000206a
:10e5a40081e2020103b57ea5e0c4010108c50101b1
:10e5b40028c5010150c5010164c5010108000020fe
:10e5c40059b90020d9ad0020ccb800207cc5010188
:04e5d40088c50101f4
:020000040000fa
:020000040100f9
:10e5d800042940f2ef802de9f04383b014460e463b
:10e5e80005464ff6ff73984235d1e378002b00f0cb
:10e5f80084805ffa86f8677887bb6f4b1d806f4b06
:10e60800187860706e4b19784a1c1a70a1700c2328
:10e61800e3701ef07df82778ff2f05d007f140033f
:10e62800dbb2092b00f281802379012b3bd1142e18
:10e6380039d8644f32462146781c23f0bbfb87f853
:10e6480015800223bb7525f045f800f5c870b86140
:10e6580001233b7027e024f0dafbc6e794f8029028
:10e6680025f038f80023584a02e00133202b16d051
:10e678009c4612f83310b942f7d102ebc30149782e
:10e688004945f2d1504b03ebcc035b68c01a42f208
:10e698000f73984274d94c4b002203f83c20a178a0
:10e6a80060781ef035f82778444b1b78bb4227d09a
:10e6b800ff2f11d0002f3ed007f14002d2b2092a15
:10e6c80016d8a7f1c002013b404981fb0301db17c3
:10e6d800c3eba1039a420bd1a8f105022b46d2b293
:10e6e800611d2046faf7d8fd344b1b78bb422ed06b
:10e6f800e378013bdbb2e3708bb903b0bde8f0838c
:10e70800a8f105022b46d2b2611d2046faf7c4fdd6
:10e718002a4b1b78bb421ad0002fe9d1ede72a46d5
:10e72800314620460bf024fce7e7244b1b78bb421c
:10e73800e6d0002fdcd1a8f105022b46d2b2611d2c
:10e748002046faf7a9fd1d4b1f78002fd5d1237954
:10e758005a1ed2b2012a03d9043bdbb2022bccd811
:10e7680060788df80400a3788df80530022301aa9b
:10e77800072108f0f3fc114b1b78bb42ccd1bce756
:10e7880022780e4b1b789a42b7d123795a1ed2b2ff
:10e79800012a03d9043bdbb2022baed860788df88e
:10e7a8000400a3788df80530022301aa072108f098
:10e7b800d5fca2e7704700bf70bf00201abc00203c
:10e7c8001ebc002090b70020dcad0020676666669e
:020000040000fa
:020000040100f9
:10e7d80070b5794b794e1a68794d052060f31f7230
:10e7e8001a6025f061f977490a8840f23b1060f316
:10e7f8000f020a80888a40f001008882088840f267
:10e80800e24464f30f00088001f11402898a41f0a0
:10e8180002011180328f42f0040232872a684ff4d5
:10e82800347161f31a422a6005f570724ff4417031
:10e838001188a5f57b7460f30f01118022681421fb
:10e8480061f31742226004f2b4722830118860f331
:10e858000f0111804ff088421946126c02f44052a1
:10e86800b2f5005f03f50672304613880cbf242604
:10e878000c2666f307031380534b1a686ff31e5276
:10e888001a6003f5407216886ff3070616800a6847
:10e898006ff307020a6003f547710a686ff3000215
:10e8a8000a600a686ff341020a600a686ff304128b
:10e8b8000a600a686ff345120a600a686ff38612e5
:10e8c8000a6003f5497216886ff3000616801688e9
:10e8d8006ff34106168016886ff3041616801688a3
:10e8e8006ff34516168016886ff3861616800e6825
:10e8f80046f004060e600e6846f008060e601188a1
:10e9080041f004011180118841f00801118022684a
:10e918005c2161f30f222260b0f85021a12161f33c
:10e928000f22a0f85021b0f850218c2161f3070282
:10e93800a0f85021d0f8142101f26f1161f31842a8
:10e9480003f2fc71c0f814210a6842f000520a6010
:10e958001a4652f8341f6ff3cf3111601a4652f835
:10e96800541d6ff310411160b0f8082c122161f3a7
:10e978004912a0f8082c03f5d2721020118841f42e
:10e9880000411180118860f3090111802a680f2164
:10e9980061f3050203f58e712a600a8842f00302ca
:10e9a8000a802268182161f30702226053f82c2f8d
:10e9b8006ff342021a6070bd0c3a01410024014114
:0ce9c80054380141043e01410437014174
:020000040000fa
:020000040100f9
:04e9d40000befee79c
:020000040000fa
:020000040100f9
:10e9d8002de9f04f51ec100b0c0d013c40f2fd7588
:10e9e800ac4285b016d906186f4d41eb01070024db
:10e9f800bd4208bfb4420ad3b7f5001f08bf002eb6
:10ea0800c0f0b180002871f10003c0f2a48005b005
:10ea1800bde8f08f03a81cf0e9ff57a3d3e9002352
:10ea280055ec104ba242ab41ddf80c8075db00229f
:10ea38005e4b10ee100a294625f09cf80d46044658
:10ea480045ec104b4ff0ff301af01ef80022574be0
:10ea580051ec100bfef72cfc02460b4620462946cb
:10ea6800fff7a2fa08f1ff3804460d4622462b4666
:10ea78002046294606f0e0fa06460f4602460b46af
:10ea88004b4802210df068fc32463b4682468b46d5
:10ea98004848032113f06afecde90001404622f000
:10eaa80014fb37a3d3e900238046894650465946cc
:10eab80025f060f8dde90023fff776fa32463b4699
:10eac80006f0bafa22462b4606f0b6fa22462b463c
:10ead800fef7eefb2ca3d3e9002304460d4640467f
:10eae800494606f0a9fa02460b4620462946fef793
:10eaf800dffb27a3d3e9002304460d4640464946d9
:10eb080006f09afa02460b4620462946fef7d0fb45
:10eb180041ec100b05b0bde8f08f0022264b10ee3b
:10eb2800100a294625f026f845ec104b06464ff00a
:10eb3800ff300f4619f0a8ff00221c4b51ec100bb8
:10eb4800fef7b6fb02460b4630463946fff72cfa6d
:10eb580004460d468ae79fed100b184b21221a60d8
:10eb680005b0bde8f08f9fed0e0b144b22221a6002
:10eb780005b0bde8f08f00bfcd3b7f669ea0e63fa5
:10eb88009ab5b312ff075040a80c615c10d02bbf98
:10eb9800000000000030e63f000000000000f87fa1
:10eba800000000000000f0ff0000e0ff0000e03f70
:10ebb80048000301580003010000f03fecbb0020af
:020000040000fa
:020000040100f9
:10ebc8002de9f84381460e4698469500284605f0fb
:10ebd800d3ff002800f096800746542005f0ccffac
:10ebe8000446002800f08b805422002124f084f889
:10ebf80027632a46a521384624f07ef8043d236b76
:10ec08001d4425f007058eb1337884f8343053b1ac
:10ec1800334604f134010f3613f8012f01f8012fa0
:10ec28000ab1b342f8d1002384f84330089b042b7f
:10ec380028bf04231f46e3626364261d304624f080
:10ec4800acff04f1180024f0a8ff2461c7f1050304
:10ec5800a361646242464946284620f043fa206090
:10ec6800099b03b11c6022f0a3fa424a13680133de
:10ec78001360414b1b68002b48d0404b1b683bb9c5
:10ec88003d4b1b68da6ae36a9a429cbf3a4b1c60a8
:10ec98003b4a136801331360e36a3a490868012262
:10eca8009a4002430a60384a03eb830302eb83036a
:10ecb8005b68a3609968e1604e609e60e06a8100cd
:10ecc8000b189b00d5186561014452f821100131d9
:10ecd800d15023f0f5fd294b1b68002b46d0264b5d
:10ece8001b68da6ae36a9a4242d2284b4ff0805294
:10ecf8001a60bff34f8fbff36f8f012004e03846cf
:10ed080010f068f94ff0ff30bde8f8831a4b1c602b
:10ed1800184b1b68012bbbd11b4d284623f0fdfb6c
:10ed280005f1140023f0f9fb05f1280023f0f5fba9
:10ed380005f13c0023f0f1fb05f1500023f0edfb59
:10ed4800134f384623f0e9fb124d284623f0e5fb24
:10ed5800114823f0e2fb114823f0dffb104823f0b1
:10ed6800dcfb104b1f60104b1d6091e70120cbe7c7
:10ed78000120c9e74cba002040ba002070ba002030
:10ed880058ba00205cba0020acb3002004ed00e0c3
:10ed980040b8002054b8002068b8002090b800207f
:0ceda8007cb8002044ba002048ba0020cb
:020000040000fa
:020000040100f9
:10edb400f7b54388042b044605d00821204611f0fa
:10edc4003bfc03b0f0bd806d0191e43001a924f057
:10edd400c7fba06d01a9e53024f0c2fba06d01a919
:10ede400e63024f0bdfba06d01a9e73024f0b8fba8
:10edf400a06d01a9e83024f0b3fba06d01a9e930ae
:10ee040024f0aefba36d93f8e72084f8522093f826
:10ee1400e620d00704d55d4a12685278d10701d4a0
:10ee240001225a71a26d92f8e730073b092b01d9f0
:10ee34000621c3e792f8e630544d13f0080f2b680f
:10ee440003d19b7923b10321b8e75b78c3f3c003f3
:10ee540084f85530204613f083fb04f15c071bf063
:10ee6400f8fc4b49384606f0d1ffa66d737813f1d0
:10ee7400ff3218bf012284f8542094f85520002a48
:10ee84004dd0012b07d096f8e7300f2b03d8384626
:10ee940009f058fecce794f8533083b9022020f0ef
:10eea4008bfb002837d12b68da789ab13949402294
:10eeb40004f1120022f080ff022384f8533020462c
:10eec40018f02df904f1120120461bf09ffc0b23ce
:10eed400a37076e77278032a06d1996821b191f874
:10eee40050300bb14022e3e72b4824f005fa0646e4
:10eef40000287ff462af2868022384f8533010306e
:10ef040009f020fe2b6883f828609b680bb183f816
:10ef140050600a23dce7012384f85330f9e72046e4
:10ef240018f0fdf8a36d93f8e920d2075cbf012225
:10ef34005a71a16d4b78012b0ad120466f3103f031
:10ef440093fba16d204601f5d87117f09dfb38e7be
:10ef5400022b13d12b681b78022b03d120461bf004
:10ef64001bfa2ee7042b05d191f8e430022b01d0d3
:10ef7400042bf3d1204622f044f822e7032b7ff43c
:10ef840020af204622f04ef81be700bf68bb0020ec
:0cef9400a064d101f4b7020111b0020129
:020000040000fa
:020000040100f9
:10efa000f8b56f4a6f4f704c704ea17100233b70e3
:10efb00013706f4b30801880e1b964201ff080fd22
:10efc0004ef280330340b3f5025f04d042f2ff01fa
:10efd00064201ef01df83d201ff072fd4ff6e17316
:10efe00003404ef24032934204d04ef254313d2061
:10eff0001ef00ef862201ff063fd4ff08243a179ee
:10f000009a69237cd2b2a2f10b0cdcf1000242eb34
:10f010000c0262f30003237403f0010320f4e352b3
:10f020000b4322f01f0200f07f0551d0012905bfdc
:10f0300000233b7033783378a2810cbf1a3b193b15
:10f04000edb20129e370657131d12e23494ea370d1
:10f05000002200bf5f1c59b202d15ab1a17009e071
:10f06000f75caf424ff0010203f1ff311dd3e278ac
:10f070001344a370637c801260f30203082063745e
:10f080001ff01efd20f01e03e381637c401060f33f
:10f09000c6036ff3c713637494f90230237063706f
:10f0a0002371354bc4f81230f8bd0b46d2e71f234d
:10f0b000324ea370002200bf5f1c59b2cdd0f75c66
:10f0c000af424ff0010203f1ff31d0d20b46f3e71c
:10f0d000317822811d39c9b2edb22922284fe17061
:10f0e0006571a270b2f1ff3f56b202d15bb1a6705a
:10f0f00009e017f802c0ac454ff0010302f1ff36fa
:10f100002bd30a44a270237c801260f343030820af
:10f1100023741ff0d5fc20f01e036381237c401074
:10f1200060f30713642023741ff0cafc20f4e35338
:10f1300023f01f03a381637c801260f302033d2050
:10f1400063741ff0bdfc20f01e03e381637c40105c
:10f1500060f3c60363f07f039de73246c2e700bf5a
:10f1600033bc002034bc002028b80020febb0020a7
:10f17000fcbb0020d0ec0201cec4baf61815030186
:04f18000c0f80201d0
:020000040000fa
:020000040100f9
:10f184002de9ff4100230293adf80430c37a012b2b
:10f19400044601a902a82dd120f024fa029ae36bb7
:10f1a400218f1a44bdf804300b449bb240f2e14174
:10f1b4008b42c2f31602029285bfa3f2e2430132ec
:10f1c400adf80430adf8043088bf0292a37b029ef0
:10f1d400002b55d1276cbc423d6e43d0dff87c81b7
:10f1e400ab1b5b0209d5786c20f08ef9054405ea67
:10f1f4000805f5e720f0f6f9e8e7606c20f084f9fb
:10f20400284400ea0800801b40f27125c0f3160070
:10f21400bdf804306843b4f8705005eb9305237ac5
:10f22400012b4c4b1a680bbf5368136843f400530b
:10f2340043f400530cbf53601360c5eb5005c4f88e
:10f244008440294604f1780006f0e0fd424b1b6837
:10f25400b3f82013a94239d2691a04f1900006f0d8
:10f26400d5fd33e0606c20f04ff9237a2844012b5c
:10f27400c0f31600c7d1a36c002bc4d02066c2e72c
:10f28400206e801b40f27123c0f3160058430128fe
:10f2940088bfbdf804304fea500588bfa5eb93053d
:10f2a400b4f8703003f27122aa4212d9636d2bb103
:10f2b40093f84f2042f0080283f84f20204621f0b3
:10f2c4007efe00222146207a11f06ef904b0bde8da
:10f2d400f081ed1ae37ac4f88440012b0df10601a4
:10f2e40003a833d120f07ef9039ae36b218f1a44eb
:10f2f400bdf806300b449bb240f2e1418b42c2f3ad
:10f304001602039285bfa3f2e2430132adf8063040
:10f31400adf8063088bf0392dde902239a4204d196
:10f32400bdf80630b3f5966f01d3a5f59c75237a25
:10f33400012b084b1a680bbf5368136843f400533e
:10f3440043f400530cbf536013607ae720f04af98a
:10f35400e2e700bf5cbb002058bb0020ffff7f003a
:020000040000fa
:020000040100f9
:10f364002de9f04f1646a1b0102281460c460deb54
:10f3740002000021984623f0c1fc304624f068fcca
:10f38400074600287ed0a319421ea3427dd118ada2
:10f3940010220021284623f0b1fc0df1500a10225e
:10f3a40000211ca823f0aafc872310220021504628
:10f3b4008df87f3023f0a2fc10aa514648460cf089
:10f3c400a1fb0cac10aa0023d17b19550133102bdf
:10f3d40002f1ff32f8d19df93030002b5adb04a939
:10f3e400204622f029fb9df91030002b5cdb08a994
:10f3f40004a822f021fb06f10f00000906f00f0615
:10f404005cd01ffa80fb002e5ad100f180500138e5
:10f4140010aa04a907eb001023f0fefa1022002121
:10f42400684623f06bfc00260bf1ff339e42224614
:10f4340065d310a9684623f0effa0023e27bea546f
:10f444000133102b04f1ff34f8d11caa2946484695
:10f454000cf058fb1cab0022d97b0df802100132d2
:10f46400102a03f1ff33f7d10df10f02002300bf7f
:10f4740012f8011908f803100133102bf8d138469b
:10f4840024f0e8fb21b0bde8f08f13f8011d02f869
:10f49400011f7ae72946204622f0cefa04aa1ca9c5
:10f4a400284623f0b9fa9ee7294604a822f0c4fab4
:10f4b40008aa1ca9284623f0affa9ce74ff0010bd9
:10f4c4000bf18053013b1a010023b6b21946802088
:10f4d4001ffa83fc66450cd907eb020c1cf803c029
:10f4e4000af803c00133102bf2d110aa08a9504620
:10f4f40092e70cbf0af803000af80310f2e707ebdf
:10f504000611684623f088fa0023d17be9540133bd
:10f51400102b02f1ff32f8d11caa294648460cf000
:10f52400f1fa1caa0023d17b0df803100133102b30
:0cf5340002f1ff32f7d10136b6b275e7e4
:020000040000fa
:020000040100f9
:10f54000f0b5612885b00d4617460e6850d013d827
:10f5500041282dd006d8a0f11303012b40f298804a
:10f5600000246de0542834d0602845d05228f7d1cb
:10f57000084615f0a3fef3e7a02800f09e8007d808
:10f58000802811d08128ebd1084622f0b9fae7e7ac
:10f59000a22800f0a380c0f09d80f128e0d1304681
:10f5a0001ff066fc04464be0304618f0aef9d7e792
:10f5b00013685b89029333880193544b00930222b2
:10f5c00001233e21ec2009f08ffc304622f097fc0d
:10f5d000c6e7d6f8843113f0010431d023f00103db
:10f5e000c6f8843196f8b311284623f041fcb7e7fa
:10f5f000084622f09dfeb3e713681e68937a032b3a
:10f6000021d153681b78029333880193404b0093b8
:10f61000022201233f21ec2009f066fc384615f058
:10f6200017fe044660b97b681b78022b02bfd6f830
:10f63000843143f00103c6f88431284615f03efebc
:10f64000204605b0f0bd537a029333880193314bc5
:10f650000093022201234021ec2009f045fc3846aa
:10f6600014f0aaf904460028ead196f8a93163b14a
:10f67000294b186821f080fe336e43f01003336687
:10f680003d21284623f0f4fbdae710f0b7fed7e778
:10f6900096f86530403b022b07d8a0f1130359427e
:10f6a0005941284618f04cfc5ae7346e14f0040413
:10f6b000c6d008460df061fa52e7084624f04afa2f
:10f6c000044600b30146284603f03af9204622f0ea
:10f6d00030fc45e7308811f01dfc41e796f8ac316d
:10f6e000112b3ff43daf96f8ae31112b3ff438affc
:10f6f000d6f8ec321bb11b79012b3ff431af284611
:10f7000018f0a4ff2ce707249ae700bf824e0201fd
:0cf71000a64e0201cd4e0201b4b900204b
:020000040000fa
:020000040100f9
:10f71c00f7b590f84d3004460e4633b919b10b7855
:10f72c00837280f8523003b0f0bd032bfbd1684dcf
:10f73c002b68d3f8303303b1984794f85220a27257
:10f74c0094f851302a68237202eb8303614fd3f88b
:10f75c009812a14204bf0021c3f89812d2f8a0322b
:10f76c00a34204bf0023c2f8a032237a3a68012bcb
:10f77c0015bf1368536843f4806343f4806314bf6c
:10f78c0013605360042384f84d3000238df8073048
:10f79c005eb13378a372337884f85230737823b126
:10f7ac000df10701204613f091ff2b680022c3f8de
:10f7bc00a422637f13b1204622f00df82a68d2f8f8
:10f7cc0098320bb9d2f89c32c2f8a032002b5ed022
:10f7dc0093f84d30022b5ad122f00cf894f850309b
:10f7ec00de0748bf23f0010343f0020384f85030d6
:10f7fc0094f84f30d8070ed523f00103002684f877
:10f80c004f302046667215f01ffa334632463249a5
:10f81c00012016f0dbfc637f03b9a3733a68b4f8dc
:10f82c007000118988420dd0a4f870102968b1f8c5
:10f83c002203a4f87200b1f82413a4f874105289ae
:10f84c00a4f876204bb194f84e30d90705d4204655
:10f85c0021f0eef82046fff78ffc94f84e30da07d3
:10f86c000fd523f0010384f84e30a36d4bb920461d
:10f87c0015f0eaf9a36d23b91a461849012016f0c0
:10f88c00a5fc29681df06afb81f834034be792f85c
:10f89c00943223b1002211461046fcf75ffa2b6814
:10f8ac0093f89532002b99d0237a3a68012b0bbf31
:10f8bc005368136843f4805343f480530cbf536074
:10f8cc00136000221146012010f06afe86e700bf8b
:10f8dc0058bb00205cbb00200b010001090100019a
:020000040000fa
:020000040100f9
:10f8ec0070b5856d86b00446002d00f0db8095f870
:10f8fc002e30de0722d5112024f05cf90646e8b143
:10f90c0000f11003062104a8049323f089ff2b4671
:10f91c00049953f8a02f0a605a684a609a688a6062
:10f92c00da68ca600623009332460023112120882e
:10f93c001ef02afb10b1304624f076f9a56d95f82f
:10f94c002e30980721d50b2024f034f90646e0b16f
:10f95c0000f11003072104a8049323f061ff049b1a
:10f96c00b5f8b0201a80049a55f8b23f13606b6852
:10f97c00536006230093324600230b2120881ef08f
:10f98c0003fb10b1304624f04ff9a56d95f82e30dd
:10f99c00590722d5112024f00df90646e8b100f1e3
:10f9ac001003082104a8049323f03aff2b46049972
:10f9bc0053f8bc2f0a605a684a609a688a60da6801
:10f9cc00ca600623009332460023112120881ef0c2
:10f9dc00dbfa10b1304624f027f9a36d93f82e30e2
:10f9ec001a0728d5082024f0e5f8054618b300f1cd
:10f9fc001003092103a8039323f012ff0df1110149
:10fa0c0004a821f063fc9df8101003a823f008ff54
:10fa1c00039bddf811201a60bdf815209a8006238f
:10fa2c0000932a460023082120881ef0adfa10b15d
:10fa3c00284624f0f9f8a56d95f82e30db0622d572
:10fa4c00112024f0b7f80646e8b100f110030a21a2
:10fa5c0004a8049323f0e4fe2b46049953f8d32f07
:10fa6c000a605a684a609a688a60da68ca60062333
:10fa7c00009332460023112120881ef085fa10b124
:10fa8c00304624f0d1f8a36d93f8ea2052b95b7993
:10fa9c0013b920460ef0e6fca06d18b124f0d6f890
:08faac000023a36506b070bd44
:020000040000fa
:020000040100f9
:10fab4002de9f047c388172b8cb0074640f0bd8072
:10fac400837a0c2b07d003f0fd03082b03d080208e
:10fad4000cb0bde8f0874ff4407024f0b9f88046cc
:10fae4000028f4d01022002108a823f007f95e4b67
:10faf400cdf808801b681c6800250cbb284624f040
:10fb0400a7f80646002800f094802a46414622f0d1
:10fb1400bfff404624f09ef804ab2a46314608a8ad
:10fb2400fff71efc304624f095f83b685a6804ab96
:10fb340003cb1060516003cb9060d1600020c7e715
:10fb4400a689e389b34201d22468d6e7b4f80c90bd
:10fb54006368a6eb090903eb091999f80e305b07f2
:10fb64004fd4d9f8001001a823f058febdf8043092
:10fb7400a3f52052032a02d9b3f5245f44d1d9f85e
:10fb8400083093f800a055441ffa85fa0af10405d9
:10fb9400adb2b5f5407f4cd8314602a823f04afef9
:10fba400bdf8041002a823f045fed9f80830d9f8ae
:10fbb40004101a7802a822f07fffbdf8042042f650
:10fbc40002039a421dd1d9f808301b88042b18d19e
:10fbd400d9f804100df1060023f020fe03aa04a9ad
:10fbe400bdf806001ef06afc58b10af11405adb266
:10fbf400b5f5407f1dd8049b1022596802a822f055
:10fc04005bff0136b6b29ce703f55643ff339bb264
:10fc1400042bf6d80435adb2b5f5407f09d831468a
:10fc240002a823f007febdf8041002a823f002fe88
:10fc3400e7e7404624f00ef849e7152b7ff447af79
:10fc4400837a0c2b04d003f0fd03082b7ff43faf21
:10fc5400b8881ef0ebfe00283ff439af3b68827a87
:0cfc64005b681a706ae700bfa8ba0020b5
:020000040000fa
:020000040100f9
:10fc70002de9f04f002311f0010a87b0cde90433dc
:10fc80001fbf654b1b68d3f8a832049311f0100313
:10fc9000044601930cd006aa0af1010302eb8a0a7a
:10fca0005d4a1268d2f8b0224af8082c5ffa83fa4b
:10fcb0004ff0000b0df110094ff0ff32cdf800b0fe
:10fcc00040f23913da4500f09980dff8508157e0af
:10fcd00086680168c9f80010b44251d0b17b01298f
:10fce00030464dd1019919b1b57aa17a8d4247d9e3
:10fcf000e17a276e356e012904bfe16b7f1af17a34
:10fd000008bf07ea0807012902bff16b6d1a05ea6f
:10fd10000805e91b49023ed5b4f87010b6f876c064
:10fd2000b1fbf3f1bcfbf3fc614401f1020c716e19
:10fd3000294401ea0801614401ea0801791a4902eb
:10fd400042d4b6f87010b4f87600b1fbf3f1b0fb12
:10fd5000f3f001440231681a00ea0800a0eb070c36
:10fd60001cf4800f35d1391a490203d4474017eaf1
:10fd7000080f05d10cea08018a4284bf0a460096a2
:10fd8000d9f800000028a3d10bf1010b5ffa8bfb1f
:10fd900009f1040996e7d4f864c0b6f87010b4f815
:10fda00076e0b1fbf3f1befbf3fe71440ceb070e02
:10fdb00002310eea080e714401ea0801691a49028b
:10fdc000bfd5c4f86cc001e0636ee36607b0bde860
:10fdd000f08f96f81de0bef1000fc4d0706ccde935
:10fde00002211ff093fb0399029a054405ea0805d6
:10fdf000681a00ea080040f23913afe7636e9342d5
:10fe000002d9e3660098e1e7a36e93428cbfe266f5
:10fe1000e3660020dae700bf58bb0020ffff7f0049
:020000040000fa
:020000040100f9
:10fe20002de9f84f5d4b1b68002b40f0ae805c4b1a
:10fe30001d6801351d60e5b15a4b1b68ab4225d9e1
:10fe40000024594b1b68db6a03eb8303574a52f8c3
:10fe50002330022b28bf0124554b1b68002b00f0d8
:10fe60009180544b1b68002b18bf01242046bde82d
:10fe7000f88f514a1168514b186810601960504a48
:10fe80001368013313601ff0d1fdd5e700244a4801
:10fe9000a3464c4e4ff0010c444adff80c8135e08c
:10fea000404b4ff0ff321a60cbe73e4b1960c8e77a
:10feb000d96ad6f800a00cfa01f949ea0a09c6f88d
:10fec000009001eb810102eb810149689960d1f852
:10fed0000890c3f80c90c9f804e0c1f808e0d3f822
:10fee0002c904fea890101eb090e02eb8e0ac3f850
:10fef00014a052f82e10013142f82e10d8f800e06c
:10ff0000d96adef82c30994288bf012403681b6847
:10ff1000002bc5d00368db68db6859688d42c4d309
:10ff2000d3f81490d9689f68b9609f684f6003f157
:10ff3000040ed9f80410714504bfd968c9f804103b
:10ff4000c3f814b0d9f800100139c9f80010d3f87b
:10ff50002890b9f1000fabd0196adf69b960df6989
:10ff60004f6003f1180ad9f80410514504bf196a0b
:10ff7000c9f80410c3f828b0d9f800100139c9f83d
:10ff8000001095e70ef0c3fb6be7094a13680133d5
:10ff900013600ef0bcfb002468e700bf54ba0020d9
:10ffa00074ba002064ba002040ba0020acb300202c
:10ffb0006cba002078ba002044ba002048ba002069
:08ffc00068ba00205cba0020c1
:020000040000fa
:020000040100f9
:10ffc8002de9f04f07298db0074601d015293fd1fb
:10ffd800053901328cb204a805a9059222f0d4fa99
:10ffe80005a90df1120022f0cffa08a8224605a9aa
:10fff80022f056fd38461af07bfb68bb2246594969
:020000040101f8
:1000080008a821f0c9fe002840f0a380bdf8100020
:10001800002800f0a080bdf81210884200f29b80f2
:10002800e4b207ad06ae0195009608ab224610f083
:100038009bfe8346002800f09280069b3888da7b76
:1000480001210ef017f880b270b1adf810b003e0de
:100058000023adf810300420c3b2bdf810201021e1
:1000680038460ff027fa41e0b88823f0a5fd82460c
:10007800002872d0069b9b68b3f8008008f1040939
:1000880000f11003112105a81ffa89f9059323f03f
:10009800c9fb5ffa89f105a823f0c4fb594605a8f6
:1000a80023f0c6fb079b05a8d98923f0c1fb069b53
:1000b8009a685968128805a822f0fcfc08f106081d
:1000c8001ffa88f8079bd8894ff6ff73984204d027
:1000d800bb8808eb090b9b450bdd52464146384669
:1000e80021f099fb10b1504623f0a0fd0db0bde8fa
:1000f800f08f013080b2cde9006508ab2246bdf82b
:100108001210adf8100010f02ffe03900028e4d074
:1001180006998a68128804324a45ded1ca7b388833
:1001280001210df0a7ff0028d7d1039b05a8194688
:1001380023f07efb079b05a8d98923f079fb069b52
:100148009a685968128805a822f0b4fc1ffa8bf83f
:10015800b8e7102080e701207ee711207ce70a201d
:080168007ae700bf1615020141
:020000040000fa
:020000040101f8
:100170002de9ff470025044689461f46057001f119
:10018000ff3813780bb145450bd3624b1b7803b98d
:100190002370454588bf09f10105284604b0bde834
:1001a000f087252b07d05b49097811b904f8013b8a
:1001b00001350132e5e75378252b37d0561c3378cb
:1001c000302b4ff000001ad101464ff00a0c725c40
:1001d000a2f13003dbb2092b0ed922f0200eaef1d2
:1001e000410ea2f16103bef1050fdbb206d8052b6b
:1001f00026d8a2f15703dbb2092b29d90e44337854
:100200006c2b08bf01363378702b5fd027d8632b57
:1002100039d0642b51d0582b3ad13e4b3a681b78d9
:1002200003920437002b68d1019058e039490978ce
:10023000961c0029c3d104f8013b01353246a0e7e2
:10024000a2f14103052b02d8a2f13703d3e7002323
:1002500001310cfb0030735c002bb8d1cee7752b5d
:1002600018d0782bd9d0732b12d13b680437013bbf
:100270005a1c0dd013f8012f52b1454508d204f88d
:10028000012b0135f4e73b6804f8013b04370135e5
:10029000721c76e71f4b3a681b78039204370bbb3e
:1002a000019000930a23a8eb0501204612f0eafc16
:1002b0005ffa80fa54445544eae7164b3a681b78d3
:1002c0000392043773b901900123eae7114b3a68ae
:1002d0001b78039204372bb9042301930123009365
:1002e0001023e0e7002808bf04205ffa80fa524696
:1002f00003a9204621f062fddce740b1c107c0f34d
:10030000470af4d50af1010a5ffa8afaefe74ff0db
:08031000010aece727bc002004
:020000040000fa
:020000040101f8
:100318002de9f74f0546008923f084fc002800f0fa
:10032800c2802889ec681ef07ffb0546002800f093
:10033800bc8083886788033b9f4200f2b68094f8ac
:10034800f860122e37d190f84630002b40f0a78085
:1003580007f103091ffa89f94846b4f800a023f009
:100368002bfc8046002800f09c8000f110033146e9
:1003780001a8019323f056fa514601a823f058fa30
:10038800211d3a46019821f015fd42464946284666
:1003980021f041fa0446a0bb85f84660a5f848a0bc
:1003a800a5f85e00424905f1540005f02dfd2046f0
:1003b80003b0bde8f08f522e27d107f103091ffac9
:1003c80089f9484634f804ab23f0f6fb8046002848
:1003d80067d000f11003314601a8019323f022faf7
:1003e800514601a823f024fa21463a46019821f003
:1003f800e1fc42464946284621f00dfa0446002809
:10040800d5d0404623f012fcd1e7162e1dd190f826
:100418004630002b43d107f105091ffa89f94846f0
:10042800b4f800a0b4f8fab023f0c6fb8046c0b315
:1004380000f11003314601a8019323f0f3f9514666
:1004480001a823f0f5f9594697e7182e2dd194f80d
:10045800fc70012f29d890f8463003bb0220b4f86d
:10046800008023f0a9fb0646d8b100f1100318213b
:1004780001a8019323f0d6f9394601a823f0d2f94f
:1004880032460221284621f0c6f9044628b9182325
:1004980085f84630a5f8488082e73046b2e7072459
:1004a80085e7022483e7042481e703247fe700bf6c
:0404b800a064d1016a
:020000040000fa
:020000040101f8
:1004bc002de9f7430546352023f0c6fb04461020f2
:1004cc0023f0c2fb0646102023f0befb07460cb1fe
:1004dc0006b150b95c4b009300220423c321ee20db
:1004ec0008f0fcfc03b0bde8f083584a13680360c5
:1004fc005368436093688360d368c360a96d3346c7
:10050c0020222f31fef728ff95f8038050484ff436
:10051c00807904f1020e2b1d04f1090c05f10b017d
:10052c0004f11002a4f80090b8f1000f4ed1d3f8ea
:10053c000090c4f80290b3f80490aef804909b7944
:10054c008ef806300b68c4f809308b88acf8043090
:10055c008b798cf80630a96d01f5c0710b6823619d
:10056c004b6853608b689360cb68d360aa6d02f5bf
:10057c00e072214613682362536863629368a36236
:10058c00d368e3620123206384f83430ab6d3522e9
:10059c00a0333046fef7e0fea96d2846a0311af0d4
:1005ac00cbfc84f83480ab6d3522063321463046c3
:1005bc00fef7d2fe204623f049fb304623f046fbe3
:1005cc00384603b0bde8f04323f040bbd1f80080bf
:1005dc00c4f80280b1f80480aef8048089798ef8f2
:1005ec0006101968c4f809109988acf804109b79a6
:1005fc008cf80630a96d01f5c0710b6823614b684e
:10060c0053608b689360cb68d360aa6d02f5e0727f
:10061c00214613682362536863629368a362d368ac
:10062c00e3620123206384f83430ab6d3522a033b0
:10063c003046fef791fea96d2846a0311af07cfcdd
:10064c00002384f83430aee7e82b03010c330301ac
:04065c00656c7462f3
:020000040000fa
:020000040101f8
:100660002de9ff41614b05681e7895f80f80604cbd
:10067000342303fb0653074693f88720013283f89f
:1006800087205c4b1b78abb1d4f86c3f1b0511d4b1
:10069000d4f8603f98050dd4574b1b681bb9002355
:1006a0008df808302ae098470028f8d0534b1b7883
:1006b000002bf4d123f056f9a0b3d4f86c3fd90441
:1006c000c3f300322ed4d4f8683f1b032ad508f0b8
:1006d000fd08b8f1010f25d1d4f8603f980521d568
:1006e000d4f8683f99001dd54549d4f8683f09788a
:1006f000c3f30263994215d08df8082002a9384649
:100700001ef06efad4f8283143f00803c4f82831fb
:10071000d4f8283143f00403c4f82831002004b091
:10072000bde8f081ff238df8013022f099fa40bb3b
:1007300023f012f928bbd4f86c3f1b0521d40df12e
:10074000020201a9284618f093fd8046c8b9019b12
:100750001a68cdf809209b88adf80d309df802206d
:100760009df808300df1010162f3000302a88df835
:10077000083011f079f920b18df803800df10301f3
:10078000bde7342303fb0653d4f8201193f85e2011
:1007900002eb116283f85e20d4f8202193f85f10f9
:1007a000c2f307420a4483f85f20d4f828319df849
:1007b000011043f00803c4f82831d4f82831284642
:1007c00043f00403c4f828310af082fc6b7c012b4f
:1007d00005d128461df090fb00287ff460af284625
:1007e00015f0c6fb14f0defa98e700bf41bc00200c
:1007f0000024014142bc0020a8bb002043bc0020d3
:0408000044bc0020d4
:020000040000fa
:020000040101f8
:100804002de9f743044600f5fc78d0e96669d0f891
:10081400f8310f4609b1d0f81032c4f8143220462a
:100824001d691cf00ffc204621f01cfe204619f027
:100834001ffe574b1a88492161f30e021a80a3f553
:100844006b7294f83f001188a3f5836360f304117d
:1008540011801a686ff34d321a6094f82d1003203a
:1008640022f072fd2a464946404618f006fa002f47
:100874003dd1d4f8f83194f820801f6901210df19d
:10088400070015f09ff99df807100622b1fbf2f35b
:1008940002fb131394f87310dbb20b298df80730a5
:1008a4004ff001020cd802fa01f111f0050f4ed1fc
:1008b40040f6c870084018b911f0120f18bf022290
:1008c400344903eb43030b4412010021585c28fa1a
:1008d40000fc1cf0010f07d0d7f808c0253060f3e6
:1008e400c80cc7f808c0174401310329eed194f8a5
:1008f4007330052b06d9d4f800321bb1264b2046a1
:100904001b689847d4f8f8211abb94f8733023492c
:10091400012ba1f1040332d10a68062060f30f020f
:100924000a601a6842f002021a601a68adb265f3ee
:100934001f421a601a4a1168b6b266f31f41116069
:100944001a6842f001021a6003b0bde8f083032282
:10095400b6e7d4f8143293420ad8117a13690429f9
:1009640008d0052906d019b9186861f34610186033
:100974001268c9e719686ff346111960f8e7086847
:1009840062f30f000860196862f341011960cce753
:100994006c380141242f0301c4bb00205c3e01419b
:0409a400703e01415f
:020000040000fa
:020000040101f8
:1009a8002de9f04182b00378012b04d0022b76d0d8
:1009b80002b0bde8f08144682378062bf8d801a27c
:1009c80052f823f0e90901011d0a01012d0a01016c
:1009d800b9090101b9090101b90901015f0a010158
:1009e800a378002be4d1554b1d68ab784bb101239c
:1009f800a81c194610f8232022b10133082bf8d17e
:100a0800d6e7002105eb810301229a70a38825f817
:100a18002130cde760881cf0a5fd0028c8d0002251
:100a28000260c5e7658828461cf09cfd064600283c
:100a3800bed0c378002bbbd02379002b0cbf072373
:100a480008238df80030adf80250684619f0d2f945
:100a58000023f370ace7394b1b6893f82a30002b5e
:100a6800a6d0b4f80480e788268965892b463246e3
:100a7800394640460ff0d4ff60b1adf80080adf8bc
:100a88000270adf80460adf80650694660881bf046
:100a9800affe8de73b2160881bf0c6fe88e74468ff
:100aa8002378e3b1012b83d1658828461cf05afdd1
:100ab800064600283ff47cafa388002b3ff478afac
:100ac800c378002b3ff474af08238df80030adf8dd
:100ad8000250684619f08ef90023f37068e76588bc
:100ae80028461cf03ffd00283ff462af134b1b68fb
:100af80093f82a30002b3ff45baf63892289e188a1
:100b0800a0880ff08dffa0b1002128461bf034ff0c
:100b1800a388adf80030e388adf802302389adf83a
:100b280004306389adf80630694660881bf044fede
:100b38003ee7012128461bf01fff39e710ba0020c5
:020000040000fa
:020000040101f8
:100b4800f7b50d78ff2d04460e4600f08480342357
:100b580003fb050393f88020012a40f0a58093f851
:100b68005e10594a41b193f85c1029b9d2f81c11aa
:100b7800c1f3c30183f85d10544b1968342303fb98
:100b88000543c1f3411183f86010d2f84411a3f86a
:100b98006210d2f84411c1f30f41a3f86410d2f8df
:100ba8004811c1f30801a3f86610d2f84811c1f33f
:100bb8000f41a3f86810d2f84c11a3f86a10d2f8c4
:100bc8004c21c2f30842a3f86c20414b1b68002b50
:100bd8005ad100273f4b1b6863b1294620469847e6
:100be80040b12a460221204606f03cfeb37843f085
:100bf8004003b3703a46294620461bf0edfb3423e8
:100c0800002855d003fb054393f85d30072b4dd0e2
:100c1800217b2a4601b10121204606f023fe637c90
:100c2800012b03d12946204606f09afe342303fb04
:100c3800054393f88030012b07d1274b1a686ff3cf
:100c4800db621a60002011f00dfd342303fb05451b
:100c5800002385f88030a3680093b6f801301f4957
:100c68005bbaadf80430f3788df8063033788df838
:100c7800073008226b46012015f0aafa31462046b3
:100c88001af08efa03b0f0bd294620469847074669
:100c980000289ed02a460321204606f0e3fdb378bb
:100ca80063f07f03b37095e70027a3e72a46b2e70e
:100cb8007278012ab3d103fb054393f88920002aef
:100cc800add083f88900aae700240141c03401416e
:100cd800acbb0020b0bb00200c3a0141040101016b
:020000040000fa
:020000040101f8
:100ce80037b5428840f201139a4204460d4605d0b2
:100cf800082120460ff09efc03b030bd0cf076fab8
:100d08000028f5d1a06d019501a9e43022f026fc58
:100d1800a06d01a9e53022f021fca06d01a9e63003
:100d280022f01cfca06d01a9e73022f017fca06d91
:100d380001a9e83022f012fca06d01a9e93022f0e7
:100d48000dfca36d93f8e72084f85220a27a83f86b
:100d580058212346a26d53f8041fc2f859119b88e5
:100d6800a2f85d31a36d93f8e620d50704d5414a72
:100d780012685278d00701d401225a71a26d92f8f4
:100d8800e730073b092b01d90621b2e792f8e63094
:100d9800384d13f0080f2b6803d19b7923b1032139
:100da800a7e75b78c3f3c00384f85530204611f0f9
:100db800d5fb2b68da7932b15b78590703d5a36d77
:100dc8005b78012bebd0204619f041fda36d5a78d2
:100dd80012f1ff3118bf012184f8541094f855100e
:100de800002940d0012a03d093f8e7200f2acbd955
:100df80093f8e82022f0090283f8e820a26d92f81f
:100e0800e93023f0090382f8e930a26d92f82c301a
:100e180092f8e8100b4023f0040382f82c30a26dfe
:100e280092f82d3092f8e9100b4023f0040382f871
:100e38002d3002231049a37004f15c0004f0e4ff94
:100e4800082022f003ff014600283ff455af06238f
:100e5800037023888380a36d93f8e630837108209c
:100e680022f018fe48e793f8e920d2075cbf012278
:0c0e78005a71cae768bb0020a064d101d9
:020000040000fa
:020000040101f8
:100e840073b50023adf8023090f85030604e04463c
:100e940023f0020380f850300df1020101a81ef086
:100ea400a1fb237a3268012b0bbf5368136843f00c
:100eb400100343f010030cbf53601360e37a012b5b
:100ec40017d1019ae36bbdf802101a44238f0b4427
:100ed4009bb240f2e1418b42c2f31602019285bffc
:100ee400a3f2e2430132adf80230adf8023088bf1c
:100ef4000192019db4f87230bdf8022029462046c3
:100f04001cf0dafe40b3237a3268012b0bbf53681e
:100f1400136843f0200343f020030cbf53601360b5
:100f2400237a2bb1012b14d1a36c93b1637f83b1ca
:100f3400204611f065ffa36a13b120461ef009f89c
:100f440020460cf0d1fb0022114601200ff02cfbaf
:100f540014e00022a273f7e7226eb4f87030521b3b
:100f6400c2f3160203f2712340f23911b3fbf1f319
:100f74000133934204d920460df024fa02b070bd27
:100f8400237a3168012b0bbf4b680b6843f0800355
:100f940043f080030cbf4b600b6040f271256a4341
:100fa400bdf80230b4f87050019905eb9305c5eb18
:100fb40052052a46204612f0a3f80028ded129461d
:100fc400c4f8844004f1780004f020ff114b1b683e
:100fd400b3f8201301f59c73ab4204d2691a04f1ef
:100fe400900004f013ff204611f00aff042320466a
:100ff40084f84d301df0a2fc207a012804d1626de2
:10100400002abbd11146a1e70022114610469de7f4
:081014005cbb002058bb00206a
:020000040000fa
:020000040101f8
:10101c002de9f04390f80e80bbb00446b8f1000ff8
:10102c0040f0a280037ad0f84090012b40f08e80e3
:10103c00484540f09980237a002b40f0a180226c27
:10104c00a24209bf40f2012242f20523adf818205a
:10105c0098461cbfadf818304ff00108a06c1ef07c
:10106c004ffab4f8683087b2dd19adb2b5f5487fe8
:10107c0088bfc3f54877d9f86030079384bfbfb2f7
:10108c004ff4487520f0d2f9444b45491b681e8932
:10109c005b891e4440f23913b6fbf3f6e37a013652
:1010ac000644012b06ea010604d1236ee26b9b1a5f
:1010bc000b400793b4f8700000f271201ef020fa78
:1010cc00d9f8683000eb0309606c1ef019fa48453a
:1010dc0003d2b8f1000f18bf4846079b304a0344af
:1010ec001340a3eb060818f48008f8d1013d1d4409
:1010fc000793154000238df81630079bcde9083572
:10110c000df1170301930df120090df1160306a83b
:10111c000093cdf808903b4607aa214610f808002a
:10112c0001268df8176004f0dbf9079b00939df8fe
:10113c0017209df816104b46204602f03dfe38b3a2
:10114c00236eeb1a5b0223d4a6730de020f06ef92c
:10115c00236ca3420fd099f80e302bb1d9f8603024
:10116c00c01a42023ff567afa07b003018bf0120c8
:10117c003bb0bde8f0832369c3f3160323665ae73b
:10118c0040f61113adf8183068e74ff00108b1e7dd
:10119c00b8f1010ff9d10023a373e5e75cbb002084
:0411ac00ffff7f00c2
:020000040000fa
:020000040101f8
:1011b0002de9f04186b003790393c3780293038845
:1011c000019305465a4b0093022201235121ec2042
:1011d00007f08afe28881ff055fc0746002800f01b
:1011e000a4801ff0b0f8002800f09180012138465b
:1011f0003c681ef097fd0021064638461ef092fd21
:10120000aa78032a804612d0eb78b3421dd12979ff
:1012100081421ad1042e0ad1eb88012b08bf84f831
:101220006830eb88022b02d1002384f86830304606
:1012300021f04bfe0446404621f047fe00230246c3
:10124000214638461af028ff4ee012f0010f18bf71
:10125000072384f86332ab789b0754bf2b790723ad
:1012600084f86432eb88a4f86c325a1e012a09d83b
:10127000012b08bf84f86830eb88022b04bf0023e1
:1012800084f8683094f8c63143f0020384f8c6311c
:1012900094f98032002b23da2b79042b04d1ea88cd
:1012a000d2b994f86820cab9002684f88b3284f841
:1012b0008c62e87821f05cfc0146384621f098f811
:1012c000012384f88d0284f88132384621f054f8e5
:1012d000304606b0bde8f081022ae5d00823e3e7f6
:1012e000384621f0e9fd08b10026f1e794f8c6314f
:1012f00060f3410384f8c63107260e4b0093019634
:1013000001230022ff21ec2007f0eefde0e7286832
:10131000696804ab03c3082204ab042138461cf0ff
:101320006af806460028e8d1dee70226e5e700bfb6
:0813300084fc020176fc0201bd
:020000040000fa
:020000040101f8
:1013380037b55d4d2b68d3f898420cb9d3f89c4269
:10134800c3f8a04222f044fa20b9584bd3f8ac3085
:10135800590616d5237a012b554b1a680cd15368b8
:1013680043f400435360a36a13b120461df0effd18
:1013780020460cf0b7f955e0136843f400431360b6
:10138800f1e7002c4ed094f84d30022b4ad1adf83d
:1013980002000df1020101a81ef022f9e37a012be7
:1013a80017d1019ae36bbdf802101a44238f0b443e
:1013b8009bb240f2e1418b42c2f31602019285bf13
:1013c800a3f2e2430132adf80230adf8023088bf33
:1013d8000192b4f87430bdf80220019920461cf03f
:1013e80069fc94f84f305a0725d51b0723d5304b95
:1013f800a56d1a68536843f480335360a36a13b128
:1014080020461df0a4fd20460cf06cf995f84d30ef
:10141800022b0ad120f0f0f994f84f3023f008039a
:1014280084f84f30002003b030bd2246002101204f
:101438000ff0b8f8f0e72b68d3f8a422002a2bd1d4
:1014480000282bd1c3f8a442204620f0d3fb194b27
:10145800226a1a60032384f84d3020461ff0d8fa18
:10146800237a012b124b1a6815bf1368536843f48b
:10147800007343f4007314bf136053602b68d3f8f0
:101488002c332bb1a07a032894bf00200120984761
:1014980020461ef0a7fcc5e70028c3d0044b1a68f5
:1014a800136843f480736ae758bb002000240141a5
:0814b8005cbb002064bb0020b6
:020000040000fa
:020000040101f8
:1014c0002de9ff475b4b04681b7806468846b3b19d
:1014d000594bd3f8603f9d05c3f340220fd494f8d5
:1014e0007330012b3fd0554b1b7804eb830402a9ca
:1014f000d4f8ec318df80820db6a984733e0d4e962
:10150000505721f0adfbc0bb22f026faa8bb4a4bd6
:10151000d3f86c3f1805c3f3c0292ed4474b9df870
:1015200008201b7804eb83030df10601d3f8eca12e
:101530002b68cdf80930ab88adf80d303b78c3f39c
:10154000801363f3000202a88df8082010f08cfad3
:1015500098b194f862318df80790022b07d141467b
:1015600030461df085fb002004b0bde8f087daf8b6
:101570002c300df107013046bfe728461af09af9e2
:101580000028f0d194f8623123b12d4a138843f03a
:1015900020031380284bd3f86c2f12f4006f04f251
:1015a000731804f26d1630d1d3f86c2fd10523d502
:1015b000d3f8682fc2f3407192001dd584f86a11e8
:1015c000d3f8683fc3f3026384f86b3194f86b017e
:1015d00020f04cfb94f86a3140f0020084f86c0172
:1015e000c3b90023c4f87331a8f804302b68c4f8d9
:1015f0006d31ab88b38018e0002384f86a313b7802
:10160000c3f3801384f86c31ebe794f86a31002b54
:10161000dcd1f4e72b68c4f87331ab88a8f8043048
:10162000314694f86b0118f0b9f9204614f038fcf3
:1016300099e700bf38bc00200024014137bc0020de
:0416400002bc0020c8
:020000040000fa
:020000040101f8
:1016440010b588b0f4f754ff444b984703f060f9a1
:10165400434a136823f49f7323f0010343f01103f7
:1016640013601df04bfb11f0c9fd0df096f90cf061
:1016740058fd21f0d7f818f097fc0021102010f045
:1016840089fb0120f4f7d6fe364b374a1a60374af5
:101694005a60374a9a60374ada60374a1a61374ad9
:1016a4005a61374a9a61374ada61374a1a62374ac5
:1016b4005a62374a9a62374ada62374a1a63374ab1
:1016c4005a63374a9a63374ada63374a1a6437499e
:1016d400002020f033f9364c20603649002014f005
:1016e40001f8606004222021334820f0dbfc002351
:1016f4000593069307930df11600f5f762ff9df825
:10170400153060f300038df815300df11d00f5f769
:101714006aff9df8153060f341038df8153005a874
:10172400f5f788ff10b903238df8143000230293d2
:10173400039304934ff4e0430093204b019305abd0
:101744006a4608491c4809f029fb21f0c5f820f035
:10175400bdf815f085f908b010bd00bf41be0020ea
:10176400002401442800002049200301f724030138
:10177400c97a0201bd2d03016120030125bc0201c8
:10178400cf2d0301a92003011528030161bc020127
:10179400f32d0301052e0301ed27030101280301a5
:1017a4000d250301dd3a0301e53a03017036030117
:1017b400200000207c3603011c000020008c012046
:020000040000fa
:020000040101f8
:1017c4002de9ff470c461df031f9054620b90324e5
:1017d400204604b0bde8f0872088013880b24ff677
:1017e400fd739842f3d8ab886288033b9a42eed8e3
:1017f40002aa01a91cf062fe0028e8d0019e4e490d
:101804003068022220f0cafa0028e0d194f8f820c7
:1018140073681b2a1b784cd113f0100fd7d0208883
:10182400013002aa01a980b21cf048fe0028ced0e3
:1018340022880199013292b228461df005fd002844
:10184400c5d1019b0df10200596821f0e7ff94f81e
:10185400f8601b2e32d1bdf80230da07b7d5b4f8e0
:10186400029034f804ab09f103081ffa88f84046e3
:1018740022f0a4f9074600285bd000f1100331469a
:1018840003a8039321f0d0ff514603a821f0d2ff0f
:1018940021464a46039820f08ffa3a4641462846a4
:1018a4001ff0bbff0446002892d0384622f0c0f94e
:1018b4008ee71d2ab3d113f0200fafe71d2e86d17a
:1018c400bdf802309b0782d523882b82ab7c73bb87
:1018d400b4f80290b4f800a009f103081ffa88f8dc
:1018e400404622f06bf9074618b300f11003314665
:1018f40003a8039321f098ff514603a821f09aff0f
:10190400211d4a46039820f057fa3a464146284694
:101914001ff083ff04460028c7d10123ae74a5f845
:101924007630064905f16c0004f070fa50e707249c
:101934004ee702244ce700bf9a090201a064d101da
:020000040000fa
:020000040101f8
:101944002de9ff47054630b1022800f09a800020b7
:1019540004b0bde8f087544b1b780bb11ef008fab5
:10196400524c2168d1e93423cde90023002300221d
:101974008b70c1e93423236803f10b0203f13300b4
:1019840012f8011b0d448242adb2f9d1ed0893f86f
:1019940003c0dff81881dff82491c5f12505edb205
:1019a400ac4538bfac460020d8f800309b79834260
:1019b40048d901224ff0000e0c2ad3b23cd00b2b95
:1019c40094bf02f1ff3aa2f1020a4ff0010194bf61
:1019d400a2f12103a2f12203caf1200521fa05f59f
:1019e40001fa03f32b43d9f8005001fa0af1d5e9bf
:1019f40002a501ea0a0603ea050756ea07051bd011
:101a0400d4f800a00aeb0205ed7a854214d1daf885
:101a1400d4500395daf8d0502943039d2b43cae9e7
:101a240034139af8023001338af8023023689b7821
:101a3400634528bf4ff0010e0132272abcd1bef105
:101a4400000f1bd024682822002104f10b0021f090
:101a540055f9d4e93423dde900018b4208bf824201
:101a64003ff475af124b1b6813b104f1d0009847d3
:101a74000e4b1868d03015f0d7fd68e70130c0b2be
:101a840092e70a4b1b680021b3f8c82008460df002
:101a940029fc18b9044b01221a7058e7054b064873
:101aa400196804f0b3f952e731bc0020c0bb002030
:101ab40048bb002050bb0020f8b70020fcba00202f
:020000040000fa
:020000040101f8
:101ac4002de9f743002390f8202004461d4600bf6b
:101ad40022fa03f1c90748bf013503f1010348bfe6
:101ae400edb2032bf4d194f8733013f0fd0f4cd105
:101af400042009f0b9f905eb4505c4f84801edb235
:101b04004a2009f0b1f9c4f85401422009f0acf9b3
:101b1400c4f84401ff2009f0a7f9c4f840010420e7
:101b240000eb051009f0a0f982b20746002a48d15b
:101b3400414b0093fe210123ec2007f0d3f907f178
:101b440004092c20684322f083f894f87330032ba3
:101b5400064638d13fb1d4f8483123b1d4f85431d2
:101b64000bb1002865d138461bf06effd4f848014c
:101b74001bf06affd4f854011bf066ff304622f0d4
:101b840069f8072003b0bde8f083012b01d0042bd2
:101b940008d1022009f068f96d00c4f84801edb2db
:101ba4000c20aee7032b0ad1022009f05df9c4f83a
:101bb4004801252009f058f9c4f85401afe700257d
:101bc400ade78146bde767b1d4f848314bb1d4f8ed
:101bd400543133b1d4f844311bb1d4f8403103b19a
:101be40038bb38461bf030ffd4f848011bf02cfffb
:101bf400d4f854011bf028ffd4f844011bf024ff4f
:101c0400d4f84001b8e7c6f81090b8f1000f00d13d
:101c1400f760314604f5fc7021f0a9fc08f10108d5
:101c240009f110092c365ffa88f8a845ebd1002099
:0c1c3400a8e74ff00008f8e7dc390301d6
:020000040000fa
:020000040101f8
:101c40002de9f04385b0044621f068fa002840f001
:101c5000a980564b257b1b6823b193f8c030012b1c
:101c600000f0a0805db9294602a81ff035fb9df861
:101c7000083053b11224204605b0bde8f083012d91
:101c800016d121f033fa0028f4d0494b1b6898474d
:101c9000002840f08980237983bb6079454ba11de2
:101ca0001b6800f00100984700283fd00b24e2e7b2
:101cb000ab1e012be9d89df80830627962f300036e
:101cc0008df808302346002653f8062f8df806605d
:101cd0009b88cdf809200df1060102a8adf80d3062
:101ce00017f0fef90028d0d0022dcad131460df1ef
:101cf00007001ff0f1fa9df80730bae72e4b1b687a
:101d0000a3b12c4d044602aa0df1070120461af09a
:101d1000effa20b10134e4b2082cf4d1c6e72b6805
:101d20009df8070002a998470028f3d14ff49a7153
:101d3000022012f08ffb8146842009f097f80646b6
:101d4000252009f093f8054620f06afb80460df047
:101d500007f80746b9f1000f22d0b8f1000f1dd0e7
:101d6000e0b1deb1002d14bf00240724484618f06e
:101d7000f1fab8f1000f02d0404621f089ff17b107
:101d800038460df06dfd16b130461bf05ffe002d9c
:101d90003ff471af28461bf059fe6ce70724e5e7d6
:101da0000724e6e70c2466e7072464e7ccb90020a3
:0c1db00018bb002014bb002074bb0020f6
:020000040000fa
:020000040101f8
:101dbc002de9f0410678012e86b0044667d026b195
:101dcc00032e7bd006b0bde8f0818578002df9d1cb
:101ddc00524e376807f12c0353f82580b8f1000fe9
:101dec0020d174200a3521f02fffaa001744786007
:101dfc0033681344586818b17422414620f07affb6
:101e0c00336803eb85056d6885b923780293a38845
:101e1c000193434b009300220423c921ee2007f0c9
:101e2c005df8cfe70135082dd6d1eee70127af706d
:101e3c00a6882e80a379eb70234653f8082f6a608e
:101e4c009b882b81e379003318bf0123ab72e379b4
:101e5c00bb420fd8143400230622214604a8049355
:101e6c00adf814301ff096ff20b123686b60a38887
:101e7c002b81af72102385f852306b6e03f0f80390
:101e8c0043f4a06343f00103c5e919369ae745888a
:101e9c0028461df077fb044638b9cde90156214b95
:101eac00009302460423ca21b8e75c3006f046fed4
:101ebc00204606b0bde8f04119f060b847883846b6
:101ecc001df060fb054610b9cde90176e7e72379f3
:101edc00002b7ff477af5c3006f030feab6dcbb1ee
:101eec00ea78012a12d195f855205ab95a794ab193
:101efc0093f82e20d20705d50022a0331146284690
:101f0c000df088fa2846fdf7ebfc03e093f8ea3075
:101f1c00002bf7d0012385f8573053e768bb00201e
:081f2c00b6670201e76702013c
:020000040000fa
:020000040101f8
:101f3400534b1b78002b00f0a280524b1b78002bd4
:101f440040f09d80504b1b78002b40f098802de989
:101f5400f04186b04d4b1c784d4b1b78a34240f2a8
:101f640084804a4edff82081494f24e021f09cfb15
:101f740005eb4503474a02ebc303da79464913f0fc
:101f8400e5fb6ce021f096fb022871d8002388f869
:101f9400003005eb45033f4a02ebc3031b7cff2bd8
:101fa40005d005eb450502ebc50501332b743478e8
:101fb4003b78a34259d92546631c33701df0e4fcd9
:101fc400022852d821f088fb04eb4404314b03eb84
:101fd400c404e368c01a314b9842e8d8e47921f08c
:101fe4006ffb8442e3d205eb45032a4a02ebc303a9
:101ff400db7c002bdbd005eb450302ebc303d87974
:1020040019f0b6f90028d2d13c23adf804301e23d0
:10201400adf8063000228df808201e4905eb450076
:1020240001ebc00351f83000cdf809009888997984
:10203400adf80d008df80f105021adf81010a0214f
:10204400adf81210adf814204ff4c872adf8162094
:10205400db7988f8003021f02dfb022886d801a80e
:102064001bf0eefb044600288cd106b0bde8f081dd
:1020740021f01afb22460a4913f068fb86e77047f1
:1020840007bc002049bc002016bc002009ba00206f
:1020940006bc002000fe0120e0c60201bfd40100fe
:0420a400fcc6020173
:020000040000fa
:020000040101f8
:1020a8002de9f0470521074600201ef00fff0446e2
:1020b800002800f08b803e681823037396f8663278
:1020c80096f8635296f864921d4096f8653209eacc
:1020d80003094ff00003a0f80d30012138461df028
:1020e8001dfe0021824638461df018fe96f864123f
:1020f800804696f863021df076fb30b996f86512b3
:1021080096f866021df06ffb90b315ea090505d035
:10211800aa4501d1a84501d06573a573637b86f8ec
:102128006832a57b86f86952637b1d4350d04ff017
:10213800ff33e373237420f0e5fc0546002841d003
:102148001823c3710123437106f51a73c36001464e
:10215800384621f07cfc2146384620f051f996f8a3
:102168006812384610f034f9a6f89e0101202de0d7
:1021780005ea0a03dbb2002b18bf002519ea080f8d
:1021880044d12db1e8070cd4a9070dd5022309e0e5
:10219800b9f1000fc2d019f0010f09d00123a373c0
:1021a800bce701236373f6e76a07f4d50423f9e76c
:1021b80019f0020f01d00223f1e719f0040fadd096
:1021c8000423ece7204621f03dfc2846bde8f087d3
:1021d800e573257496f8c6319b0712d50121384658
:1021e8001df09cfd20f06dfe2946804638461df006
:1021f80095fd20f066fe2b4602464146384619f00a
:1022080047ff132138461df03bf9a4e7002d85d080
:042218008146b7e75d
:020000040000fa
:020000040101f8
:10221c002de9f0471ef0caff504b1a68013a1a60bc
:10222c001b68002b40f093804d4b1b680bb90024ae
:10223c008ee000234b481d464b4c01264b4adff8e1
:10224c0038a1dff830c1016800295dd0c368db68b4
:10225c00d3f828e0d9691f6a8f60196adf694f606b
:10226c0003f11808def80410414504bf196acef8d2
:10227c0004109d62def800100139cef80010d3f87e
:10228c0014e0d9689f68b9609f684f6003f1040837
:10229c00def80410414504bfd968cef804105d6126
:1022ac00def800100139cef80010d96ad4f800908d
:1022bc0006fa01fe4eea090ec4f800e001eb8101ba
:1022cc0002eb810149689960d1f808e0c3f80ce091
:1022dc00cef80480c1f80880d3f82ce04fea8e01c8
:1022ec0001eb0e0802eb8809c3f8149052f8281081
:1022fc00013142f82810daf80010c96adf6a8f42ff
:10230c00a1d9ccf800609ee70bb11df089fb184bee
:10231c001c686cb1174e012501e0013c05d0fdf79e
:10232c0079fd0028f9d03560f7e7114b00221a60cf
:10233c00104b1c6864b1104b1b68104b4ff0805253
:10234c001a60bff34f8fbff36f8f012400e000249e
:10235c0020f0b4fa2046bde8f08700bf54ba002044
:10236c004cba002068b800205cba0020acb3002046
:10237c006cba002078ba002040ba002004ed00e0ce
:020000040000fa
:020000040101f8
:10238c002de9f3470223d0f848918df8043090f8ea
:10239c000031d0f854a100900546063349466846f2
:1023ac008df8053006f07efe2b4653f8332fcaf815
:1023bc0000209b88aaf80430b5f800212ab1d5f882
:1023cc00fc100af106001ff0f3fc4ff00008d5f8e2
:1023dc00f871464695f8f430b34202d802b0bde825
:1023ec00f0873c6923686ff30203236023680122a2
:1023fc0062f3c40323602368042262f3ca132360cc
:10240c00236862f3ce23236095f8f430013b9e429f
:10241c000fbf2368226804f110039bb213bf63f350
:10242c00de326ff3de332360226023686ff3df73d9
:10243c00236062681ffa89f363f30f0262606268bb
:10244c001ffa8af363f31f426260a3686ff3010300
:10245c00a360a36843f00403a36099f8012095f8e6
:10246c003f1095f82b001bf0dafd32b2c7e90708d4
:10247c00c7e9059a05eb820100233c613b7287f8a2
:10248c002830c1f8c470c1f8d040c1f8dc3095f8e0
:10249c00f41086308044481e864210d105eb410270
:1024ac00a2f8e630a2f8ec3096b1c5f89081002382
:1024bc00f018814211dc01363f68f6b28ae705eb71
:1024cc0042021034a2f8e840a2f8ee30002eeed111
:1024dc00c5f894810028ead1e7e703eb43020244f4
:1024ec0005eb82020133c2f8a080dbb2e0e700bf4b
:020000040000fa
:020000040101f8
:1024fc00f7b5534b00930546012302224521ec20ee
:10250c0006f0ecfc2846fff795fb0746002840f048
:10251c008d804ff49a71022011f096ff494b04689c
:10252c001c60e0602b792374012363762a88628314
:10253c006b88a3839a4204bfda1c62832a7b2276bf
:10254c006a796274aa8a22862a8aa284ea89e28338
:10255c006a8a62852a8ba287ea8ae28655f8062f58
:10256c00c4f81220aa88e28240f271225343c4f8c4
:10257c00c8304ff47a73c4f8cc30638b5a43324b67
:10258c00c4f8dc20c4f8c430842008f069fcc4f81a
:10259c00b400252008f064fc00254ff400730126dc
:1025ac00a4f80e31c4f8b000257284f8e660a4f8e3
:1025bc000b510e201ff082fa042184f8e70084f8f6
:1025cc00c06030460ff076fd2946204616f0fffa23
:1025dc001ff020ffc4f8ec000cf0bcfbd4f8ec208e
:1025ec001a495162d4f8ec2019499162d4f8ec20c4
:1025fc001849d162d4f8ec2017491163d4f8ec20b7
:10260c00e1681162d4f8ec201560d4f8ec20416834
:10261c005160d4f8ec200a60426029460ef02efc82
:10262c00304620f065fd384603b0f0bd0b4b0190f1
:10263c00009300220123ff21ec2006f04ffcf2e76f
:10264c00b3180301ccb900200000010385880101f7
:10265c00a93c0301b3ef020121ec0101c2180301f3
:020000040000fa
:020000040101f8
:10266c002de9f0430446c278836da67a407c0d4672
:10267c008db05549002a5ad109688df80000012007
:10268c0091f8009091f80580b1f801e0b3f82cc0f6
:10269c00b3f8e470d3f8e6108df8020002208df840
:1026ac0009008df801608df803908df80480adf869
:1026bc0005e0adf807c0adf80a70039108a803f562
:1026cc00e073995c1df80260714011540132102abc
:1026dc00f7d104aa08a9284609f010fae178231dbd
:1026ec0004f10b02002951d118689b88adf8043015
:1026fc001368cdf8063093880090adf80a3003913a
:10270c0004aa68461023117810f8016b013b714044
:10271c0013f0ff0302f8011bf5d1a26d02f5d8727c
:10272c0004a9284609f0eaf90db0bde8f0830a685f
:10273c008df80100012092f800e092f805c0b2f883
:10274c000110d3f8e4709a8db3f8e8808df802008c
:10275c0002208df80900adf80e208df80060cdf840
:10276c000370adf807808df80ae08df80bc0adf85a
:10277c000c10002208a803f5c073995c1df80260c8
:10278c00714011540132102af7d1a2e710689288d7
:10279c00adf804201a689b88adf80a300023cdf8f8
:1027ac0006200393009004a96b461022087813f8b6
:1027bc00016b013a704012f0ff0201f8010bf5d1e8
:0c27cc00a26d02f5b872abe768bb0020fc
:020000040000fa
:020000040101f8
:1027d80030b591b04f4820f0d7ff17f02bfc1ef012
:1027e80017fd0bf0e3f80df075fd002020f0b8f8a8
:1027f800002014f079fd1df027fe47481df036fe35
:1028080017f064fb454820f023ff1cf0adfc44485a
:1028180020f078ff0ef0c0fe424820f01fff424a29
:1028280006ab07ca03c31a801df0d4f80346002874
:102838005fd03e48a0fb0320c00800f130028df8ad
:102848001f2000eb8000a3eb400030308df8200003
:1028580006a90a201af020f800248df83040adf8b7
:1028680032408df834400ca81bf036f801258df85d
:102878001050a023adf812302023adf814308df895
:1028880016408df8174004a81bf05af80df10701ff
:102898000f201af039f8adf80a408df80c400323e0
:1028a8008df8083009238df8093002a81af080f84d
:1028b8008df82e508df82c500623adf824304ff4a7
:1028c8004863adf82630adf8284040f2f313adf870
:1028d8002a3009a81ff014f8154a137803f0fe03ec
:1028e80043f0020303f0fb0364f3c303137011b056
:1028f80030bd0ca81bf00af89df831300d4aa2fb38
:102908000312920902eb420202eb42129b1a0133b4
:10291800dbb28ee71956020101200301c53a030113
:102928002dd70001593f02011c360301cdcccccc78
:082938000c00002003b57ea590
:020000040000fa
:020000040101f8
:10294000f0b585b00468cb790293238801930e46d5
:10295000534b00930546012302225d21ec2006f033
:10296000c3faf379012b29d05eb21eb1182b2cd0fb
:1029700005b0f0bd284611211cf086fd94f8c63143
:10298000d80703d53146284617f011f920f09cffef
:102990000128edd994f89c30002be9d00021d4f81f
:1029a000780120f0cdff0028e2d094f89c30013b64
:1029b00084f89c30012384f89d30d9e71221284601
:1029c00005b0bde8f0401cf05fbd132128461cf0a7
:1029d0005bfd012128461df0a5f920f076fa0021c3
:1029e000074628461df09ef920f06ffa00230246a4
:1029f0003946284619f050fb94f98032002b2ada28
:102a000094f86460012e26d1032f38d194f87a32dd
:102a100084f893320026042384f89232022184f849
:102a2000946228461ff0e4fc84f8950228461df0c5
:102a300051f994f87b3284f89332082384f8946235
:102a400084f89232394628461ff0d2fc84f8950269
:102a500028461df03ff9002384f88132114b1b6892
:102a60001a7cd10754bf5a7c072284f863221a7c4f
:102a700092074cbf07239b7c84f8643278e7314689
:102a8000204619f0d5fd002384f89432231886409f
:102a900093f8783284f89332014684f89262d2e750
:082aa0003af00201fcba00202b
:020000040000fa
:020000040101f8
:102aa8002de9f047544b04681b7804eb830386b088
:102ab800d3f8ec91514b1b7806460d46bbb1504bf1
:102ac800d3f8603f9f05c3f3402210d48df80c2043
:102ad80094f86231022b05d11cf0c6f8002006b02c
:102ae800bde8f087d9f82c3003a99847f6e7d4e970
:102af800507820f0b1f868bb20f02aff50bb404b5b
:102b0800d3f86c3f1805c3f3c02a23d43b68cdf82b
:102b18000d30bb88adf8113098f800309df80c20c6
:102b2800c3f3801363f300020df1030103a88df8ca
:102b38000c200ef095ff68b18df804a094f862316e
:102b4800022b02d129463046c6e7d9f82c3001a914
:102b58003046cae794f82f30012bbfd1284dd5f85d
:102b68006c3f190511d4d5f86c3fda0533d5d5f883
:102b7800683fc3f340729b002dd584f86921d5f8ce
:102b8800683fc3f3026384f86b31637d8df80430ca
:102b980094f869311bb3d5f8680fc0f302601ff0d1
:102ba80061f840f002008df80500d5f8680f0df1c6
:102bb8000601c0f3026016f0edfe01ab93e80300d6
:102bc80006ab03960c2203e9030003ab0d49012071
:102bd80013f0fefa82e7002384f86931d5e798f804
:102be8000030c3f380138df805303b68cdf806300c
:102bf800bb88adf80a30e0e737bc002038bc0020bd
:082c0800002401410400010158
:020000040000fa
:020000040101f8
:102c10002de9f043046894f8ac31062b93b00746d5
:102c200040f0a380002113f06bf894f88b021ff0a2
:102c30009fff94f88f3284f8853294f880325a07d7
:102c4000054622d56ff3820384f88032002241f2d8
:102c50002103adf800308df804202388adf806304c
:102c600002238df80830431c8df8093094f8903217
:102c70008df80a3094f88e328df80c20c3f30103de
:102c800068468df80b301af0ffff94f990327e2bd6
:102c900061d07f2b1fbf621982f8743294f88e3294
:102ca00082f87c3294f89132013bdbb2fd2b52d892
:102cb000294638461ff09cfb94f8913266195ffa5a
:102cc00080f88146a8eb030304f51c7086f8703287
:102cd0000121284418f04efd96f9702286f87802fa
:102ce0004a4514d0a2eb080284f8942296f8783270
:102cf00084f893320123ab4084f892322946384657
:102d00001ff076fb84f8950238461cf0e3ff94f838
:102d10008032db071fd541f22103adf800300023dc
:102d20008df804302288adf8062001358df8083082
:102d30008df8095096f970328df80a3096f878229d
:102d4000a3eb0803c2f3010268468df80b208df84f
:102d50000c301af099ff94f88132012b09d13846d2
:102d600020f0aaf813b0bde8f08324211ef0e5f8a6
:062d7000f8e70120f6e780
:020000040000fa
:020000040101f8
:022d76007047a4
:020000040000fa
:020000040101f8
:102d78002de9f04385b00446884601921d46002798
:102d8800534e46e0a66b2a464146204611f0a4f869
:102d9800a36ca3b1022d00f09680204614f040ffea
:102da80038b14b4b4ff080521a60bff34f8fbff3cf
:102db8006f8f1ff085fd012005b0bde8f083636ac1
:102dc80053b90028f5d0424b4ff080521a60bff338
:102dd8004f8fbff36f8fece704f1240007f034f94d
:102de8000028e6d03a4b4ff080521a60bff34f8f5d
:102df800bff36f8fdde71ff063fd0020dce702a85b
:102e08001ff0aef912e020460df07cfdfff702fa44
:102e180001271ef0cdf9a26be36b9a42b2d3022dc3
:102e280047d0019b002be6d0002fe8d01ff048fdcb
:102e380020f0c8f81ef0bcf994f844305bb2b3f146
:102e4800ff3f04bf002384f8443094f845305bb258
:102e5800b3f1ff3f04bf002384f845301ff030fd75
:102e680001a902a813f08afee0b91ef0a1f9d4f86e
:102e78003890e76b1ff024fdb945c4d1019904f1de
:102e880010001ef083fd20460df03cfdfff7c2f94f
:102e98000028bdd14ff080533360bff34f8fbff38d
:102ea8006f8fb5e720460df02dfdfff7b3f9002031
:102eb80082e7a66b02224146204611f00df8a36c6a
:102ec800002b3ff47caf002e7ff473af65e700bfa3
:042ed80004ed00e025
:020000040000fa
:020000040101f8
:102edc002de9f04f97b01df0affc504bdff850913f
:102eec001a886ff3820283461a8000270beb0703c4
:102efc0023f0704303934a4b1d7859f825404ff04b
:102f0c000208484b03ebc5030593002694b949f816
:102f1c0025400024a6426dd8b8f1010f76d0404b65
:102f2c001d7885f001054ff0010859f82540e8e7b8
:102f3c004746dbe7039a6368d31a1a01e7d494f87f
:102f4c0014a0baf1000f2ad1042012f0cffd60b109
:102f5c00227a6af345122272a26842600279e16811
:102f6c008160530718d11bf035fb1ef07dfd2d4bf6
:102f7c00049053f83520d4f800a0eab92a4b0093fa
:102f8c0011460523ef2005f0a9ff04981df042fc23
:102f9c00002323755446b9e71cf0e2fde5e71af06f
:102fac00020fe2d02369636016aa731c02eb86063b
:102fbc0046f8404c9eb2d8e7944210d143f835a065
:102fcc00baf1000fe1d1059a03ebc5035a60dce7b7
:102fdc001a4623b9154b009301210523d2e7136838
:102fec009c42f5d123681360002bced10d4b03eb23
:102ffc00c503ebe716ab03eb84030022039953f8ec
:10300c00400c013409f0c8fee4b283e7002f8fd0e6
:10301c00584617b0bde8f04f0df0eabe203e014116
:10302c002bbc00200cb90020ece1020104e20201ef
:04303c00acb900200b
:020000040000fa
:020000040101f8
:103040000021f8b50846524a524c534e1ff0f8f88a
:103050004f4a002101201ff0f3f84ff44f7020f089
:10306000f9fd4ff44f72002120601ff049fe0c2043
:1030700020f0f0fd236830600021196059609960ec
:10308000236883f89412c3f8981203f5e27203f5eb
:103090000b70c2e9001208328242fad103f52a709d
:1030a000c3f8a812c3f8ac0283f8b81283f89512db
:1030b000c3f89c1203f525700021c2e90012083202
:1030c0009042fad103f52c72c3f8b422c3e9a811d7
:1030d00003f5c072c3f884210022c3f8b01283f84c
:1030e000b91283f8c011c3f880110c27104621686b
:1030f00007fb02f3194401320860486088602168c8
:10310000c8502168d1f884511944202a4d602960a3
:1031100021680b44c1f88431e9d14ff4c473002510
:1031200022681a440833b3f5e07f15605560f7d183
:103130000ff0d6f92368012283f83423002020f011
:1031400051fb2368c3f8385320f052fb2468302227
:10315000002104f52f701ff0d3fd3022002104f56b
:103160003c701ff0cdfd3368a4f8ba52a4f8ec52bd
:10317000c4f82653c4e9cb551d60336807485d6029
:1031800020f024fb0648bde8f84020f019bb00bf42
:10319000f1dc020158bb00205cbb0020198d01014d
:0431a000ed32030108
:020000040000fa
:020000040101f8
:1031a4002de9f84300201df015fb814601201df098
:1031b40011fb074602201df00dfb4d4b1d6895f8d1
:1031c40024608046002e60d14a4cb4f8ac302022f2
:1031d40043f0400305f1250104f5a060a4f8ac30e8
:1031e4001ef0eafd2022444904f5a4601ef0e4fd2b
:1031f4002022424904f5a8601ef0defdb4f8a43094
:1032040066f34103a4f8a430b4f8a43066f30413bd
:10321400a4f8a430b4f8a43043f08003a4f8a43094
:10322400b4f8a43066f30003a4f8a430b4f8a430ce
:1032340043f00203a4f8a4304ff6ff7100201bf002
:10324400fdf94ff6ff7101201bf0f8f94ff6ff71fd
:1032540002201bf0f3f9494600201df0cdfa39464f
:1032640001201df0c9fa414602201df0c5fa244a86
:103274000d21012018f0b4fe47f4005189b2012059
:103284001df0bafa0020bde8f883012ed4d1194c00
:10329400b4f8ac3043f04003a4f8ac302022296adf
:1032a40004f5a0601ef088fd2022e96904f5a460fd
:1032b4001ef082fde9692022114404f5a8601ef085
:1032c4007bfdb4f8a4306ff34103a4f8a430b4f840
:1032d400a4306ff30413a4f8a430b4f8a43043f07a
:1032e4008003a4f8a430b4f8a4306ff300039be780
:1032f400fcba002000240141e0eb010100ec0101d3
:043304001dc40201e1
:020000040000fa
:020000040101f8
:1033080070b5046888b0054616461df0abfe236efe
:103318005b020ed517f046fd236e23f48003236667
:103328001cf05cfc16b130461af0a6fb002008b071
:1033380070bda37d012b4ad194f82210002946d0f4
:10334800a37f002b43d020461ef023fe00283ed04a
:1033580094f82230d4f80423c4f88c51834214bf63
:103368000823002384f89431a37fc4f89021032b09
:1033780084f8950184f896310ad11378022b07d185
:1033880017f010fd236e43f0004323661cf026fc63
:1033980004f5c67203951068516804ab03c39068be
:1033a800d168142203c3009603ab2b49012014f003
:1033b8004eff94f89c0101280dd1022384f89c311a
:1033c800042203ab2549039512f002ff03e016b16e
:1033d80030461af051fb1cf091fd94f91b30a07691
:1033e8007bbbc300a383e07694f98032002b15da07
:1033f80094f8ac3193b994f8ae31213b012b0dd937
:1034080094f8813253b9b4f88932b4f898209b1ae9
:103418001bb2002b02dc284609f0f0fa94f89e3221
:1034280003f04102412a81d194f98022002abff693
:103438007daf6ff3861384f89e32284606f006fbac
:1034480074e7b4f91c30a3ebe30303441bb2a38372
:10345800db10e376c8e700bf600401010106010143
:020000040000fa
:020000040101f8
:103468002de9f047052192b0074600201df02efdfa
:103478000646002800f092803c6894f88b021ff002
:1034880073fb2423337394f98c3280462518002b60
:1034980000f08780014638461ef0a6ff94f88c326b
:1034a8005ffa80f904f51c7a4b44c24485f87032ff
:1034b8000121504618f05af995f8703285f87802cb
:1034c800a3eb090284f88f2294f89122ff2a19d1dc
:1034d80095f87822920715d094f98c22002accbf4f
:1034e80003f1ff3301335bb285f870320121504696
:1034f80018f03cf995f8703285f87802a3eb0903c7
:1035080084f88f3294f88032db0720d541f221030a
:10351800adf8003000238df8043022888df808308b
:1035280008f101038df8093095f97032adf80620dd
:103538008df80a3095f87822a3eb0909c2f3010245
:1035480068468df80b208df80c901af099fb4146cf
:1035580038461ef049ff94f8913284f89002ff2b08
:103568001cbf002384f8913294f89122531edbb2d9
:10357800fd2b19d8b4f89830a4f887320233a4f890
:10358800893295f8783284f88e32d4f88e32c6f8bb
:103598000d30384631461ef033ff012012b0bde829
:1035a800f08784f88f32d2e7ff2ab4f8983004d134
:0e35b8003a79042a01d10733e1e70133dfe756
:020000040000fa
:020000040101f8
:1035c600f0b58db0002304290546adf80c30adf8f2
:1035d6000e308df809308df80a3040f28f800539ab
:1035e600013203a88fb204a904921ef0ceff04a9eb
:1035f6000df10e001ef0c9ff2846049e17f079f85b
:103606000446002860d11221bdf80c0016f047f8d8
:103616000446002858d106aa05a9bdf80c001af0e0
:103626004cff00286ed0059b2888da7b10210af013
:1036360022fd84b2002c47d1bdf80e301bb1059b8c
:103646009b7bda0660d595f83b30072b5ed8059b49
:103656009b7bdb072ed52b88adf82430bdf80c30cc
:10366600adf82630bdf80e30adf828301623adf88b
:103676002c300df10901059b07930df10a0207a8ed
:10368600adf82a70089606f09afb9df80a309df868
:103696000b10044643b3072916d8063155f8210006
:1036a60090b120f0d6fa9df80b300633002245f88b
:1036b600232009e0bdf80c200df10b01284614f07b
:1036c600dcfa04460028c6d09df8093053b9bdf887
:1036d6000c20ecb9bdf80e30009331463b46284627
:1036e60012f00ffe0db0f0bd8b1d55f82330002be8
:1036f600ead007aa284611f005f8e5e71e461f4658
:103706000424e1e70124dfe78024dde70924dbe781
:0c371600e3b2162128460bf0cefee3e7dc
:020000040000fa
:020000040101f8
:023722007047ee
:020000040000fa
:020000040101f8
:10372400f8b54e4b4e4d1a884e4e4f4f42f008029c
:103734001a801a8842f004021a801a8842f002029f
:103744001a801a8842f001021a8053f8082d12f0e8
:10375400100f1c4657d017f027fba4f5e6731b681f
:1037640003f00f03072b4ad108201af00bfd32682f
:103774004ff68c33134043f00803336003201af0f0
:1037840001fd3a684ff68c33134043f008033b6065
:1037940003201af0f7fc1cf023fa344e2068276843
:1037a400316832683368c0f3c000c7f38007c1f3df
:1037b4008001384313f06063c2f3c00241ea0001a0
:1037c40042ea010218bf0123134345d1284a111fbd
:1037d40013681b07fcd10c6814f01f04f8d1eb6ac2
:1037e400032043f00103eb621af0ccfceb6a64f3b0
:1037f4000003eb620320bde8f8401af0c3bc082bb9
:10380400b5d10420b1e717f0cffa1a4b1b68d907da
:1038140003d4194b1b68da0708d5154b1b6803f052
:103824000f03072b14d108201af0acfc3a684ff6aa
:103834008c33134043f008033b6003201af0a2fcce
:1038440032684ff68c33134043f0080333609fe72c
:10385400082bebd10420e7e700bf9fe7303a014192
:1038640000240141283a0141203a0141203a014112
:0c3874005c380141243a01412c3a01412a
:020000040000fa
:020000040101f8
:1038800005292de9f74f81460d464ff000070ed070
:10389000adf800704ff0010a3e460424e3b25246f0
:1038a000042148460bf00afe002e7fd07be0013257
:1038b00001a9684601921ef06bfe01a90df10200fc
:1038c0001ef066fe4846bdf800a016f015ff04463f
:1038d000002878d1bdf80030002b76d0bdf802204a
:1038e0009a4272d3b9f8040020f06af9064608b982
:1038f0001124d3e706f11003294601a801931ff014
:1039000095ff4ff00108334bbdf80050bdf80200a1
:103910001b681b68002b3dd09a89aa4202d99042ad
:10392000f7d31546d989a942f3d35b68aa1a03ebea
:10393000021b7db3b8f1010f9bf80e3039d103f0b3
:103940000403002b14bf02270127394601a814bf26
:10395000122404241ff06aff4ff00208294601a830
:103960001ff06affa21e92b2dbf8001001a8a0446b
:103970001ff0a4f81ffa88f8b9f8043008eb040225
:103980009a4207dc0135bdf80230adb2ab42adf86a
:103990000050b8d2b8f1010f1ad03246414648461d
:1039a0001df03dff10b1304620f044f903b0bde8f2
:1039b000f08f5b0703d5012fefd00227cee7022f50
:1039c000ebd00127cae73e4668e70646012465e7d3
:0839d0000a2463e7a8ba0020f5
:020000040000fa
:020000040101f8
:1039d8002de9f04184b0044601914ff000084646b5
:1039e80045464f4f43e0013ba36323684bb123692e
:1039f8005bb91ef065ff4ff00108404604b0bde812
:103a0800f0811ef049ffa060f1e704f1100006f014
:103a18001bfb0028edd0424b4ff080521a60bff3d9
:103a28004f8fbff36f8fe4e71ef04aff4ff0000897
:103a3800e3e702a81ef094fb23e01df0b9fba068a1
:103a480007f0fcff80461ef03bff40e020460cf0ec
:103a580059fffef7dffb09e020460cf053fffef7a5
:103a6800d9fb20461ef064fd002844d101261df034
:103a78009ffba36b002bb6d1019b002bd4d0002e4b
:103a8800d7d01ef01dff1ff09dfa1df091fb94f892
:103a980044305bb2b3f1ff3f08bf84f8445094f858
:103aa80045305bb2b3f1ff3f08bf84f845501ef0c4
:103ab80007ff01a902a813f061f80028ccd120461d
:103ac8001ef036fd0028c1d02368002bb5d001991f
:103ad80004f124001df05aff20460cf013fffef7f6
:103ae80099fb0028c2d14ff080533b60bff34f8f42
:103af800bff36f8fbae7b8f1000f3ff47eaf1df048
:103b080057fb616a19b1236b1968c1f10501a068f7
:103b18000bf012fa1ef0d4fe4ff000086de700bf5c
:043b280004ed00e0c8
:020000040000fa
:020000040101f8
:103b2c002de9f34180460c200f4615461e4620f029
:103b3c008bf80446002800f09380a0f80080877072
:103b4c008580284620f080f8a060002800f0858051
:103b5c00a28831461ef02cf9a388b3f5297f16d81c
:103b6c00a278022a4ed1012b11d920883e4f1bf08e
:103b7c00cfff0828054615d13b6800250c331a7871
:103b8c0092b10135edb2082d03f10c03f7d1a06809
:103b9c0020f05cf820f066f8204602b0bde8f04159
:103bac0020f054b81af0e6fca3683a6818880c2385
:103bbc0003fb05f6043080b202eb060803f57e73b6
:103bcc009842a8f81200e2d820f03ef83b68c8f8fa
:103bdc00140033445a69002ad9d02288da81002291
:103bec001a82dff88480a288d8f800600c276f4313
:103bfc003e44308a738a811899420add28461af0ad
:103c0c00b9fcc4e720881bf083ff08280546e8d1df
:103c1c00bde77369a16818441ef0caf8a288338afc
:103c2c001344728a9bb29342338213d121880022af
:103c3c0001927069009001f5005189b240f20310b5
:103c4c001bf040fbd8f8003020881f449b68796932
:103c5c009847d3e70123337399e720f001f89be7ea
:0c3c6c0002b0bde8f08100bfacba00203f
:020000040000fa
:020000040101f8
:103c78002de9f34190f8c130c668012b04462fd1d5
:103c8800464b90f81611d3f82021c2f3076280f84a
:103c98001521d3f82021120e1ebfd3f81c21c2f320
:103ca800c30280f81421d3f82021c2f307420a4442
:103cb80080f816213a4a1268c2f3411280f8172197
:103cc800d3f84421a0f81821d3f84421c2f30f42b5
:103cd800a0f81a21d3f84831c3f30803a0f81c311f
:103ce80020461af061ff2f4b1d68804615b120460b
:103cf800a84705462c4b1f6817b12046b84707460a
:103d0800b8f1000f3dd094f8e430012563f07f034b
:103d180084f8e430204684f80c5108f0bdfa2046b7
:103d280012f0eef86b46042220490096284612f05d
:103d38004ffa17b1002384f80d3194f8c130012be4
:103d48000bd11b4b1a686ff3db6200201a600ef070
:103d580047fc2146002003f085fc002384f8c1308d
:103d680094f8e4308df8043005226b46114900962a
:103d7800012012f02dfa204617f0d8fd02b0bde858
:103d8800f081002dd5d094f8e43043f0400384f856
:103d9800e430094b20461b689847cae700240141d4
:103da800c03401419cbb002098bb002001020101e6
:0c3db8000c3a014100020101a0bb0020f8
:020000040000fa
:020000040101f8
:103dc4002de9f74304461f460a9809b1002a3fd05b
:103dd400a36c23b194f81d80b8f1000f1dd139688c
:103de400814235d17b68656e1b1a9ab295422fd8f1
:103df400257b206605b941029bb2b3f5487f21615a
:103e0400a36e01d1e36602e09342fbd3e2664ff076
:103e14000108404603b0bde8f083e1b10025bc468b
:103e2400ff212b464ff6ff7e93420fd0dce9006062
:103e3400801b666e00ea0e094e4554d894f84f6014
:103e44007607c0f3160046d5c5b21946ff2906d138
:103e54004ff00008dde7d7e90035ed1aedb2a37b9a
:103e64000eb263bb237a012b42d1a36e9d423fd98c
:103e740094f85030db073bd402210df1060011f019
:103e8400a1fea36ebdf80620c3f101032b44b2fbcf
:103e9400f3f503fb152557f8363053fa85f5c5f3ca
:103ea40016052566227b236e32bb5a022261e27a12
:103eb400012a01bfe26b9b18c3f31603236607ebc9
:103ec400c603226e5b689b1a9ab2b2f5487fa26e53
:103ed40014d1e2669de7267a012eb5d186b2b542a9
:103ee40001d2c5b219460133dbb20cf1080c9be7d1
:103ef40057f836302366d5e71a46d7e79bb2934284
:083f040094bfe366e26684e766
:020000040000fa
:020000040101f8
:103f0c002de9ff41054650201ff09efe044610206f
:103f1c001ff09afe064604b150b9484b009300229c
:103f2c000423c121ee2004f0d9ff04b0bde8f081d8
:103f3c00aa6d02f5c07204f1100013682360536877
:103f4c0063609368a360d368e360eb7804f1300797
:103f5c0005f11208002b68d1a96d2022eb311df060
:103f6c0027ff2022414638461df022ffa86d33461c
:103f7c005022214600f5e070fbf7eef9314603a81c
:103f8c001ef07cf903992e4ab1fbf2f302fb1313da
:103f9c000393ab6d102283f86f20ab6d32681a67f8
:103fac0020461ff053fe30461ff050fe0c20039ca1
:103fbc001ff04afe01460028b7d0224ab4fbf2f3a8
:103fcc0003f13000887102fb13434ff47a7042f214
:103fdc001072b3fbf2f33033cb71b4fbf2f302fb90
:103fec001343b4fbf0f2b3fbf0f300fb124230339b
:103ffc006420b2fbf0f230320b724a72b4fbf0f375
:10400c000a2200fb1343b3fbf2f330338b72b4fb85
:10401c00f2f302fb134430340223cc720b702b8866
:10402c008b800c201ff034fd7fe7202241461df0d1
:10403c00bffea96d2022eb3195e700bf102c0301c8
:08404c0040420f00a0860100b4
:020000040000fa
:020000040101f8
:1040540070b505463b4b187000243b4b1c703b4b22
:104064001c704ff48072214639481ef047fee0224e
:10407400214638481ef042fe374b1c605c609c6051
:10408400dc601c615c619c614ff400722146334822
:104094001ef034fe324b1d70324b1c70324b1c70c0
:1040a4001ff01afb80ea0560304b984245d043402c
:1040b4002f4a13601ff010fb04461ef03bf82d4bf3
:1040c400a3fb00235b0b42f2117202fb130303f503
:1040d400c34328331a4600255801d90ec01a61eb90
:1040e40005018b0043ea907386001946b01845eb2e
:1040f4000101cb0043ea5073c200104619464ff445
:104104007a7200231af0cafd20441b4b18601ff07a
:10411400e3fa1a4b186000f5fa60194b1860012392
:10412400184a1370184a1370184a1570184a156003
:104134005560157216f05cfc70bd0d4b01221a60bf
:10414400b8e700bf1abc00201ebc002012bc00202f
:10415400dcad0020ccaf002090b7002000fc012093
:104164001dbc002011bc00201bbc0020179e3ca5d8
:104174003cba002019b9b1d134ba002030ba0020b9
:1041840038ba00201fbc002013bc00201cbc002037
:0441940050b90020fe
:020000040000fa
:020000040101f8
:1041980070b586b004680d461ff0dafbe37b20b1ea
:1041a80003f0fd00421e50425041404b18701ff072
:1041b800d5fb48b13e4e3078013000f00700307032
:1041c8001ef054fd0028f6d095f84f30394e13f004
:1041d800040f0dd0d5f8ac10606d1bf0dffe364b28
:1041e80098424fd81df0cafda36b83424ad8e063ba
:1041f80094f82f30002b45d10df1030120461cf017
:10420800eaf800283ed12d4b9df803201a702c4b5c
:1042180018702c4b187033785a1c32702a4a137055
:104228002a4b1d6095f84f305b070bd4a8691ef028
:1042380066fa0146d5f8ac0016f0f0f96065d5f8d5
:10424800b030e363d5f8ac209df803302264342203
:1042580002fb034303f15800002283f85c20c2806c
:10426800a3f887200f2283f85d20012283f880209d
:10427800174a1378b3fa83f35b092046137014f0d6
:10428800affb0fe0ff23adf8043010238df80630a4
:1042980033788df807305a1c01a9204632700595ed
:1042a800fcf74efc002006b070bd00bf42bc0020e9
:1042b80044bc00203ebc002038feff7f41bc0020eb
:1042c8003fbc002040bc00203dbc0020a4bb002017
:0442d80043bc0020c3
:020000040000fa
:020000040101f8
:1042dc00084b41f202029852074a118041f2040144
:1042ec005a5842f480125a50044a1368db02fcd428
:1042fc00704700bf002001410030014104300141f2
:10430c00094b41f2020241f2040198525a5842f40c
:10431c0080225a5019440a685203fcd441f22802f4
:10432c00985880b2704700bf002001412de9f04140
:10433c0017460d46ed1b0135012406469846ac4048
:10434c00fff7deff013c04fa07f504ea080420ea53
:10435c000500bc400443a1b23046bde8f041fff774
:10436c00b7bf38b515460c46641bfff7c9ff0134bf
:10437c000123a340013bab401840284180b238bd1b
:10438c00074b41f614615a5842f004025a50194432
:10439c000a685207fcd441f60c62985880b27047f8
:1043ac000020014170b5800086b2fff7e9ff054699
:1043bc0000bf00bf00bf0824b44200d370bdfff79c
:1043cc00dfff854288bf04f2e244641b10fa84f4d8
:1043dc00a4b20546f0e7f8b54ff47a744cf25033ba
:1043ec0060430025b0fbf3f41e46a7b203fb140494
:1043fc00bd4207d164b14ff6f8702040bde8f840db
:10440c00fff7d0bf30460135fff7ccffadb2efe779
:04441c00f8bd00bf28
:020000040000fa
:020000040101f8
:10442000f0b583b004460378f3b90379002b0cbfd1
:1044300001250225294640880df0f6f830b33e4ba1
:104440001b789bb3012d49d0002160881ff052f8e2
:104450001ff03ef91ff030f9022859d80021012041
:1044600018f076f903b0f0bd1ff026f9022806d83f
:104470000021324b1970012018f06af9f2e71ff0a1
:1044800015f922782e4911f063f9f1e71ff014f9bc
:10449000022804d81321608818f076f9e2e71ff0ab
:1044a00005f96288274911f053f9f3e7224b0122fd
:1044b0001a7000231a461946184615f0e3fd224be0
:1044c00000221a701ff0f8f80228bbd91ff0eef88e
:1044d0001e4b1a781e4911f03bf9b3e7174b1978b8
:1044e00079b9022160881ff005f81ff0f1f81ff07c
:1044f000e3f80228b2d91ff0d9f806466588154cb2
:104500000be060881ef0e8ff0c4b00221a70e8e711
:104510001ff0ccf8064665880f4c1bf037fa0746ab
:104520001bf048fa0190009723462a460b49304673
:1045300011f00ef992e700bf07bc002016bc002066
:10454000a4090201c409020149bc002006bc0020e4
:10455000e00902019c090201a0090201fc09020113
:020000040000fa
:020000040101f8
:104560000378012b00d0704770b594b0446823786d
:10457000002b62d1a3780bb114b070bd444b1e6800
:1045800033684bb1321d01231d4652f8041b21b183
:104590000133082bf8d1efe7002520201ff09efa09
:1045a00046f825003a4b1e6856f825000028e3d04f
:1045b000202200211ef0a4fb56f82550002ddbd050
:1045c000a3882b80a379ab70281d234653f8072faf
:1045d0006a609a889b79828083710123eb7009f06d
:1045e000a3fda877082809d1a388adf806300123d8
:1045f0008df8043001a815f001fcbde74c22002124
:1046000001a81ef07dfb01a9a87f04f019ff002876
:10461000ead19df84c10c1f300029df8003062f31e
:104620004103c1f3400262f300038df800306a4693
:104630008908288819f0c7fcd6e7012b9cd10023f4
:104640008df804306388adf80630608815f0fafb09
:1046500060b1827f8df8082016f06cfe0d4b1b7840
:10466000002b89d000240c4e0a4d09e008238df858
:104670000830f3e701342a78e3b29a427ff67caf40
:10468000e3b256f82330002bf4d001a89847f1e7a5
:0c46900018ba00201000002014000020c8
:020000040000fa
:020000040101f8
:10469c002de9f04f092989b007460d4601d017299d
:1046ac0027d1013205a904a805921df06bff05a9bd
:1046bc000df112001df066ff03a8022205a91ef0e1
:1046cc00edf93846ddf81490bdf8108016f00ef8b0
:1046dc00002874d1bdf81030002b72d0bdf8122018
:1046ec009a426ed3b8881ff065fa044680b911203f
:1046fc0005e00024adf810404ff001080420c3b2cf
:10470c004246062138460af0d3fe002c54d050e025
:10471c0004f11003072105a805931ff081f8073d4c
:10472c00adb20126dff8a0b00df11c0a06ab009368
:10473c00cdf804a003ab0222bdf81210bdf8100096
:10474c000cf010fb58b30222594603a81df022fbb3
:10475c000028ebd1069b9a681288aa4211d12a46ee
:10476c00494658681df016fb58b9079b05a899894e
:10477c001ff05cf8079b05a8d9891ff057f8043681
:10478c00b6b2ba88331d934209d8079bbdf81220e4
:10479c00db8901339bb29a42adf81030c2d2012ea4
:1047ac0001d10a20abe72246314638461df031f8dc
:1047bc0010b120461ff038fa09b0bde8f08f002484
:0c47cc009de7044601209ae71615020143
:020000040000fa
:020000040101f8
:1047d8002de9f04f90f8219090f815a085b0044687
:1047e800884600f1330500f16d0700f12306b9f1a1
:1047f800030f3fd8dfe809f0020a171729460020ff
:104808001cf066fd002384f8413033e0baf1f00f64
:1048180003d128461ef058f922e03b68c0f833302f
:10482800bb88ab801ce09df8083090f8222062f32a
:1048380000038df808303368cdf8093002a8b38832
:10484800adf80d3014f024f8834658b10df1070186
:1048580002a814f041fc29469df807001cf028fe28
:104868000123d0e7b9f1020f40d129461cf030fdf1
:1048780084f841b094f8423013b1ff2384f84130f2
:104888009df8083094f8222094f8215062f3000330
:104898008df808303368cdf809304ff00009b38837
:1048a8008df8079002a8023dadf80d300cf000fc21
:1048b800012d04f1390720d8f8b10df1070102a83c
:1048c80014f00afc9df80710484604f05ffc3946ce
:1048d80002a817f027fd0c4b196801eb88014b6af9
:1048e8000bb12046984705b0bde8f08fbaf1f00f3c
:1048f8008fd03b68c4f8333092e73368c4f8393056
:0c490800b388bb80e7e700bff8ba0020ce
:020000040000fa
:020000040101f8
:104914004ff08842d2f8003113f4007ffad000231c
:10492400424901334a6a12f0010f11d1b3f5fa5f1b
:10493400f7d13e4b5b6a13f0010f0cd13b4a53682d
:1049440043f480735360536a13f0010ffbd002e009
:10495400b3f5fa5fedd2364ab2f8ba3403f0fd0388
:10496400a2f8ba340022314901324b6a03f003033e
:10497400032b13d0b2f5fa5ff6d12c4b5b6a03f02c
:104984000303032b0dd0294a536843f40073536087
:10499400536a03f00303032bfad102e0b2f5fa5f82
:1049a400ebd24ff088430022c3f8b020214ac3f869
:1049b400b02002f12b42a2f54b12a2f6ab42c3f88f
:1049c400b02003f520631c4a1a624ff480721a6007
:1049d40001229a601a46136813f0010ffbd1174b9a
:1049e40048f20902c3f8502140f201221a674ff439
:1049f40000429a674ff08843114a1a6600221a67e8
:104a0400c3f880200f4ac3f8c02045f67e72c3f86d
:104a1400e0204ff03332c3f8b020044b5a6842f020
:104a240010025a604ff088721a60704700400141ca
:104a340000200141556699aa080100c0000a0044fb
:084a440000909000cd0101205b
:020000040000fa
:020000040101f8
:104a4c0038b50468484a94f8c831126823f0030357
:104a5c0084f8c8310023c4f8ac31a4f8b03184f820
:104a6c00c631117884f8bf31c4f8c031a4f8c43110
:104a7c000546fb2394f86600a4f82232a4f81e32f3
:104a8c001b2384f8be11a4f8f63244f2902103f6ed
:104a9c002d0310f0100f0cbf08461846a4f8240282
:104aac0094f8670010f0100f08bf0b46a4f82032e2
:104abc00137cd90754bf537c072384f86332137ccf
:104acc009b0754bf937c072384f86432274bc4f8ac
:104adc00a03240f20262294604f529701df03dfa1d
:104aec0040f20362294604f52f701df036fa40f2ad
:104afc000462294604f535701df02ffa4ff07e3311
:104b0c00c4e99c33a3f17c33c4f87832b4f8803216
:104b1c0003f07803a4f8803294f89e3223f07f03dc
:104b2c00002243f07c03c4f87c22a4f89c2284f875
:104b3c009e322b79c4f8ec22042b0cbf07231346ae
:104b4c00a4f889320a4b84f8f42293f914105b8a86
:104b5c00a4f88232ef23c4f8853204f53b7384f851
:104b6c008412c4f8f03238bdfcba0020b80bdc0556
:044b7c0028b8002035
:020000040000fa
:020000040101f8
:104b800070b5431e13f10a0f72d800f1080414f037
:104b9000070305d0c3f10803da43a24268d31c44db
:104ba0001ef014fa3c4b1b68002b68d0002c1ddb58
:104bb0001cb33a4b1e68a64222d339490b6824e045
:104bc0004ff4204336480260002141601344083b03
:104bd00023f007033048036059601960991a516047
:104be0001360304b19602d4b1960dfe7fdf716fba2
:104bf0001ef0dbf80025284670bdfdf70ffbf7e738
:104c0000fdf70cfbf4e7194613465a68a24202d29c
:104c10001a68002af7d1204a12689a4225d00d68f6
:104c200008351a680a605868001b102805d91a1937
:104c300050605c60086818510a605968761a174815
:104c400006601848006886423cbf1648066041f07e
:104c50000041596000221a60134a1368013313603f
:104c6000fdf7dcfa002dc6d1c2e7fdf7d7fabfe7a2
:104c70001ef0acf9084b1b68002bbed100240b4a78
:104c800012f0070f9cd0d11d21f0070102f520433f
:104c90005b1a0a4696e700bf7cba002080ba002063
:104ca0006cb9002084ba002088ba0020840000205b
:020000040000fa
:020000040101f8
:104cb0002de9f74f494e346807468946002c78d0d5
:104cc0003379257823f0070315f0010533710dd0f2
:104cd0000023adf806300df10602092316f0cafbd9
:104ce000bdf806100246002968d1002523789a07ee
:104cf00033d50023adf80630a37c022b6cd0042bf7
:104d00000cbf202321230df106024946384616f038
:104d1000b1fbbdf8063003b310f0ff001dd094f8ce
:104d200012a094f823b00aeb0b02904215d107ebc6
:104d300003085246414604f113001df031f860b9f2
:104d40005a4608eb0a0104f124001df029f820b9a5
:104d5000337943f002033371012523785b0729d5aa
:104d60000023adf806300df10602ff234946384610
:104d700016f080fbbdf80630e3b110f0ff0019d04b
:104d800094f8368008f10202904213d11f440222a7
:104d9000394604f134001df003f858b94246b91cf5
:104da00004f137001cf0fcff20b9337943f0040311
:104db00033710125284603b0bde8f08f002894d058
:104dc0003944a01c1cf0ecff00288ed1337943f04d
:104dd00001033371012589e7162394e77cb900208c
:020000040000fa
:020000040101f8
:104de0002de9f0418ab0174602294ff0000206462d
:104df0000d468df804208df8052020d9013302a935
:104e00000df1060002931df0c3fb3046ddf808806b
:104e100015f072fc044630b93946bdf8060014f0ae
:104e200041fc0446c0b1122f06d19df804301bb9d5
:104e300054b9304614f096fe0ab0bde8f081122f46
:104e4000adf80620f8d10424e3b2bdf80620122103
:104e500030460af033fbefe704aa03a9bdf80600c9
:104e600019f02efb002851d0039b3088da7b1021eb
:104e700009f004f984b2002cd5d1039a937b92896e
:104e8000033d13f0080fadb232d1aa4232d103f084
:104e90002103202b30d03388adf81c30bdf806300c
:104ea000adf81e300023adf820308df825300df11f
:104eb0000502039b059301a905a8adf822508df8c2
:104ec0002470cdf8188004f07dff039b9a7bd107f6
:104ed0000446a8d40028a6d12a46586841461cf0aa
:104ee0006dff039b9a7b12079dd59b681d809ae7f7
:104ef000aa42ccd20d2496e7bdf8062041463046a2
:104f000008f0b0fd044600288dd1c4e701248ae7eb
:020000040000fa
:020000040101f8
:104f1000f0b50e4690f82c1085b00446002940f0fc
:104f20008380102268461df0ebfe19f08aff0546cb
:104f3000c0b90746306805f099ff4df82700a0b1c9
:104f40000137042ff6d100275df8270008b118f0cb
:104f50007dfd0137042ff7d125b9706805f086ff74
:104f600028b90725284605b0f0bd0725ebe718f05e
:104f70006dfd3368a3617368a28ae36140f2712317
:104f80005a4362634ff47a72a263628a5343a36402
:104f9000264b236304f1780604f5a477a06905f095
:104fa00065ff46f8340bb742f8d1e06905f05effc3
:104fb000002384f85c3084f8903084f8c43084f89e
:104fc000f830a37d6062da072cd513f0020f0cbf16
:104fd00002230423012084f82030022184f82c00cd
:104fe0000df06ef81df01cfa206509f0b9fe226d77
:104ff000a1681162226d0e495162226d0d49d16284
:10500000226d0d499162226d0c491163226d0021c0
:105010001160226d46685660226d3260426008f071
:1050200031f89fe70123d5e700259be70000010346
:1050300099410101e1eb0201ad3c0301d17502018f
:020000040000fa
:020000040101f8
:10504000f0b540f2ff7681ea030c16ea115e1ebf4e
:10505000b64516ea1355b54252d021ea465141f4fd
:105060008011a1fb024723ea465343f48013ae4468
:10507000a0fb03650cf0004c36197d41a1fb0347f2
:1050800047f10003a0fb0217f619654153f1000335
:10509000094218bf46f0010640f2fe74b3f5007fe6
:1050a00013d2aef5806ea64523d24cea0331280315
:1050b00041ea155140ea16503203450872f10042a8
:1050c00050f1000051eb0e51f0bdaef2ff3ea6458f
:1050d0000fd24ceac321e80241ea555140ea56504a
:1050e000f202450872f1004250f1000051eb0e51fe
:1050f000f0bd1eea0e0f2dd50cf000410020f0bdd2
:1051000016ea115f04bf01f000410020004218bf01
:1051100041f0010116ea135f04bf03f000430022cf
:10512000124218bf43f0010306ea1354b44218bff9
:10513000b64503d00cf000410020f0bd21f0004145
:1051400023f00043b1eb065f0cd8b3eb065f09d840
:1051500041b13bb10cf0004141f0fe4141f470011e
:105160000020f0bd40f20001c7f6f8710020f0bd4c
:020000040000fa
:020000040101f8
:10517000f0b5474c236895b093f824300193454b24
:10518000009302231a4606467721ec2003f0acfe7a
:1051900023689d6cc5b109f0e3fd002835d0226875
:1051a000926c00251560216842688f6c7a60896c6a
:1051b00011602268926c42601ef090f82368986c2f
:1051c0001ef066fd23689d64334a13680021197040
:1051d0002768367897f8243056b3012b17d141f25f
:1051e0000903adf808308df80c602022ff210df185
:1051f0000d001df085fd3a2e36d197f82430012b95
:105200002ed1f86918f022fc2ae00725dce741f2ec
:1052100008032022ff210df10d00adf808308df8b4
:105220000c601df06dfd2022ff210df12d00e0e747
:1052300003bb12680121517026688df80c3041f2d1
:105240000802adf80820b16920220df10d001cf014
:10525000b5fdb169202211440df12d001cf0aefd09
:105260002368986918f0f2fb02a818f00dfd284693
:1052700015b0f0bd41f209032022b969adf808303c
:105280000df10d008df80c601cf098fdb9e700bf22
:0c529000fcba00204c3b030100bb0020d6
:020000040000fa
:020000040101f8
:10529c0030b585b004460023019302930393c37980
:1052ac00013b042b71d8dfe803f0030739435c00a2
:1052bc0011f0a2fb05b030bd0023c371037863f07d
:1052cc007f030370fe201ef003fc05460028f1d07e
:1052dc006378c3eb0313364a02eb43035b8a038008
:1052ec000123438014230371122380f8f830002328
:1052fc00a0f8fa3080f8fc300146608817f0aafb61
:10530c0040b90323e371002384f8903028461ef043
:10531c00e3fbcfe7022384f89030f7e70023c37157
:10532c00837913f0020fc5d0012110f0a3f9c1e766
:10533c000023c371037843f00103037010234372fd
:10534c0012f0daff1b4b1b68002bb3d001228df837
:10535c0004206188adf808108df80a2001a8984740
:10536c00a8e70023c371037823f001030370114bea
:10537c001b683bb101228df804204288adf808204f
:10538c0001a898470023637294e7837a002b91d08d
:10539c0000238372074b1b68002b8bd005228df8e2
:1053ac0004204288adf8082001a8984782e700bf86
:0853bc00dcae002024ba002041
:020000040000fa
:020000040101f8
:1053c400f7b5c56800891af0e1f80446002800f032
:1053d4008780866d002e00f08380ab882868adf846
:1053e400043000906b4606251a78013d303a15f0da
:1053f400ff0503f8012bf7d19df801209df800303b
:105404009df803109df8047042f210705043354a21
:1054140002fb03039df805201344642212fb0132ae
:105424009df802304ff47a7101fb03230a2101fb3a
:10543400073106f16f001ef011fca26dc2f8735023
:10544400c2f87750c2f87b50a36d01229a7094f889
:105454005530a16d83b391f8713091f870201b041d
:1054640043ea022391f86f2013438b62a36d83f800
:105474002650a36d93f82620996ad14001f00101ca
:1054840041f08001204605f07ffae378a16d3bb935
:1054940001f5d871204603b0bde8f04011f0f4b82e
:1054a400cb7813b9002003b0f0bdcd70a36d9d700f
:1054b400a16d01f5b871ede7e3782bb96f312046a2
:1054c400fdf7d2f8a16de3e7cb78002bead0cd70dd
:1054d400a36d9d70a16d20466f31fdf7c5f8e7e718
:0854e4000120e0e7a0860100b1
:020000040000fa
:020000040101f8
:1054ec002de9f04790b005460e469046002130223b
:1054fc0004a899461df0fefb15f003040dd0414f96
:10550c003b6893f8b84244b115f04afc3b68d3f8b9
:10551c00a8721af061fb00248fb915f03c0f2cd146
:10552c001a9b0293199b0193189b009342464b467e
:10553c00314604a8f8f742fe10b0bde8f08715f02c
:10554c002ffcd7f800a01af047fbbb689e4212d084
:10555c009a7b012a0fd1e90707d510a9621c01eb30
:10556c00840444f8303cd4b205e0aa0703d5997af8
:10557c00b27a9142f1d85746cee7224f3b6893f866
:10558c00b932002bccd015f00bfc3b68d3f8b072c1
:10559c001af022fb002fc3d015f002fcd7f800a0a4
:1055ac001af01afbbb689e4215d09a7b012a12d1c5
:1055bc00726d93420fd06f0707d510a9621c01ebd7
:1055cc00840444f8303cd4b205e0e80605d5997a59
:1055dc00b27a9142f1d85746dce7290704d5997a7b
:1055ec00b27a9142f7d3e8e7aa06f4d5326c9a4224
:1055fc00f1d110a9631c01eb840444f8302cdcb20b
:08560c00e9e700bf58bb0020d4
:020000040000fa
:020000040101f8
:105614002de9f04f89b00026dff8148108f1180352
:10562400019361e0627c06eb460308ebc3035b7cf9
:105634009a4205d325d1a27c9bf812309a423cd2df
:10564400750005eb060c0df1080e08ebcc0cbce85c
:105654000f00aee80f009ce803008ee80300354419
:1056640008ebc505a446bce80f000fc59ce8030081
:1056740085e8030002ad0fcd0fc495e8030084e86c
:10568400030018374f452ed03c46fa7c32b106eb66
:10569400460308ebc303db7c002bd1d006eb4603a7
:1056a40008ebc303db7c9342bcd006eb460308eb58
:1056b400c303627c5b7c9a42e3d1a27c9bf81230e8
:1056c4009a42ded1227c9bf810309a42b8d3227cd5
:1056d4009bf810309a42d4d194f908209bf90830f1
:1056e4009a42ceddace75646104b1b78721c9a42a8
:1056f40019d206f1010a5ffa8afa5345f3d90aeb83
:105704004a0708ebc707a3f10209a9eb06095afaed
:1057140089f909eb4909019b03ebc90906eb460b1f
:1057240008ebcb0bb0e709b0bde8f08f06bc002056
:0457340000fe012052
:020000040000fa
:020000040101f8
:105738002de9f7430e4604210746144618f058fc95
:10574800002875d107f1540003f0faf9052e6fd936
:1057580097f8443094f80180f22b04f10204019484
:1057680066d14ff482701ef071fa054600285fd0aa
:1057780004230370023e3b888380b8f1010fb6b260
:1057880039d116f003043dd1a14601a968461cf0a1
:10579800fbfe01a90df102001cf0f6febdf8023077
:1057a800a3f52453ff2b07d8019b53f8042c2b197e
:1057b8000434c3f80a20a4b209f104091ffa89f9cc
:1057c80009f10403b342e0d9fa8fbdf800108a4208
:1057d80031d9013189b2b98738460ef0a1fc24b31a
:1057e800002385f806802c8185f8ff30042128469f
:1057f8001af048fb1ce01223b6fbf3f403fb146415
:10580800a4b284b1fb8fadf800300024dce7019925
:10581800684619441ef000f81ffa89f303f11209cb
:10582800b145f4d9d0e72346f8e728461ef010fa28
:1058380003b0bde8f0830023002cfb6387f84430f5
:1058480008bf4ff00008012385f8ff302c8185f848
:045858000680cbe714
:020000040000fa
:020000040101f8
:10585c002de9f041046823460025c4e9015543f8bd
:10586c000c5f8846236107461646fff7e9f8a582c8
:10587c002222414604f134001cf09afa94f8473085
:10588c0013b9012384f847303b79042b13d100233f
:10589c0084f8643000232366c4e961334ff6ff7348
:1058ac00e3832362012384f8243094f8643033b901
:1058bc00a4f8253005e0052becd10123e8e7012bfa
:1058cc00f6d002236376ff23002584f8293003f5f4
:1058dc007f432a463146e38220466585256310f0d6
:1058ec00f8ff0623c4e920332046c4e91d5508f00f
:1058fc00bbf994f8a820a4f8985094f8553094f873
:10590c005410206d3abb84f8aa2084f8b420c3f359
:10591c00040284f8ab200122c4f8ac0084f8b01067
:10592c00a4f8b2200020c3f34213c4e92800c4e950
:10593c005e000f4a84f8aa310323c4f89e21c4f8f0
:10594c00a221c4f8a601c4f8800184f89c0184f853
:10595c009c30bde8f081226cc4f8b82084f8bc50af
:10596c00c4f8bd0084f8c110a4f8c250dae700bf37
:04597c001b004801c3
:020000040000fa
:020000040101f8
:105980002de9f0430746a5b01af014ff04ae3c68b9
:10599000dff80c818022002130461df0b1f9246827
:1059a000002564b938461ef01af915f0fff9e3b284
:1059b0009d4262d825b0bde8f0431af013b9637f69
:1059c000d4f80090227a0393a37acde90143002a08
:1059d0004dd1304b009302231a467e21ec2003f078
:1059e00083fa204613f02cfb237a012b03d11cf001
:1059f00017fdc4f8a800012384f85030237a84f8f6
:105a00005130a37a84f85230d4f8803003f0f80390
:105a100043f4a023c4f88030d4f8983003f0f8039e
:105a2000002043f49013c4e92630c4e91500d8f8e7
:105a30000030c4f884001a89a4f87020164a12684d
:105a4000b2f82213a4f87210b2f82423a4f8742038
:105a50005b89a4f8763024ab03eb8503214601353e
:105a600043f8804cedb218f09bff4c4699e70b4b86
:105a7000009302231a467f21b0e756f82470384677
:105a80001bf09ffa00223946387a0af08ffd013464
:105a90008de700bf3f60020158bb00207360020128
:045aa0005cbb0020cb
:020000040000fa
:020000040101f8
:105aa40030b5836d5a78012a89b0044601d0042a9e
:105ab40012d10021204604f067ffa06d102200f5ea
:105ac400b87100f5f0701cf069f980b1042120462a
:105ad4000af0b2fd09b030bd022a08d193f826209d
:105ae400996ad14001f0010141f08001e3e7a26d20
:105af4005378042b0bd12046fef706fa2046faf71a
:105b0400dbfc002211462046f5f7d2ffe2e7012b29
:105b14000ed12046faf7d0fc002211462046f5f7b4
:105b2400c7ffa16d204601f5e87111f046ffd1e7ea
:105b3400022b31d192f82630122b27d86846202127
:105b440010f040f8a56d6b4603cb05f5e072c5f87f
:105b5400c001516003cb9060d160a26d92f82630f1
:105b6400013382f82630a36d93f82620996ad14038
:105b740001f00101204641f0800104f005ffa16d10
:105b8400204601f5d87110f07ffda3e72046faf70f
:105b940093fca26d6f32c0e7032b9bd12046faf72a
:105ba4008bfca36d997809b103f16f0193f8e5209b
:105bb400002ab3d0024b1b689a684032aee700bf9c
:045bc40068bb00209a
:020000040000fa
:020000040101f8
:105bc8007fb590f8623186680446d3b13d4b1a68b8
:105bd8006ff300021a60a3f24c4301461a686ff390
:105be800db621a60002008f085fe2146002010f0d4
:105bf8001ff994f87330012b03d104f5087002f0f3
:105c08009fff94f86251304a0296304e3049002383
:105c1800137084f86231aa1e8df80e303388adf8ff
:105c28000c30534253418df80f30082202ab01204b
:105c380010f0cefa3388274e13f028012bd1022d0d
:105c480029d094f87320012a25d013f4c27f1fd0dd
:105c580013f4c07f08bf012120460af017fad4f8d0
:105c6800103213b10123337015e033701a4b94f8d6
:105c7800f4201b78013a93420dda0133dbb284f841
:105c88009c3004eb8303d3f8c430c4f81032e9e73e
:105c98003378002bead031780023adf8043021b1f5
:105ca80003f58673adf8043001a9022d05d10b4b1d
:105cb8001b6803b1984704b070bd094b18681df004
:105cc800e1fff8e7583e014147bc002002bc002034
:105cd8000000010136bc002039bc0020ccbb0020ec
:045ce80080bb00205d
:020000040000fa
:020000040101f8
:105cec002de9f04f0e4649683568d6f80890f768ec
:105cfc008bb0cde903230029acbf25f002050121af
:105d0c0015f010030593039b8346d3e900232fd092
:105d1c0052ea03002cd0a9f10208346915f00800ee
:105d2c0004f1ff3408904ff00000385518bf08f10b
:105d3c00ff388a46012c1ddc059b002b54d1089b97
:105d4c0013b1013c20233b5532690095013a4b4677
:105d5c00121b391958460cf049fddbf80430db05f1
:105d6c0003d573689842b8bf18460bb0bde8f08fe6
:105d7c00c846d2e752ea030009d1baf1000f06dc9b
:105d8c00a8eb010050440028d6dda807d4d502f0ba
:105d9c000f000928d4bf00f1300e00f1570e049803
:105dac00a0f1410cbcf1190f04f1ff3410d84ef0e6
:105dbc00200cacf1610cbcf1190f09d8704609919b
:105dcc00cde906231df01cfcdde906230999864666
:105ddc00100940ea03704fea131c07f804e00af1bb
:105dec00ff3a02466346a5e7039bd3e9000150ea5c
:105dfc000103a4d03a19049b02f8013c023c302365
:045e0c003b559ce77f
:020000040000fa
:020000040101f8
:105e10002de9f3410e46044650b93f4b009302462c
:105e200005230421ef2003f05ff802b0bde8f08104
:105e30001af0c0fc1bf01efe760080461af002fd30
:105e400040f2e1439e42257a92bf022640f2712140
:105e5000b6fbf1f6ab060644074626f0704609d4b9
:105e600045f020056660257201223946204606f07d
:105e700099ff18e015f0070518bf0125274b53f8c7
:105e800025209442194619d1254a1278aa4222d1d6
:105e900063681a1a44bf03f180531a1a012a08d8fa
:105ea000022323752661404602b0bde8f0411af096
:105eb000b7bc236841f825300af0a0ff194b53f80e
:105ec000352019465ab9184b009311460523ef2087
:105ed00003f00af80ce0226843f82520eee7a2421e
:105ee0000fd1226843f8352012b903ebc5056d6068
:105ef0006660b9e71a4623b90c4b009301210523cc
:105f0000e5e71368a342f5d123681360002befd1b6
:105f100001ebc5056a60ebe732270301acb900204d
:105f20002bbc00200cb90020ece1020104e20201cc
:020000040000fa
:020000040101f8
:105f300070b5284d284e284600211df08ffe274bb6
:105f4000274a1e62274e5e62274e9e620426de624c
:105f5000264e1a60264a5a60c3e90c65254a264d2a
:105f600026499a609d63264a264dda60264a5a6180
:105f7000c3e90f51254a264d9a615d64254a264d95
:105f800026481961c3e91252254dda610024c3e99c
:105f900014500470234898652348c3e91701234926
:105fa000596623492348c3e91a12234a1a67234a28
:105fb0005a67234a9a67234ada67c0e90043224bab
:105fc00083600122214bc36002740821bde8704048
:105fd00014f0febdfabb0020ce3c03012cb3002020
:105fe00016150201a03c0301dc3c0301ba010201c9
:105ff000de3c0301e03c0301da3c03019a090201a3
:106000000200000102002011033c0301d43c030103
:10601000f93b030105000001d03c030132bc002024
:10602000ca3c0301d63c030101000311fe3b0301fe
:10603000d23c0301b8b80020cc3c03011cb90020bd
:10604000d83c0301100002019c3c03011000170022
:020000040000fa
:020000040101f8
:1060500070b586b0038801930546424b0093022237
:1060600001234c21ec2002f03fff28881af00afda2
:106070000646002870d0046894f86430012b03d1e0
:1060800094f8be319b0769d530461af05cf90028b8
:1060900047d06b88a4f82e32ab88a4f83032eb8856
:1060a000a4f832322b89a4f834326b89a4f8363242
:1060b000ab89a4f8383294f89e304bb3002384f8af
:1060c0009e301df001fc012829d9b4f83032b4f813
:1060d0004a20d4f878019a421abf40f2e24159436b
:1060e00000211df02dfca4f89a00b4f89a203ab1d2
:1060f000b4f83012b2fbf1f301fb1323a4f89a3089
:10610000304616f05bfa58b30024204606b070bd46
:1061100094f8c63143f0010384f8c631d1e7002377
:10612000ece728686968aa8902ab03c3a86818600d
:106130009a80012102ab0e22304617f05cf904462a
:106140000028e1d0084b0093019401230022ff2195
:10615000ec2002f0c9fed8e70224f3e71a24f1e7a5
:0c6160000724efe75cfc020176fc020162
:020000040000fa
:020000040101f8
:10616c0070b5444b1c68444b272101fb0042d3f80b
:10617c00845f92f8226066f31f65c3f8845fd3f8de
:10618c00885f92f8236066f30705c3f8885fd3f83d
:10619c00885f92f8246066f30f25c3f8885fd3f804
:1061ac00885f92f8256066f31745c3f8885fd3f8cb
:1061bc00885f92f8266066f31f65c3f8885fd3f892
:1061cc008c5f92f8276066f30705c3f88c5fd3f8f1
:1061dc008c5f92f8286066f30f25c3f88c5f92f8f9
:1061ec002960d3f88c5f66f31745c3f88c5f92f87f
:1061fc002a60d3f88c5f66f31f65c3f88c5f92f846
:10620c002b60d3f8905f66f30705c3f8905f92f8a4
:10621c002c60d3f8905f66f30f25c3f8905fd3f82a
:10622c00905f92f82d6066f31745c3f8905fd3f832
:10623c00905f92f82e6066f31f65c3f8905fd3f8f9
:10624c00945f92f82f6066f30705c3f8945f92f899
:10625c003050d3f8942f00fb011165f30f22214429
:10626c00c3f8942f897ad3f8942f61f31742c3f8ab
:0c627c00942f70bd78bb0020002401416d
:020000040000fa
:020000040101f8
:106288002de9f34101200e461af0a2fa3a4a0446d3
:10629800002e65d0394d29684b792bb90b702968c8
:1062a8004b702968cb710b81354b00271f70354b1c
:1062b80017700921344a1e60012015f08ffe4ff631
:1062c800ff71012018f0b8f944f400712f4c89b21d
:1062d80001201af08ffa23882d4a4ff0020868f33c
:1062e800830323800521404615f078fe4046294a5d
:1062f800042115f073fe04f5ac6303211a6861f3f9
:1063080013421a601a6861f317521a6054f8903de4
:1063180067f3000323600bf029f80deb080101a8cf
:10632800d6f8ac4019f0d6fdbdf90220019bba425f
:1063380023f07043b8bf03f1ff331c442b680222db
:106348005a71d6f8b020a3f8ca20204605f04afab8
:106358002b68b3f8ca3053b1a01c05f0a7fa06e0c1
:106368000d4b12781868002af7d105f03bfa002087
:1063780002b0bde8f08100bf45bc0020c0bb0020d2
:1063880046bc0020bcbb002025df0101c034014110
:0c6398001916030139160301b8bb0020e0
:020000040000fa
:020000040101f8
:1063a40070b591f84f300468c3f3800384f8633107
:1063b400d1f8b030c4f89831d1f8ac30c4f89c317d
:1063c400354b00251d70354b01221a80344b1d704e
:1063d400344b19601df0befa334b94f829101d702c
:1063e40038b194f87320012a01d0042a42d1012241
:1063f4001a7094f86351002d43d094f89c3094f8ab
:10640400f41003f10a0204eb0212ff258b4205d2b9
:1064140052f8040bd4f8986186422ed22a46002101
:10642400204604f09bf8214b21481d70214b00228b
:106434001a70012384f862311df0a4fa94f87330c1
:10644400012b04d11c4904f50870fff7dffc214639
:10645400012008f051fa214601200ff0ebfc94f8da
:1064640063112046faf7ccf9d4f89c011bf072f8ba
:10647400002070bd0029bad1bbe7581c1d46c3b229
:10648400c4e7ff220121204604f068f8ff2384f8c2
:106494009c302b46b3e700bf37bc002002bc002071
:1064a40036bc002080bb002038bc002039bc002052
:0c64b400c95b010147bc002000881300f8
:020000040000fa
:020000040101f8
:1064c00001297fb504460a4637d049b219b1022adc
:1064d0005ad004b070bd036a01251b684572c0f82c
:1064e0000b1093f88e2142770572d3f890218261c8
:1064f000d3f89411416193f88f1181720064d3f83d
:10650000a4114164d3f8a8318364cde902132e4b62
:106510000192009302222b469021ec2002f0e4fc31
:10652000a369029363690193284b009302222b46cf
:106530009121ec2002f0d8fccbe7036a1b68417282
:106540000021c0f80b1093f8ae0160772172d3f8e8
:10655000b011a161d3f8b401606193f8af01a072ea
:1065600084f84c20d3f8c4016064d3f8c831a36424
:10657000cde90203164b0191009393211346ec20c1
:10658000022202f0b1fca4e7036a196801234372f6
:106590000020c4f80b0091f8ce5165772072d1f835
:1065a000d051a561d1f8d461666191f8cf61a6722e
:1065b0002464d1f8e411c4e91110cde90151054971
:1065c00000919421b5e700bfe89c01012d9d0101d8
:0865d0004d9d0101929d0101a6
:020000040000fa
:020000040101f8
:1065d800f7b5057a012d044609d0404b1b681d8983
:1065e8005b891d4440f23913b5fbf3f50135267b71
:1065f800012e49d100263a4f08e0013616f0ff0671
:1066080004d0a36a13b1204618f0a1fc606c18f0fe
:1066180079ff236e1844e37a3840012b2066206105
:106628000df1020101a82cd118f0daff019ae36bf1
:10663800218f1a44bdf802300b449bb240f2e1416d
:106648008b4202ea0702019285bfa3f2e2430132bc
:10665800adf80230adf8023088bf0192019b226e7e
:106668002b443b40d31a5a02c7d4237a2bb9bdf81e
:1066780002200199204609f0a3f80123a37303b06f
:10668800f0bd18f0adffe9e7002eeed1144f606cb5
:1066980018f038ff236e184423693840c3f3080301
:1066a800206603eb4020e37a206123b90df1020153
:1066b80001a818f095ff019b226e2b443b40d31a8a
:1066c8005b02d2d5013616f0ff06e0d0a36a002b94
:1066d800ddd0204618f03bfcd9e700bf5cbb0020aa
:0466e800ffff7f0031
:020000040000fa
:020000040101f8
:1066ec0070b5044686b00e2200210df10a001cf094
:1066fc0001fba06d02a9b0f8b030adf8083000f184
:10670c00a0024f3005f0faf9a16d2046a03114f02b
:10671c0013fc10201df098fa054680bb334b0093f8
:10672c0002460423c521ee2002f0d8fb10201df0f8
:10673c008bfa054610201df087fa064605b180bb82
:10674c002b4b009300220423c421ee2002f0c6fb45
:10675c0010201df079fa054678b1102200211cf0aa
:10676c00c9fa0123ab70a06d294600f1d3024f305a
:10677c0005f0c4f928461df069fa06b070bd032374
:10678c0000f8013b0f2200211cf0b4faa06d294641
:10679c0000f18f025f3005f0b1f928461df056fa72
:1067ac00c4e7a26d52f8b23f2b6053686b600023b4
:1067bc00ab60eb60a06d324629468f3005f09ef938
:1067cc00a26d337892f8b0104b4082f8b030a26dc5
:1067dc00737892f8b1104b40284682f8b1301df016
:1067ec0035fa30461df032fab2e700bf67f002010d
:0467fc007ef0020128
:020000040000fa
:020000040101f8
:106800002de9f04385b004468846019200263546be
:10681000dff8f89035e04146204619f0bdfe7b1eba
:10682000a36323692bb91cf04ff8012005b0bde824
:10683000f08304f1100003f00bfc0028f3d0334b7d
:106840004ff080521a60bff34f8fbff36f8feae7ac
:106850001cf03af80020e9e702a81bf085fc1ae0da
:1068600020460af053f8fbf7d9fc09e020460af06d
:106870004df8fbf7d3fc20461bf05efe002842d10a
:1068800001261af099fca76b002fc4d1019b002ba5
:10689000ded0002ee0d01cf017f81cf097fb1af0a9
:1068a0008bfc94f844305bb2b3f1ff3f08bf84f82f
:1068b000445094f845305bb2b3f1ff3f08bf84f811
:1068c00045501cf001f801a902a810f05bf900285e
:1068d000ccd120461bf030fe0028c1d0019904f134
:1068e00024001bf057f820460af010f8fbf796fc3e
:1068f0000028c5d14ff08053c9f80030bff34f8f47
:10690000bff36f8fbce7002090e700bf04ed00e00d
:020000040000fa
:020000040101f8
:10691000f0b5404b05681b7885b006460bb33e4c7e
:10692000d4f86c3f1f051cd4d4f8603f9905c3f31d
:10693000402216d48df8082002a918f03afb95f8e9
:10694000e5302bb9d4f8283143f00803c4f82831d6
:10695000d4f8283143f00403c4f82831002005b0ee
:10696000f0bd1cf0fffff8b12b4cd4f86c3fc3f323
:106970000032db0418d4d4f8683f1f0314d5d4f8d0
:10698000603f980510d5d4f8683f99000cd523498d
:10699000d4f8683f0978c3f30263994204d08df8b4
:1069a000082002a93046c8e7ff238df801301cf00b
:1069b00057f948bb1cf0d0ff30bb174cd4f86c3fe4
:1069c0001b0521d40df1020201a9284613f09afdfe
:1069d0000746c8b9019b1a68cdf809209b88adf815
:1069e0000d309df802209df808300df1010162f391
:1069f000000302a88df808300bf036f820b18df8ae
:106a000003700df10301cde79df80110284602f057
:106a1000f7f9a3e73bbc0020002401413cbc002067
:020000040000fa
:020000040101f8
:106a200030b59bb01cf099fa05ac3c4d0fcd0fc4ae
:106a30002b68238018f0d2ff024600285dd0384c26
:106a4000384ba3fb0213db0803f13001217303eb86
:106a50008303a2eb430330336373a2740223e37412
:106a60000123237505236375a2750025e5750df1d6
:106a70000301092015f030ff02950395adf8105081
:106a8000a023adf804304ff4a073adf8063007230f
:106a90008df8103001a816f0a1fe18238df82830cb
:106aa0000fcccdf82900cdf82d10cdf83120cdf840
:106ab000353003cccdf83900cdf83d100aa816f0da
:106ac00059fe12238df8483005ac0fcccdf84900a3
:106ad000cdf84d10cdf85120cdf855302388adf8c4
:106ae000593012a816f060fe0df102010f2015f0ca
:106af0000ffffbf771fe1bb030bd12a816f00affa6
:106b00009df84920084ba3fb02139b0903eb4303a9
:106b100003eb4313d21a0132d2b290e77427030178
:0c6b200060be0020cdcccccc03b57ea51f
:020000040000fa
:020000040101f8
:106b2c002de9ff473b4e336890461a7882468946da
:106b3c00002a57d1b8f1000f02d15b78002b51d04d
:106b4c00402004f08df90546202004f089f9074611
:106b5c00002d5cd000285ad02f4c19f025fe22684d
:106b6c00012382f8243032685146137028462022c3
:106b7c001bf01ef920224946a8181bf019f92368ae
:106b8c00b8f1000f1bd0254a1a621cf0e5ff014634
:106b9c00284615f011fba8b9284616f051ff3846c7
:106bac0016f04eff122402ab05221d498df80c4045
:106bbc0001200ff00bfb204604b0bde8f08703f179
:106bcc002502e1e72368c3e9067508f09dfa04463f
:106bdc0048b13368002228461a7016f031ff384647
:106bec0016f02eff0c240f4b0093022201233421ac
:106bfc00ec2002f073f9002cddd00b4b00930194c8
:106c0c0001230022fd21ec2002f068f9d3e70724d0
:106c1c00e9e700bf00bb0020fcba0020646d020154
:0c6c2c0002050101fc3103014cfc0201d7
:020000040000fa
:020000040101f8
:106c3800f8b5046894f8ac31132b064603d094f8e1
:106c4800ae31132b74d194f86450012d64d1b4f88b
:106c5800f632a4f89e31204617f060fab4f868724c
:106c6800e7b91321304618f00bfc94f8c6319b079e
:106c780012d52946304619f051f81cf022f9394648
:106c88000446304619f04af81cf01bf93b46024608
:106c98002146304615f0fcf92846f8bdb4f898208e
:106ca800b4f86a329b1a9bb247f6fe7293422ad80e
:106cb80094f8681221b9304619f030f884f868025f
:106cc80094f869322bb90121304619f027f884f875
:106cd80069021bf017ff014608b90025dce71823f5
:106ce800c371b4f86a32038104f51a73c36030467d
:106cf8001cf0adfe94f8681230460bf069fb0125d4
:106d0800a4f89e01c8e73046132118f0b9fb2821e2
:106d180030461cf0a9f8bfe7182130461af009f9e7
:106d280005460028d9d01321304618f0a9fbb3e74f
:0a6d38001821bde8f8401af0fcb87d
:020000040000fa
:020000040101f8
:106d42002de9f04107460e4600200c211af0c1f849
:106d52000546002847d00023f1073c6803734ad553
:106d6200b4f83022a4f83e22082a9abf02f1ff3377
:106d7200dbb2082384f83a32b4f89a30a4f83c32f1
:106d8200b207d4f83232c4f8403206d594f84e1223
:106d9200b4f8483249bba4f83e3294f83a326b73e5
:106da200b4f83c32eb81b4f83e322b82b4f8403274
:106db2006b82b4f84232ab821bf0a7fe0646002873
:106dc2003ed000234ff0010804f23a24c371014679
:106dd20080f80580c46038461cf03cfe38462946df
:106de2001bf011fb4046bde8f081b3fbf1f201fb61
:106df20012329b1acfe7b4f84822082a9abf02f14e
:106e0200ff33dbb2082384f83a32730715d5b4f89e
:106e120052124ff6ff73994209d10123a4f83c3272
:106e2200d4f84a32a4f83e22c4f84032b5e7b4f8a6
:106e32009a30002b08bf0b46f0e7b4f89a30ede722
:0a6e420028461cf002fe3046cde7a2
:020000040000fa
:020000040101f8
:106e4c002de9f0430578012d85b0044656d05db18f
:106e5c00032d64d0394b1b681b68002b42d0204695
:106e6c0005b0bde8f04318478578002df2d1334bbf
:106e7c001f68984607f1100353f825605ffa85f9ef
:106e8c009ebb0c201cf0e0fe2a1d47f82200d8f80f
:106e9c00003053f82230a3b11e609e605e60d8f8bb
:106eac00003003eb850540212b69198129690123e9
:106ebc00cb71296981f80290d8f8001051f8221092
:106ecc008b72d8f8003053f8223093b923780293a0
:106edc00a38801931a4b0093002204235321ee2024
:106eec0001f0fcff05b0bde8f0830135082dc3d1de
:106efc00ece7a2881a80a279da70abe746883046b4
:106f0c0018f072f9024630b90e4b0093cde90165c9
:106f1c0004235421e3e7807819f010fc9ae74688a3
:106f2c00304618f061f902460028edd0237913b9e8
:106f3c000123c3728ee70023fbe700bf9cba00203d
:086f4c00f06602012167020159
:020000040000fa
:020000040101f8
:106f5400f8b5404b1d682c68237d990779d514201a
:106f64000ef0c8fd074608200ef0c4fd08230646af
:106f7400014623753a46284604f06efb40b130467c
:106f840016f07cfd28462221bde8f8401bf076bab5
:106f9400c4e9bf7694f86460012e1cd1204612f037
:106fa40015f93146f6f7f6fea37d012b0fd194f8bf
:106fb400223063b1a37f53b11cf036f903688268b1
:106fc40094f822001344c4f8043319f081fc01231b
:106fd40084f80833d6e784f80903d4f87801037fea
:106fe4000bb91cf0fdfd236eda0329d594f8292092
:106ff40023f480332366a2b994f8211001b3d4f8a2
:107004007811d1f8b00040f271214143d4f89400d2
:10701400884238bf0a1ad4e92210814210d2914220
:107024000ed243f04003236620232375204612f03a
:10703400cdf80121f6f7aefe012384f80933b3e756
:10704400236e23f0400343f000532366002323758b
:08705400aae7f8bd64bb0020af
:020000040000fa
:020000040101f8
:10705c002de9f04391f90040e5b26a000023804627
:10706c00a9b00e4652b2184659b28a4265dc0028c5
:10707c0060d006f1040922464146484619f070f9e1
:10708c00012866d108eb040722463946484619f018
:10709c0067f901285dd123463a4618a803f0aafdea
:1070ac0018a96846f6f722fa2022002110a81bf036
:1070bc0021fe96f900700323424608ac8df840304f
:1070cc0041463b4618a803f095fd18a92046f6f753
:1070dc000dfa3b4610aa2146204617f01fff18b1a7
:1070ec004a46204618f092fb16f9843b424621464c
:1070fc0018a803f07ffd18a92046f6f7f7f93b46d0
:10710c0032462146204618f081fb28b93a464846bb
:10711c0019f026f9012805d03b464a46214620465f
:10712c0017f0fcfe6b1e5bb200201a060ad5b0faf3
:10713c0080f0400929b0bde8f08318f80310013342
:10714c00084391e71df80320e15c4a401043013be2
:06715c00ebe70020eee766
:020000040000fa
:020000040101f8
:02716200704774
:020000040000fa
:020000040101f8
:107164002de9f04387b0054688461f460f2b28bffc
:107174000f278df8040038490e788df805603749db
:107184000c78601c08708df806400c218df80710ef
:107194008df8088012b11146002b36d107f105098c
:1071a4002146304615f0b6fa4ff6ff72494601a85b
:1071b40002f0e0feff2d4bd005f14003dbb2092bba
:1071c40046d9002d44d008f0fb03032b40d0244bb8
:1071d4001b7813b3224802460123dcb2117fe9b1c4
:1071e40001331c32082bf8d1b8f1010f30d11c4bfc
:1071f4005b79012b0fd1dcb290f82120012a0dd14b
:1072040001331c30082bf6d122e03a460df1090077
:107214001af0d2fdc2e7002400e00024104de6007d
:10722400331b9b0005eb03080122ea5440464a46ff
:1072340001a901301af0c0fd053788f81570002344
:1072440088f816301cf048fa00f52f70c8f81800ba
:1072540007b0bde8f08300bf1abc00201ebc0020ac
:04726400ccaf00208b
:020000040000fa
:020000040101f8
:1072680030b5816d4b78042b89b004460fd101f5f8
:10727800c07110f073fb2046fcf744fe2046f9f776
:1072880019f9002211462046f4f710fc41e0012bc1
:1072980004d101f5c07110f061fbefe7022b47d173
:1072a80091f82630132b41d8896ad94001f00101a1
:1072b80041f0800103f066fba56d102205f5d87139
:1072c80005f5d0701af068fd58bb05f5c071204669
:1072d80010f044fba36d93f82630122b1bd8202105
:1072e80068460ef06dfca56d6b4603cb05f5c072c4
:1072f800c5f88001516003cb9060d160a26d92f80f
:107308002630013382f82630a36d01229a700623b5
:10731800a37009b030bd2046f9f7ccf8a26d6f32e2
:10732800b0e70421204609f085f9f2e70121fae7e0
:10733800032beed101f5c07110f010fb2046f9f7d0
:10734800b9f8a36d93f8e51019b1054a1268916868
:1073580040319a78002a96d003f16f0293e700bf74
:0473680068bb0020de
:020000040000fa
:020000040101f8
:10736c0038b5244c244d204600211cf071fc234bd5
:10737c00234a1d62234d1a605d62234a234d244922
:10738c005a609d62234a244d9a60244a1961c3e9cc
:10739c000b515a611965224a224d23499a615d634a
:1073ac00224a5965224d2349da61c3e90e52c3e9d9
:1073bc001612214a1a66214d214a5a66214a224840
:1073cc009a66c3e91054214a214cda66214ad860e6
:1073dc00c3e912400721204811700022c0e90023a4
:1073ec001e4b8260c3600274bde83840012213f06a
:1073fc00e9bb00bfa6b600203e6202011cb2002011
:10740c001615020114b700201a3603013eb80020ed
:10741c009a090201c03c030120001b11ef3b030140
:10742c00b2b20201ea3b030158bf00200500000183
:10743c006a9d0201e2a80201d2480201563f0201f4
:10744c00b3be0020fe310201020000010100000168
:10745c00022a020121bc0020a4b800200100070070
:020000040000fa
:020000040101f8
:10746c002de9f04f07683b4d3c68894629689a46e0
:10747c0085b0064690462346a3b9f4b91cf094f99e
:10748c0000284fd003ab04223349039701200ef0a0
:10749c009dfe2b6893f8ed2293f8ec329a4255d16d
:1074ac0000244be091f8ec2202f1bc00013241f8cf
:1074bc0020301b6881f8ec22dee7284b0093022376
:1074cc001a468921ec20cdf8048001f007fd84f8e0
:1074dc005c90a4f85e80d4f800b013f061fc94f8d2
:1074ec004d30042b01d0012b0ed1002363722046aa
:1074fc000df0aafb2a6892f8ed32013382f8ed32d6
:10750c0018f06afb5c46b8e794f84f3043f001037f
:10751c0084f84f30baf1000ff2d00421204615f058
:10752c007fffede730461cf054fbb2e704f1bc02e0
:10753c00013453f8220019f08dfae4b22b6893f859
:10754c00ed22a242f2d80022a3f8ec2205b0bde84d
:10755c00f08f00bf58bb00200d010001ce1f0301ae
:020000040000fa
:020000040101f8
:10756c002de9f04190f855300446b3b13a4d866d93
:10757c00d5f8008098f8043033b94022374906f129
:10758c00eb001af007fc40b104f11207eb36202295
:10759c00314638461af0fefb28b90a212046bde8d0
:1075ac00f04109f045b898f8031030461cf036fb52
:1075bc000328f2d008b10821f0e72b6883f82800e3
:1075cc00e27852bba16d4a78022a12d11b78022ba9
:1075dc0004d12046bde8f04112f0dabe042b03d1f1
:1075ec0091f8e430022bf4d12046bde8f04119f0bb
:1075fc0004bd032a0dd15b7923b12046bde8f041cf
:10760c0019f0eabc204601f5e071bde8f04110f03c
:10761c00a3b90623a370bde8f0813946204613f0c8
:10762c00f1f8a36d5b78012b01d0042b0bd1204614
:10763c00002103f0a5f9a16d204601f5b871bde854
:10764c00f0410ff01db8032be3d12b685b79002bb5
:10765c00d3d10723dee700bf68bb0020f4b70201db
:020000040000fa
:020000040101f8
:10766c0070b50e46054600286cd00b7e032b42d815
:10767c00dfe803f002132958354cd4f8683f04f6c0
:10768c00ac7143f480630020c4f8683f19f01efe0f
:10769c00b4f86c3f43f040032be02d4bd3f8682f2c
:1076ac0042f48062c3f8682f2a4a03f6ac71106862
:1076bc009288c3f8ac0f8a80b3f86c2f42f040026a
:1076cc00a3f86c2f17e0224cd4f8683f04f6ac7189
:1076dc006ff38a230020c4f8683f19f0f7fd1e4ba6
:1076ec0018781bf025feb4f86c3f0028d2d160f35b
:1076fc008613a4f86c3f314628460df015fb25b1d6
:10770c00154b304619781af0e2ff144b1b7843b135
:10771c000f4bd3f89c2f40f2ff1161f31842c3f8c2
:10772c009c2f70bd0a4cd4f8683f43f48063c4f8b6
:10773c00683f084b04f6ac7218689b88c4f8ac0f11
:10774c009380cce7024bb3f86c2f60f38612b7e74b
:10775c0000240141ebb900203cbc00203bbc0020c4
:020000040000fa
:020000040101f8
:10776c00037813f03f0278d04a1e062a73d8dfe85c
:10777c0002f00a04111b2a3d5500427812f0010f49
:10778c000cbf0121072103f03f038b4265d9013166
:10779c0008447047427812f0010f0cbf01210721f9
:1077ac009207f0d50631eee7427812f0010f14bfc4
:1077bc000721012112f0020f18bf06311207e2d582
:1077cc000231c9b2dfe7427812f0010f14bf072172
:1077dc00012112f0020f18bf063112f0080f1cbf66
:1077ec000231c9b2d206ced50331eae7427812f0a3
:1077fc00010f14bf0721012112f0020f18bf06312f
:10780c0012f0080f1cbf0231c9b212f0100f1cbfce
:10781c000331c9b29206b6d51231d2e7427812f0d2
:10782c00010f08bf012112f0020f1cbf0631c9b2b3
:10783c0012f0080f1cbf0231c9b212f0100f1cbf9e
:10784c000331c9b212f0200f1cbf1231c9b252065b
:0e785c0099d50131b5e7002195e7002070476e
:020000040000fa
:020000040101f8
:02786a00704765
:020000040000fa
:020000040101f8
:10786c002de9f843012907460e461546d0f8088045
:10787c002dd80c200ef03af90446002864d034239d
:10788c0003fb0573012283f88a2087f82f20002040
:10789c00a38803f0f80343f4807343f00103a3803f
:1078ac00012e46f48073e38043d818f025fb274b58
:1078bc00c4f808801a689b882073c4f80d20a4f8bb
:1078cc001130e5742046bde8f84318f049b9022997
:1078dc000bd105200ef00af90446a8b3342303fba0
:1078ec000577012387f88b30d1e703292cd10920a8
:1078fc000ef0fcf8044638b34ff0340909fb057957
:10790c00012389f88930124b29461b683846984761
:10791c00104b11491b68d1f808211b0c1b0403ebfd
:10792c001242c9f87c20d1f8102113fa82f3bb6201
:10793c00aee7022ec4f8088001d12573c2e7032eee
:10794c0004bfe0602574bde7bde8f883f1b9002001
:0c795c00b4bb002054bb002000240141fb
:020000040000fa
:020000040101f8
:10796800f7b53c4bd3f81c61d3f81c213a4b1c7873
:10797800c6f34036c2f380225ffa86fcd7b21d46b2
:10798800002c4ad09c78bcf1000f32d000232b7019
:10799800342303fb010393f88730022b3fd10c23d8
:1079a80003fb045300211a7a59720132d2b2022a17
:1079b8001a7206d101221a72da88012a01d05208f5
:1079c800da8001210df107000ef0faf80c2202fb13
:1079d80004539df807109b79013b0b40ff2b18bf00
:1079e80001338df8073002fb04549df807302371ea
:1079f80013e05fb11e70342303fb010191f85c3082
:107a080013bb91f88730022bc9d80ae00c2101fb7f
:107a180004341a7021790131217103b0f0bd002faf
:107a2800e9d10c2303fb045300215a7a197201325d
:107a3800d2b2022a5a72c4d101225a72da88b2f535
:107a4800807fbed05200bbe7012bead191f8873086
:0c7a5800012bd9e70024014110b40020ec
:020000040000fa
:020000040101f8
:107a64002de9f04786b081460f46904619f008f894
:107a74000646002867d0046894f98032002b64da43
:107a84000021204614f0d2fd824627b1231893f931
:107a940070327e2b08d0b8f1000f4ad004eb0a03f1
:107aa40093f974327e2b44d1304618f04afc90b3db
:107ab40094f8803267f3000368f3410384f880325a
:107ac400012303fa0af3002584f88b3284f88c52dc
:107ad400514630461af08afc84f88d0230461cf078
:107ae400d1f81b4b0093cde90278cdf80490012323
:107af40002225421ec2001f0f5f945b1154b009315
:107b0400019501230022fd21ec2001f0ebf9284628
:107b140006b0bde8f08705ab042207213046adf876
:107b240014908df816708df8178015f062fc0546d8
:107b3400d7e794f8803267f3000368f3410384f8cd
:107b440080320025cde70225cbe71a25c9e700bf1f
:087b540082c502012af00201c2
:020000040000fa
:020000040101f8
:107b5c002de9f041374c94f90420824209d094f974
:107b6c000230834203db94f90330834203dd9a42f3
:107b7c0002d1bde8f08103462f4f217c3e789b1b40
:107b8c00deb2a37901f0010853ea080872b21dd0e5
:107b9c00012b2a4b17d11344d11c29499a7eacbf17
:107bac00002001200870657c05f00703a58945ead3
:107bbc00832515433b781e44267129466220bde877
:107bcc00f04115f01fba13445a7eece71d4b94f9a3
:107bdc0011001344042a93f81dc014dd2289c1f34b
:107bec00420342ea8323002843ea0c05e2db638963
:107bfc00090943ea4101082015f004fa637c43f0bb
:107c0c0080036374d6e7617ca38901f0070543ea1e
:107c1c008523002843ea0c05ccdae389c1f3c301c0
:107c2c0043ea4101082015f0edf9637c68f3c713b2
:107c3c00e7e700bf28b80020febb0020d0ec020113
:087c4c0034bc0020c0f8020165
:020000040000fa
:020000040101f8
:107c54002de9f74f2f4f304c3e78dff8e490b51ef6
:107c6400edb205f102084fea081ccde90023acf19e
:107c74002003234483468a460fcb04eb0c0e8ee884
:107c84000f000cf1100eacf1100ca4449ce80f0092
:107c9400a6448ee80f00b11c20481bf0ddff3b78a2
:107ca40048460222023300f8012b414604eb051535
:107cb4003b701bf0d1ff09f1030042f604211bf0d5
:107cc400cbff174a174bab60174beb60c5e9002994
:107cd400164d594628461bf0bfff5146a81c1bf001
:107ce400bbff0099281d1bf0b7ff013e0199a81d99
:107cf4001bf0b2fff6b20e4b3a7804eb0614c4e95b
:107d040000350c4ba3600c4be3600c4bda8103b0e1
:107d1400bde8f08f21bc00201cb2002059bf002018
:107d24009a090201dec60201050000018cb9002097
:107d3400028302016a2f030108000001a4b8002095
:047d4400fdb9002065
:020000040000fa
:020000040101f8
:107d48002de9f04395b081460f4618f097fe064698
:107d5800002866d0056895f98032002b63da7c1e0e
:107d68005ffa84f805eb080292f974c2bcf17e0f41
:107d78003ad118f0e4fa58b395f880220123a340c9
:107d880042f00402002485f8802285f88b3285f8b9
:107d98008c42414630461af027fb85f88d02304662
:107da8001bf06cff214b0093022201235321ec208e
:107db80001f096f844b11e4b009301940123002270
:107dc800fd21ec2001f08cf8204615b0bde8f083c9
:107dd80002ab032206213046adf808908df80a70f0
:107de80015f005fb0446dde7002441f22103adf858
:107df80008308df80c402b88adf80e3002238df832
:107e080010308df811708df812c092f87c328df810
:107e18001440c3f3010302a88df8133015f030ffa6
:107e2800c0e70224bee71a24bce700bf461e0301d0
:047e38002af0020129
:020000040000fa
:020000040101f8
:107e3c00f0b50368b3f82a02b3f81e42b3f8206217
:107e4c00b3f82c52b3f82222b3f82612b3f82872e6
:107e5c00b3f89ec1a04228bf2046b54228bf354684
:107e6c00914228bf1146b3f82422ba4228bf3a46a1
:107e7c0084450bd1b3f8a0c1ac4507d1b3f8a2c16e
:107e8c008c4503d1b3f8a4c1944548d01a2823d803
:107e9c001b20a3f89e01b3f89e01a3f8f6021a2941
:107eac001ed81b21a3f8a21193f86610c9061fd582
:107ebc00b2f5a47f18d24ff4a472a3f8a42193f8be
:107ecc006720d2061ed5b5f5a47f21d24ff4a4723b
:107edc00a3f8a0210120f0bda04228bf2046d8e77e
:107eec00fb2988bffb21dde7974238bf3246e4e728
:107efc00b2f5296f02d24ff42962dee7ba4228bfed
:107f0c003a46dae7b5f5296f02d24ff42962dfe77a
:107f1c00ae4234bfa3f8a061a3f8a051dae7002069
:027f2c00d9e793
:020000040000fa
:020000040101f8
:027f2e0013003e
:020000040000fa
:020000040101f8
:107f300038b5431edbb2622b02d90024204638bd7f
:107f400005461bf0b9fb022834d82d481bf09cfbda
:107f50001bf024f804460028fad11bf017f800287b
:107f60002fd1274927481af0b7f800bf1bf016f8a1
:107f70000028fbd1244928461af0aef81bf00ef871
:107f800004460028fad11bf001f820bb1bf094fb3b
:107f900002282ad81a4b1a681a4b9a42ced11a4b89
:107fa0001b68dbb2ab42c9d1184b164a1a605d6040
:107fb0000124c3e71bf07afb114a15490df0c8fbf9
:107fc000c3e71bf079fb0228b8d91bf06ffb1149fe
:107fd0000df0befbb2e71bf06ffb0228aed91bf021
:107fe00065fb0d490df0b4fba8e71bf05ffb044bec
:107ff0001a6804331b6809490df0aafbcae700bfe1
:1080000000000f0101e5a7d104000f0164b90020b1
:10801000d07b0201e87b0201f87b0201087c0201af
:020000040000fa
:020000040101f8
:1080200030b584682388043b9bb243f6fc729342cc
:1080300089b066d86388043b9bb2934261d82379a8
:10804000012b5ed8a1898b1f9bb240f67a408342f8
:1080500057d8e289931f9bb2834252d8914250d89d
:10806000238ab3f5fa7f4cd2638a0a3b9bb240f66f
:108070007642934245d812f0dffc0546002842d0f4
:108080002388adf804306388adf806306079237931
:108090008df808301bf046fd23468df8090053f893
:1080a000062fcdf80a209b88adf80e30a389adf8d5
:1080b0001230e289adf81420228aadf81620628ac7
:1080c000adf8182004a8adf81a30adf81c3019f03e
:1080d0006ffc0221012017f077f801a814f0a0fd31
:1080e000044650b90123eb70084b1a68137843f02b
:1080f00004031370204609b030bd284615f088fbf4
:10810000f8e70324f6e70424f4e700bf94ba00205c
:020000040000fa
:020000040101f8
:1081100000000000fd2f030101000000fd2f0301fe
:1081200002000000fd2f03010500000059c60101f7
:108130000600000059c6010107000000fd2f0301e1
:1081400008000000fd2f030113000000fd2f0301b4
:1081500009000000fd2f03010a0000001d3003018b
:108160000b0000000d3003010c000000fd2f030187
:108170000d000000fd2f03010e00000059c6010193
:108180000f00000059c60101100000003d3003013e
:1081900011000000fd2f03011f000000fd2f03014f
:1081a00012000000fd2f030114000000fd2f030149
:1081b000150000004d300301160000003d300301a2
:1081c000170000005d300301180000005d3003015e
:1081d000190000005d3003011a0000003d3003016a
:1081e0001b0000004d3003011c000000fd2f0301a7
:1081f0001e0000002d3003011d000000fd2f0301b3
:020000040000fa
:020000040101f8
:1082000073b503790193374d374b00930222012355
:108210000f210446ec2000f067fe2868f0210430ae
:108220001bf034fb06461af079ff00284dd11eb131
:1082300096f86031002b48d12388203b9bb244f64e
:10824000e07293424cd86388203b9bb2934247d85c
:10825000637b002b44d02868f02104301bf016fb10
:10826000237980f87330012380f82b30617b80f80c
:1082700020106388c36123888361a37b80f8293041
:10828000637980f82130a37980f8223054f8073fd1
:10829000c0f82330a388a0f82730002380f8f430fa
:1082a00021fa03f2d20748bf90f8f42003f101034a
:1082b00044bf013280f8f420032bf1d101201af0e1
:1082c0001dff0024204602b070bd0c24074b009314
:1082d000019401230022ff21ec2000f005fef1e7cc
:1082e0001124f3e7f4ba0020a4010301bc01030147
:020000040000fa
:020000040101f8
:1082f0002de9ff4104680023cde9023394f8e8300a
:10830000ebb9314b94f8f5601b6898472f4b04f19b
:10831000f60806f0010607461b68414630469847b6
:108320000546002f44d170b1294b0093022201234e
:108330004a21ec2000f0d8fd002384f80c31002005
:1083400004b0bde8f0814ff4437104200cf082f8d2
:1083500005460028f0d0c4f8100107681d4b388886
:108360001b684246314698473946204617f079ff48
:1083700012f0e5f994f80211d4f80421222303fb4a
:108380000141154b4a311b68284698470123a4f840
:108390000e3103a902a802f0cffd0028ccd103982a
:1083a000036813b11bf061fbc6e707f059fac3e796
:1083b0000a4b0093022201234921ec2000f094fd96
:1083c000002db9d0b0e700bf18bb002014bb0020bf
:1083d0000404030110bb00201cbb00201404030193
:020000040000fa
:020000040101f8
:1083e000f8b5cb6890f866701e785d78002102467b
:1083f00012f0b8fe022e044692f864302bd0042e00
:108400002dd0012e05d1012b4ff011012fd182f873
:108410006610022d30d0042d32d0012d3ed1012b1b
:108420004ff0110138d182f86710212f92f8663091
:1084300045d1212b34d0d06e116f6ff4c6754ff437
:108440009c73284403fb0101b1fbf3f003fb101301
:10845000c2e91b3024e0012b4ff01201d6e7012bbb
:1084600001d12121d3e792f8681019b9232182f8ac
:108470006710cee72221fae7012b4ff01201d1e776
:10848000012b08d192f868301bb9232382f867309a
:10849000cbe72223fae7212182f86610012bc4d012
:1084a0000021104612f05efe1319024493f9701277
:1084b00082f8701293f8783282f87832f8bd212b66
:1084c000eed1d06e116f03f2171300f28d10b9e7e1
:020000040000fa
:020000040101f8
:1084d00090f8e520394be2bbd3f80821b0f8b4108e
:1084e00061f31f42c3f80821d3f80c21b0f8b4108f
:1084f00061f30f02c3f80c21d0f8b420d3f80c11ab
:10850000833292b262f31f41c3f80c11d3f81021e9
:10851000b0f8b01061f30f02c3f81021d3f81021a6
:10852000b0f8b01061f31f42c3f81021d0f8b020aa
:10853000d3f81411243292b262f30f01c3f814116c
:10854000d0f8b430c0f8bc30d0f8b030c0f8b83093
:108550007047d3f80821b0f8bc1061f31f42c3f88c
:108560000821d3f80c21b0f8b41061f30f02c3f85e
:108570000c21d0f8b420d3f80c11843292b262f3fb
:108580001f41c3f80c11d3f81021b0f8b81061f3f3
:108590000f02c3f81021b0f8b010d3f8102161f326
:1085a0001f42c3f81021d0f8b020d3f8141125329f
:1085b00092b262f30f01c3f8141170470024014115
:020000040000fa
:020000040101f8
:1085c00030b50388132bc3b0044620d041f20a0211
:1085d00093422cd0052b45d10579002d42d1c0887e
:1085e00015f0b6ff58b12f4bc5701a681378013bd0
:1085f000dbb213701bb11821b1fbf3f35370e088a9
:1086000017f08cfa08282dd015f0baff2ae0c088a0
:1086100015f09eff30b3227a83789b1a214adbb291
:108620001268837052789a421cd843b030bd0379e7
:10863000c3b91c4a126802f16f0100bf11f8230090
:1086400040bb02eb8303e188a3f86c104ff4807108
:10865000a3f86e1013780133dbb213701821b1fb4d
:10866000f3f353702188104a002300bf32f823002f
:10867000884213d102eb8303211d9b788df80430cf
:10868000442202a819f09afb064b1b6801a85b68fc
:108690009847cae70133082bd0d1e3e701331e2bfb
:0c86a000e4d1c2e7acba0020403902016e
:020000040000fa
:020000040101f8
:1086ac002de9f8438046894616461c46056806f0b7
:1086bc0051fb074600285dd00021216043686360b0
:1086cc001c602d4b4460c5f87841e3622b4b636210
:1086dc002b4ba3622b4b236301236372a373aa6df1
:1086ec00226140f201122464e372a2816377217249
:1086fc00a16495f84a30d5f878215b00dbb2936120
:10870c00284610f04cfed5f87831c0b25861b5f857
:10871c004a2084f80a9040f2e2435343636426bb38
:10872c002687e663c4f8208095f86530122b17d1a4
:10873c0095f86430a3b995f84700b5f84a6003f290
:10874c00e24358435e4318f0befc00220e4b1bf074
:10875c000ffa18f01dfb324681b2204610f042f899
:10876c003846bde8f8431af0abbd3368238773680d
:10877c00e363d7e7bde8f883ad390301991503012d
:0c878c00c52c0301613a03010088834002
:020000040000fa
:020000040101f8
:10879800f7b513780193364b009307460423ee2070
:1087a8000e4615469021022200f09afb384616f034
:1087b8003bf9044658b92f4b00930246019704230e
:1087c8009121ee2000f08cfb002003b0f0bd8388df
:1087d800b342f9d329780d2927d02dd8062907d0f7
:1087e8001ad8032921d00bd801291ed002290bd170
:1087f800214b1b685b682a4631462046984719e09a
:108808000429f5d0052910d011f0400212d1062311
:10881800204606f04ffe0de0092906d003d80729a7
:1088280003d00829e3e70b29e2d1134b1b689b68a7
:10883800002be0d10120c8e71729f6d00ad8122961
:10884800d6d003d81029d3d01129dce71329ecd0ce
:108858001629cce71b29e8d003d81829c8d019292c
:10886800d1e71e29c4d05229c2d01d29cbe700bfa9
:0c88780034ba02014cba02016cbb0020b3
:020000040000fa
:020000040101f8
:10888400f8b5046891f84f60002384f8e430334b62
:108894000d4619601bf05ef8314b06f004061870a3
:1088a4001bf05ef848b12f4f3878013000f0070014
:1088b40038701af0ddf90028f6d0deb1d5f8ac1026
:1088c400d4f82c0117f06cfb274b98420ad994f882
:1088d400e43043f0100384f8e4302046fbf7caf98f
:1088e4000020f8bd19f04cfad4f8cc308342eed80d
:1088f400c4f8d0000021204619f0e2fe0028e6d199
:10890400e6b194f8e630012b0cbf04235b0884f82d
:10891400e630d5f8ac30c4f8d4300122002384f812
:10892400c1200f2284f8e53084f80a31a4f8142118
:1089340084f8163120460ef063fbd1e7a86919f0dc
:10894400e0fe0146d5f8ac0011f06afec4f82c0133
:10895400d5f8b030c4f8d030dbe700bf90bb0020be
:0c8964003bbc00203cbc002038feff7f24
:020000040000fa
:020000040101f8
:1089700038b5837b0546032b2bd8dfe803f00215bf
:108980003148334cd4f8683f04f6ac716ff38a2356
:108990000020c4f8683f18f09ffcb4f86c3f43f027
:1089a0004003a4f86c3f14e0294bd3f8682f42f43d
:1089b0008062c3f8682f274a03f6ac71106892886a
:1089c000c3f8ac0f8a80b3f86c2f42f04002a3f8d2
:1089d0006c2feb7b032b31d8dfe803f029293131f1
:1089e0001b4cd4f8683f04f6ac716ff38a23002067
:1089f000c4f8683f18f070fc174b18781af09efc0a
:108a0000b4f86c3f0028cad160f38613c9e7104c54
:108a1000d4f8683f43f48063c4f8683f0d4b04f614
:108a2000ac7218689b88c4f8ac0f9380e4e7084bdd
:108a3000b3f86c2f6ff3cf32a3f86c2f38bd044a14
:108a4000b2f86c3f43f40043a2f86c3ff6e700bf76
:0c8a500000240141f1b9002044bc0020ca
:020000040000fa
:020000040101f8
:108a5c0030b50179364b002935d001294bd01a6835
:108a6c0042f080021a60334a11686ff30f011160f3
:108a7c0011686ff31f411160114651f8044f6ff3e9
:108a8c0004040c601c6844f040041c601c686506ff
:108a9c00fcd41c686400fcd5d0f8054014600a684e
:108aac00407a60f304020a601a6842f040021a60cd
:108abc001a685106fcd41a685200fcd51e4b186873
:108acc00c0f3054030bd1a46058852f80c4f65f3cb
:108adc000f0414601468458865f31f4414601a6809
:108aec0061f34d321a601a46448952f85c1f64f3e4
:108afc000f011160b3e703f500720488116864f389
:108b0c001f41116003f501724488116864f30f0171
:108b1c001160116841f4e02111601a6842f40052ae
:108b2c001a601a46448952f8681f64f31f41e0e743
:0c8b3c005434014158340141b03401416f
:020000040000fa
:020000040101f8
:108b4800f7b5064648b9324b009305230246194645
:108b5800ef2000f0c5f903b0f0bd17f027fe18f0bc
:108b680085ff337a9b0605463ad517f067fe347ab7
:108b7800284b6ff34514347214f0070418bf01240e
:108b8800194653f8242096420ed1234a1278a2425d
:108b9800326819d1736841f824201f1a44bf03f1c1
:108ba80080531f1a012f0cd81c4b53f83420194638
:108bb8006ab91b4b009311460523ef2000f090f98a
:108bc8000ee008f017f9efe743f82420ece7b2428b
:108bd80013d1326843f8342012b903ebc40464603b
:108be800284603b0bde8f04017f016be1a4623b970
:108bf8000c4b009301210523dfe71368b342f5d13d
:108c080033681360002bebd101ebc4046260e7e723
:108c1800802a0301acb900202bbc00200cb900202d
:088c2800ece1020104e202018b
:020000040000fa
:020000040101f8
:108c3000f8b5064605680f460020182118f04af9d5
:108c4000044600283fd00f2f07733dd1b5f82e32d0
:108c5000a0f80d30b5f83032a0f80f30b5f8323248
:108c6000a0f81130b5f83432a0f81330b5f89a30c6
:108c70004ff6ff72002b08bf134603834ff0ff33fc
:108c8000c0f81a30c0f81e3080f8223080f8233047
:108c9000002363751af018feb5f84c30b5f898202b
:108ca000052803f101038bbf03ebc30303eb43036d
:108cb00002eb430302eb83039bb23046e38221467f
:108cc00019f0a2fb0120f8bd102fe1d1b5f8463212
:108cd000a0f80d30b5f84832a0f80f30b5f84a3298
:108ce000a0f81130b5f84c32a0f81330b5f89a302e
:108cf0000bb9b5f852322383b5f854326383b5f813
:108d00005632a383b5f85832e383b5f85a32238438
:088d1000b5f85c326384bbe797
:020000040000fa
:020000040101f8
:108d1800f0b5334d2c6866075cd5002851d1314c2d
:108d2800276897f83463002e4ad055f8144f2e4d13
:108d3800641a611e21f07041a94241d840f27121a4
:108d48004ff0884c61436ff41c742144dcf84040b8
:108d580040f6fd6504f4405440f60d0eb4f5005f8e
:108d68000cbf2c4674464908204db5fbf2f5254446
:108d7800a94225d9dcf8404004f44054b4f5005f1a
:108d8800a1eb050109d197f8274334b14ef28f249e
:108d9800a14215d9a1f5624190394ff47a75b1fb1a
:108da800f5f005fb101102fb00f44a43b4fbf5f49f
:108db8000e49b2fbf1f214441c440d4b30461c60c2
:108dc800f0bd0b4a0b481468e41a84428cbf00209b
:108dd8000120f5e7034b1b6893f83403f0e700bf65
:108de800203e014158bb0020feffff0740420f0014
:088df80060bb0020feffff7fbd
:020000040000fa
:020000040101f8
:108e0000f8b50022354c80f84220d4f86c2f037e50
:108e10000d461105064600f1430752d4d4f8682fd9
:108e200092004ed5032b2ed8dfe803f00444072e22
:108e3000ff2d06d1d4f8003109e0d4f8685fc5f3fe
:108e4000026528461af07afad4f8003148b16ff377
:108e50004103c4f8003122490020bde8f84018f071
:108e60003bba43f00203c4f8003128461af0b6fac0
:108e700004460ef093fc012386f842302368c6f8be
:108e80004330a388bb80f8bdd4f8685fc5f30265a2
:108e900028461af053fad4f8003143f00203c4f81c
:108ea00000310028e1d00f48bde8f8400ef076bc54
:108eb000ff2dedd1d4f8003143f00203c4f80031a6
:108ec000f1e7032bdfd801a252f823f0358e010120
:108ed000b58e0101318e0101b18e010100240141e5
:088ee000ac330141ebb90020a5
:020000040000fa
:020000040101f8
:108ee8002de9f041334d1e462b68a2b004460f46cb
:108ef8009046002b58d01af089fc002854d11af05b
:108f080055fc002850d1f20703d52b4b1b68db0713
:108f18000bd4b00703d5284b1b68990705d47207f3
:108f280042d5254b1b685b073ed5244b8df8008046
:108f38001b788df801408df80270002b37d1c4f1f1
:108f4800ef041f4f04eb84042744384619f0acfaa9
:108f580039460646c4b2024602a818f02bff22abd7
:108f68001e4401343a2306f8803ce4b202ab1819d7
:108f780029ab289a0193c4f17e01f7f7f5f854fa62
:108f880080f0c0b222ab03440d2203f8802c431cae
:108f980022aa52fa83f302300a2203f8802cc1b2c3
:108fa8002b6802aa6846984722b0bde8f08102a85b
:108fb8000024dde7ecba0020f0ba002027bc00202e
:048fc8006c2a03010b
:020000040000fa
:020000040101f8
:108fcc00f0b5324a324885b000231546c158d1500d
:108fdc000433102bfad12f4b2f4e1a8842f001027a
:108fec001a801a8842f004021a801a8842f002028f
:108ffc001a801a8842f008021a801a68d007fcd42a
:10900c001a685107f9d41a689207f6d41a68c2f391
:10901c00c002002af1d1214b1968adf80010184696
:10902c001c4650f8041dc1f30f41adf8021054f862
:10903c00041fadf80410194651f8087fadf80670fe
:10904c002468c4f30f44adf808401b68adf80a302f
:10905c000368adf80c300b68adf80e30694613465a
:10906c000a460878ec5c01332043102b01f8010b05
:10907c00f7d1b6f8a0350a4c6ff30003a6f8a0356b
:10908c000fca84e80f0005b0f0bd00bffcb800208b
:10909c0000400144143e014100240141043e0141c1
:0490ac0080290141d5
:020000040000fa
:020000040101f8
:1090b0002de9f34705689df8003095f8226095f892
:1090c00021a066f300038df800302b46074653f8c5
:1090d000232fcdf801209b88adf8053068460c465b
:1090e0000ff0dafb8146684607f0e6ff3a79284937
:1090f00023788a5c62f30303237080460e2018f005
:10910000e3fc237860f345132370dbb2baf1000f60
:1091100013d16af38613237085f832a02378b8f14f
:10912000000f2cd043f080032370012385f83130e9
:109130007b79637002b0bde8f087baf1010f06d108
:1091400043f040032370002385f83230e6e7baf19c
:10915000020f0dd1b9f1000f04d043f0400323708a
:109160000123f1e769f38613237085f83290d5e780
:1091700043f040032370b9f1000ff6d0f0e700365a
:1091800018bf012666f3c713237085f83180cfe737
:04919000ac340301f7
:020000040000fa
:020000040101f8
:109194002de9f347dff8d88006460f46c92501f0cc
:1091a400070980f0010a032101a80cf00bfd9df8ca
:1091b40006302b4c03f07f0343f040038df8063058
:1091c400d8f800309a00fbd4264b1a8842f04002ab
:1091d4001a801a8842f020021a8016b13846fcf729
:1091e400c3ffd4f8683f9df8041069f31243c4f830
:1091f400683fb4f86c3f6af30003a4f86c3f1a4b61
:109204001a6861f307021a601a689df8051061f381
:109214000f221a601a689df8061061f317421a604b
:10922400d4f8683f43f48003c4f8683fd4f8683f37
:109234005b02fbd4d8f8003013f0807f0b4b1b6823
:1092440014bf1f200020013d13f0020f18bf1f2080
:1092540015f0ff0501d01f28a5d002b0bde8f087a6
:1092640000240141c4340141103401418c340141d2
:049274003034014150
:020000040000fa
:020000040101f8
:10927800f0b5364b1c78342303fb0404d0e90615fb
:10928800a26f94f85c70324b96b20139013d77bbfe
:10929800d3f8087166f31f47c3f80871d3f80c7147
:1092a80066f30f07c3f80c71d3f80c61114489b247
:1092b80061f31f46c3f80c61d3f81011868c66f36e
:1092c8000f01c3f81011d3f81011868c66f31f41f3
:1092d800c3f81011416a2944d3f8145189b261f3d3
:1092e8000f05c3f81451e267436a8362f0bdb4f80e
:1092f8007c70d3f8084167f31f44c3f80841d3f8da
:109308000c4166f30f04c3f80c410a44d3f80c115e
:1093180092b262f31f41c3f80c11d3f81021018dea
:1093280061f30f02c3f81021818cd3f8102161f387
:109338001f42c3f81021426ad3f814112a4492b28a
:1093480062f30f01c3f81411d0e700bf41bc00203d
:0493580000240141ab
:020000040000fa
:020000040101f8
:10935c002de9f0430c468bb010210746164614f04d
:10936c0045fe0546002855d107f15400fff7e6fbf2
:10937c00052c4fd9023c96f80180a4b2a04549d8df
:10938c00b4fbf8f308fb13430236002b45d1a4ebd6
:10939c000801023131440df10e001af03bfafa8f3c
:1093ac00bdf80e309a423ed001339bb20df115053b
:1093bc00bb87adf810304ff4205102232846adf88e
:1093cc0012208df814301af043fc00959df81430df
:1093dc00bdf81220bdf81010384608f0ebf94ff02c
:1093ec0000094ff482701af02ffc054690b101234e
:1093fc0003703b88838080f80680048124b1224668
:10940c0031460a3018f0d4fc85f8ff900421284628
:10941c0016f036fd0bb0bde8f083fb8fadf80e30c7
:10942c002c46a846bbe7384618f0c8fe4ff0010999
:02943c00d7e770
:020000040000fa
:020000040101f8
:02943e00130019
:020000040000fa
:020000040101f8
:10944000072865d870b50d4684b204f5005630463d
:10945000edf76afb00285dd03046edf788fb08b9d0
:10946000012058e0344608342046edf75dfbc8b1d2
:109470002046edf77cfb08b901204ce0264c0fccd0
:10948000c5f81700c5f81b10c5f81f20c5f8233014
:109490002068c5f82700a288a379a5f82b2085f8b5
:1094a0002d300ce00022c5f81720c5f81b20c5f8a8
:1094b0001f20c5f82320c5f82720c5f82a20174cff
:1094c00026460fce28606960aa60eb60306828618c
:1094d000b288b379aa82ab75234653f8170f59683f
:1094e0009e68dc68c5f82e00c5f83210c5f83660f5
:1094f000c5f83a4018695969c5f83e00c5f84210e8
:10950000198b9b7ea5f8461085f84830002002e0b4
:1095100003207047032070bdf4b6002044b600203d
:020000040000fa
:020000040101f8
:109520002de9f04107460d46904614f0d9fe00287b
:1095300053d00446037813f0200f02d0037a002b97
:109540004dd02d4b03f5946102e094338b424ad009
:1095500093f89220012af8d15a7a0c2af5d90425d9
:1095600046e0fe201af0bafa0646002839d02378e1
:1095700013f0200f26d0522380f8f8306378c3eb25
:1095800003131e4a02eb43039b89338075802a46ee
:109590004146301d18f012fc0023a6f8fa3086f878
:1095a000fc303146384613f05bfa054630461af077
:1095b00099faedb9237813f0200f19d0237a013be3
:1095c000237215e013f0100f03d0122380f8f83047
:1095d000d4e71af087fa05250ae0012508e00425fa
:1095e00006e0022504e0a388033b9d42b9d901258a
:1095f0002846bde8f08100bf84a00020dcae00203a
:020000040000fa
:020000040101f8
:1096000010b550b9344bd3f8642f60f34922c3f836
:10961000642fbde8104002f0ffbb91f873200b2ac5
:1096200001f123001bd840f69203d340db4313f033
:10963000010314d1284c91f82210d4f89c2f63f325
:109640001842c4f89c2f18f003fb282001f040fbbf
:10965000d4f8643f43f40073c4f8643f10bd91f83c
:109660002930032b0fd8dfe803f00216232d1a4b05
:10967000d3f89c2f40f2ff1161f31842c3f89c2fde
:10968000002002f0c9fb154b18680028e6d1bde8a0
:10969000104001f01dbb104bd3f89c2f202161f32b
:1096a0001842c3f89c2f082001f012fb0120e8e7c4
:1096b000094bd3f89c2f082161f31842c3f89c2f63
:1096c0002020f1e7044bd3f89c2f6ff31842c3f826
:1096d0009c2f2820e8e700bf0024014174bb002034
:020000040000fa
:020000040101f8
:1096e00010b588b00023052904468df803303cd11d
:1096f000013202a901a8029218f04aff0df10600fa
:1097000002a918f045ff204610f0f6ff80bb04aa1e
:1097100003a9bdf8040014f0d3fe002843d0039b36
:109720002088da7b012104f0a9fc80b200bb0399f8
:10973000bdf806208b681b88934236d38b7b13f0d1
:10974000020f28d02388adf81830bdf804300591f9
:10975000adf81a300df103010c2305a8adf81c205b
:109760008df81e300cf02cf902e0adf80430042026
:109770009df803306bb9d0b9039bbdf806109a6809
:1097800058681288521a0d23014492b220460df0f7
:109790000bfe08b010bd9b06ead5bdf8042020469c
:1097a00015f054fde4e70120e2e70720e0e7c3b24b
:0e97b000bdf804200c21204605f080fee9e7fc
:020000040000fa
:020000040101f8
:1097be0070b58378062b044668d1836d0122da706a
:1097ce00c678836d90f855500a68beb98db103f511
:1097de00f070c3f8e0214b6843608b688360cb6800
:1097ee00c360a16d204601f5e071bde870400ef03a
:1097fe00b2b803f5b870c3f87021ece725b3c3f81f
:10980e00a02103f5d0754b686b608b68ab60cb689d
:10981e00eb60826d136823f07f4323f0ff03b3f5f3
:10982e00813f33d192f82630916ad94001f001017f
:10983e0041f0800101f0a3f8a16d204601f5b87149
:10984e00bde870400cf01bbfc3f8b02103f5d87013
:10985e004b6843608b688360cb68c360a16d4b78a7
:10986e00012b04d0023b012b10d88b7873b16f31d2
:10987e002046f8f7f4fea16d204601f5b8710cf004
:0e988e00fefea26d00239370a26dd37070bd1c
:020000040000fa
:020000040101f8
:10989c002de9ff412e4e2f4c2f4b2268009333683d
:1098ac0003922e4a029307460192002b3bd0236869
:1098bc0033b94ff448701af0c7f92060002838d03b
:1098cc00274d2b68a84623b910201af0bdf9286043
:1098dc0078b33368029323680393224b3a685a6037
:1098ec0000210df1040c02ae6c460f46d8f8003086
:1098fc000b44c3e900730020bcf8002082421cdc3e
:10990c00083110290cf1020c06f1040604f10204d2
:10991c00ecd1154b1a46002142f8081fc3e900137d
:10992c00da60012006e090201af08ef930600028f1
:10993c00bdd1002004b0bde8f0813568228800fb61
:10994c0002520130576017605d682a605a60d3e795
:10995c00dcba0020d4ba00200c0028000c00140043
:0c996c00d8ba00209cb90020ecb8002004
:020000040000fa
:020000040101f8
:1099780010b50b46114602680c78023c232c61d8be
:10998800dfe804f012606060181d60226018272c60
:10999800602e6033181838383d606060606060423f
:1099a8004260606060485259022b4dd11af05ef84f
:1099b800012010bd012b14bf00200120f9e7022b64
:1099c80042d11af058f8f3e7092b3dd106f0a2fd71
:1099d800eee7062b38d117f0bdfae9e7022beae7e4
:1099e800182b31d10ef0acfee2e7032b2cd119f085
:1099f80051fcdde7092b27d116f0f8ffd8e7032b38
:109a080022d119f04ffcd3e7022b1dd14b7882f8f5
:109a1800aa31cde7042b17d131f8013fa2f88b32d8
:109a28008b7882f88d32c3e7052b0dd1d1f8013040
:109a3800c2f88e32bce7052b06d1d1f80130c2f846
:0c9a48009232b5e70220b4e70020b2e73c
:020000040000fa
:020000040101f8
:109a5400f7b5046806460121204611f081fb204435
:109a640090f974327e2b3bd0e27e94f89e12b4f8c7
:109a740098709b1ac1f30110dbb2032847d8dfe8c2
:109a840000f031023c0294f899229a4241d294f8af
:109a940096529d4294bf0225012585422ad0c1f3e6
:109aa4008102aa4202d0b4f89a22c2bbb4f89c2222
:109ab400b4f89a120a44013ad21b120410d58df854
:109ac400043006226b461849009601208df8055093
:109ad4000cf080fb94f89e3265f3051384f89e32f3
:109ae40003b0f0bd94f896229a4214d994f89822bf
:109af4009a420ad9a4f89c72f2e794f899229a42fd
:109b04000bd294f897229a42f4d30125c7e705466d
:109b1400c3e70025c1e70225c1e70025bfe765f3d8
:0c9b2400830184f89e12e5e706060101ab
:020000040000fa
:020000040101f8
:109b300038b50468334d03f0b9fb236e002143f4bc
:109b4000c0732366c4f88810204611f070fb05f539
:109b50008353b4f840101a6861f30f021a601a6850
:109b6000b4f8421061f31f421a6005f581531a6977
:109b700042f001021a6105f5825394f84410da6943
:109b800061f30f22da61b4f84510da6961f31f421c
:109b9000da6194f8671094f8660006f0dffd1a4b5e
:109ba0000221586913f0c0fa19f040fb05f5825301
:109bb00001889a6861f30f029a6005f582538188e3
:109bc0001a6961f30f021a61204609f09bf994f8b3
:109bd000660011f083fa94f86710012017f035fa47
:109be00094f86610022017f030fa204616f0b2f909
:109bf00094f91b0018f064f8ab8f43f08003ab8737
:0c9c000038bd00bf0024014110b8002056
:020000040000fa
:020000040101f8
:109c0c00344b1b78342202fb030090f85c30002ba1
:109c1c0049d1314bd3f8242142f40012c3f824214a
:109c2c00d3f8242142f48012c3f82421d3f8242140
:109c3c0042f40022c3f82421d3f8242142f48022d8
:109c4c00c3f82421d3f8242142f40032c3f8242190
:109c5c00d3f8242142f48032c3f82421d3f82821ec
:109c6c0042f48072c3f82821d3f8282142f08002f4
:109c7c00c3f82821d3f8282142f04002c3f8282148
:109c8c00d3f8282142f02002c3f82821d3f8282148
:109c9c0042f01002c3f82821d3f8282142f40072b4
:109cac00c3f828217047012bfcd10b4bd3f824218e
:109cbc0042f48012c3f82421d3f8242142f4002268
:109ccc00c3f82421d3f8242142f48022c3f82421a0
:0c9cdc00cae700bf41bc00200024014189
:020000040000fa
:020000040101f8
:109ce8004144563a616464207072695265712c620d
:109cf800573d256c75287573292c6f6666736574d6
:109d080032526566416e6b3d256c75287573292c3a
:109d180072616e6765324f66667365743d256c7552
:109d280028757329004144563a6d696e42773d257e
:109d38006c75287573292c6d617842773d256c7593
:109d480028757329004144563a6164642073656339
:109d58005265712c62573d256c75287573292c6fd7
:109d6800666673657432526566416e6b3d256c7527
:109d7800287573292c72616e6765324f6666736544
:109d8800743d256c7528757329004144563a616401
:109d98006420706572695265712c62573d256c7537
:109da800287573292c6f666673657432526566412f
:0b9db8006e6b3d256c7528757329004b
:020000040000fa
:020000040101f8
:109dc4002de9f041044600898846174614f02efe1a
:109dd400064600284dd000233b7088f80030638984
:109de400a3f11002072a04d82046bde8f0410df083
:109df400abba013b082b06d8214610f058fc0123ce
:109e04003b70bde8f0814ff4827019f021ff0546e4
:109e140000283cd00b230370238983806389c3808b
:109e2400237c0372a3894381e3898381637c437226
:109e3400e2891ab161680e3017f0beff042128468a
:109e440016f022f823689b7bd90712d5012388f8e2
:109e54000030237c522b18bff374237c122b0ad1bd
:109e640023689b7b9a0604d56389b38263681b8845
:109e7400f3820020c5e7162bfbd101233b7086f843
:109e8400383096f83930013386f83930f1e72368f1
:0a9e94009b7bdb07edd58020b3e7d0
:020000040000fa
:020000040101f8
:029e9e001300af
:020000040000fa
:020000040101f8
:109ea0002de9f84300295ed00f4600242f4e304b99
:109eb00000f1010edff8bcc006e00cf801809a60ea
:109ec000621c0134974244d9726802f00702012ae9
:109ed00018d09968dd684a1cd3f81080424528bf25
:109ee0000022954236d010f80480756805f0070509
:109ef000012de2d14d000cf81180691c00250cf8f1
:109f00000150dce7d3f80880d96808f101021d6927
:109f1000aa4228bf002291421cd01ef8145010f80b
:109f2000141041ea0521756805f00705012d05d0db
:109f3000c9b20cf808109a60621cc2e74fea4805e3
:109f40005ffa81f90cf818900135090a0cf8051030
:109f5000f1e7144618f0ccf810b1044b01229a75c1
:109f60002046bde8f8830c46f4e700bf000c004033
:089f700004b60020acb2002091
:020000040000fa
:020000040101f8
:109f78002de9f04781468a46904619f0bbfd044614
:109f880000f1a806002706e019f092fb02281bd86a
:109f98001c34b44238d02546e379002bf8d06379d5
:109fa800002bf1d0e378022b15d022884245efd060
:109fb800012bedd052464946284603f047fc0028bd
:109fc800e6d00137ffb2e3e719f06cfb22881a49a3
:109fd8000bf0bafbdce7a3793bb999f80030ff2b0b
:109fe80003d04033dbb2092b03d82b884345e1d19a
:109ff800cee719f05dfb0228cad919f053fb228875
:10a008000e490bf0a1fbc3e75fb919f051fb022819
:10a0180001d8bde8f08719f045fb09490bf094fb1e
:10a02800f7e719f045fb0228f3d919f03bfb3a464c
:10a0380004490bf089fbece77c3202019c320201f7
:08a04800c0320201e032020106
:020000040000fa
:020000040101f8
:10a0500030b4c368db689a6ad869196a8160d869c4
:10a06000486003f118005168814204bf196a5160c9
:10a0700000219962116801391160254a1268002a8d
:10a0800039d15a699868d968816098684860181d04
:10a090005168814204bfd96851600021596111683b
:10a0a00001391160da6a1b4c25680121914029436e
:10a0b0002160194902eb820201eb820252689a6028
:10a0c0009468dc6060609060dc6aa0000219920015
:10a0d0008d185d61204451f82000013088500f4aee
:10a0e0001168da6acb6a9a4283bf01200c4b186070
:10a0f000002030bc70470b4a5168d9618c681c62e3
:10a10000606088609a62116801311160e7e700bf02
:10a1100054ba00205cba0020acb3002040ba002042
:08a1200078ba002068b80020a5
:020000040000fa
:020000040101f8
:10a128002de9f3410446008919f07cfd00285dd033
:10a1380020896789b4f80c8014f076fc054600285d
:10a1480056d090f84630b8f1000f29d1002b49d1ec
:10a15800032019f031fd0646002845d000f1100310
:10a168000a2101a8019319f05dfb394601a819f0ed
:10a178005ffb32460321284617f04dfb044668bbb7
:10a188000a23a5f85e0085f84630a5f848701949f5
:10a1980005f15400fbf738fe204602b0bde8f08117
:10a1a80003bb052019f008fd0646e8b100f11003cd
:10a1b8000c2101a8019319f035fb394601a819f0c3
:10a1c80037fb414601a819f033fb324605212846e2
:10a1d80017f021fb044608b90c23d2e7304619f0e2
:10a1e80025fdd9e70724d7e70224d5e70424d3e7d8
:08a1f8000324d1e7a064d101aa
:020000040000fa
:020000040101f8
:10a2000073b50023022904461546adf8063054d133
:10a2100010f072fa002852d16d78012d4dd894f8c3
:10a220003b6094f838305eb9012b0ed129462046a8
:10a2300014f076f9182384f83860e37402b070bd26
:10a24000204613bb2db915f00dfe20460ef09cfce8
:10a25000f4e715f04ffc054678b90df106012046ec
:10a260000df026fb054640b920460bf0ddfb054608
:10a27000204615f0f7fd002de7d0ebb2bdf8062023
:10a280001821204605f01af9d8e735b915f0eafd8e
:10a290002946204614f044f9d0e715f02bfc05467a
:10a2a00078b90df1060120460df002fb054640b9d4
:10a2b000032384f838300121ebe70425dde712257c
:10a2c000dbe72046022114f02bf9002384f8383014
:08a2d000204615f0c7fdd0e7a0
:020000040000fa
:020000040101f8
:10a2d8002f4b70b500251d702e4b80241c802e4bf3
:10a2e8001d802e4b302628464ff6ff711e8014f035
:10a2f800a3f94ff6ff71012014f09ef94ff6ff7194
:10a30800022014f099f9264b03f5d952118864f309
:10a318000f011180918865f30f01918003f5d952df
:10a32800118966f30f01118103f5d9514ff6ff72b8
:10a33800088a62f30f00088203f5d951888a62f30c
:10a348000f00888203f5d95103f5d853088b62f3bf
:10a358000f000883998962f30f019981114bd20785
:10a36800c3f88020bff34f8fbff36f8f83f81f436d
:10a37800c3f880211a600122c3f88420bff34f8fed
:10a38800bff36f8f83f82043c3f884215a6070bdf0
:10a398002abc002002ba0020daad00205ab90020f9
:08a3a8000024014100e100e086
:020000040000fa
:020000040101f8
:10a3b00030b5837bbbb00446002b63d10df1160191
:10a3c00006a8adf8163015f00ff9e37a012b17d176
:10a3d000069ae36bbdf816101a44238f0b449bb208
:10a3e00040f2e1418b42c2f31602069285bfa3f20e
:10a3f000e2430132adf81630adf8163088bf069250
:10a40000b4f87030bdf8160003eb900015f07ef83c
:10a41000069a0244c2f316052566a06c15f076f87c
:10a42000b4f86810079583b2ca1892b2b2f5487fa3
:10a4300088bf4ff448722a4488bfc1f54871c2f3ff
:10a44000160288bf8bb2099200210df115028df81a
:10a4500014100895012108ad019205aa8df8151078
:10a460000092214607aa09200295fbf73ff8079bb7
:10a4700000939df815209df814102b462046f9f7ff
:08a48000a1fca0733bb030bd4c
:020000040000fa
:020000040101f8
:10a48800f0b585b0137801932f4b0093064604234b
:10a49800ee200f461546c0210222fef721fd304668
:10a4a80015f072f8044658b9284b009302460196f5
:10a4b8000423c621ee20fef713fd012005b0f0bdf0
:10a4c80003a90df10b00039519f048f89df80b301e
:10a4d800013bdab20d2a04d90821204606f0aaf871
:10a4e800ebe71b4ad25cba4201d00a21f5e7194ac8
:10a4f80052f8233013b103992046984794f85730ff
:10a50800002bdad0a36d002bd7d093f8ea20002acd
:10a51800d3d01b789342d0d1e37813b92046f5f70e
:10a52800e1f9a36d5b7913b9204603f09dffa36d94
:10a53800002583f8ea50a06d10b119f089fba565d4
:10a548000123a370b9e700bfe7bb0201febb02010c
:08a55800d4350301a0cf02017c
:020000040000fa
:020000040101f8
:10a5600070b590f87340052c01d8032c1bd1c1b9ec
:10a5700000eb8200d0f8d03023e000bf00eb830274
:10a5800000eb4301d2f8d020b1f8e8401168013364
:10a5900064f3de311160dbb290f8f4209a42edd81a
:10a5a00070bd0023f8e714f0fd032bd129bb00ebad
:10a5b0008200d0f8d0301a6861f3de321a60d0f829
:10a5c000dc301a6861f3de321a60e9e71ab200eb98
:10a5d000820100eb4202d1f8d040b2f8e860256871
:10a5e00066f3de352560d1f8dc10b2f8ee400a687b
:10a5f000013364f3de320a60dbb290f8f4209a4251
:10a60000e4d8cde7042ccbd10029b1d000230de054
:10a6100000eb830200eb4301d2f8d020b1f8e84010
:10a620001168013364f3de311160dbb290f8f4207d
:08a630009a42edd8b4e700bf27
:020000040000fa
:020000040101f8
:10a63800f8b54ff088431b6c03f44053b3f5805fc3
:10a648001b4b0cbf41f2850244f685029a604478a0
:10a658000323b4fbf3f303eb4302a41a14f0ff043f
:10a6680024d1deb205462746b74214d1104da86a58
:10a67800010cc0f307200ef0f9f9e86a010cc0f3e9
:10a6880007200ef0f3f9286b010cc0f307200ef039
:10a69800edf92046f8bd2979eb78a87803eb01217c
:10a6a80001370ef0e3f9ffb20335dde70124f0e7e7
:10a6b800003e0144f8b544780323b4fbf3f303ebfd
:10a6c8004302a41a14f0ff0412d1deb2054627464d
:10a6d800b74201d12046f8bd2b79e978a87801eb7b
:10a6e800032189b20137f9f7f5fdffb20335efe72a
:10a6f8000124efe7014608b51020ecf72fffb0fa68
:08a7080080f0400908bd00bf0c
:020000040000fa
:020000040101f8
:10a7100030b52b4c236885b02546002b47d02949fe
:10a72000294c012017f05cfd2b68284a1a60284b41
:10a7300018689a889b798df80630264badf804206e
:10a74000254a1a6000254ff6ff53009002a8adf885
:10a750000830cdf80a50adf80e5019f071fa2368a0
:10a760001d7023684ff461721a636946072013f065
:10a770005ffe2068213019f01dfa206890f8213022
:10a7800013b1223012f0a0fa0120144a062117f06a
:10a7900057fd2168d1f8ec3103f0f802104b134358
:10a7a000c1f8ec31fef712fc002005b030bd3020be
:10a7b00019f050fa20600028b1d10220f5e700bf5f
:10a7c00098ba00201929030194ba002048c902014f
:10a7d000343b0301a0ba00209df10201add8020173
:04a7e000010602006c
:020000040000fa
:020000040101f8
:10a7e40070b50646582019f033fa2d4c2d4d2060d3
:10a7f4005822002118f082fa4ff4bc7019f028fa9c
:10a804004ff4bc720021286018f078fa2b684ff4da
:10a814006172a3f800212368ff221a702368f922c9
:10a824005a70236801229a70f30758bf226821687e
:10a834005ebf137943f00e0313710c2381f8453086
:10a844004ff0ff321f23c1e9022340f20773a1f83e
:10a8540011302b6800204ff0884283f80a01126cf3
:10a8640002f44052b2f5005f14bf07220246ca74d4
:10a874000a75d3f8f02002f0f8010b4a0a43c3e941
:10a884003c200a4a0a49c3e95422c3e95622c3e9cf
:10a894005822c3e95a220520bde8704019f036b8a1
:10a8a400fcba002000bb0020010100057d3c03012f
:04a8b400adf30201fd
:020000040000fa
:020000040101f8
:10a8b80030b5037a012b90f84d3085b00446cde9c8
:10a8c80001031bd12c4b009302231a468521ec204f
:10a8d800fef706fb10f066fa94f84d50012d2ad1c8
:10a8e800264b227aa17a1b680d2000fb021203eb8b
:10a8f800c203d3f8c4313bb9002515e0204b0093bf
:10a9080002231a468621e2e71a689b689c4210d106
:10a91800204608f073fa94f84e3043f0040384f8a4
:10a928004e3020460af092f915f058f9284605b03d
:10a9380030bd1346dfe7023d012d0ad894f84e30aa
:10a9480043f0050384f84e300121204612f06afdd9
:10a95800d2e704f17800fef7f3f804f19000fef76f
:10a96800eff820460af072f994f84e3043f00603e7
:10a9780084f84e300125d7e78c9c020158bb002093
:04a98800af9c02017d
:020000040000fa
:020000040101f8
:10a98c002de9f341044641200f4619f05df90546c7
:10a99c0050b92f4b009302460423c821ee20fef73a
:10a9ac009dfa02b0bde8f081064604f1120806f8e3
:10a9bc00017be37800f121076bbb20224146304636
:10a9cc0017f0f6f9a16d2022eb31384617f0f0f9ab
:10a9dc00a06d412200f5b873294600f5c070f4f75c
:10a9ec00bbfca16d2022eb31304617f0e1f920229f
:10a9fc004146384617f0dcf9a06d412200f5d873ba
:10aa0c00294600f5e070f4f7a7fc284602b0bde833
:10aa1c00f04119f01bb9a16d2022eb31304617f033
:10aa2c00c7f920224146384617f0c2f9a06d4122e1
:10aa3c0000f5b873294600f5c070f4f78dfc2022a0
:10aa4c004146304617f0b4f9a16d2022eb31d0e726
:04aa5c00d42b0301f3
:020000040000fa
:020000040101f8
:10aa60002de9f7432f4fdff8c49080460b25013db9
:10aa700015f0ff0552d004210deb01000bf0a4f8f6
:10aa80003b68d3f84431002b3ed13b68d3f84031ca
:10aa9000002b3ed1019c204613f002fe0528e6d88b
:10aaa000204619f090f80528e1d884ea090014f04e
:10aab00067fc0128dbd9e6b2c4f307239e4206d126
:10aac000c4f307439e4202d1b6eb146fcfd02021ce
:10aad000204615f09bf81828c9d80621a00e15f0bd
:10aae00095f80128c3d9304614f04afc0228bed993
:10aaf0001021a0b215f08af80b28b8d8019bc8f82d
:10ab0000003003b0bde8f083019898470028bcd01e
:10ab1000ade7019898470028bcd0a8e7024b019305
:10ab2000ece700bf00bb0020f6782b9dd6be898ed7
:020000040000fa
:020000040101f8
:10ab30002de9f0418ab01c462f4b01900746009347
:10ab4000ec2001230d4690464b210222fef7ccf962
:10ab5000384615f097ff0646002847d015f0f3fb5e
:10ab600000b3326892f8be31db0741d52b68c2f8da
:10ab7000d3316b68c2f8d731a2f8dc812368c2f800
:10ab8000f63102f5fb7163684b60a3688b60e36884
:10ab9000cb60304612f0f9fb60b3002420460ab0c7
:10aba000bde8f0812b6820686168cdf80e306b68d5
:10abb000cdf8123006ab03c3a068e168adf80c70a5
:10abc00003c31c2203ab05213046adf8168012f0fa
:10abd00012fc04460028e0d0084b009301940123a6
:10abe0000022ff21ec20fef77ff9d7e70224f3e7ec
:10abf0001a24f1e70724efe7c4f70201e0f70201a6
:020000040000fa
:020000040101f8
:10ac00002de9f04f00252f462c4600bf4ffa85f85e
:10ac1000984512db4fea430909f1ff3a4ff000086b
:10ac20005ffa88f606eb030e4ffa8efed64528db58
:10ac3000484400f8014cbde8f08f4ff0000c02ebe7
:10ac40000509e64611f80ca019f8016944ea072441
:10ac50000afb06f616fa84f4a4b20cf1010ca64223
:10ac600088bf0ef1010e4ffa8cf6b0454fea14275b
:10ac70005ffa8efee4b2e5da44553c46013577468c
:10ac8000c4e701363d4676b2002700bf4ffa86fc86
:10ac9000634505dc00f80e4008f101082c46bfe7cb
:10aca00002eb0e0cc6f1000b44ea05251cf80bb0b4
:10acb00011f806c00bfb0cfc1cfa85f5adb2ac45d7
:10acc00088bf0137ecb2ffb201362d0adee700bfc4
:020000040000fa
:020000040101f8
:10acd000324bd3f8602f10f0010114bf42f0010293
:10ace00061f30002c3f8602fd3f8602f10f0020167
:10acf00014bf42f0020261f34102c3f8602fd3f89f
:10ad0000602f10f0040114bf42f0040261f38202cc
:10ad1000c3f8602fd3f8602f10f0080114bf42f081
:10ad2000080261f3c302c3f8602fd3f8602f10f05c
:10ad3000100114bf42f0100261f30412c3f8602f37
:10ad4000d3f8602f10f0200114bf42f0200261f30d
:10ad50004512c3f8602fd3f8602f10f0400114bfe4
:10ad600042f0400261f38612c3f8602fd3f8602fdf
:10ad700010f0800114bf42f0800261f3c712c3f8e3
:10ad8000602fd3f8602f10f4807014bf42f48072eb
:10ad900060f30822c3f8602f704700bf0024014110
:020000040000fa
:020000040101f8
:10ada000f8b51446054610b900252846f8bd002917
:10adb000fad0284a284e11602848294a9bbb2949c5
:10adc00033700f6817608f8889799780917103239a
:10add00003700ef0fffc14f0f1fed4e900010df059
:10ade000b7fb2846fef75afd05460028dcd01e4b6f
:10adf0004022c3f88420bff34f8fbff36f8fa02191
:10ae000083f82613c3f884215a60fff765fa10f01f
:10ae1000f1fb204616f070fa237bdb07c5d4bde8b2
:10ae2000f8400ef06fbd5978c9074bbf19460d4960
:10ae300051f8027f0f6817608f8897808979917128
:10ae40005a7812f0020218bf93f9092032701b7869
:10ae5000bee700bfc0ba002023bc002022bc0020f7
:0cae6000e4b900208c3b030100e100e09d
:020000040000fa
:020000040101f8
:10ae6c002de9f7432a4bd3f8008018ea000f04466b
:10ae7c0038d1002836d0083463071cbf24f00704ef
:10ae8c000834002c2ed0234b1e68a642994629d399
:10ae9c00214b1d686a68a24202d22a68002a34d16a
:10aeac001e4a1268aa421dd02a681f681a606b6875
:10aebc001b1b102b07f1080704d9281943606c6081
:10aecc000ef0a8fc16496a680868b61a864248ea69
:10aedc0002024ff00003c9f8006038bf0e606a60d0
:10aeec002b6077b90f4b1b680bb1002098470e4baa
:10aefc0000930194052300220221ef20fdf7eeffc1
:10af0c000027384603b0bde8f0832b461546c1e751
:10af1c00c4ba0020c8ba002094b90020d0ba0020ce
:0caf2c00ccba0020bcba0020282203018f
:020000040000fa
:020000040101f8
:10af3800f8b50c4630490a680546002a51d092f8ff
:10af4800c030012b4dd192f8e800002849d1d2f841
:10af5800f020002a18bf02234a6832b192f8c010c4
:10af6800012902d192f8e8200ab1002b3dd003f064
:10af7800f3fe024600283cd004f06efc1e4e03f09f
:10af8800ebfe00220221944656f8043b13b393f8d3
:10af9800c0e0bef1010f1dd193f8e870d7b9d3f81e
:10afa800f02083f8e8e042b11760d3f8f020476852
:10afb8005760d3f8f0203a604260d3f8ec20c2f82a
:10afc80000c0d3f8ec2047685760d3f8ec203a600b
:10afd80042601a46012906d100212a6020600846ed
:10afe800f8bd0023b8e70121cee71f2118461a460d
:0caff800f3e70721f1e700bfccb900200f
:020000040000fa
:020000040101f8
:10b00400023908b523295fd8dfe801f0125e5e5edd
:10b01400161a5e1e5e22262a5e2e5e32363a3e42a4
:10b02400465e5e5e5e5e5e4a4e5e5e5e5e52565a90
:10b03400bde8084017f0b6b9bde808400af02abeda
:10b04400bde8084001f00ab8bde8084017f0f6bab8
:10b05400bde8084007f094bebde808400ff090bb7f
:10b06400bde8084015f05ab9bde8084000f00ebe2e
:10b07400bde8084004f0e4bebde8084013f024bf76
:10b0840013f067f8012008bdbde8084011f0b1ba1b
:10b09400bde8084013f02fbfbde8084011f018b810
:10b0a400bde8084014f0d8b9bde8084017f0d1ba9b
:10b0b400bde808400df0b8bdbde80840f7f7a6bdef
:0cb0c400bde8084005f06abf0020dce792
:020000040000fa
:020000040101f8
:10b0d00038b52f4c837bd4f86c2f0d46110547d41f
:10b0e000d4f8682f920043d5032b4fd8dfe803f044
:10b0f00004390726ff2d06d1d4f8003109e0d4f831
:10b10000685fc5f30265284618f018f9d4f80031d5
:10b1100048b16ff34103c4f800311e490020bde877
:10b12000384016f0d9b843f00203c4f8003128467d
:10b1300018f054f9bde838400cf030bbd4f8685f23
:10b14000c5f30265284618f0f9f8d4f8003143f049
:10b150000203c4f800310028e9d00f48eae7ff2dc8
:10b16000f0d1d4f8003143f00203c4f80031f4e721
:10b17000032b0bd801a252f823f000bff9b0010154
:10b1800063b10101f5b001015fb1010138bd00bf3c
:0cb1900000240141ac330141f1b9002062
:020000040000fa
:020000040101f8
:04b19c0000befee70c
:020000040000fa
:020000040101f8
:10b1a00053ec102bc3f30a512de9f04140f2fd702e
:10b1b0004e1e86421d4645d8a1f2ff30002835dbe1
:10b1c000332831dc284bc0f120084ff0ff3c03fa54
:10b1d00008f2a1f21f412cfa00fc10ee104a4cead2
:10b1e000020c23fa01f24cea020c23fa00fe04eaf4
:10b1f0000c0605ea0e0724ea0c0256ea070425eac3
:10b200000e030fd0002a73f100040bdb4ff48015fe
:10b2100005fa08f425fa01f10c43121925fa00f099
:10b2200040eb030343ec102bbde8f081002a73f1df
:10b23000000303db9fed080bbde8f0819fed080bd9
:10b24000bde8f0810029efd10a4603f0004343ec4a
:10b25000102be9e7aff30080000000000000f03f92
:0cb260000000000000000000ffff0f00d5
:020000040000fa
:020000040101f8
:04b26c0000befee73b
:020000040000fa
:020000040101f8
:10b2700053ec102bc3f30a512de9f04140f2fd705d
:10b280004e1e86421d4645d8a1f2ff30002835db10
:10b29000332831dc284bc0f120084ff0ff3c03fa83
:10b2a00008f2a1f21f412cfa00fc10ee104a4cea01
:10b2b000020c23fa01f24cea020c23fa00fe04ea23
:10b2c0000c0605ea0e0724ea0c0256ea070425eaf2
:10b2d0000e030fd0002a73f100040bda4ff480152f
:10b2e00005fa08f425fa01f10c43121925fa00f0c9
:10b2f00040eb030343ec102bbde8f081002a73f10f
:10b30000000303db9fed080bbde8f0819fed080b08
:10b31000bde8f0810029efd10a4603f0004343ec79
:10b32000102be9e7aff300800000000000000000f0
:0cb33000000000000000f0bfffff0f0055
:020000040000fa
:020000040101f8
:10b33c00f7b52e4b019004460f46009302220123d1
:10b34c001121ec20fdf7cafd17f0e2fe002849d1cf
:10b35c001f2c49d884b12046fff782fd50b9072431
:10b36c00234b0093019401230022ff21ec20fdf7d5
:10b37c00b5fd32e012f064fb03f0ecfc0028eed0db
:10b38c0004f068fa1b4b1868f021043018f078fab6
:10b39c0005462cb32046fff763fd0646d5f8fc00a6
:10b3ac0020b112f04dfb0023c5f8fc3034b1c5f8c8
:10b3bc00fc6022463946304616f0fafc95f86031ae
:10b3cc00a5f80041012b04d102220021284609f0e6
:10b3dc00cdfe012017f08cfe0024204603b0f0bdfa
:10b3ec002646dbe70c24bbe71224b9e7a6250301ac
:08b3fc00bc010301f4ba0020ba
:020000040000fa
:020000040101f8
:10b40400f7b52e4b019004460f4600930222012308
:10b414001221ec20fdf766fd17f07efe002849d1cd
:10b424001f2c49d884b12046fff71efd50b90724cc
:10b43400234b0093019401230022ff21ec20fdf70c
:10b4440051fd32e012f000fb03f088fc0028eed03e
:10b4540004f004fa1b4b1868f021043018f014fab5
:10b4640005462cb32046fff7fffc0646d5f80c0131
:10b4740020b112f0e9fa0023c5f80c3134b1c5f853
:10b484000c6122463946304616f096fc95f8603138
:10b49400a5f81041012b04d102220021284609f00d
:10b4a40069fe012017f028fe0024204603b0f0bdf9
:10b4b4002646dbe70c24bbe71224b9e7b01e0301e0
:08b4c400bc010301f4ba0020f1
:020000040000fa
:020000040101f8
:10b4cc002de9f0410f4615463a78c17902f00f0c80
:10b4dc00bcf1060f92b0064618d8012404fa0cf4fd
:10b4ec0014f0550402d07c78063ce4b241f2020020
:10b4fc00adf8000001208df80400bcf1060f36d821
:10b50c00dfe80cf00607313533352f000024ede76a
:10b51c0000208df80500342000fb013393f88110d6
:10b52c0039b393f88580404616f09afb40f0020040
:10b53c008df806000df1070140460ef029fa3b7814
:10b54c008df80d4013f0090f0cbf0635002533782c
:10b55c00049568468df8143012f090fb12b0bde8db
:10b56c00f0810220d5e70320d3e70420d1e7ff20a8
:10b57c00cfe72b68cdf80730c2f38012ab888df87b
:08b58c000620adf80b30dae7f0
:020000040000fa
:020000040101f8
:10b59400304bd3f8842f6ff31f62c3f8842fd3f892
:10b5a400882f6ff30702c3f8882fd3f8882f6ff31f
:10b5b4000f22c3f8882fd3f8882f6ff31742c3f8ec
:10b5c400882fd3f8882f6ff31f62c3f8882fd3f81e
:10b5d4008c2f6ff30702c3f88c2fd3f88c2f6ff3e3
:10b5e4000f22c3f88c2fd3f88c2f6ff31742c3f8b4
:10b5f4008c2fd3f88c2f6ff31f62c3f88c2fd3f8e2
:10b60400902f6ff30702c3f8902fd3f8902f6ff3a6
:10b614000f22c3f8902fd3f8902f6ff31742c3f87b
:10b62400902fd3f8902f6ff31f62c3f8902fd3f8a5
:10b63400942f6ff30702c3f8942fd3f8942f6ff36a
:10b644000f22c3f8942fd3f8942f6ff31742c3f843
:08b65400942f7047002401410e
:020000040000fa
:020000040101f8
:10b65c0070b52f4b0468586903781646427884f805
:10b66c002220c3f3c00003f00305e077c3f380008e
:10b67c00c3f30013a57784f8200084f8213031bb84
:10b68c00e1750023a375aeb194f8f83213b1214bd8
:10b69c001b787bb994f82620e37f9a420ad194f860
:10b6ac00a7313bb9637e012b04d094f82230dbb96f
:10b6bc000123a37594f8661094f8220010f014f985
:10b6cc00d4f888301844c4f88800002015e094f8a9
:10b6dc002530834205d00123e375204611f002fd8d
:10b6ec00cfe70023e375cce7204613f0a3ff28b186
:10b6fc00236e43f010032366012070bd94f89c3137
:10b70c00002bd5d1032d1cbf012384f89c31cfe72e
:08b71c0010b800203abc002027
:020000040000fa
:020000040101f8
:10b7240090f8e530002b48d1d0f8d03040f27122a7
:10b73400b3fbf2f39ab22b4bd3f8041162f31f411b
:10b74400c3f80411417ed3f8002161f38302c3f8e6
:10b75400002190f8e620022a13d0042a1fd0012adf
:10b764003ed1d3f8041162f3cc21c3f80411d3f809
:10b77400001162f30611c3f80011022380f8e630c9
:10b784007047d3f8041162f3cc21c3f80411d3f841
:10b79400001162f30611c3f800110423eee7d3f895
:10b7a400041141f4c051c3f80411d3f8001162f339
:10b7b4000611c3f800110123e0e7012b10d1094b56
:10b7c40090f80811d3f8002161f3cc12c3f80021da
:10b7d40090f80911d3f8002161f38302c3f8002122
:08b7e400704700bf0024014181
:020000040000fa
:020000040101f8
:10b7ec0070b52d4c2268557a002d53d111782b4b06
:10b7fc0049001e68c9b261f307061e6011781e6805
:10b80c0001314900c9b261f30f261e6011781e6820
:10b81c0002314900c9b261f317461e6011781e68e7
:10b82c0003314900c9b261f31f661e6011780431ff
:10b83c001170821c1a4922f070420a60a3f514722e
:10b84c00c0b2118860f307011180a3f58362a3f5e0
:10b85c000b73116865f34d3111601a8842f00102c7
:10b86c001a8023681a78272a08d91d7023689a79b8
:10b87c00d979013a914204bf01225a722368b3f874
:10b88c00ca20013aa3f8ca201a7a01321a72054b5f
:10b89c0001221a7070bd00bfc0bb0020503c01419a
:08b8ac00b8bb002045bc0020e0
:020000040000fa
:020000040101f8
:10b8b40070b52d4c2268557a002d53d111782b4b3d
:10b8c40049001e68c9b261f307061e6011781e683c
:10b8d40001314900c9b261f30f261e6011781e6858
:10b8e40002314900c9b261f317461e6011781e681f
:10b8f40003314900c9b261f31f661e601178043137
:10b904001170821c1a4922f070420a60a3f5137266
:10b91400c0b2118860f307011180a3f21c42a3f5a1
:10b924000a73116865f34d3111601a8842f00102ff
:10b934001a8023681a78272a08d91d7023689a79ef
:10b94400d979013a914204bf01225a722368b3f8ab
:10b95400ca20013aa3f8ca201a7a01321a72054b96
:10b9640000221a7070bd00bfc0bb0020543c0141ce
:08b97400b8bb002045bc002017
:020000040000fa
:020000040101f8
:10b97c00f0b5d0e9037585b0008913f003fe0446d9
:10b98c00002854d0816d002951d090f85530002bef
:10b99c004dd007b13db92046082104f049fe0446bc
:10b9ac00204605b0f0bd2b68c1f86f306b68c1f84c
:10b9bc007330ab68c1f87730eb68c1f87b30836dbe
:10b9cc0001229a70412018f03ff9064688b30023f3
:10b9dc0000f8013ba16d2022eb3116f0e9f9a16dc5
:10b9ec002022eb3106f1210016f0e2f9412231461a
:10b9fc0028466b46f3f7b0fc10226946384616f021
:10ba0c00c9f978b9e37853b9a16d204601f5e07115
:10ba1c000bf0a2ff0446304618f018f9c0e70723d4
:10ba2c00a370f7e70421204604f002fef2e701249c
:06ba3c00b6e70224b4e7a6
:020000040000fa
:020000040101f8
:02ba4200020000
:020000040000fa
:020000040101f8
:10ba4400002856d070b50446c26a2b490968c96af1
:10ba54008a4245d28169002905db27490968c96af8
:10ba6400c1f10501816102eb8202244901eb8202ea
:10ba74006169914205d0204a1268d26ae2620120cb
:10ba840036e0251d284615f0cef938b91c490b6857
:10ba9400e06a0122824023ea02030b60164b1b6812
:10baa400db6ae36216490e68012000fa03f23243ae
:10bab4000a60124a03eb830302eb83035b68a3600f
:10bac4009968e1604d609d60e56aa9004b199b008f
:10bad400d6186661294452f821100144d15007e078
:10bae400054a1268406cd36a98422cbf002001209a
:10baf40070bd0020704700bf40ba0020acb30020e6
:04bb04005cba002007
:020000040000fa
:020000040101f8
:10bb08002de9ff4705460e46144614f04ffe002760
:10bb1800294b99461a689200fcd428686968274b13
:10bb280003c3a868e96803c330687168a3f1dc023d
:10bb380003c2b068f16803c2a3f1600aa3f1280840
:10bb48000ff030f9d9f8003043f00063c9f800303d
:10bb580014f044f8d9f800309b00fbd4daf8003030
:10bb6800c3f3400353b9164a03ca2060616003ca8d
:10bb7800e160e27ba06042b1184619e0b8f80030f5
:10bb880043f02003a8f80030dae72fb1102221464d
:10bb9800684616f001f958b1206861686b4603c31e
:10bba8000137a068e168ffb2052f03c3b0d10120b7
:10bbb80004b0bde8f08700bf30340141dc340141f6
:04bbc80020340141e3
:020000040000fa
:020000040101f8
:10bbcc0073b54ff41471002008f03efc05460028b4
:10bbdc0051d004684ff414720021204617f08af8f3
:10bbec0004f59473c4f82c3104f59873c4f834310b
:10bbfc0004f59c73c4f83c3104f5fc73c4f8fc31b7
:10bc0c0004f50073c4f8043204f50273c4f80c3262
:10bc1c001a4ba5601a6800262660916861600c605a
:10bc2c0094601a681378013313703146182204f5a6
:10bc3c00087017f05ff84ff480731822c4f82c5278
:10bc4c00c4f82832314604f50e7017f053f80c4b3b
:10bc5c00c4f84452c4f8403201210df1070009f038
:10bc6c00adff9df807102522b1fbf2f302fb131375
:10bc7c0084f882302546284602b070bdf4ba002004
:04bc8c0001010300af
:020000040000fa
:020000040101f8
:10bc900070b5046894f8ae51064615b101252846e2
:10bca00070bd0ef092fd00284dd0112384f8ae3106
:10bcb0000f21304606f04efb0028efd017f004feaf
:10bcc000012829d9b4f84832b4f84a20d4f87801c8
:10bcd0009a421abf40f2e2415943294617f030fe1a
:10bce000a4f89a00b4f89a203ab1b4f84812b2fb1a
:10bcf000f1f301fb1323a4f89a3030460ff0f8fe5d
:10bd0000054660b1304612f043fd94f8c63143f069
:10bd1000010384f8c631c2e7a4f89a50ede794f81d
:10bd200064304bb904213046fbf70bf80546002878
:10bd3000b4d184f8ae01b2e7012bafd11021304667
:10bd4000fcf776fff2e730461e220f21bde8704077
:04bd50000df052bfe1
:020000040000fa
:020000040101f8
:10bd54002de9f74fcd790468032d88460cd92b4b78
:10bd64000093019501230022be21ec20fdf7baf8cf
:10bd74001e2003b0bde8f08f342707fb054797f872
:10bd84005ea00af1ff33012b07d9214b0093cdf8b4
:10bd940004a001230222bf21e7e7d4f82490be6f58
:10bda40094f80fb04ff6ff71484603f04dfae0b92e
:10bdb40097f8843013b3abf1020bbbf1010f1dd81c
:10bdc40023464a463146404606f046fbbaf1020f86
:10bdd4000bd1b37803f00f03042b06d172782346fa
:10bde4004a44b11c4046fff76ffb342303fb05456f
:10bdf400002085f88a0084f82f00bae723464a46d3
:10be040031464046fff760fbe0e700bf4cfd02010e
:04be14005cfd0201ce
:020000040000fa
:020000040101f8
:10be18002f4bd3f8642f70b342f00102c3f8642f9c
:10be2800d3f8642f42f00202c3f8642fd3f8642fca
:10be380042f00402c3f8642fd3f8642f42f00802da
:10be4800c3f8642fd3f8642f42f01002c3f8642fac
:10be5800d3f8642f42f02002c3f8642fd3f8642f7c
:10be680042f04002c3f8642fd3f8642f42f08002f6
:10be7800c3f8642f704760f30002c3f8642fd3f847
:10be8800642f60f34102c3f8642fd3f8642f60f382
:10be98008202c3f8642fd3f8642f60f3c302c3f897
:10bea800642fd3f8642f60f30412c3f8642fd3f817
:10beb800642f60f34512c3f8642fd3f8642f60f33e
:10bec8008612c3f8642fd3f8642f60f3c712cfe744
:04bed8000024014100
:020000040000fa
:020000040101f8
:10bedc00f8b52b4b1a8842f008021a801a8842f0e7
:10beec0002021a80a3f5ea731c461a6802f00f02cc
:10befc00072a3ed1082012f041f9224a224e11683d
:10bf0c004ff68c330b4043f008031360a6f1080581
:10bf1c003068376829682a682b68c0f3c000c7f3fb
:10bf2c008007c1f38001384313f06063c2f3c00291
:10bf3c0041ea000142ea010218bf012313431cd15c
:10bf4c00124d134a23681b07fcd1166816f01f0606
:10bf5c00f8d1eb6a43f00103eb62032012f00ef907
:10bf6c00eb6a66f30003eb620320bde8f84012f0c5
:10bf7c0005b9082ac1d10420bde700bfc8e700bf3e
:10bf8c00303a0141283a0141283a0141002401414b
:04bf9c0058380141cf
:020000040000fa
:020000040101f8
:10bfa00030b50c4693b008280ad8dfe800f0050c3d
:10bfb0001014181c42515500117820460ef03aff1b
:10bfc000002013b030bd084612f0c5f8f8e7084667
:10bfd00017f002fef4e7084615f0e5fbf0e7084627
:10bfe00015f0b4ffece70d68b5f88712b5f8983096
:10bff0009942e5d092f9003085f88c32002128462c
:10c0000010f016fb012101fa00f085f88b0228469a
:10c0100010f00efb0146204616f0eaf9b5f898300c
:10c0200085f88d020133a5f88932204616f0a4f96f
:10c03000c6e70b684ff48151adf800101b88adf8ce
:10c04000043068461388adf8063011f01dfeb7e7de
:10c05000084600f0bbffb3e7084611f0ffffafe76b
:020000040000fa
:020000040101f8
:10c0600038b5036893f8b421142a044639d00cd8a3
:10c070000e2a1ad00f2a22d0032a0cd193f8be21ff
:10c080006ff3000283f8be2105e0162a2ed002d3fa
:10c09000233a022a3dd90021204609f031fe2046ec
:10c0a000012109f02dfe012016e093f8be216ff367
:10c0b000c30283f8be211a2112f052fbebe793f87a
:10c0c000be216ff3410283f8be2193f8643023b997
:10c0d00010f074fa0028ded138bd1a210df067fd8a
:10c0e000d9e793f8be216ff34512cbe7012113f096
:10c0f00019fe16f0eafe00210546204613f012fe56
:10c1000016f0e3fe1a230246294620460ff0c4ff2c
:10c11000c1e793f880226ff3c71283f88022bae751
:020000040000fa
:020000040101f8
:10c120002de9f041074614f045fb3b682b4d1c6898
:10c1300029682346a3b914bb384617f050fd2b6875
:10c1400093f8bb2293f8ba329a4207d12b6893f83e
:10c15000bb22a24238d80022a3f8ba22bde8f0815f
:10c1600093f84e20520708d491f8ba2201eb8200ce
:10c170000132c0f8bc3281f8ba221b68dae794f8c1
:10c180004e10d4f8008011f004061bd12046fef7b3
:10c1900093fb012809d12a6892f8bb32013382f857
:10c1a000bb323146224604f001fa606d08b1fef759
:10c1b00083fbd4f8a80008b117f06afd21460320dc
:10c1c00012f0eefb4446b6e703eb84030134d3f8e8
:10c1d000bc0215f011f9e4b2b8e700bf58bb00206b
:020000040000fa
:020000040101f8
:10c1e00038b50468236ed90505462ad51a0524d525
:10c1f000f7f798fa294bda6a42f40032da62da6a1f
:10c200006ff35142da62da6c42f40032da64da6ccb
:10c210006ff35142da64da6c42f48022da64da6c49
:10c220006ff39242da6494f808335bb9637d0133ab
:10c230006375204613f07afe16e014f0bdf800286e
:10c24000d6d038bd236e1b0606d594f86430012b7a
:10c250001ad1284614f0dcfc0ef0a8fd236e23f062
:10c260004003236613f0befc94f86430012b06d122
:10c27000237d13f0180f02d028460ef01ff9284630
:10c28000bde83840eef772b90ef090fd236e23f052
:10c290008073236613f0a6fcdee700bf0024014193
:020000040000fa
:020000040101f8
:10c2a0002de9f04190f81431072b0446d0f8b40082
:10c2b00031d00678d4f8b050c6f38016274bd3f8a7
:10c2c0006c2f12f4006f04f1fc0804f1f6070dd195
:10c2d000d3f86c2fd10534d5d3f8682f920030d520
:10c2e000d3f8683fc3f3026384f8f43094f8f400a1
:10c2f00015f0bcfc40f0020084f8f5002b68c4f88f
:10c30000fc30ab88a8f80430394694f8f400bde856
:10c31000f0410df043bb8378033003f03f03034447
:10c3200001219878033300f03f00184410f8026ba5
:10c33000fbf71cfac6f3801605460028bed1bde8ff
:10c34000f081002384f8f560c4f8fc30a8f80430cc
:10c350002b68c4f8f630ab88bb80f0e700240141bd
:020000040000fa
:020000040101f8
:10c36000f8b58c1e00ebc40416461f460d46d4e9f2
:10c37000022330463946f8f763fed4e90023f0f78c
:10c380009bff022d02460b4645d030463946f8f752
:10c3900057fe54e90223f0f78fff032d02460b46a8
:10c3a00039d032463b46f8f74bfe54e90423f0f708
:10c3b00083ff042d02460b462dd030463946f8f750
:10c3c0003ffe54e90623f0f777ff052d02460b46a2
:10c3d00021d030463946f8f733fe54e90823f0f708
:10c3e0006bff062d02460b4615d030463946f8f74e
:10c3f00027fe54e90a23f0f75fff072d02460b469c
:10c4000009d030463946f8f71bfe54e90c23f0f703
:10c4100053ff02460b4630463946f8f711fef8bd89
:020000040000fa
:020000040101f8
:10c4200038b5046894f86430012b05464cd194f873
:10c43000ae313bb194f8ac21112a03d0112b01d0bd
:10c4400001240ee0b4f89820b4f844329b1a9bb251
:10c4500047f6fe7293422ed816f058fb014610b9eb
:10c460000024204638bd94f8c631db0710d4b4f858
:10c470004a20b4f83e329a4204d1e26cd4f84032f9
:10c480009a4205d094f8c63143f0010384f8c631ce
:10c490000023cb71b4f844320b8104f23a23cb6011
:10c4a000284617f0d8fa94f8ac31112bc8d01123d4
:10c4b00084f8ae31c4e72846112112f0e5ff2821a7
:10c4c000284616f0d5fcbbe7002114f036fd0446e3
:0ec4d0000028c5d01121284612f0d6ffc1e782
:020000040000fa
:020000040101f8
:02c4de0002005a
:020000040000fa
:020000040101f8
:10c4e0000d0a3d3d3d20554e50524f564953494f40
:10c4f0004e4544202874656d702049443d256429cb
:10c50000203d3d3d0d0a000050726f766973696fe2
:10c510006e3a20303020303020303020303520301e
:10c52000352058580d0a00000d0a3d3d3d20444974
:10c530004d4d45525f25303264202850726f766928
:10c5400073696f6e656429203d3d3d0d0a00000052
:10c550004164766572746973696e672e2e2e0d0aba
:10c56000000000005363616e6e696e6720666f7233
:10c570002070656572732e2e2e0d0a00434d443acd
:10c580002025730d0a0000004e6f64653d25642070
:0cc5900050656572733d25640d0a0000c3
:020000040000fa
:020000040101f8
:10c59c002de9f04104468846254b1d68254b1e6845
:10c5ac00254b1f68254b1868043014f038fc48b92b
:10c5bc00224b1a6822490b68d06a0122824023ea76
:10c5cc0002030b60b4f1ff3f0dd02c441b4b1b68d6
:10c5dc005c60a5421ed9194b19680431384611f01c
:10c5ec00a9f8bde8f081b8f1000feed0154a5168fa
:10c5fc00124b1868816018688c68c4601868043025
:10c60c0060601868043088601b685a6113680133d5
:10c61c001360e6e7094b19680431304611f08af8cb
:10c62c00094b1b68a34284bf074b1c60d9e700bfb2
:10c63c0074ba002044ba002048ba002040ba002046
:0cc64c005cba00207cb8002064ba00201a
:020000040000fa
:020000040101f8
:10c6580030b503780e2bc3b0044622d00f2b3ed042
:10c66800062b1bd100250ce009238df8083004ebbc
:10c67800850302a8db88adf80a300cf075fb01359c
:10c68800edb22379ab42efd8002204340192009432
:10c698001a2313214ff4827012f016fe012043b0c2
:10c6a80030bd03798df809300025411d20220df198
:10c6b8000a008df8085015f07dfb04f125012022b1
:10c6c8000df12a0015f076fb043402a814f014f8d2
:10c6d8000195009441232a4640f63e01dae70123fa
:10c6e800411d20228df8083003798df809300df1ad
:10c6f8000a0015f05ffb02a813f0feff04340022c5
:0cc7080001920094212340f63e11c3e78b
:020000040000fa
:020000040101f8
:10c71400f0b585b013780193294b009305460423a3
:10c72400ee200f46164650210222fcf7dbfb28467a
:10c7340012f05efd044658b9224b0093024601955f
:10c7440004235221ee20fcf7cdfb002005b0f0bd00
:10c7540003a902a8039616f003ff03a90df109002b
:10c7640016f0fefe03a90df10a0015f00fffbdf847
:10c774000a203b1f9a4206d000231a46194628462f
:10c7840003f062fde1e79df80930a3719df80830dc
:10c79400013bdab2192a07d900231a46194628465a
:10c7a40003f052fd0120d1e7074a52f8233023b1a8
:10c7b4003246394628469847f4e71846c6e700bf8c
:0cc7c400aabb0201c1bb02012058020107
:020000040000fa
:020000040101f8
:10c7d00003297fb5044615464cd10df08dff002886
:10c7e00049d1e3789a074dd413f0100f264b1b68fc
:10c7f00005f101010df10a0014bf1e895e8917f0d1
:10c800000ff8bdf80a30162b9cbf1723adf80a307d
:10c81000bdf80a30b34228bf3346a380032017f087
:10c82000cff90546b0b100f11003032103a803932b
:10c8300016f0fcff314603a816f0feff0423009318
:10c840002a4600230321208811f0a4fb10b12846ba
:10c8500017f0f0f94ff4827017f0fcf940b10e2296
:10c86000027022888280a288c280042113f00efb0d
:10c8700004b070bd0420c3b200220221204602f0a1
:0cc880001dfef5e70620f6e7a8ba002030
:020000040000fa
:020000040101f8
:10c88c0038b55c2017f0e0f9234c244d20605c2275
:10c89c00002116f02ffa702017f0d6f97022002123
:10c8ac00286016f027fa22681346002443f8044f38
:10c8bc009360fff785f968b3f0234375012380f883
:10c8cc002b30db02c0e9063307230384ff2380f8f7
:10c8dc002e30032380f8f43080f8734080f8224027
:10c8ec0080f829400e4816f043fc0e4816f048fc20
:10c8fc000d4816f05dfc0d4816f022fc0c4816f0a5
:10c90c006ffc20460b4916f0fdff2b680a4a9a650e
:10c91c00204638bd0720fce7f4ba0020f8ba002006
:10c92c008d080301911a03016908030135b6020150
:0cc93c0015a102013913030115ac000124
:020000040000fa
:020000040101f8
:10c9480007b50b4613281cd8dfe800f00a1b1e1b8e
:10c958001b22383c401b1b1b1b1b48454e1b1b53f3
:10c96800254a126892f8262342b10b6801930422e3
:10c9780001ab0021002009f02bfc02e00846f8f783
:10c98800fbff03b05df804fb084612f0d1fdf8e7a1
:10c99800194a116891f8262362b1d1f8a4121a68cd
:10c9a80041b1907a897a884204d8019201ab042275
:10c9b8000521dfe718460af091fee2e7084616f07f
:10c9c800b5ffdee7084616f085fadae70979184672
:10c9d80014f0e2fad5e7f4f7abfcd2e7d1e901129b
:10c9e8001878eff7bdf9cce74968186809f018fe20
:0cc9f800c7e713f00bfac4e758bb00209f
:020000040000fa
:020000040101f8
:10ca040037b50468b4f84a3094f98422f02b94bf03
:10ca140094f91b3094f91a309a4205460cdc94f9c7
:10ca24001b3094f982229a4206dbb4f89830013321
:10ca3400a4f8893203b030bd94f883220121d21abc
:10ca4400204652b20ef08cfb002a1fdd231893f807
:10ca54007c329b07e9d4174b009593f915309a4221
:10ca6400b8bf1a46002a08da204490f9743299189b
:10ca74001031bcbfc3f1f00252b28df804206b46f2
:10ca840005220d49012009f0a5fbcee7cdd02318de
:10ca940093f87c12c907c8d494f98612002903dae2
:10caa40094f985120029c0d093f974320f33bcdb9a
:0ccab400d1e700bf28b8002005060101f2
:020000040000fa
:020000040101f8
:10cac0002de9f843eff311874ff0200484f3118828
:10cad000bff36f8fbff34f8f856bc46ba54206d337
:10cae000022b04d0002087f31188bde8f8831d468f
:10caf0009046044690f8456076b2d0f838901a46d1
:10cb000007f0eef9b6f1ff3f21d1a36c7bb1022d06
:10cb100002d1b9f1000f24d120460bf085f810b3f3
:10cb2000b8f1000f21d00120c8f80000dbe7636aec
:10cb30000bb90120d7e704f12400fdf789fab0b161
:10cb4000b8f1000f15d00120c8f80000cbe716f0af
:10cb5000cbfd86420fd2013676b284f845600120c3
:10cb6000c1e70120bfe70120bde70120bbe70120ad
:0acb7000b9e70120b7e70120b5e79f
:020000040000fa
:020000040101f8
:10cb7a0073b50468e36db4f84a10db689a88914289
:10cb8a00064609d1b4f84c10da88914204d1b4f8b7
:10cb9a004e101a89914202d0032284f89c201a78f6
:10cbaa0084f847205a88a4f848209a88a4f84a208a
:10cbba00da88a4f84c201b89a16da4f84e302046cf
:10cbca00012209f087fe236eb4f84a2023f00103fc
:10cbda002366b4f84e3000252046c4e91d55db0013
:10cbea00b3fbf2f3c4f8803001f03ff8d4f878319f
:10cbfa001a8fdb6b0092019315f06fff04f1c403e7
:10cc0a002946b422184616f076f86a4603460c21dd
:10cc1a003046fbf746fd236ec4f87c5123f004032b
:0acc2a0043f00803236602b070bd5a
:020000040000fa
:020000040101f8
:10cc34002de9f041294e2a4c4ff00108294f13e009
:10cc4400226afab1616a236a40469847a36a0133ab
:10cc5400226b934228bf002314e0a26aedb2bd54b4
:10cc6400a36294f83430fbb9337e13f0040f32d04e
:10cc7400b56aa36a0133226b934228bf0023e26a98
:10cc84009a42ddd0e26a9a42eed0726802f007025c
:10cc9400012ae2d1a16a4a00e8b207f81100013280
:10cca400c5f30725bd54dbe715f02cfa236a002be6
:10ccb400dad0616a94f83c3033b1a36b9842d3d391
:10ccc400236a00209847cfe7a36b9842ccd1236a0c
:10ccd40000209847c8e7bde8f08100bf000c004081
:08cce40004b6002080ff0120ce
:020000040000fa
:020000040101f8
:10ccec0070b5294e01233370284b53f8045b1c6834
:10ccfc00e30602d5264b1b699847a00602d5244ba8
:10cd0c005b699847e90602d5224b1b699847aa0430
:10cd1c0002d5204b5b6b98472b0602d51d4bdb696c
:10cd2c009847e80502d51b4b1b6a9847a90502d505
:10cd3c00184b5b6a9847e20502d5154b1b6a98475e
:10cd4c00a30502d5124b5b6a9847650502d5104bbb
:10cd5c009b6a9847e00402d50d4b1b6b9847a104c6
:10cd6c0002d50b4b5b6b9847620402d5084b9b6b4f
:10cd7c009847230402d5064bdb6b984715f066faef
:10cd8c000023337070bd00bf29bc0020143f01414b
:08cd9c0000be0020c0bd002014
:020000040000fa
:020000040101f8
:10cda4002de9f04f047a14f00704034618bf012458
:10cdb400274850f8346084467eb900ebc4051e60f1
:10cdc40040f834306b60234840f82430002a3cd0cb
:10cdd4000846bde8f04f04f00fb8d3f804a04ff0b4
:10cde400000eaaeb010bb0463746f146bbf1000f2b
:10cdf4001ffa8ef5786807db401a002816daddb9c9
:10ce04001e604cf83430dee7b9f1000f0ed1401a41
:10ce1400002809db38680135adb20ef1010eb846c1
:10ce24000028ecd00746e1e74ff001097868a0eb51
:10ce34000a000028eedde2e7d8f800201a6012b9f3
:10ce44000cebc4046360c8f80030bde8f08f00bf89
:08ce54000cb90020acb900206c
:020000040000fa
:020000040101f8
:10ce5c002de9f04192b01d464b7906930b79059361
:10ce6c00cb7804938b7803934b7802930b780193d4
:10ce7c00234b009380460123ec200c4617462021bf
:10ce8c000222fcf72bf828460cf00cf8064660bb87
:10ce9c009df8203068f3000360f341038df82030d7
:10ceac002368cdf82130a388adf825303b68cdf848
:10cebc0027307b68cdf82b30bb68cdf82f30fb6862
:10cecc00cdf833302b68cdf837306b68cdf83b306c
:10cedc00ab68cdf83f3008a8eb68cdf8433002f0d2
:10ceec0051fd304612b0bde8f081064b0190009325
:10cefc0000220123ff21ec20fbf7f0fff1e700bf3c
:08cf0c0070f702010711030197
:020000040000fa
:020000040101f8
:10cf140030b5044689b0008813f0b2fd00284ad029
:10cf2400036893f98022002a47daa278ff2a3dd0c9
:10cf3400e1780a4483f89622a278e178521a83f8b9
:10cf44009722617922790a4483f8982222796179b7
:10cf5400521a83f89922e288a3f89a2293f89e221f
:10cf640042f0020283f89e220025e3880693637947
:10cf7400059323790493e3780393a3780293238896
:10cf840001930f4b0093022201235521ec20fbf760
:10cf9400a9ff45b10b4b0093019501230022fd210c
:10cfa400ec20fbf79fff284609b030bd4ff6ff7217
:10cfb400a3f89622c5e70225d7e71a25d5e700bfcf
:08cfc400a26902012af002013a
:020000040000fa
:020000040101f8
:10cfcc0038b50568d5f8ec4264b3012385f8f43222
:10cfdc002379082b0ad8dfe803f005262a2f360917
:10cfec003a404700a368188803f04afa214b1b68a3
:10cffc000bb12046984795f8f432012b0fd1d5f898
:10d00c00ec321b68c5f8ec321bb905f53b73c5f85f
:10d01c00f032a06816f01afe204616f017fe002318
:10d02c0085f8f43238bda068f9f70cf8dee7a36890
:10d03c00188803f069ffd9e7a3689a88598818887b
:10d04c0001f038fed2e7a068f4f7acf8cee7a3689d
:10d05c0099781888faf772fec8e7a368da78997895
:10d06c001888faf7f9fcc1e7a368187801f032fdcb
:08d07c00bce700bf30bb00203f
:020000040000fa
:020000040101f8
:10d084002de9f34104680646002c4ed031bb284fed
:10d09400012501230222c3210097ec20fbf722ff84
:10d0a400236a00221b686572e272a28193f832102f
:10d0b40061772572596ba161996b616193f83310a3
:10d0c400a17224649b6cc4e911322468002ce0d161
:10d0d400304602b0bde8f04116f0f6b80129f7d1a8
:10d0e400144f0d464ff0807801230222c42100978b
:10d0f400ec20fbf7f7fe236a1b6865721a6c226149
:10d10400c4f80b8093f83220627700222272596ba4
:10d11400a161996b616193f83330a372c4e9102261
:10d12400a2642468002cdfd1d2e702b0bde8f0810c
:08d13400e01b0301ee1b0301e7
:020000040000fa
:020000040101f8
:10d13c002de9f043cfb00d4604460146b42221a898
:10d14c0014f036fec5b13295264b399f1b68d3f8c7
:10d15c00a852002601a8adb9b1464ff00c082c46d8
:10d16c00b9f1000f04d008f1ff3818f0ff0819d1fd
:10d17c003998c01bc0b202e032980028e4d14fb0fd
:10d18c00bde8f083aa6894420ad0916c41b9116c45
:10d19c00914205d14a6c1ab140f826100136f6b20c
:10d1ac002d68d8e701ab21a853f82410eef7b0f99d
:10d1bc00002818bf25460134e4b209f1ff33a6421a
:10d1cc0008bf002413f0ff0309d130b16c1c701e92
:10d1dc00e4b2c0b2a64208bf00248146c0e718469c
:08d1ec00fbe700bf58bb002067
:020000040000fa
:020000040101f8
:10d1f40030b5836d85b00446002b3ad04ff4f872f5
:10d204000021a06d15f07afda06dbc3014f0f2ff82
:10d21400684616f0cdfca26d0098c2f8cc0002f16d
:10d22400cc03bdf804109df80620998025469a7118
:10d2340035f80b0b02a913f0ddffddf80930c4f853
:10d244000b30bdf80d30ab809df80830a26d003373
:10d2540018bf01236374022382f82c30a26d82f874
:10d264002d30104b1b68587810f001000ad105b01e
:10d2740030bd4ff4f87016f0ebfca0650028bdd16a
:10d284000120f4e7a26d92f82c3043f0010382f8f8
:10d294002c30a26d92f82d3043f0010382f82d302a
:08d2a4000020e4e768bb002054
:020000040000fa
:020000040101f8
:10d2ac0038b5002013f092fa0546012013f08efadf
:10d2bc00224a04460d2100200ef08efe204a0c213d
:10d2cc0000200ef089fe1f4a0b2100200ef084fe78
:10d2dc001d4a0e2100200ef07ffe1c4a0421012065
:10d2ec000ef07afe1a4a052102200ef075fe194a3c
:10d2fc00042102200ef070fe4ff6ff71002011f099
:10d30c0099f94ff6ff71012011f094f94ff6ff7166
:10d31c00022011f08ff945f4f04189b2002013f08e
:10d32c0067fa44f0100189b2012013f061fa302140
:10d33c000220bde8384013f05bba00bf556f010105
:10d34c00518102013191020121b10201852f0201ab
:08d35c00311d03014d1d030109
:020000040000fa
:020000040101f8
:10d3640010b586b00023032904468df801302fd16f
:10d374000df10200511c16f051fa20460df0baf9d5
:10d3840048bb02aa01a9bdf8020011f097f80028d1
:10d3940037d0019b2088da7b012100f06dfe80b23a
:10d3a400c8b901998b7b9a0723d52388adf810302f
:10d3b400bdf802300391adf81230adf814000a2321
:10d3c4000df1010103a88df8163008f0f7fa02e018
:10d3d400adf8023004209df8013043b998b90199a1
:10d3e4008a68496812880b23204609f0dbff06b0df
:10d3f40010bd9b06efd5bdf80220204611f024ff96
:10d40400e9e70120e7e7c3b2bdf802200a2120467c
:06d4140002f052f8ebe704
:020000040000fa
:020000040101f8
:02d41a00100000
:020000040000fa
:020000040101f8
:10d41c0038b50c461546294b1a7842f001021a70a1
:10d42c001a786ff341021a7000211960244a1170a6
:10d43c001a7861f384021a705a78012161f383021d
:10d44c005a70d0f8f430182b1dd0202b28d0102b6c
:10d45c000dd001460ef076fc184a137843f0020307
:10d46c0013702946204607f015fe002038bd134adc
:10d47c0053786ff30103537090f889316ff3010304
:10d48c0080f88931e5e70d494b78012262f30103fd
:10d49c004b7090f8893162f3010380f88931d8e739
:10d4ac0006494b78022262f301034b7090f88931e4
:10d4bc0062f3010380f88931cbe700bf000400421e
:04d4cc000404004212
:020000040000fa
:020000040101f8
:10d4d000f7b5047a082c4cd8c5680023a5f12801bb
:10d4e0002820dab294423ed8254f3b681e78002ea1
:10d4f00041d130460ef01ef80ff01efc3f6807f1d8
:10d5000034034ff4a0723146184615f0f9fb87f842
:10d51000324094b304eb8402d200294614f04efc4e
:10d5200028460df0ddfb95f82720012a0fd12b7836
:10d530008df800302b46684653f8011fcdf80110d6
:10d540009b88adf805308df8072010f065fa01369c
:10d55000f6b2b44205f12805e2d101200df0eaff50
:10d56000002003b0f0bd013300fb03f28a5c012a06
:10d57000b7d90320f5e70520f3e72046f1e700bf20
:04d5800094ba002039
:020000040000fa
:020000040101f8
:10d584002de9ff410c4606210746164610f032fdf0
:10d594000546002840d107f15400fbf7d3fa042cc8
:10d5a4003ad997f84430f42b36d1013ca4b2a307fe
:10d5b40006f1010633d1a11e31440df10e0016f01f
:10d5c4002df9fa8fbdf80e108a422dd93b6c0193c8
:10d5d400013197f84530009389b2b9874ff420534d
:10d5e400384602f04ffb4ff000084ff4827016f0fb
:10d5f4002ffb054680b1022303703b888380c480df
:10d6040024b122463146083014f0d6fb85f8fe805a
:10d614000421284612f038fc04b0bde8f081fb8fe9
:10d62400adf80e302c46cce7384614f0cbfd4ff065
:04d634000108dae728
:020000040000fa
:020000040101f8
:10d6380038b5264d26492c68302204f5887013f039
:10d64800e7fe244bb4f811211a8094f813211a71bb
:10d658002b6894f8102183f8e62004f58a72116883
:10d66800c3f8e0109288a3f8e420b4f82621a3f8c0
:10d67800002194f81a2183f80221174ab4f81e11e0
:10d688001180164ab4f820111180b4f92421a3f8a6
:10d698000621b4f92221a3f80821114bd4e94e013f
:10d6a8001b68c3e9020104f5947211881982927803
:10d6b8009a7494f81b21da7494f81c211a75d4e929
:10d6c8004e2313430cbf1e20002038bd00bb002092
:10d6d8006040014428b80020febb0020fcbb0020ad
:04d6e800fcba002068
:020000040000fa
:020000040101f8
:10d6ec0038b52a4d037a2a68012b0bbf536813688f
:10d6fc0043f0080343f008030cbf5360136090f829
:10d70c004d30032b04463fd0022b12d10df048fbb9
:10d71c001f4b1a68237a02eb8303d3f89812a142a9
:10d72c004ff0000108bfc3f89812c2f8a01212f013
:10d73c0053fa637f03b9a3732a68b4f87000118994
:10d74c0088420ed0a4f8701011490968b1f8220370
:10d75c00a4f87200b1f82413a4f874105289a4f838
:10d76c007620042284f84d2073b194f84e30db07f8
:10d77c000ad4204614f02ff8204613f059f920460d
:10d78c00bde83840f1f7f8bc38bd00bf5cbb0020e9
:04d79c0058bb002056
:020000040000fa
:020000040101f8
:10d7a00030b5c278837885b004462abb0d2b0bd1e7
:10d7b000806d102200f5c87014f0f2fa054628b109
:10d7c0000b21204602f03aff05b030bdadf8040051
:10d7d000cde9020020460ef06dfda36d2088a03338
:10d7e00001aa02a911f0d1faa36d2a46a033294655
:10d7f000204601f015fee7e7092be5d1856d1022e3
:10d8000005f5e87014f0ccfa0028d9d16b78042b18
:10d8100016d101232b71a36d9a78002ad4d01871e8
:10d82000a36d9870a16d01f5c87120460af0c7f884
:10d8300020460ef03ffda36d0022a0331146d7e72e
:10d84000012b02d105f5c871efe7022bfad0032bab
:04d85000bad1f7e76b
:020000040000fa
:020000040101f8
:10d854002de9f04106460f4615460af08bf980463d
:10d8640090b9142d10d8234b1b7883b1214a01237e
:10d874001c4692f8201059b101332032102bf7d1f5
:10d8840015f018ff02282dd84046bde8f081002489
:10d894001848640100eb0408012303553388a8f8f1
:10d8a400023004342a463946204414f085fa88f8b4
:10d8b4001850002388f8193015f00eff6430c8f8aa
:10d8c4001c0015f0f7fe022802d84ff00108dbe730
:10d8d40015f0eafe3b793288074907f037ff4ff02d
:10d8e4000108d1e715f0e0fe3288044907f02eff65
:10d8f400cae700bf00fc0120b4b30201d8b302019f
:020000040000fa
:020000040101f8
:10d9040070b503780a2bceb004464bd1c61d012353
:10d9140031468df80c30437980798df80d3012f052
:10d92400bff803add4f80730667bcdf80f30b4f8f8
:10d934000b30adf81330a8706e721f2200210df168
:10d94400160015f0dbf9324621690df1160014f0ca
:10d9540033fa237d85f829300022cde900522a23a9
:10d9640040f23e214ff4827011f0b0fc0f4b657b06
:10d974001b78022b04d0216928460df059fd88b18b
:10d9840029462069f7f792f960b129220df10d01ba
:10d994000df13a0014f010fa04230ea88df8383073
:10d9a4000bf0e4f901204eb070bd00bf20bc002094
:020000040000fa
:020000040101f8
:10d9b40038b5254d2549032014f010fc2b682c465e
:10d9c40033b94c2016f044f9286060b9022538e0d8
:10d9d4000025236803eb8503d86a08b10df0d2fa59
:10d9e4000135082df5d14c220021206815f086f967
:10d9f4002368174803221a70236809225a70226880
:10da040010210023917053712268d37110f0deff4e
:10da14000546b0b90f4810f0f1ff054688b90e4a23
:10da24000521012014f00afc0c49062013f042fce5
:10da34002268936903f0f80343f0011343f4a063ed
:10da44009361284638bd00bf68bb00208d300301b8
:10da5400bd1d0101993b0201c944020189a40101d0
:020000040000fa
:020000040101f8
:10da6400f7b50446c07a16460023dab2904201d8cc
:10da7400802029e09d00e268525bb24203f1010379
:10da8400f3d10df1060015f0c9fe204b1b681b688d
:10da940063b11a7c0021c8b28242f8d9986800ebbd
:10daa400810001310788b742f5d14388bdf80620cb
:10dab400022a01d91a42dbd0e3682b445a80208819
:10dac40015f07ffd10b9002003b0f0bd4ff4827053
:10dad40016f0bef805460028f5d0e07a800016f06e
:10dae400b7f868600028eed012232b7023882b81ae
:10daf400e27aaa72e168920014f05ef928460421e1
:10db040012f0c2f9686816f0a5f8dce7a8ba00209c
:020000040000fa
:020000040101f8
:10db140070b583780b2b044641d1806d4022eb30e5
:10db240014f04af994f853308bb9022011f044fdf3
:10db340000283bd11f4d2b68da786ab11e49402278
:10db440004f1120014f038f9022384f8533020460b
:10db5400bde87040f9f708bde278012a0ad1a26d48
:10db64005278032a06d1996821b191f850300bb14b
:10db74004022e5e7114815f0bffb064680b9286846
:10db8400022384f853301030faf7dcff2b6883f853
:10db940028609b680bb183f850600c23a37070bda0
:10dba40020460821bde8704002f046bd012384f8f8
:10dbb4005330f2e768bb0020f4b7020111b0020150
:020000040000fa
:020000040101f8
:10dbc40073b5284d284c2b6893f82460986920225b
:10dbd40004f5ac61c6bb14f0eff8b4f8a43043f01c
:10dbe4001003a4f8a430b4f8a43066f3c713a4f85f
:10dbf400a430b4f8a43043f00203a4f8a4302b6892
:10dc04009869202204f5ac61104414f0d5f8b4f8f6
:10dc1400a43066f34103a4f8a430b4f8ac3066f33e
:10dc24008613a4f8ac302b680021986c16f02cf8fd
:10dc340000246b4605220d498df80440012008f0ac
:10dc4400c9fa204602b070bd14f0b6f8b4f8a43096
:10dc54006ff34103a4f8a430b4f8ac306ff3861327
:10dc6400dfe700bffcba00200024014102050101e6
:020000040000fa
:020000040101f8
:10dc740010b5294b90f867401b6819895b891944d2
:10dc8400b0f84a3040f2e242122c02fb03f2b0f840
:10dc94009e3128d0222c2bd0112c2ed101f1e60458
:10dca40004ebc30390f86640122c2bd0222c2cd00a
:10dcb400112c2dd103f5e6739342a3eb0101c0f8b7
:10dcc400941023f0004194bfd31a0023c0f88c3081
:10dcd4008a424ff000032cbf521a1a46c0f8902013
:10dce400c0f8883010bd01f1c20404eb8303d9e706
:10dcf40001f5197404eb0313d4e701f2663404eb61
:10dd04008313cfe703f5c273d6e703f59963d3e72b
:0cdd140003f2cc63d0e700bf5cbb002032
:020000040000fa
:020000040101f8
:10dd20002de9f34190f82c70012f044640d101f009
:10dd300017f8002843d001f093fd01f011f894f892
:10dd40002d600546002e2ed1dff87c8084f82d70e2
:10dd500004f18c073b6883b101230222cde90086e0
:10dd6000c121ec20fbf7c0f83b6800221a603b6839
:10dd70006a685a603b6813606b600136042e07f1d5
:10dd80003407e7d10f4b009302220123c221ec207c
:10dd9000fbf7aaf8236d00221a60236d6a685a60a7
:10dda000236d13606b602c6828462cb115f071fe52
:10ddb000002002b0bde8f08101f052fdf8e7072035
:0cddc000f7e700bff80d0301e30d0301bd
:020000040000fa
:020000040101f8
:10ddcc000229f8b506460c4617464bd9008815f0c3
:10dddc00f4fb3b7848b196f8842032b91d2b41d125
:10ddec003046bde8f8400ef057bc1b2b4ff4827048
:10ddfc0001d0222b18d115f027ff054690b308232c
:10de0c00037033888380791c063015f003fde21e05
:10de1c00f91c2a8105f10a0013f0caff28460421d7
:10de2c00bde8f84012f02cb815f00eff054690b185
:10de3c000923037033888380791c063015f0eafcc3
:10de4c00e21ef91c2a8105f10a0013f0b1ff04212e
:10de5c00284612f015f8044b1b88db07c0d51d2390
:0cde6c0086f84730f8bd00bfa4ba0020c3
:020000040000fa
:020000040101f8
:10de780010b5284b1b78342202fb0303044693f8a1
:10de88005c3093bbc36b02f23d22b3fbf2f39ab250
:10de9800214bd3f8041162f31f41c3f80411017c2c
:10dea800d3f8002161f38302c3f8002190f8202001
:10deb800022a03d0042a13d0012a0bd1d3f8041163
:10dec80062f3cc21c3f80411d3f8001162f30611f0
:10ded800c3f80011204613f0e7f884f8200010bdbd
:10dee800d3f8041141f4c051ece7012bf7d10a4be8
:10def80090f82110d3f8002161f3cc12c3f8002167
:10df080090f82210d3f8002161f38302c3f80021ae
:0cdf1800e5e700bf41bc002000240141ef
:020000040000fa
:020000040101f8
:10df2400f0b52549254e0b7883f00107002b40d12d
:10df3400234c336825685a78187903eb020e5ffa8c
:10df440085fc9ef80b50844598bf01358ef80b5024
:10df54002568c5f3072e551c1d4495f80bc0704564
:10df640028bf0cf1010c85f80bc02568c5f3074eda
:10df7400951c1d44033295f80bc0704528bf0cf165
:10df8400010c85f80bc013442468da7a240e844209
:10df94008cbf1046501cd87232680f7053780949f0
:10dfa4000433537000231a461846bde8f04008f0c5
:10dfb40011b9054cbde700bf46bc0020c0bb002022
:0cdfc400583c0141010801005c3c014197
:020000040000fa
:020000040101f8
:10dfd000882910b536d012dc812943d003dc802992
:10dfe00040d0002010bd82290ed08429f9d11968b3
:10dff00002b30a1d1a60b1f90020d3171ee0a02950
:10e000002bd00bdc9029ecd11968073121f00701e6
:10e0100001f108021a60d1e900230fe0c02901d004
:10e02000f029ded11a68111d1960136803600023fe
:10e03000436005e00a1d1a600a880023c0e9002336
:10e040000120cfe7196822b10a1d1a6091f900205a
:10e05000d3e70a1d1a600a78efe71a68111d1960e4
:10e060001268cae719681ab10a1d1a600a68c4e77b
:0ce070000c1d1c600b68c0e90032e1e7e9
:020000040000fa
:020000040101f8
:10e07c0037b500230d4614468df806308df8073061
:10e08c0010f0d0fc10b90f2003b030bd2c4204d1dd
:10e09c00012d0cbf02200320f6e7012d04d114f052
:10e0ac000e0f1cd10020efe714f0e00ffad0102d6a
:10e0bc0009d1610620d50df107030df106020321ec
:10e0cc00008808f050f89df8073003bb14f0ee0ff1
:10e0dc00e8d09df806300f2be4d80c20d4e7650768
:10e0ec00e9d4a2070ad414f0080fecd00df1070301
:10e0fc000df106020121e3e7a30605d50df1070397
:10e10c000df106020221dbe714f0800fede7012b85
:0ae11c00b9d0022bc6d10520b6e7ea
:020000040000fa
:020000040101f8
:02e12600704740
:020000040000fa
:020000040101f8
:10e128002de9f04383b00378032b42d006466846b6
:10e138000ff0ecfb002841d14ff40054204f07f1b9
:10e14800010817e04846e8f70efd58b1072269466e
:10e158001c4813f021fe08b304e0711cf81d04f0fc
:10e168008dfc38bb0135edb20134a4b242f208038c
:10e178009c421fd0e5b22046e8f7d2fc0028f1d037
:10e188002046e8f7f0fc0028ecd004f108091ffa53
:10e1980089f94846e8f7c4fc0028d3d13378022b24
:10e1a800dbd006224146701c13f0f6fd0028d9d1b9
:10e1b80000e00825284603b0bde8f0830825f9e704
:08e1c80044b60020f4b600206b
:020000040000fa
:020000040101f8
:10e1d00070b582b0254d264c264e14e0f25c8df8c9
:10e1e0000620013322699a4298bf0023e3606b68de
:10e1f00003f00703012b14bf9df80630bdf806306d
:10e20000ab62237dbbb92b7e13f0010f2cd0a2682b
:10e21000e3689a4225d06a6802f00702012addd13c
:10e220005a0016f813108df806100132b25c8df802
:10e2300007200133d6e714f00bfb2368002be2d054
:10e240006168237f33b1a3699842dcd3236803203c
:10e250009847d8e7a3699842d5d123680320984707
:10e26000d1e7024b01221a7502b070bd000c0040cc
:08e2700004b60020acb200204e
:020000040000fa
:020000040101f8
:10e2780010b5274c206890f82130032b8cb01ad1a8
:10e28800223014f04ffb206890f82130012b02d97e
:10e2980022300ef015fd23680020d3f8743198471a
:10e2a8002068038e2bb11b4900f5f2705943f7f72c
:10e2b800abfd0cb010bd022be5d1032104a807f07b
:10e2c8007ffc0d2200210df1130014f015fd9df8bf
:10e2d800123003f07f0343f0400368468df8123094
:10e2e80013f086ff08aa04a96846fdf709fc23680d
:10e2f800bdf820109df82220598483f82420bdf809
:10e3080010109df81220a3f8251083f82720bae7eb
:08e3180094ba002040420f00fe
:020000040000fa
:020000040101f8
:10e32000f8b509210646002012f0d4fd044680b35a
:10e3300001213046356811f0f5fc002107463046d2
:10e3400011f0f0fc14232373193b63730023a373b0
:10e35000b5f81e32a4f81130bb071bd0b5f8203237
:10e3600040f64802934222d94823e37408232375d8
:10e37000a5f8202282071dd04823e37308232374c5
:10e3800003f50463a5f824323046214614f03cf826
:10e390000120f8bd7907edd5b5f8203244f290227e
:10e3a000934204d96ff06f03e3744223dfe7a4f8cc
:10e3b0001330dfe74307e7d56ff06f03e3734223c2
:08e3c000237444f29023dde711
:020000040000fa
:020000040101f8
:10e3c80070b5274d04460cf0edfc2b68d3f8a0621d
:10e3d80011f004fc94f84c308bb1236c93f8503056
:10e3e8009b070cd4204604f009fda36a13b120460c
:10e3f80010f0adfd2046bde87040fff773b9314617
:10e40800204601f08ff9844228d110f04dfa0146d8
:10e4180020460af09fff844220d1237a012b114b1a
:10e428001a680bbf5368136843f0400343f0400376
:10e438000cbf5360136094f84d30012b0ed1204669
:10e4480004f0dcfc022384f84d30237a2a68a633d2
:10e4580042f82340bde8704013f0ceb970bd00bf4c
:08e4680058bb00205cbb002042
:020000040000fa
:020000040101f8
:10e4700073b505460df10101684612f02dff90209d
:10e4800015f0e8fb0446002844d0a96d00f1080609
:10e49000442201f596714c3013f090fca96d442292
:10e4a000a031304613f08afc95f855305bb194f8f2
:10e4b000663043f0010384f8663094f8223043f06c
:10e4c000010384f8223095f854305bb194f866303b
:10e4d00043f0020384f8663094f8223043f00203dc
:10e4e00084f8223095f8522094f8663062f387035e
:10e4f00084f8663095f8522094f8223062f387034e
:10e5000084f82230052323702b88a3802146902095
:08e5100015f0c4fa02b070bd61
:020000040000fa
:020000040101f8
:10e51800f8b504680025d4f89031c4f89831064657
:10e5280084f86351c82014f0eaf8074611f06ef831
:10e5380039460cf073f8194bc4f89c011d70184b40
:10e5480001221a80174b1d70174b1e6015f000fa38
:10e5580094f8293010b1581b18bf0120134b1870bc
:10e56800022384f86231124815f00afa114b1b682d
:10e578000bb1012098472146012000f0bbf9214644
:10e58800012007f055fc00212046f2f737f9d4f8ae
:10e598009c0112f0ddff0020f8bd00bf37bc002051
:10e5a80002bc002036bc002064bb002038bc002020
:08e5b800c95b0101c8bb002092
:020000040000fa
:020000040101f8
:10e5c0002de9f041d2e900230c4686b007465fea08
:10e5d000d37820684968a5680590e66841d0524222
:10e5e00063eb4303002908db20f002000590b8f13b
:10e5f000000f02d1059948072ad5691e05a8029087
:10e600000a20cde90010204605f02efcb8f1000fdd
:10e6100002d1059b59071fd5b8f1000f00f1ff305b
:10e6200014bf2d232b2333542269059b0093013af9
:10e630002b46121a3118384604f0def87b68db05e9
:10e6400003d563689842b8bf184606b0bde8f081ac
:10e650000807d2d42946d1e71a07e5d50138202387
:08e66000e1e70029c0dac5e77b
:020000040000fa
:020000040101f8
:10e668002de9f3470446008915f0dcfa002848d064
:10e678002789384610f0bafd064600283dd0c378f1
:10e68800002b3ad01c20b4f80aa0b4f80c90b4f8c7
:10e698000e80248a15f0dafa054680b300f11003db
:10e6a800122101a8019315f0bdf8f1794b1cf37103
:10e6b80001a815f0b7f8082101a815f0b9f85146d6
:10e6c80001a815f0b5f8494601a815f0b1f841467a
:10e6d80001a815f0adf8214601a815f0a9f82a46b9
:10e6e8000c21384610f07bfb044610b1284615f083
:10e6f800affa204602b0bde8f0870124f9e702240a
:06e70800f7e70424f5e729
:020000040000fa
:020000040101f8
:02e70e00704752
:020000040000fa
:020000040101f8
:10e7100070b5c0b00d46164610f014fd002836d076
:10e7200004460378012b34d1837913f0010f01d013
:10e73000037a93b31e4b03f5946004e0d26872bb76
:10e74000943383422dd01a4659780129f6d1d979cc
:10e750000c29f3d904231de0a223adf80430adf851
:10e7600006502a46314602a813f028fb1b238df8d9
:10e77000fc3001a960880ef08ff9034650b9a279e8
:10e7800012f0010f06d0227a013a227202e0012330
:10e7900000e00523184640b070bd0423fae70423c7
:10e7a000f8e7a388033b9d42d6d90123f2e700bfd7
:04e7b00024a500207c
:020000040000fa
:020000040101f8
:10e7b40030b4224b1968224b1a881b7981f8133123
:10e7c4000b46a1f8112153f8e02fc1f814219b88be
:10e7d400a1f8183191f8e63081f81031b1f8003120
:10e7e400a1f8263191f8023181f81a31154b1b88b2
:10e7f400a1f81e31144b1b88a1f82031b1f8063161
:10e80400a1f82431b1f80831a1f822310f4b1b686b
:10e81400d3e90245c1e94e451a4601f5887132f83b
:10e82400100f088392788a76da7cca721b7d0b7388
:10e834003022074830bc12f0edbd00bf00bb002001
:10e8440028b80020febb0020fcbb0020fcba00203e
:04e8540060400144db
:020000040000fa
:020000040101f8
:10e8580010b5274b90f867401b681a895b891a44e2
:10e86800b0f84a3040f2e241122c01fb03f1b0f853
:10e878009e3125d0222c28d0112c2bd102f1e60470
:10e8880004ebc30390f86640122c28d0222c29d020
:10e89800112c2ad103f5e6739a1a8b42c0f89420fa
:10e8a80023f0004294bfcb1a00239142c0f88c3069
:10e8b8002dbf891a0023c0f88c30c0f8901010bd05
:10e8c80002f1c20404eb8303dce702f5197404ebdc
:10e8d8000313d7e702f2663404eb8313d2e703f598
:10e8e800c273d9e703f59963d6e703f2cc63d3e79c
:04e8f8005cbb0020e5
:020000040000fa
:020000040101f8
:10e8fc002de9f04107460020884611f067ff0646d7
:10e90c00012011f063ff0546022011f05fff044661
:10e91c0037b314f01dfd14f023fd14f029fd14f091
:10e92c002ffd46f4605189b2002011f061ff98f878
:10e93c00733013f0fd0f01d0042b0fd145f01001f3
:10e94c0089b2012011f054ff6fea04516fea1151a2
:10e95c0089b20220bde8f04111f04abf2946f0e728
:10e96c004ff6ff7138460ff065fe4ff6ff71012030
:10e97c000ff060fe4ff6ff7102200ff05bfe314688
:10e98c00384611f035ff2946012011f031ff2146a0
:02e99c00dfe7b3
:020000040000fa
:020000040101f8
:02e99e007047c0
:020000040000fa
:020000040101f8
:10e9a000072847d8f8b50c4607460e46224d56f8bc
:10e9b000170f7168b268f3680fc530692860b28ab2
:10e9c000b37daa80ab71bdb205f500500830e7f702
:10e9d0005dff08b90120f8bd184f3e462068616808
:10e9e000a268e3680fc620693060a28aa37db28066
:10e9f000b37154f82e1f6268a668e068c7f8171054
:10ea0000c7f81b20c7f81f60c7f823002169626997
:10ea1000c7f82710c7f82b20218ba27ea7f82f104c
:10ea200087f8312005f50050e7f730ff80f001004e
:10ea3000c0b2d0e703207047f4b6002044b60020ef
:020000040000fa
:020000040101f8
:10ea4000224b1b681bb1224b01221a60704710b584
:10ea50001f4b00221a601f4b1b681b6b1a68b2f118
:10ea6000a53f03d15a68b2f1a53f25d0194b1968cb
:10ea70001868343114f090f9174b1b68b3fa83f31c
:10ea8000dbb2c3f11f03154a9900c81802eb8000de
:10ea900044686468446002460832944204bfc16816
:10eaa000416003eb83030d4a02eb83035b68da6882
:10eab000084b1a601b6810bd9a68b2f1a53fd5d10a
:10eac000db68b3f1a53fd1d1d6e700bf54ba00202f
:10ead00078ba002040ba00205cba0020acb3002015
:020000040000fa
:020000040101f8
:10eae0002de9f743244e336807461d7df8b9db7cda
:10eaf000ab4201d90135edb2204b1c684ff0000844
:10eb00004ff00109ccb9b9f1000f2ad03368204683
:10eb10001d753268137d0bb9012f2bd0d27c9a4220
:10eb200002d1002f08bf432003b0bde8f0830128c5
:10eb3000e2d1002de0d0013ddde7a2681379043b6e
:10eb4000012b09d8106814f0b9fb38b9d4f8088043
:10eb50008146a06813f01cfc2468d3e733681d7558
:10eb6000f7e701ab0222082140468df804700ef051
:10eb700042fccee74320d7e7fcba0020d4b90020fe
:020000040000fa
:020000040101f8
:10eb8000ffffffffffffffffffffffff0000000091
:10eb9000000000000000000001000000ffffffff78
:10eba000fcffffffffffffffffffffff0000000074
:10ebb000000000000000000001000000ffffffff58
:10ebc0004b60d2273e3cce3bf6b053ccb0061d6521
:10ebd000bc86987655bdebb3e7933aaad835c65aaa
:10ebe00096c298d84539a1f4a033eb2d817d0377e7
:10ebf000f240a463e5e6bcf847422ce1f2d1176b82
:10ec0000f551bf376840b6cbce5e316b5733ce2b54
:10ec1000169e0f7c4aebe78e9b7f1afee242e34f83
:020000040000fa
:020000040101f8
:10ec200070b50468d4f8ec00e66815f031f894f893
:10ec3000e8200023c4f8ec30aab384f8e83084f864
:10ec4000c03011f06bfe18b90421022003f038fa2d
:10ec500094f80e318bb194f80f2132bbd4f81031f7
:10ec60001d682046298801f0a3f894f80f3123b9d4
:10ec700095f8a810288812f09ffbd4f8b4000ef085
:10ec8000e5fed4f8b0000ef0e1fe0c4b1a68944299
:10ec900011d05a68a24203d10122002143f8221068
:10eca00030460bf057fb002070bd4ff6ff71204639
:10ecb00001f07ef8e1e70022efe700bfccb90020c9
:020000040000fa
:020000040101f8
:10ecc0002de9f04186b0244b0190cde902120746b0
:10ecd0000093ec2001230e46154650210222faf73c
:10ece00003f9384611f0cefe044670b3d0f8008028
:10ecf00098f8be319b062ad511f025fb60b1a8f823
:10ed00001e62a8f82052204614f0cdf808b3002463
:10ed1000204606b0bde8f081204604ab0622032160
:10ed2000adf81070adf81260adf814500ef063fb42
:10ed300004460028ebd0094b0093019401230022e4
:10ed4000ff21ec20faf7d0f8e2e70224f3e71a24d7
:10ed5000f1e70724efe700bf4ee2020176fc020173
:020000040000fa
:020000040101f8
:10ed600010b50cf023f8254b1c6894f8c031da0775
:10ed70000cd443f0010384f8c03104f5c4740023bb
:10ed8000c4e9003410f02eff204610bd980706d4c9
:10ed900043f0020384f8c03104f5c874efe7590763
:10eda00006d443f0040384f8c03104f5cc74e6e7dc
:10edb0001a0706d443f0080384f8c03104f5d07470
:10edc000dde7d80606d443f0100384f8c03104f51b
:10edd000d474d4e7990606d443f0200384f8c031f4
:10ede00004f5d874cbe75a0606d443f0400384f800
:10edf000c03104f5dc74c2e70024c3e758bb00202f
:020000040000fa
:020000040101f8
:10ee0000f7b50568ec68064644b32b6e234f43f410
:10ee100080532b66a388f3b9e2790abb2b6e1a07dd
:10ee20000ad5012323716b46082239460120cde91a
:10ee3000006407f0d1f90ee043f400532b66b5f8f7
:10ee400098302289db4313441bb2002b03dc21469c
:10ee5000284612f0f3fc2468002cdbd103b0f0bd8f
:10ee60002389b5f898105b1a1bb2002bf3dc012341
:10ee70009a4223710dd0182aedd121462846f9f780
:10ee8000affa2846fff7e8fc2b6e43f400132b661d
:10ee9000c9e72146284609f029fdc4e7a00401017d
:020000040000fa
:020000040101f8
:10eea00070b5234bd3f81c31c3f3c3030bb1062b4e
:10eeb0000cd1456a4db11f4e00240622294630462a
:10eec00012f06effb8b91c4b9c7070bd1b4b1b78c9
:10eed000342202fb030300219c6fa37803f03f035d
:10eee0001c4405342046f8f741fc01212046f8f780
:10eef0003dfc0546dee70134e4b2082c06f10c06c1
:10ef0000dbd10d4b5a780c2101fb02300124047136
:10ef1000c0f806402968c0f80a105a789a70072a83
:10ef2000a988c1810cbf002201325a70cde700bf11
:10ef3000002401411ab4002010b4002041bc00207c
:020000040000fa
:020000040101f8
:10ef4000002846d038b50446426c914238bf11467d
:10ef5000c26a8a4202d0806c012800d038bde162ca
:10ef6000a0690028a4bfc1f10501a16102eb8202e2
:10ef7000184901eb820261699142efd1251d2846b3
:10ef800011f053ff38b914490b68e06a012282403e
:10ef900023ea02030b60e36a0f49086801229a40e2
:10efa00002430a600b4a03eb830302eb83035b68b3
:10efb000a3609968e1604d609d60e06a81000b1874
:10efc0009b00d5186561014452f821100131d150e0
:0cefd000c4e77047acb300205cba00201e
:020000040000fa
:020000040101f8
:10efdc00002841d038b5044650f8042c002a02da37
:10efec0050f8081c01b138bda0f1080522f0004210
:10effc0040f8042c13f0e4ff54f8041c174a13686f
:10f00c000b441360164a00e01a4613689d42fbd865
:10f01c0050681418a5420ed06968681883420ed047
:10f02c002b60aa4218bf15600e4a13680133136097
:10f03c00f3f7eef8d7e7014451601546ece70a48c0
:10f04c000068834206d05b681944696013681b68ca
:10f05c002b60e6e72860e4e7704700bf80ba002029
:0cf06c006cb900208cba00207cba002097
:020000040000fa
:020000040101f8
:10f0780013b50321846801a806f0a2fd9df80530a8
:10f088009df804201f4820491b0243ea02439df8cb
:10f0980006201343b3fbf1f201fb1232b3fbf0f18c
:10f0a800b2fbf0f200fb1131303242f210702270e4
:10f0b800b1fbf0f1b3fbf0f2303100fb12324ff448
:10f0c8007a706170b2fbf0f2b3fbf0f1303200fb02
:10f0d80011316420b1fbf0f13031a270e170b3fb63
:10f0e800f0f20a2100fb1232b2fbf1f23032227147
:10f0f800b3fbf1f201fb123330330020637102b02d
:0cf1080010bd00bfa086010040420f00b7
:020000040000fa
:020000040101f8
:10f1140038b5234b1c6813f081f9a064002839d05a
:10f12400fff71cfe002835d0a26c00251560a26ce8
:10f1340041685160a26c0a604260a36c194a5a6229
:10f14400a36c194a9a62a36cdd62a36c1d63a36c61
:10f154005d63a26c01235372a26cd572a26c13730b
:10f16400a26c9573a26c5373a36c5d77a36c1d7230
:10f17400a36c9d64a26c38239361a26c5361a36c4d
:10f184005d64a36c0c229a72a36c1b6414f09cf84b
:10f19400284638bda06c08b114f078fd0720f8e7c4
:0cf1a400fcba0020a5310101f91503019f
:020000040000fa
:020000040101f8
:10f1b00070b505460e4604680921002011f08afe4c
:10f1c00000283fd0204b06731b681a68c0f80d203a
:10f1d0005a68c0f81120092e2fd11a7894f8b61168
:10f1e0000a4084f8be215a7894f8b7110a4084f88e
:10f1f000bf219a7894f8b8110a4084f8c021da78cf
:10f2000094f8b9110a4084f8c1211a7994f8ba1116
:10f210000a4084f8c2215a7994f8bb110a4084f854
:10f22000c3219a7994f8bc110a4084f8c421db798f
:10f2300094f8bd21134084f8c5310146284613f0e7
:0cf24000e3f8012070bd00bffcba002004
:020000040000fa
:020000040101f8
:10f24c002de9f843224b1b78012b05460e4628d19d
:10f25c00204b1f684ff6ff797c1c07f2f5181dbb7d
:10f26c0014f8010ca0f1ff03584258414e452bd025
:10f27c00b4f8073008b1b34214d00a34a045eed12b
:10f28c0015490b7803eb830207eb42021681a5b9f3
:10f29c00ff20107001333220b3fbf0f200fb12336d
:10f2ac000b700020bde8f88306222946204612f098
:10f2bc0071fdb0fa80f04009d8e72868c2f8010067
:10f2cc00a888a2f80500e5e70028d6d0eae700bf39
:0cf2dc00f8bb002044bb00202fbc002029
:020000040000fa
:020000040101f8
:10f2e8002de9f3410746884616460ff0a6fd044669
:10f2f800002832d113f090f81a4d2860fff72cfd42
:10f3080000282ad02a681849516218499162184978
:10f31800d16218491163391c18bf012151779661d0
:10f3280040f2011101261460916091819464566144
:10f33800c2f8448094731264426829684a60116074
:10f348002a68426013f0beff0b4b009301973346c7
:10f358000222d421ec20f9f7c3fd204602b0bde813
:10f36800f08100bf4cbb002089620101b13c030160
:0cf37800819a020189c102014e2d03019f
:020000040000fa
:020000040101f8
:10f38400f0b5044685b0072014f018fc05460028a3
:10f394003fd0214e00f11003022103a8039314f07f
:10f3a40043fa336803a8197814f03efa336803a8c3
:10f3b400597914f039fa336803a8597814f034faf7
:10f3c400336803a8997814f02ffaa36d03a893f86f
:10f3d4002c1014f029faa36d03a893f82d10062716
:10f3e40014f022fa009700232a46072120880ef001
:10f3f400cffd064648b994f8553023b10b23a370ca
:10f40400304605b0f0bda770fae7284614f010fcaa
:0cf41400f6e70226f4e700bf68bb00200a
:020000040000fa
:020000040101f8
:10f420002de9f8430546a420884691461e4614f06f
:10f4300011fc044600283dd00127af70a422002112
:10f4400013f05efc002020702b88a38084f80680d7
:10f4500084f80790b8f1000f1bd13268c4f8092076
:10f460007268c4f80d20b268c4f81120f268c4f8bc
:10f470001520ab6d3bb15b792bb92772288885f8d5
:10f48000567013f0cffb2146a420bde8f84314f0da
:10f4900005bb95f85330022bf5d106f02dfb002863
:10f4a000f1d0436803f0f802034b1343436010f0bc
:0cf4b00071fbe8e7bde8f88301050200ed
:020000040000fa
:020000040101f8
:10f4bc0012292de9f34104460e4690461f462ad1e7
:10f4cc00838a0bb100238382052014f073fb05465d
:10f4dc00002839d000f11003012101a8019314f088
:10f4ec009ff9314601a814f09bf9414601a814f08c
:10f4fc009df9394601a814f093f920462a460521b6
:10f50c0012f087f9044610b1284614f08dfb204602
:10f51c0002b0bde8f08116290ad190f83930013bd0
:10f52c00dbb280f83930002bced180f83830cbe705
:10f53c001829c9d190f83830032bc5d110f08cfca8
:0cf54c00002384f83830bfe70224e0e719
:020000040000fa
:020000040101f8
:10f55800f0b5244e0346006830609a889b79b280e3
:10f56800a6f57764b371b4f86c3f43f00203a4f8ce
:10f578006c3fd4f8683f5a008bb00f4630d5756a97
:10f58800d4f8683fc5f3026565f31243c4f8683fd1
:10f5980027223146684612f00dfc9df8003007f02e
:10f5a800010767f341032722694630468df800308a
:10f5b80012f000fcd4f8683f43f48013c4f8683fa5
:10f5c800d4f8683fdb02fbd4074b1b68272202fbf9
:10f5d80005330020da7a67f34102da720bb0f0bd26
:0cf5e8000220fbe77033014178bb0020db
:020000040000fa
:020000040101f8
:10f5f400244b1b78342202fb030090f85c30ebbbf5
:10f60400214bd3f8242142f00042c3f82421d3f83b
:10f61400242142f08042c3f82421d3f8242142f06b
:10f624000052c3f82421d3f8242142f08072c3f895
:10f634002421d3f8242142f08052c3f82421d3f8a2
:10f64400242142f00062c3f82421d3f8242142f09b
:10f654008062c3f82421d3f8242142f00072c3f855
:10f664002421d3f8242142f40002c3f82421d3f83e
:10f67400242142f48002c3f824217047012bfcd1d9
:0cf68400014bd6e741bc002000240141ee
:020000040000fa
:020000040101f8
:10f69000244b1b78342202fb030393f85c206ab9e5
:10f6a000037b002b3cd008231e210b4403f297134d
:10f6b000b3f5d37f1ad24ff4d3731be0012a2ed1b6
:10f6c00093f96e2090f822005b6f002aacbf1e21d8
:10f6d0004ff4967102284fea430311d00328e4d077
:10f6e00001280cd13d330b44482b02d9c3f30e0340
:10f6f00000e049230c4a118863f30e011180704722
:10f7000028330b442c2b84bf47f6fe721a40064b5d
:10f71000198898bf2d2262f30e01198070470023cb
:0cf720001946c2e741bc00206c380141d2
:020000040000fa
:020000040101f8
:10f72c0070b504460d46b9b191f84d60032e08d062
:10f73c0091f84f305a0704d4826e06f03dff002832
:10f74c0036d0237a3bbb2b7a012b10d1032e05d15b
:10f75c00002128460df064fe204670bdab6a13b143
:10f76c0028460ff0f2fb2846fdf7bafff4e72b7f93
:10f77c00002bedd1a27aab7a9a42e7d8204603f05f
:10f78c003bfba36a13b120460ff0dffb2046fdf7cd
:10f79c00a7ff2c46e0e7a36c13b90023a373f8e78b
:10f7ac00637f002bf9d094f85030db07f5d4e5e7f4
:0af7bc00023e012e98bf2c46cee756
:020000040000fa
:020000040101f8
:02f7c60070478a
:020000040000fa
:020000040101f8
:10f7c8002de9f041c37a046e012b0e46154605d18a
:10f7d800c36b1f49e41af61a0c400e400bf0e2fa0c
:10f7e8001c4b1b68d3f8b08210f0f8f9ad08b8f1db
:10f7f800000f01d1bde8f0810bf0d4fad8f8007001
:10f8080010f0ecf9d8f80800837b012b1ed1036ea9
:10f818009c421bd10269631cc2f3080202eb43221b
:10f8280003669b1b40f27121c3f316034b43b0f8e8
:10f8380070100261c5eb530301f271229a4205d898
:10f84800c0f88400591a7830f6f7defab846cee7e1
:08f85800ffff7f0058bb0020f8
:020000040000fa
:020000040101f8
:10f8600010b504460bf0a2fa224b1b6803f5c472d4
:10f87000944209d193f8c02122f0010283f8c021fb
:10f88000bde8104010f0aeb903f5c872944204d13f
:10f8900093f8c02122f00202f0e703f5cc72944203
:10f8a00004d193f8c02122f00402e7e703f5d072f7
:10f8b000944204d193f8c02122f00802dee703f558
:10f8c000d472944204d193f8c02122f01002d5e7fb
:10f8d00003f5d872944204d193f8c02122f020029b
:10f8e000cce703f5dc729442cad193f8c02122f030
:08f8f0004002c3e758bb0020f1
:020000040000fa
:020000040101f8
:10f8f800072870b545d8234d041d2b6853f824609c
:10f90800002e3ed096f846301bb106f15400f9f7a8
:10f9180017f9b37c1d2b03d106f16c00f9f710f928
:10f928002b6853f82430d86808b114f091f92b6883
:10f9380053f82430186c08b114f08af92b6853f87e
:10f9480024004c3012f015fe68b12b6853f82400df
:10f958004c3013f0a7fb064628b1406814f078f93c
:10f96800304614f075f92b6853f8240010f076fa35
:10f978002b6853f8240014f06bf92b68002243f825
:08f98800242070bd6cbb0020bf
:020000040000fa
:020000040101f8
:10f99000f8b5272201460646204812f00ffa11f06a
:10f9a000abfd1f4bd3f8682f60f31242c3f8682fea
:10f9b000d3f8682f42f480120546c3f8682f00bfc1
:10f9c000d3f8682fc2f30052002af9d1012493f82a
:10f9d000681fac40e4b2214383f8681f06f11703a7
:10f9e00006f1270113f8010b10b98b42fad101225d
:10f9f0000c4f3b682b443046da700bf02bfb272270
:10fa00000b2012fb050538683146284412f0d6f960
:10fa10003b681a7814431c70f8bd00bf7033014175
:08fa20000024014178bb002025
:020000040000fa
:020000040101f8
:10fa280070b5d0f8a0100e7b182e044634d80122e9
:10fa3800204bb24013407bb3182ec56802d1b1f8f1
:10fa48000f304bb36b793bb313f03affb4f84c204b
:10fa5800b4f89830052802f101028bbf02ebc2020c
:10fa680002eb420203eb420303eb82039bb2012e3b
:10fa78002b8118d08eb1182e0cd1d4f8a010a4f870
:10fa88006a32a1f80f3094f98022002a02da07338b
:10fa9800a4f8893200236b7170bdd4f8a010a4f8c3
:10faa8004432cb82f6e7d4f8a010a4f81c324b827b
:08fab800f0e700bf03000001ac
:020000040000fa
:020000040101f8
:10fac000244bd3f8242142f40012c3f82421d3f8a4
:10fad000242142f48012c3f82421d3f8242142f4d3
:10fae0000022c3f82421d3f8242142f48022c3f851
:10faf0002421d3f8242142f40032c3f82421d3f87e
:10fb0000242142f48032c3f82421d3f8282142f47e
:10fb10000072c3f82821d3f8282142f48072c3f878
:10fb20002821d3f8282142f08002c3f82821d3f8f5
:10fb3000282142f04002c3f82821d3f8282142f0be
:10fb40002002c3f82821d3f8282142f01002c3f87c
:08fb5000282170470024014147
:020000040000fa
:020000040101f8
:10fb580037b5224d2b681a7a013a1a725a78272a31
:10fb680029461dd900245c702a68d3790133dbb299
:10fb7800d37192799a4213d8012003f03ffa2b6887
:10fb8800dc715c725c71164b2146186814f07af8c7
:10fb9800234622461349012006f01afb03b030bd64
:10fba8000b685a79022af9d1597a0029f6d1b3f8a3
:10fbb800ca201ab10846f6f763fbefe71b7a002b59
:10fbc800ecd1012003f01afa4ff48073adf8043039
:10fbd800034b01a9186814f055f8dfe7c0bb0020f3
:08fbe800bcbb00200007010175
:020000040000fa
:020000040101f8
:10fbf00010b592b0d0f840318df8042001228df874
:10fc0000082090f86c218df8092000f26d12adf8f3
:10fc1000061041f20a0411689288adf80040cdf850
:10fc20000a10adf80e20da8aadf81c201a8badf858
:10fc30001e205a8badf8202093f82130c3f34213d5
:10fc40008df8223000f273131a689b88adf81a30d1
:10fc500090f82130cdf81620012b08d8002304930a
:10fc6000adf8143068460ef00ff812b010bd90f8e1
:10fc70003230012bf2d1034653f8330f04909b88a6
:06fc8000adf81430eee7c0
:020000040000fa
:020000040101f8
:02fc86007047c5
:020000040000fa
:020000040101f8
:10fc88002de9f347984690f84630bdf828700546a8
:10fc98008a469146002b37d1fc1da4b2204613f0aa
:10fca8008bff064690b300f11003062101a80193cb
:10fcb80013f0b8fd514601a813f0bafd494601a852
:10fcc80013f0b6fd414601a813f0b2fd3a460b9970
:10fcd80001a812f0effe21463246284611f09bfd9e
:10fce800044668b90623a5f85e0085f84630084939
:10fcf80005f15400f6f788f8204602b0bde8f08711
:10fd0800304613f093fff7e70724f5e70224f3e7fb
:04fd1800a064d10111
:020000040000fa
:020000040101f8
:10fd1c00f0b585b00c460ef085fe054600283ad0ad
:10fd2c00c3789b0739d490f8467087bb032013f037
:10fd3c0041ff064668b300f11003022103a80393a8
:10fd4c0013f06efdf72c214628bff721172938bf79
:10fd5c00172103a813f06afd042328880093324668
:10fd6c003b4603210ef010f9044660b90223a5f8b6
:10fd7c005e0085f846300a4905f15400f6f742f862
:10fd8c00204605b0f0bd304613f04efff8e70724cf
:10fd9c00f6e70224f4e70324f2e70124f0e700bfbe
:04fdac00a064d1017d
:020000040000fa
:020000040101f8
:10fdb00010b592b090f802318df8042000228df831
:10fdc000082090f8f5208df809200246adf80610bd
:10fdd00052f8f61fcdf80a109288adf80e202222b4
:10fde00002fb030341f20a04196eb3f86420adf874
:10fdf0002020adf80040079193f86b30c3f3421315
:10fe00008df82230034653f8fc2fcdf816209b883e
:10fe1000adf81a30037e012b08d800230493adf807
:10fe2000143068460df030ff12b010bd90f842302b
:10fe3000012bf2d1034653f8430f04909b88adf891
:04fe40001430eee7a5
:020000040000fa
:020000040101f8
:10fe440070b5046894f8ac31132b05462ed007d84e
:10fe5400112b10d02846002105f050ff012016e098
:10fe6400213b012bf6d80022a4f8a82194f8b31161
:10fe740010f008faeee794f8643083b994f8b311fb
:10fe84001a2905d10121f6f75aff0028e2d170bde5
:10fe940094f8c631da07ddd509f087fedae794f87d
:10fea400c631db07d6d594f8b311f5e701210ff07d
:10feb40037ff13f008f80021064628460ff030fffc
:10fec40013f001f894f8b3310246314628460cf099
:04fed400e1f8bfe7ab
:020000040000fa
:020000040101f8
:10fed8007fb5204b1b681d681f4b00930446012308
:10fee80002226221ec20f8f7fbff20460ef07cfc92
:10fef800064620bba3880393638802932378019363
:10ff0800164b009302220123ec206321f8f7e8ff47
:10ff1800a379ab73e379eb7363886b82a288aa82b7
:10ff2800934204bf03336b8223786b7401202874d7
:10ff3800237aab7513f0def8304604b070bd084b79
:10ff48000190009300220123ff21ec20f8f7c8ff5d
:10ff5800f2e700bf40bb00202ebb02013ebb0201fe
:04ff68005ebb020179
:020000040000fa
:020000040101f8
:10ff6c00f0b50468236edb0585b005460e461746d2
:10ff7c0010d502f019f8f3f7cffb0af011ff236e3e
:10ff8c0023f4807323660ff027fe0021d4f8780148
:10ff9c0013f076fe812e12d0822e14d0802e06d134
:10ffac000af0fefe402384f865300ff015fed4f8fd
:10ffbc00783163b1284611f099fe05b0f0bd0af016
:10ffcc00effe4123efe70af0ebfe4223ebe703954c
:10ffdc003fb1009703ab04220549012008f035f925
:10ffec00ebe703ab04220249012006f0eff8e4e74b
:04fffc0014040101e7
:020000040000fa
:020000040102f7
:1000000090f8e53010b56bb9037a002b3dd008238a
:100010001e210b4403f29713b3f5d37f1bd24ff489
:10002000d3731ce0012b2fd190f91e3190f80941b8
:10003000002bd0f82831acbf1e214ff49671022c52
:100040004fea430311d0032ce3d0012c1bd13d33e5
:100050000b44482b02d9c3f30e0300e049230c4a9a
:10006000118863f30e0111800de028330b442c2b13
:1000700084bf47f6fe721a40054b198898bf2d229f
:1000800062f30e01198010bd00231946c1e700bfbd
:040090006c38014186
:020000040000fa
:020000040102f7
:1000940030b4d0f8f831ff2273b1d0f814429c4246
:1000a4002dd81d7a1c69042d25d0052d23d02dbbf8
:1000b4002268c2f3411212bbc0f8103290f8f41057
:1000c400ff2380f89c3000f1c4020023994207d03a
:1000d40052f8044bd0f81052a5421cd180f89c3041
:1000e4000f4b90f89c201b789a4217d8ff220121cd
:1000f40030bcfaf733ba2268c2f341122ab11b6842
:10010400cae731b11b68002bd6d01a7a022af8d874
:10011400d2e72c3bf7e70133dbb2d7e730bc7047bb
:0401240039bc0020c2
:020000040000fa
:020000040102f7
:10012800f8b5044616461f460d4641b30868002830
:100138003dd03fbbd4f8643113f0ff2f17d1d4f86a
:10014800f02142b11760d4f8f03142685a60d4f80f
:10015800f03113604360d4f8ec3100221a60d4f80f
:10016800ec3141685960d4f8ec310b60436025b933
:100178000368cbb1314612f08bfa002018e0fef785
:10018800ebfdd4e794f86831002bf0d194f8663190
:10019800002becd1d4f8f4211360d4f8f431416881
:1001a8005960d4f8f431e0e7fff756fbe5e707209c
:0201b800f8bd90
:020000040000fa
:020000040102f7
:0201ba00022918
:020000040000fa
:020000040102f7
:1001bc0000283ed038b50446c36b002b3bd0006cf6
:1001cc00a0fb03230bb1002036e00d4610f0eeff30
:1001dc002268216ce36b03fb01f3d018a0600020b4
:1001ec00a06362605b1a1344e360ff2384f844301d
:1001fc0084f84530a5b923691bb912f05ffb0120c7
:10020c001ae004f11000f9f71dff0028f5d00b4b94
:10021c004ff080521a60bff34f8fbff36f8fece734
:10022c0004f1100012f077f904f1240012f073f9c4
:10023c00e3e700207047002038bd00bf04ed00e06c
:020000040000fa
:020000040102f7
:10024c002de9ff478a46164699460ef0cdff054626
:10025c0020b90125284604b0bde8f0871ffa86f8be
:10026c0008f10607384613f0a5fc04460028f0d028
:10027c0000f11003012103a8039313f0d1faa9791b
:10028c0003a813f0cdfa08f1020103a813f0cefa7b
:10029c00514603a813f0cafa26b1324649460398d0
:1002ac0011f086fd2888224639460ef096fd05464b
:1002bc000028cfd0204613f0c9fc044b0093002239
:1002cc0004235121ee20f8f709fec3e7101e0301a9
:020000040000fa
:020000040102f7
:1002dc0038b51849184c022011f07cff174b184afe
:1002ec001a602368254633b9302013f0adfc20602a
:1002fc0048b902201ce0002420460134e4b210f07e
:10030c001dfa082cf8d130220021286812f0f2fcda
:10031c000c480ef057fb0c4b0c4a1b685a600c4aed
:10032c005a612b680b4a5a600b4a9a600b4ada6086
:10033c0038bd00bf552903019cba002084b90020a8
:10034c003c3b03014d6e0101b0ba002015c7010101
:10035c00412903017d300301313c030125070301d1
:020000040000fa
:020000040102f7
:10036c002de9f34790f8463005460c46002b39d161
:10037c0091f80480b1f800a0b1f8029008f10507db
:10038c00384613f017fc064670b300f11003082131
:10039c0001a8019313f044fa514601a813f046fa50
:1003ac00494601a813f042fa611d424601a812f019
:1003bc007ffb32463946284611f02bfa044668b9c1
:1003cc000823a5f85e0085f84630084905f154006d
:1003dc00f5f718fd204602b0bde8f087304613f063
:1003ec0023fcf7e70724f5e70224f3e7a064d10127
:020000040000fa
:020000040102f7
:1003fc002de9f0411c4b1a689846002a32d01b4e4e
:10040c00346814b90020bde8f081ff20faf728fd0c
:10041c00054650b9164b1c68002cf3d10122154926
:10042c0015481a60f5f7eefcece7627b216928466b
:10043c0009f08efed8f80070627b217de08a2b4695
:10044c00b8470e4b1f685fb9204610f08fff346819
:10045c00002cead128460df0f3fa002fdad1d1e7bf
:10046c000127f7e70220cee70cbb0020b4b900202f
:10047c0004bb0020a0860100c8b7002008bb0020e8
:020000040000fa
:020000040102f7
:10048c007fb5204b01900546009302220123582191
:10049c00ec20f8f723fd284610f0eefa044670b372
:1004ac0006680ff04aff0146a8b196f8c6311b0743
:1004bc000ad503ab042214490394032005f086feed
:1004cc000024204604b070bd204612f0a8f8002885
:1004dc00f6d1072409e0204603ab0222adf80c50fc
:1004ec000cf083ff04460028ead0084b00930194db
:1004fc0001230022ff21ec20f8f7f0fce1e70224b5
:10050c00f3e700bf361103010806010176fc020176
:020000040000fa
:020000040102f7
:10051c0010b5036851f8012fc3f8b6214a68c3f827
:10052c00ba211e4a93f8b601126893f8bb411178b0
:10053c00014083f8be11517893f8b701014083f85c
:10054c00bf11917893f8b801014083f8c011d178ac
:10055c0093f8b901014083f8c111117993f8ba01ec
:10056c00014083f8c2115079204083f8c30190797f
:10057c0093f8bc41204083f8c401d27993f8bd01b3
:10058c0011f0060f02ea000283f8c5211ebf93f892
:10059c00802242f0800283f8802210bdfcba002039
:020000040000fa
:020000040102f7
:1005ac0030b585b099b10b7a91f84f000392cde933
:1005bc00013110f0040429d013f0f6f801ab0c2231
:1005cc00194908b3012005f001fe05b030bd174be9
:1005dc001c68231893f89432002bf6d0682300fb88
:1005ec00034303f5e6730b2453f8345005b1a968a3
:1005fc00b1b14d7a012d13d191f84f300392cde961
:10060c00010113f00404d6e70320dce713f0ccf867
:10061c0001ab0c220e2108b12046d4e70220d2e710
:10062c00013ca51ce0d1d0e70e01000158bb002015
:020000040000fa
:020000040102f7
:10063c00f0b5064685b002200f4613f0bbfa05460e
:10064c00c8b91e4b00930224024601940423c7210f
:10065c00ee20f8f743fc06f15c00f8f76ffa304631
:10066c0000233a460121fef7d5fe0023204686f8ea
:10067c00533005b0f0bd00f11003052103a803931e
:10068c0013f0cef8394603a813f0caf806230093ea
:10069c002a460023022130880df076fc04460028ff
:1006ac00d9d0064b0190009300220423c721ee20e1
:1006bc00f8f714fc284613f0b7facce7060e030142
:020000040000fa
:020000040102f7
:1006cc007fb50546072013f075fa044600283ad08a
:1006dc001e4e00f11003012103a8039313f0a0f8a0
:1006ec00336803a8197813f09bf8336803a8597979
:1006fc0013f096f8336803a8597813f091f833681f
:10070c0003a8997813f08cf8ab6d03a893f82c1010
:10071c0013f086f8ab6d03a893f82d1013f080f846
:10072c000623009322460023072128880df02cfc79
:10073c00064620b90423ab70304604b070bd204689
:10074c0013f072faf8e70226f6e700bf68bb002048
:020000040000fa
:020000040102f7
:10075c00224b1a686ff31f721a601a6812286ff313
:10076c001b621a601a461cd002d8112804d070479c
:10077c002138022824d9704712290cd002d811290b
:10078c0003d07047213902290ad81368142161f368
:10079c001743136070471a68162161f317421a60e9
:1007ac007047122909d002d8112903d0704721397a
:1007bc000229f5d813681821e9e71a681b21ece720
:1007cc00122909d002d8112903d0704721390229e6
:1007dc00e6d813681021dae71a68dee768340141bd
:020000040000fa
:020000040102f7
:1007ec0090f8e530ebbb214bd3f8242142f00042ca
:1007fc00c3f82421d3f8242142f08042c3f82421e9
:10080c00d3f8242142f00052c3f82421d3f8242138
:10081c0042f08072c3f82421d3f8242142f0805294
:10082c00c3f82421d3f8242142f00062c3f8242118
:10083c00d3f8242142f08062c3f82421d3f8242178
:10084c0042f00072c3f82421d3f8242142f40002b0
:10085c00c3f82421d3f8242142f48002c3f82421c4
:10086c007047012bfcd1014bd6e700bf002401419e
:020000040000fa
:020000040102f7
:10087c0073b5056c1f4b06460df1020201a9284603
:10088c001c7812f0b5fd1c4bd3f800216ff31c72d1
:10089c00c3f80021bdf80210d3f8082161f30f0250
:1008ac00c3f808219df80410d3f8282161f31742ee
:1008bc00c3f82821342202fb046494f85c2092b91a
:1008cc00d3f8002142f40042c3f80021284610f06e
:1008dc007dfe30b1094a137843f00203137000f027
:1008ec0089fd02b070bd012af0d1d3f8002142f489
:1008fc008042e9e741bc0020002401413fbc0020bc
:020000040000fa
:020000040102f7
:10090c0070b5054610f052fc95f8454064b2002cc9
:10091c0019dd05f1240608e06b6aa3b13046f9f73e
:10092c0091fb68b9013c64b26cb1ab6c002bf3d099
:10093c00284607f073f90028f4d012f0d5fef1e741
:10094c0012f0d2feeee7ff2385f8453011f0b6ff2a
:10095c0010f02cfc95f8444064b2002c11dd2b698e
:10096c007bb105f1100606e012f0befe013c64b24c
:10097c003cb12b692bb13046f9f764fb0028f5d05c
:0e098c00f2e7ff2385f8443011f098ff70bdac
:020000040000fa
:020000040102f7
:02099a00032830
:020000040000fa
:020000040102f7
:10099c004300000050000000436f6e6e65637420ce
:1009ac006661696c6564207374617475733d30782d
:1009bc00253032580d0a0000416464436f6e6e207e
:1009cc0046554c4c2068646c3d3078253034580dbd
:1009dc000a000000446973636f7665727920656e56
:1009ec0064656420666f756e643d25640d0a0000b5
:1009fc00436f6e6e65637465642068646c3d30781b
:100a0c002530345820726f6c653d257320433d258d
:0c0a1c006420503d25640d0a000000bf5e
:020000040000fa
:020000040102f7
:100a280030b4841fa4b240f67a45ac4228d88c1f53
:100a3800a4b2ac4227d8b2f5fa7f26d2a3f10a04b1
:100a4800a4b240f67645ac4221d8884221d8541c3d
:100a580014fb01f46400a4b2b4ebc30f1bd8124b0f
:100a68001b685c8c844218d3188c884217d8d98ca0
:100a7800914216d3988c90428cbf0020012000e050
:100a8800002030bc70470020fbe70020f9e7002079
:100a9800f7e70020f5e70020f3e70020f1e7002062
:0c0aa800efe70020ede700bf10ba0020cf
:020000040000fa
:020000040102f7
:100ab40070b586b00446204b1d68027bd30098189d
:100ac40005eb8000a67ac16b01ebc6014868606043
:100ad400134405eb830393f8402002eb42025200d7
:100ae400002112f00bf9236800221a605a600123d6
:100af400adf800304ff6ff73adf80230237bd90018
:100b0400ca1805eb820292f830208df804201944ab
:100b140005eb810120310df1050011f04df9694615
:100b240020890bf07fff072801d006b070bd236831
:0c0b340006225a71f9e700bf20ba002029
:020000040000fa
:020000040102f7
:100b400008b51a4b98471a4b9847eff3108172b6c5
:100b5000184ad2f8883043f47003c2f88830bff3e3
:100b60004f8fbff36f8f01b962b6134a936823f0ba
:100b7000010393601346da6812f0010ffbd10e4bac
:100b800024225a6001229a600cf05afb0b4b23f08e
:100b90007f03084a93600a4b98470a4b98470a4bd1
:100ba000984712f092fc00befee700bfc7f70101b4
:100bb000c7f7010100ed00e0002000410000000047
:0c0bc00055780201c7f70101c7f70101d9
:020000040000fa
:020000040102f7
:100bcc0000283bd070b50446826c013a8264c06a3e
:100bdc00616c884234d00ab1002070bd251d2846b6
:100bec0010f01df938b917490b68e06a01228240f0
:100bfc0023ea02030b60636ce362c3f10502a2619a
:100c0c0010490e68012000fa03f232430a600e4ac2
:100c1c0003eb830302eb83035b68a3609968e160d9
:100c2c004d609d60e56aa9004b199b00d618666162
:100c3c00294452f821100144d150cee700207047ce
:0c0c4c000020cae75cba0020acb3002016
:020000040000fa
:020000040102f7
:100c5800f8b5eff311864ff0200383f31188bff343
:100c68006f8fbff34f8f836bc26b9a4228d90f46a1
:100c7800044690f845506db201338363b5f1ff3fe8
:100c880014d1836c33b106f0cbffe8b1f7b1012082
:100c9800386016e0436a0bb9012012e02430f9f7f6
:100ca800d3f9a8b1b7b1012038600ae012f018fdf5
:100cb800854211d201356db284f84550012000e01b
:100cc800002086f31188f8bd0120fae70120f8e733
:0c0cd8000120f6e70120f4e70120f2e71c
:020000040000fa
:020000040102f7
:100ce400f0b5214c2368197885b0002937d1c5683f
:100cf400067a7db16a881a86684610222f1d11f083
:100d0400fdff10223946684611f048f810b1384604
:100d140011f07cfab6b12b789a1e012a21d8688882
:100d2400421eb2f5e16f1cd2022b01d10af020fc65
:100d340023682a7883f821202368002083f833600d
:100d440005b0f0bd2068213012f032ff206890f821
:100d54002130012bf0d122300bf0b4ffece7052059
:0c0d6400eee70320ece700bf94ba00208b
:020000040000fa
:020000040102f7
:100d70002de9f84f9946204b0a9f1b681d6888464d
:100d8000164604464ff6ff7a0db92c4630e0aa8984
:100d9000a2420ed942450bd92d68f5e7102e1ce072
:100da0005445f9d001340bf11003a4b23b6008e0c4
:100db0001446eb89a342efd36b68a21a03eb02122d
:100dc0003a60eb89a342e7d34445e5d8d7f800b0b1
:100dd0009bf80e305b07e1d4022ee1d13246494642
:100de000dbf8000010f0dcff0028d9d10b9b1d6060
:0c0df0002046bde8f88f00bfa8ba002024
:020000040000fa
:020000040102f7
:100dfc0030b51f4a1368002b31d059680b1a48bf05
:100e0c0001f18053516848bf1b1a39b349680c1a59
:100e1c0044bf01f180510c1a1b1b002bd4bf0023c3
:100e2c000123144852f82310134d02462b7052f82c
:100e3c001449c9b113684d6813f0040f12d024f093
:100e4c0070439d4209d013886ff3820313804b6863
:100e5c000360138843f00403138030bd012383f037
:100e6c000103dee70560f4e7138861f38203f3e71f
:0c0e7c00acb90020343e01412bbc00202a
:020000040000fa
:020000040102f7
:100e8800036870b4002b3fd0e9b901241a6a1268cc
:100e98005c72d972998192f8c6505d771c72d2f84b
:100ea800c8509d61d2f8cc505d6192f8c7509d72d0
:100eb8001b64d2f8dc20c3e911211b68002be5d1a3
:100ec80070bc12f0ffb90129fad14ff080760024e6
:100ed8001a6a12685972d2f8d4501d61c3f80b60af
:100ee80092f8c6505d771c72d2f8c8509d61d2f84e
:100ef800cc505d6192f8c7209a72c3e910449c6493
:0c0f08001b68002be4d1dbe770bc7047d5
:020000040000fa
:020000040102f7
:100f14007fb5204b019006460093022201234d2108
:100f2400ec20f7f7dfff30460ff0aafd054670b35b
:100f3400036893f86420012a19d193f8be3113f0a1
:100f4400080f14bf00241a2428460ff0faf980b1c0
:100f540028460ff0bdf9a8b907240f4b009301945c
:100f640001230022ff21ec20f7f7bcff0ce0002452
:100f7400eae7022203ab11462846adf80c600cf0f8
:100f840038fa0446002ce8d1204604b070bd02248f
:0c0f9400e3e700bf6409030176fc0201e2
:020000040000fa
:020000040102f7
:100fa00070b5046894f995327f2b92b03bd004263b
:100fb000012500bf94f892321d422ed0284611f030
:100fc000d7fd221894f9953282f8743294f893126e
:100fd00082f87c1294f8802292071ed541f22102f9
:100fe000adf8002000228df8042022888df80a3008
:100ff00094f89332adf8062001221044c3f30103a4
:101000008df809008df80b30684694f894328df80d
:1010100008208df80c300cf037fe013e6d0016f004
:0c102000ff06edb2c6d1012012b070bd79
:020000040000fa
:020000040102f7
:10102c00f0b51e4b1b6885b01e681d4b0190054624
:10103c00009302220123ec200f466421f7f74effa8
:10104c00284607f0a7ff044658b9b5b93046fcf757
:10105c0061fe044608b90ef03dfa012012f048f882
:10106c0044b1104b0093019401230022ff21ec208a
:10107c00f7f734ff204605b0f0bd04224a2302a93d
:10108c003046cde90223f3f73dff04460028e4d1b6
:10109c00054b5f7005f0c0fedfe700bf40bb0020d2
:0c10ac00611e03015ebb0201f8bb0020c6
:020000040000fa
:020000040102f7
:1010b80030b520490346006808609a889b798a8081
:1010c8008b7131f8042c42f0020221f8042c51f8fb
:1010d800084cc4f380748bb01cb34a6a51f8080cee
:1010e800c2f3026262f3124041f8080c4d6a2722eb
:1010f800684610f05ffec5f3026500230deb03029e
:10110800d27982b90133102bf8d101220a4b1b681e
:101118001b78eb4013f0010307d11c4620460bb0a7
:1011280030bd0025f1e70022f0e7002cf6d082f070
:0c1138000104f3e77033014178bb002094
:020000040000fa
:020000040102f7
:1011440070b5214b0568d3f81c31c3f3c303dab27d
:10115400072a85f8143132d1d5f8b460b41c0021c3
:101164002046f6f701fb20b30378db0621d50421e2
:101174002046f6f7f9fa00b30388a5f81e31837800
:1011840085f8203181784909012914d002290cbf3e
:10119400022400240131032012f0d6f8b37803f0be
:1011a400c003402b05d1214628460ef0e5fe85f804
:1011b4000241002070bd0c46ece70446eee7002334
:0c11c40085f80231f5e700bf002401416e
:020000040000fa
:020000040102f7
:1011d00037b5204b1b68d3f8ac5004460df1020222
:1011e00001a9284612f00af91b4bd3f800216ff32e
:1011f0001c72c3f80021bdf80210d3f8082161f376
:101200000f02c3f808219df80410d3f8282161f3d8
:101210001742c3f8282194f8e5209ab9d3f80021a1
:1012200042f40042c3f80021284610f0c5f938b155
:1012300094f8e43043f0020384f8e43000f0e0f87e
:1012400003b030bd012aefd1d3f8002142f480422f
:0c125000e8e700bf90bb00200024014133
:020000040000fa
:020000040102f7
:10125c0030b5204b204c1a78342303fb020305468f
:10126c0093f85c1021bb93f85e00d4f81c11d4f8f1
:10127c001c410128c1f3c301c4f3410406d193f806
:10128c008700012802d191b1062910d0342000fb2f
:10129c00025240f20113b2f85e10994218d192f842
:1012ac008730022b14d1022c14bf0020012030bd3a
:1012bc00b3f85e10d4f81c0140f201129142c0f355
:1012cc00410005d193f88730012b01d10228ebe7bf
:0c12dc000020ece741bc00200024014190
:020000040000fa
:020000040102f7
:1012e80070b5d82012f0b2fc1c4d1d4928600820aa
:1012f80012f064fb0ef066fe2e682822002106f12b
:101308000b00002411f0f8fc0021942206f13400af
:1013180011f0f2fc34704ff0ff321f23c6e934237a
:101328002b685c702b6825229a702b6802f21b12be
:10133800a3f8c8202022dc705c71da80094b1c609d
:1013480012f028fa2b68084a1c81c0f1470018716e
:101358001268c2f340329a72204670bdc0bb0020aa
:0c136800b51f0301b8bb0020383801415c
:020000040000fa
:020000040102f7
:1013740008b5204b198821f4e06141f4c0611320c1
:101384000bf044fe1c4b03f59b52a020116960f343
:101394008901116103f599520620516841f04071a9
:1013a400516003f59a52516860f39951516003f505
:1013b4009a520420916860f39851916091684c208e
:1013c40060f35f61916003f59a523d20116960f307
:1013d4000e211161d168432060f31641d160136975
:1013e400322161f31a5313611369382161f306033f
:0c13f400136108bd04bc0020002401416e
:020000040000fa
:020000040102f7
:1014000038b51f4c1f4d236843f0c0632360236829
:10141000032043f0006323600cf0b6fed5f80031e2
:1014200043f40053c5f80031d5f800319b04fbd4d8
:101430002368154d6ff3db63032023600cf0a4fedb
:1014400023686ff35a6323602b6813f0606f00d139
:1014500038bd2368032043f0006323600cf094fe42
:10146000236803206ff3db6323600cf08dfe236899
:101470002268c3f34163013363f35a622260e3e7f6
:0c1480000c3a014100240141203a0141d6
:020000040000fa
:020000040102f7
:10148c0038b50d460df058fe00283ad00446037cc2
:10149c000bb9012038bd837c00ebc303996971b192
:1014ac00da8a284610f084fca37c04ebc303986909
:1014bc0012f012fba37c04ebc30300229a61a37c01
:1014cc0004ebc302127d0133dbb20f2b88bf002368
:1014dc00a374237c013b2374a37913f0020f12d065
:1014ec00522a01d00020d5e7e3790133dbb2e37156
:1014fc000c2b01d80020cde7204608f035f8002051
:0a150c00c8e70120c6e70020c4e78d
:020000040000fa
:020000040102f7
:021516000028ab
:020000040000fa
:020000040102f7
:1015180010b512f0dff80446002101200bf014f991
:10152800174b1b78cbb9174b1b78b3b9164b1b78e5
:1015380033b9164b1b68e31a47f22f5293420cd962
:10154800134b00221a70f4f761f842f2107302226a
:101558000121084608f092fd00b110bd084b012298
:101568001a70094b00221a70084b1c6012f0a0f880
:101578000228f2d912f096f8064904f0e5f8ece7eb
:1015880049bc002016bc002017bc00200cba002063
:0815980009ba0020ec18030160
:020000040000fa
:020000040102f7
:1015a0002de9f0418ab01b4d1b4e1c4c05f594688b
:1015b00094273a460021284611f0a2fb1723ab805e
:1015c0000023338074602380a370e3802372a3819f
:1015d000a373638223752383a376943508361e3460
:1015e000a845e6d110238df814300d4b01ac0fcb7c
:1015f00084e80f00002306930a4b0793064b0893d9
:1016000005238df82430204607f08afb0ab0bde898
:10161000f08100bf84a00020c4b50020dcae002013
:081620006c2f030178be0020cd
:020000040000fa
:020000040102f7
:101628002de9f84307460d46012911d0022915d0a6
:101638001c4bdb79c3b11b4a01231c4692f82310cb
:1016480099b101331c32062bf7d10020bde8f8838d
:101658000ef098f90228ebd90020f7e70ef0a6f96a
:101668000228e5d90020f1e70024dff838804feaa6
:10167800c409a9eb04039b0008eb030628f80370d0
:10168800b570002737717771b7710125f57112f0c0
:1016980021f8b060f060812333747761377628468b
:0816a800d4e700bf74b100207b
:020000040000fa
:020000040102f7
:1016b00030b585b004460cf043fe1b4b1b788df80b
:1016c0000c301a4b1b788df80d30194b1b788df8a8
:1016d0000e3048b1054601790323009303ab09227c
:1016e000204603f02ff908b905b030bd204610f0b0
:1016f000d2fb104b1b78002bf6d12b79002bf3d0ab
:10170000094a12789a42efd90a4a1370074a1278a6
:101710009a4284bf054a1370054b01221a7009f0e2
:1017200069f902f053fcdfe71abc00201dbc002061
:0817300011bc00201bbc0020cd
:020000040000fa
:020000040102f7
:1017380000b587b049238df8083044238df8093067
:101748004c238df80a3045238df80b3000238df893
:101758000c30134a019200934ff4807202a9114889
:10176800edf72efa08b1012804d00f4b1b6807b01b
:101778005df804fb4ff0200383f31188bff36f8fec
:10178800bff34f8f094b4ff0ff321a60084b01220d
:101798001a60084b00221a6007f0c2fee5e700bf96
:1017a80060ba002071e3020160bf002064ba002023
:0817b80070ba002074ba002091
:020000040000fa
:020000040102f7
:1017c0002de9f7431f4690f8463005468946904676
:1017d0009bbb7c1da4b2204612f0f2f9064670b302
:1017e00000f11003102101a8019312f01ff84946df
:1017f00001a812f021f8414601a812f01df83a465e
:101800000a9901a811f05af921463246284610f0eb
:1018100006f8044668b91023a5f85e0085f846303e
:10182000084905f15400f4f7f3fa204603b0bde887
:10183000f083304612f0fef9f7e70724f5e70224bb
:08184000f3e700bfa064d10131
:020000040000fa
:020000040102f7
:10184800f7b51d4f3b681e78eeb91c4c0ef0aeff85
:1018580020682021253004f0b3f94020f9f702fb75
:10186800054630b3236883f824603b6801221a7068
:1018780023689861fdf74afc044628b13b6828466e
:101888001e700cf0dff80c240d4b0093022201238c
:101898003321ec20f7f724fb44b10a4b0093019461
:1018a80001230022fd21ec20f7f71afb204603b0a4
:1018b800f0bd0724e8e700bf00bb0020fcba002009
:0818c800482f03014cfc020152
:020000040000fa
:020000040102f7
:1018d00037b51f4b019005460093ec200c460123c1
:1018e00002225c21f7f700fb28460ff0cbf850b33b
:1018f000026892f86430012b0cd00c24154b009335
:10190000019401230022ff21ec20f7f7edfa204695
:1019100003b030bd2368c2f8f63102f5fb7163688d
:101920004b60a3688b60e368cb6092f8ae31213bdb
:10193000012be2d892f8af31032bded10ff0dbfaa6
:1019400018b90724dae70224d8e70024dfe700bf4c
:0819500098000301b10003013e
:020000040000fa
:020000040102f7
:1019580073b5054600230df1020101a8adf8023068
:101968000df03efeeb7a012b17d1019aeb6bbdf817
:1019780002101a442b8f0b449bb240f2e1418b4278
:10198800c2f31602019285bfa3f2e2430132adf819
:101998000230adf8023088bf0192b5f87030bdf85a
:1019a80002000c4e03eb90000df0acfd019c0444ca
:1019b80034402c6600212846fbf7bcfb2b7b2044d7
:1019c8003040286603b9400201232861ab7302b096
:0819d80070bd00bfffff7f009e
:020000040000fa
:020000040102f7
:1019e00038b51d4c2368254633b94ff4107012f0fa
:1019f00031f9206060b938bd00242b6804f18802f9
:101a000053f8220008b112f027f90134082cf4d160
:101a10004ff410720021286811f072f92c680f49f8
:101a20000f4a04f5bc7304f5ce7500bf43f8041be0
:101a30009d42c3f88020f9d14822002104f5da70d4
:101a400011f05ef90023c4f89c316b60ab60054b6c
:101a5000c4f874310120cee794ba0020953c03010c
:081a6000c53c0301c73c030172
:020000040000fa
:020000040102f7
:101a680000b51f4b024600681860908892799880ec
:101a78009a7133f8040c40f0020023f8040c53f870
:101a8800080cc0f380708bb0d0b1586ac0f3026004
:101a9800087053f8081c60f3124143f8081c272209
:101aa8001946684610f086f9002300bf0deb0302c3
:101ab800d07940b90133102bf8d10bb05df804fb95
:101ac800ff230b70f9e7074a1268272101fb03235c
:101ad800d87ac0f3400080f00100c0b2ede700bf43
:081ae8007033014178bb0020be
:020000040000fa
:020000040102f7
:101af000f8b51f4c1f4925684ff4bc7205f5ba7044
:101b00000ff08afc0026272202fb06f3206803f16f
:101b10000b0705f27f111944384410f04ff9206883
:101b20003844fdf735ff236805f277123344925da0
:101b3000da70062202fb06f1236801f24312134415
:101b400005f2b7220a4401361168196092889a801a
:101b5000082ed8d1236895f874211a7095f875016c
:101b60000ff0bafc236895f876219a70f8bd00bf93
:081b700078bb0020e0400144b5
:020000040000fa
:020000040102f7
:101b780038b5204c056807f04ffbf1f7cffd20235f
:101b88002b7504f5a3539a896ff3cf329a81b5f870
:101b98007c1095f866000cf0f5f8d5f8783193f8d4
:101ba800ac1004f5b0537f201a8961f307021a813b
:101bb80004f5b15306211a6861f313421a601a68d2
:101bc80061f317521a6004f5b052116960f30f01fe
:101bd8001161116960f31f4111611a8942f0010214
:101be8001a811a6842f010021a601a6842f002025a
:081bf8001a6038bd0024014110
:020000040000fa
:020000040102f7
:101c000038b51b4c237813f001052ed143f00103a6
:101c100004202370f9f72af9e06010b90725284657
:101c200038bd0420f9f722f920610028f6d00a20f7
:101c3000f9f71cf960610028f0d0e3681d70e368d3
:101c40005d70e3689d70e368dd700a4ba1891a68d6
:101c500061f30f021a600849062011f0b3fe074a2b
:101c6000074b1360074a1360d9e70025d7e700bf89
:101c700010b80020803401419d33030168bf00206b
:081c8000e33c03016cbf0020ee
:020000040000fa
:020000040102f7
:101c880038b5204c056807f0c7faf1f747fd01237e
:101c98002b7504f5a3539a896ff3cf329a81b5f85f
:101ca8007c1095f866000cf06df8d5f8783193f84b
:101cb800ac1004f5b0537f201a8861f307021a802c
:101cc80004f5b15306211a6861f313421a601a68c1
:101cd80061f317521a6004f5b052116960f30f01ed
:101ce8001161116960f31f4111611a6842f0020223
:101cf8001a601a8942f010021a811a8942f0010208
:081d08001a8138bd00240141dd
:020000040000fa
:020000040102f7
:101d100038b51f4c2368022262f35a63236023689c
:101d2000032043f0006323600cf02efa04f24c43ce
:101d30001a6842f400621a601a681205fcd423681b
:101d4000144d6ff3db63032023600cf01dfa23684e
:101d50006ff35a6323602b6813f0606f00d138bdb6
:101d60002368032043f0006323600cf00dfa23681e
:101d700003206ff3db6323600cf006fa236822680c
:101d8000c3f34163013363f35a622260e3e700bfa8
:081d90000c3a0141203a014127
:020000040000fa
:020000040102f7
:101d980038b505460c46e9f741fae3f7cffc054ba1
:101da80005481d80054b0c221c801421bde83840d5
:101db80010f076b9b0b70020e0bb0020b2b7002021
:101dc80030b5044685b00d46ac4201d905b030bdea
:101dd80069462046e4f7a4fdd8b1bdf8021041b920
:101de8004ff0200383f31188bff36f8fbff34f8f3a
:101df800fee700222046e3f753fd10f0fd0f08d060
:101e08004ff0200383f31188bff36f8fbff34f8f19
:081e1800fee70134a4b2d7e794
:020000040000fa
:020000040102f7
:101e200053ec102b70b4c3f30a54a4f2fe30002814
:101e300026dd342822dc19461a4bc0f120024ff06f
:101e4000ff3603fa02f2c640a4f21e4423fa04f459
:101e50001643264323fa00f010ee105a730843eaa3
:101e6000c07325ea0305751921ea500140eb010111
:101e700025ea060221ea000343ec102b70bc7047f0
:101e80004ff0000403f0004503d045ec104b70bc4c
:101e9000704745f07f53224643f4401343ec102b28
:081ea00070bc7047ffff1f003a
:020000040000fa
:020000040102f7
:101ea80073b50546008911f0bdfe002835d0288994
:101eb800ec680cf0b9fd054688b3238880880233a6
:101ec80083422ed8eb7c082b2bd111f075fe0646e9
:101ed80008b300f11003092101a8019311f0a2fc35
:101ee800a17801a811f09efc2146019831f8032b36
:101ef80011f0b4fe21880231324689b228460ff02b
:101f08008afc044618b9e874204602b070bd304611
:101f180011f08cfef8e70224f6e70424f4e7032422
:061f2800f2e70124f0e7de
:020000040000fa
:020000040102f7
:101f2e00000001000201010001000501060102008e
:101f3e000801010001000b010c010d010e01010051
:101f4e000100030003001301010001000100010064
:101f5e00180101001a010100010001000100010039
:101f6e00010001000100010001000100010001005b
:101f7e0001000100010001000100010001002f011c
:101f8e00010001000100010001000100010001003b
:101f9e0001000100010001003c013d0101000100b2
:061fae00010001004201e8
:020000040000fa
:020000040102f7
:101fb40070b500200ef00efc064601200ef00afc5f
:101fc400054602200ef006fc4ff6ff710446002081
:101fd4000cf034fb4ff6ff7101200cf02ffb4ff691
:101fe400ff7102200cf02afb314600200ef004fca5
:101ff400294601200ef000fc214602200ef0fcfbd5
:10200400002210460d2109f0ebff002210460c219e
:1020140009f0e6ff002210460b2109f0e1ff00223f
:1020240010460e2109f0dcff002204210120bde846
:06203400704009f0d5bf69
:020000040000fa
:020000040102f7
:02203a002a2b4f
:020000040000fa
:020000040102f7
:10203c002de9f0411c4ad36a956a89b30e46ab422e
:10204c0008bf002227d00122dff864c0174ca0f192
:10205c00020e0138144f0ce0e15c81540133396bf2
:10206c00994298bf0023b24214d2511cab4212d0f9
:10207c000a46dcf8041001f007010129ecd15900e3
:10208c0014f813800ef812800131615c00f8121004
:10209c000133e4e71d46044bdd621046bde8f081d8
:1020ac001d460a46f7e700bf04b6002080ff01205a
:0420bc00000c0040d4
:020000040000fa
:020000040102f7
:1020c000022838b50d4619d0032828d0012814d18c
:1020d0001a4c236893f802314bb90ff003fd2068c6
:1020e0001749b0f80031e8305943f3f791fe2368ff
:1020f00093f80211294383f8021138bd0f4b186879
:1021000090f802110029f8d021ea050180f80211a7
:102110000029f2d1e830bde83840f6f715bd074b8d
:10212000186890f80231002be7d0b0f8003104496c
:10213000e8305943bde83840f3f76abe00bb0020e1
:0421400040420f000a
:020000040000fa
:020000040102f7
:10214400f0b58bb0074607924b7906930b7905934c
:10215400cb7804938b7803934b7802930b78019399
:10216400164b00930c4601232c21ec201646022228
:10217400f6f7b8fe2146384602f0f6f8054690b95f
:102184009df8203067f300038df820302368cdf8e4
:1021940021303146a388adf8253008a8fdf7daf9d7
:1021a40028460bb0f0bd064b01900093002201239a
:1021b400ff21ec20f6f796fef2e700bf0cc5020102
:0421c40007110301fb
:020000040000fa
:020000040102f7
:1021c80037b50d4614460ef059fcc0b9ff232b70e5
:1021d80023700224194b0093022201233721ec209b
:1021e800f6f77efe44b1164b0093019401230022ba
:1021f800fd21ec20f6f774fe204603b030bd0268de
:1022080092f86730122b11d002d3213b022b0fd941
:1022180001232b7092f86630122b0bd002d3213b8e
:10222800022b09d9012323700024d3e70223f0e706
:102238000323eee70223f6e70323f4e7bb340301a5
:042248002611030157
:020000040000fa
:020000040102f7
:10224c0013b50388019304461c4b0093ec20012327
:10225c0002224e21f6f742fe20880ef00dfc30b320
:10226c0003686288a3f82e22a288a3f83022e288a1
:10227c00a3f832222289a3f834226289a3f83622e9
:10228c00a289a3f8382293f8ae31112b11d110f09a
:10229c005ffc80b907240a4b0093019401230022b0
:1022ac00ff21ec20f6f71afe204602b010bd0224e6
:1022bc00f1e70c24efe70024f6e700bf88090301df
:0422cc0076fc020199
:020000040000fa
:020000040102f7
:1022d000f8b504460f461646f7f74efb02280546aa
:1022e00027d12379042b19d02379052b25d03378d6
:1022f000022b01bf2268d2f8843123f00103c2f817
:102300008431317820460ef018fe2046002103f07b
:10231000f7fc0121204603f0f3fc0ce00b4b1b689b
:10232000002be4d032463946204698470228dbd0bd
:102330000546012ddbd12846f8bd054b1b68002b57
:10234000d5d03246394620469847f1e728bb0020d1
:042350002cbb002082
:020000040000fa
:020000040102f7
:10235400f8b5036893f8644005460e468cbb93f8c1
:10236400ac21a2f12107012f18d8b3f8ac2140f217
:1023740021118a4203d001f201318a4208d1032299
:10238400002083f8b02183f8b16183f8ae01f8bd71
:102394003d21284610f06afd0020f8e793f8ae319d
:1023a40002ea0306f40613d59a420cbf23222a221a
:1023b40007f020fc0028ead00121284603f09efc07
:1023c400eae7012c04d193f8ae31213b012bdfd98c
:0423d4000120dce721
:020000040000fa
:020000040102f7
:1023d8000368002939d04a0715d5b3f89e01b3f828
:1023e800a011820102f5747292b291422bd2a1f52a
:1023f8007470c0f387101a282ad9b3f89e3198420e
:1024080027d9d8b27047c8070dd5b3f89e01b3f8dd
:10241800a011c200703292b2914214d2a1f17000a0
:10242800c0f3c700e7e78a0712d5b3f89e01b3f8ef
:10243800a01182003c3292b2914204d2a1f13c0038
:10244800c0f38700d7e7c0b2d5e793f89e0170477d
:042458001b2070478e
:020000040000fa
:020000040102f7
:10245c00f0b593b0144641f20b02adf80020a2f691
:10246c000a72adf80420c2790e46342101fb023306
:10247c00054693f881200ab393f8857038460ff01f
:10248c00effb40f002008df806000df10701384615
:10249c0007f07efa3378c3f3c0138df80d3054f87f
:1024ac00063fcdf80e30a388adf8123068462b7875
:1024bc008df814300bf0e2fb13b0f0bd3378c3f39e
:1024cc0080138df806302368cdf80730a388adf85b
:0424dc000b30dfe7fb
:020000040000fa
:020000040102f7
:1024e00038b54ff088431c4c1b6c1c4d1c4903f441
:1024f0004053b3f5005f23680cbf40f6523240f200
:102500006242a3f820232b684ff496621a81226856
:10251000c2f822134ff4a0725a810ff0b5fb2b685a
:10252000c0f307101a89b2fbf0f21a812268b2f8e0
:102530002213b1fbf0f1a2f82213b2f82413b1fb7d
:10254000f0f1a2f824135a89b2fbf0f01a895881ed
:10255000a8321a8138bd00bf58bb00205cbb0020e8
:0425600090014001a5
:020000040000fa
:020000040102f7
:1025640090f85520836d30b51c4c42b122685279e5
:1025740012b993f8e52032b103225a7029e0226897
:102584005279002af5d193f8e620510705d4226840
:102594005278520701d40122efe72468c578104a23
:1025a40093f8e41024786db901eb81010a44125dbb
:1025b4005a7090f85520836d62b15a78062a06d174
:1025c4000422dae704eb84042244525cf0e7052a8f
:1025d400f6d030bd5a7822f00402cee768bb002062
:0425e400e71f0301e9
:020000040000fa
:020000040102f7
:1025e800f8b5064600200ef0f3f8054601200ef077
:1025f800eff8074602200ef0ebf80446ceb110f0d3
:1026080001ff10f007ff10f00dff10f013ff45f465
:10261800005189b200200ef0edf8394601200ef085
:10262800e9f844f4e06189b20220bde8f8400ef010
:10263800e1b84ff6ff7130460bf0feff4ff6ff7121
:1026480001200bf0f9ff4ff6ff7102200bf0f4ffa9
:10265800294630460ef0cef8394601200ef0caf869
:042668002146e1e73f
:020000040000fa
:020000040102f7
:10266c00f8b5064600200ef0b1f8054601200ef034
:10267c00adf8074602200ef0a9f80446ceb110f0d2
:10268c00dffe10f0e5fe10f0ebfe10f0f1fe45f46d
:10269c00005189b200200ef0abf8394601200ef043
:1026ac00a7f844f4e06189b20220bde8f8400ef0ce
:1026bc009fb84ff6ff7130460bf0bcff4ff6ff7121
:1026cc0001200bf0b7ff4ff6ff7102200bf0b2ffa9
:1026dc00294630460ef08cf8394601200ef088f869
:0426ec002146e1e7bb
:020000040000fa
:020000040102f7
:1026f00010b5c37b0446032b0cd8dfe803f0022d92
:10270000022d184bd3f89c2f40f2ff1161f31842b1
:10271000c3f89c2f144b1b7843b1124bd3f89c2f5a
:1027200040f2ff1161f31842c3f89c2f0f4b1b6856
:102730006bb1984758b10e4b1b7843b9094bd3f88e
:102740009c2f40f2ff1161f31842c3f89c2f2046e2
:10275000bde810400bf0b6bb024bd3f89c2f6ff3d3
:102760001842d5e70024014142bc0020a8bb00204c
:0427700043bc002046
:020000040000fa
:020000040102f7
:10277400f8b516461f4600ebc10555e902230c4681
:1027840030463946eaf796fd32463b46f2f756fca8
:1027940055e90423eaf78efd02460b4630463946d6
:1027a400f2f74cfc032c02460b4617d055e90623de
:1027b400eaf780fd02460b4630463946f2f73efc06
:1027c400052c02460b4609d155e90823eaf772fda8
:1027d40032463b46f2f732fc02460b46c4eb4474e5
:1027e40005ebc40410461946d4e90023eaf762fd58
:0427f400f8bd00bf6d
:020000040000fa
:020000040102f7
:1027f8002de9ff471d460c9b13f0010906468a4642
:10280800144601d195420bd82246514630460df068
:102818002bfca54204d82546284604b0bde8f0871d
:102828002f1b102f3a464ff0200128bf1022684670
:10283800b84610f061fa00bfb8f10f0f11d83b0984
:102848006ff00f0202fb0372694630460df00cfc74
:10285800b9f1000fe0d12246514630460df004fc94
:10286800dae71022694630460df0fefba8f11008a1
:04287800e2e700bfd4
:020000040000fa
:020000040102f7
:10287c0030b585b0043205460c4603920cf0b4fc1e
:10288c0038b10c2c07d000231a4619462846fdf700
:10289c00d7fc05b030bdc378012bf4d003a901a837
:1028ac000ff070fe03a90df106000ff06bfe03a9eb
:1028bc0002a80ff067fe03a90df10a000ff062feeb
:1028cc00204611f0c1f901460028e2d00023037024
:1028dc00bdf804308380bdf80630c380bdf80830e5
:1028ec000381bdf80a3043814580204611f085f8fc
:0228fc00cfe724
:020000040000fa
:020000040102f7
:1028fe0030b5044687b0008911f091f9002836d022
:10290e002089e5680cf08df8044660b3287911f043
:10291e009af9206448b3f52384f844302b88a387b2
:10292e006b88e3872a7984f84520691d0ff03ffafa
:10293e002b88adf800306b88adf8023042f60301fb
:10294e0002230df105008df8043011f080f969466f
:10295e002046fdf704fd054610b120460ff02dfc74
:10296e00284607b030bd0325fae70225f8e704250f
:02297e00f6e77a
:020000040000fa
:020000040102f7
:10298000f8b50446008a11f051f9002835d0208aa4
:10299000a568a77ce6680cf04bf8044678b39db1b7
:1029a00096b12b7843726b788372c772ba00314646
:1029b000c0680ff003fa637adb0705d54ff6ff72a4
:1029c0000121207804f01efd012304f14c0523723f
:1029d00028460ff0d2fd78b1284610f067fb054677
:1029e00042680189204600f00df9686811f034f959
:1029f000284611f031f90020f8bd0420fce703203f
:022a0000fae7f3
:020000040000fa
:020000040102f7
:022a02000200d0
:020000040000fa
:020000040102f7
:102a040030b583b0184b01221a70184b00221a708b
:102a140010f062fe164b186010f04cfe022810d81d
:102a240043f6982002f004fb0021012009f08efef9
:102a3400f2f7eefd0f4b00221a70eff779fa03b0ac
:102a440030bd10f031fe04460cf09eff05460cf03c
:102a5400afff094b1b78009303462a4607492046db
:102a640002f074fedce700bf07bc002049bc002074
:102a74000cba002009ba002006bc0020581103013a
:020000040000fa
:020000040102f7
:102a840010b5f6b00c4610306eab72a910f8012ddb
:102a940003f8012b8b42f9d16ea968460ff0ecf9cb
:102aa40010b1002076b010bd002372937393749319
:102ab4008df8d43163798df8d53123798df8d631f9
:102ac400e3788df8d73172ab6eaa1021684610f006
:102ad4004ff990b9a3788df8c83163788df8c9316e
:102ae40023788df8ca31032272a90df2c5100ff0b4
:102af40055f9b0fa80f04009d4e70020d2e700bfce
:020000040000fa
:020000040102f7
:102b040010b51a4b1b7883420ed0184bdb788342e6
:102b14000fd0164b9b79834211d0154b1b788342ff
:102b240012d001f051fa10bd104b00221a809a7095
:102b3400ebe70e4a0023a2f803305371e9e70b4a8e
:102b44000023d3801372e8e70023094a1370094c69
:102b54002178094a1170094a137007f049ff0123cb
:102b640022460e21ff20f4f7fbfadae750b90020e1
:102b74001bbc00201abc00201dbc002011bc00207e
:020000040000fa
:020000040102f7
:102b840070b5c56800890cf001fd0446a0b3866ddc
:102b940096b390f855207abb25b90821bde870405a
:102ba400fdf74abd2b68c6f86f306b68c6f8733002
:102bb400ab68c6f87730eb68c6f87b30836d0121cb
:102bc4009970c378816d53b96f31eff74dfda16de5
:102bd40001f5d8712046bde8704003f055bdcb78af
:102be40063b1ca70836d9a70816d6f31eff73cfdec
:102bf400a16d01f5b871ede7012070bd1846fce741
:020000040000fa
:020000040102f7
:102c04002de9f04190f8088006460d461746b8f1c4
:102c1400000f1cd1184b1b689b89db0717d50c20b0
:102c240011f016f8044628b3284611f011f8606034
:102c340000b33946c4f8008025812a460ff0bcf859
:102c4400214606f14c00bde8f0410ff0efbe3978a3
:102c54000a4a002312f83300884208d102ebc30366
:102c640029463a4630465b68bde8f04118470133cf
:102c74000c2befd1bde8f081a8ba0020e46b02016f
:020000040000fa
:020000040102f7
:102c8400f8b5079c07469df8180092b91b4e601ec4
:102c94003d4620eae07422463021284610f02ef802
:102ca4003146281910f092fe3846bde8f8400ff07e
:102cb400fdbb00b30a2b1ed1002a1cda3d462d2091
:102cc40005f8010b5242601e01396e180021317063
:102cd4000cb10028ddddb2fbf3fc03fb1c21092948
:102ce40088bf07313031934206f8011d00f1ff30ef
:102cf400cfd86246ece720463d46e5e729040301c8
:020000040000fa
:020000040102f7
:102d040037b51b4d01462b680c689c6003f1080025
:102d140009790171d3e90221164c246801f01f01dd
:102d2400d960c4e93421dc6c0cb1a047044628689e
:102d3400036ddbb108309847044314f0ff040e4bd5
:102d4400009318bf0c24012302221f21ec20f6f764
:102d5400c9f844b1094b0093019401230022fd21d9
:102d6400ec20f6f7bff8204603b030bd1846e3e781
:102d7400fcba0020c0bb002034fc02014cfc020160
:020000040000fa
:020000040102f7
:102d840070b5056895f8644006461cbb95f8ac31ef
:102d9400222b33d195f8ad31042b2fd10b210ef01a
:102da4000ffd044678b1304602f0f2fa044660b1f1
:102db40095f8c831012223f0030385f8ad2185f885
:102dc400c83185f8a921204670bd0146306810f04d
:102dd40023faf8e7012c11d195f8ae31222bf2d168
:102de40095f8af31042beed1022385f8af3195f875
:102df400c8316ff3000385f8c831e4e70124e2e742
:020000040000fa
:020000040102f7
:102e0400f8b51e4e027a817a336805460d2000fb20
:102e1400021203ebc203d3f8c44104b307f0c4ffa6
:102e240027680cf0ddfea3689d4225d107f0bcffa6
:102e3400d4e90031abb15960d4e900231a602a7a8d
:102e44003368134493f89422013a83f894220023bc
:102e540085f84d300cf0c4fe204609f0cff900206f
:102e6400f8bd2a7aa87a33680d2707fb020203eb20
:102e7400c203c3f8c811dfe73c46cee758bb0020c5
:020000040000fa
:020000040102f7
:102e8400c0b208b50b4611460b280ad8dfe800f09b
:102e9400060b0f161a091e22262a2e3018460df08c
:102ea400a3fe002008bd18460af0e8f8f9e7124a24
:102eb4001268002af5d018469047f2e7184602f047
:102ec40009fbeee718460ef055fbeae718460ff04b
:102ed400e3fee6e7184604f033f8e2e71846eef7b7
:102ee400edfadee71846eff7ddfddae7034adfe740
:102ef4001846fbf70ffbd4e788bb002084bb0020f7
:020000040000fa
:020000040102f7
:102f040090f8682090f867306ab9222b1bd12323ec
:102f140080f86730194b1a8842f003021a801a8825
:102f24006ff3041221e0012a0dd1232b0bd12223ac
:102f340080f86730114b1a8842f003021a801a880d
:102f440042f0100211e0122b12d004d8112b4ff0d2
:102f5400010006d07047222becd0232bdad00120bd
:102f64007047064b1a8860f301021a8000207047ec
:102f7400024b1a88022161f30102f6e7c0340141d1
:020000040000fa
:020000040102f7
:102f840038b51e4b1d682c6894f8640078b9236e1c
:102f9400190608d50ef05efaa06720460bf0eefd88
:102fa400b0fa80f04009237d9a0622d438bd012866
:102fb40009d1237d13f01e0ff8d0d4f87801037fd4
:102fc4000bb910f00dfe236e5b0602d520460ff000
:102fd4009eff94f86430012b0ed1226e12f0400f44
:102fe40008bf4023237528462521bde838400ff04b
:102ff40045ba0028dad1e6e74023f3e764bb0020b2
:020000040000fa
:020000040102f7
:1030040010b51b4a136823f400731b041b0c1380b4
:10301400044600220921012008f0e2ff00220521d4
:10302400022008f0ddff00220421022008f0d8ff6e
:103034007cb900bf0ef01efa6ff4e173c3189bb2a3
:10304400942bf7d9a0f2134080b29428f2d9f0f768
:1030540067fb00f015f8074b00221a60064b1b684b
:10306400997a064b1a6861f34d321a6010bd00bf9d
:10307400243f0141b8bb0020c0bb002038380141c7
:020000040000fa
:020000040102f7
:1030840008b51c4b1320198809f0c0ff1a4b187897
:103094001a4b03f59b52116960f38901116103f521
:1030a400995251686ff31961516003f59a5251684e
:1030b4006ff39951516003f59a5291686ff39851e7
:1030c40091609068062161f35f60906003f59a5205
:1030d40010696ff30e201061d06861f31640d06060
:1030e40013696ff31a531361136961f306031361d0
:1030f40008bd00bf04bc002048bc002000240141de
:020000040000fa
:020000040102f7
:1031040073b5c37a012b05460c4616460df1020130
:1031140001a82fd10cf066fa0199eb6b2a8f1944a0
:10312400bdf8023013449bb240f2e1429342c1f332
:103134001601019185bfa3f2e2430131adf80230db
:10314400adf8023088bf0191019ba34205d1bdf8bf
:10315400022040f29b439a4202d96ff49c731e44ae
:1031640040f271239e4208d82846fbf72bf9012030
:0e31740002b070bd0cf036fae6e70020f8e776
:020000040000fa
:020000040102f7
:1031820038b50d460bf0abf8002831d00446037b6e
:1031920083b3837b00ebc303596971b11a8a284652
:1031a2000ef00bfea37b04ebc303586910f099fced
:1031b200a37b04ebc30300225a61a37b0133dbb27e
:1031c2000f2b88bf0023a373237b013b2373237838
:1031d20013f0010f10d0637a0133dbb263720c2b50
:1031e20001d8002007e0204605f08bf8002002e01d
:0c31f200012000e0012038bd0020fce7b7
:020000040000fa
:020000040102f7
:0231fe000100ce
:020000040000fa
:020000040102f7
:103200001b4b1c4a1a604ff6a0029a814ff44032c1
:103210005a601a46d369002bfcd1154a136843f053
:1032200002031360d369002bfcd1134b00221a62f6
:103230009a62da6283f8342083f83c209a63da8752
:103240001a609a60da601a751a779a61084b5b689f
:1032500003f00703012b084b14bf802240221a639e
:103260001a61034b80229a7504229a75704700bf39
:0c327000000c00400401124004b60020d5
:020000040000fa
:020000040102f7
:10327c0046574420736b69702068646c3d30782528
:10328c00303458206e6f742072656164790d0a00b9
:10329c0046574420736b69702068646c3d30782508
:1032ac00303458206a6f696e2070656e64696e6781
:1032bc000d0a00004657443a206e6f207065657207
:1032cc007320746f20666f727761726420746f0d57
:1032dc000a0000004657443a2073656e7420746fe0
:0c32ec002025642070656572730d0a00d7
:020000040000fa
:020000040102f7
:1032f800f8b50c4616461f46054608b3022a2dd8cf
:1033080001292bd8012108460bf05aff3fb1144b75
:1033180014491868794300f5e670f2f775fd2146ff
:10332800284607f0fbfc044640b90f4b1e700c4bb7
:103338001a6813785db143f0020313702046f8bd94
:10334800074b186800f5e670f5f7fafbe7e723f096
:103358000203137001210bf033ffefe70324ede7bd
:0c33680094ba0020a086010020bc0020c8
:020000040000fa
:020000040102f7
:103374002de9f3410e461621074615460af03afe9a
:10338400804680bb07f15400f5f7dcfb4ff48270f4
:1033940010f05efc044630b34ff4827241460ff0e5
:1033a400adfc072323703b88a380b7f84830238102
:1033b400053e1723a37101a904f10800a681013574
:1033c40001950ff0e3f801a904f10a000ff0def80b
:1033d400a28922b1019904f10e000ef0edfc042142
:0c33e40020460cf051fd02b0bde8f08165
:020000040000fa
:020000040102f7
:1033f00073b50446019168460d4601a90ff0c8f85f
:1034000001a90df102000ff0c3f8bdf80230019ad6
:10341000062b1ad8dfe803f00b040b190d11150069
:10342000114b1b681b68bdf800102046984702b07e
:1034300070bd0d4b1b689b68f5e70b4b1b685b6809
:10344000f1e7094b1b68db68ede7074e3368294657
:103450005b69204698470128e9d0336829461b69f3
:0c34600020469847e3e700bfb0ba002008
:020000040000fa
:020000040102f7
:10346c0010b5164a1378d90726d443f0010313700c
:10347c00134b1b221a80134b02f22d121a800ef0e2
:10348c0045ff0446b0b9104b0146182218460ff000
:10349c0031fc82680d4b02f0f8010d4a1c600a43a6
:1034ac0082600c49042010f02dfa0bf083f90a48c5
:1034bc000ff03efe204610bd0024fbe72cbc002084
:1034cc00f4bb0020f6bb0020c8b7002004bb0020d2
:0c34dc000101610441f50001b108030189
:020000040000fa
:020000040102f7
:1034e8007fb506460d460df0c9fa50b3036893f947
:1034f8008022002a27da93f89e22910725d565f3c2
:10350800000283f89e2215b3d2b242f0300283f84b
:103518009e2200240f4b0093cde90165012302226e
:103528005621ec20f5f7dcfc44b10b4b00930194d9
:1035380001230022fd21ec20f5f7d2fc204604b03f
:1035480070bd0224e6e71a24e4e70c24e2e72c46df
:0c355800e0e700bfecdb02012af00201fa
:020000040000fa
:020000040102f7
:1035640002390068212916d8dfe801f0291a151a52
:1035740016151a151a2511151a1a15151a151a15cc
:103584001a1a151a1515151a15151515151a90f870
:10359400ac31022b04d0704790f86430002bfad180
:1035a40090f8c6310c4943f0040380f8c63100f5a5
:1035b4002970f2f72bbc90f86430012beae790f8fd
:1035c400c63143f0040380f8c631b0f84e3042f2fd
:0c35d40010715943ebe700bf005a62027f
:020000040000fa
:020000040102f7
:1035e00010b502680c788878cb78497886b0b9b97c
:1035f000cde90203137c0193154b009302220123b2
:103600006521ec20f5f770fc124b00930223019426
:103610001a468321ec20f5f767fc002006b010bda8
:103620003421cde9030301fb032368339a7902f0c7
:103630003f0202921b7a5b0901330193064b009310
:10364000022201236621ec20f5f74efcdce700bfe7
:0c3650000e930201509302012d93020121
:020000040000fa
:020000040102f7
:10365c0038b50d46044607f0a3fb012d1a4d2a6818
:10366c0092f8293321d1012b13d0217a92f8b83258
:10367c0092f8b92289b9216ca1420ed1c97a1344ae
:10368c0089b9012b01dd03f0f7fb2b68012283f8cc
:10369c002923bde838400cf09fbaa16c134411b932
:1036ac00216ca142edd0022bece7002bf1d092f86b
:1036bc00b83292f8b9221344012b01dcfef70aff51
:0c36cc002b680022e3e700bf58bb002081
:020000040000fa
:020000040102f7
:1036d80038b51d4b1a68536843f4006353600023e0
:1036e8000b70836d0446abb101230b700023637725
:1036f800a364a373236384f84d30a4f84e30246484
:10370800204601f06bfa94f84f3043f0040384f834
:103718004f3038bd456d45b195f84d30012b2c46dd
:10372800e4d12846fff76afbe0e7d0f8a830002b81
:10373800efd00146b42218460ef03cfb6065846564
:0c374800a56545650446d1e75cbb002088
:020000040000fa
:020000040102f7
:1037540030b4c47882780346fcb9092a14d1856d43
:103764000a68c5f8802105f5c0744a6862608a68f1
:10377400a260ca68e26090f8552052b190f85320d4
:10378400022a03d108229a7030bc704730bcf2f789
:1037940087b9184630bce9f747bb072af4d1856dd1
:1037a4000a68c5f8c02105f5e0744a6862608a6851
:1037b400a260ca68e26090f85520002ae9d090f827
:0c37c4005320022aded030bcf3f74cbdcd
:020000040000fa
:020000040102f7
:1037d000012970b506460d4603d9ff2923d00020e4
:1037e0002ce0084606f0b4f80728f8d803b203eb3b
:1037f0004302134b03eb420332681a60b2889a808b
:10380000294600f005fa0f4a0521092313fb00138e
:1038100013443168196000ebc0041444b1889980e6
:10382000257101200ae0084b9b78db07f9d4084694
:1038300006f08ef807288cbf0020012070bd00bf65
:0c3840000033014124b5002074bb0020bf
:020000040000fa
:020000040102f7
:10384c00842910b523d00cdc812903d0822913d014
:10385c0080290bd119680c1d1c600b6803601a6061
:10386c0013e0902921d003dc882917d0002010bd4b
:10387c00a029efd0c029ece719680c1d1c600b685f
:10388c000360d1171046c3e900010120efe7196866
:10389c000c1d1c600b6803601a80f6e719680c1d80
:1038ac001c600b6803601a70efe719680c1d1c6034
:0c38bc0009680160d317c1e90023e6e7aa
:020000040000fa
:020000040102f7
:1038c800f0b5074685b0412010f0c0f9054678b339
:1038d8000646002306f8013b164c23689868102119
:1038e800403002f06df923684022394698680ef09e
:1038f80061fa23682022996830460ef05bfa266840
:103908002022b16805f121000ef054fab0686b4628
:10391800412229464030ebf721fd284610f098f95e
:1039280023689b68012283f85020684605f0acfba9
:0839380005b0f0bd68bb0020e2
:020000040000fa
:020000040102f7
:1039400005000000080001000c0002001000050046
:10395000130006003000070057001f0086001e00fd
:103960000110080002100a000310090004101100e1
:1039700005100b0006100c0007100d0008100e00bb
:1039800009100f000a1013000b1016000c10120083
:103990000d1010000e1017000f1018001010190055
:1039a00011101a0012101b0013101500141014002f
:0839b00020101d0021101c0075
:020000040000fa
:020000040102f7
:1039b80013b504460ff03efc18b323688361a37a5d
:1039c800037523681b681b88c38263680361637a75
:1039d8004373227a037b134323f0040343f0020367
:1039e80003730e4a002303605168086050600c4a54
:1039f800436054688460011d21601846516002b01c
:103a080010bd0724074b0093ec20019401230222e8
:103a18004121f5f765fa2046f1e700bfb4b9002067
:083a2800c4b900206a17030174
:020000040000fa
:020000040102f7
:103a300030b51b4b1c6885b005465cb3a0680379a4
:103a4000042b2bd10cf07ffcb0b1a3682a681b6853
:103a5000c3f816222a7983f81a22a0680ff06af8b0
:103a6000e0b907240f4b0093019401230022ff21aa
:103a7000ec20f5f739fa0ee02b7928688df80c3038
:103a8000029002aba0680522092109f0b4fc0446ab
:103a90000028e7d10024204605b030bd2468cce7db
:083aa000d4b90020e0f7020197
:020000040000fa
:020000040102f7
:103aa80008b54ff49671012000f0d0fc174b186050
:103ab80048b3026800239060137382f82f301365af
:103ac80082f82c3002f15c0102f596700b7081f8d7
:103ad800243081f82d3081f82e3081f82f300b6397
:103ae80034318142f2d14ff48033c2f80e30084ba2
:103af800c2f812300123002082f82e3005490ff059
:103b08000fff002008bd0720fce700bf40bb0020d6
:083b18001300100055bd01016e
:020000040000fa
:020000040102f7
:103b200010b40c460e2834d8dfe800f0080d33330b
:103b300033333333331a1e2327152c0008465df820
:103b4000044bf1f71dbf20460023d1e901125df8b7
:103b5000044bf3f78bbc08465df8044b10f03fb8fc
:103b60005df8044b06f0aebb08685df8044b0af044
:103b7000b7be5df8044b06f0c9bb08685df8044b9e
:103b80000af0c6be20785df8044bd1e90112e8f7cf
:083b9000ebb85df8044b70472f
:020000040000fa
:020000040102f7
:103b980070b50378054613b1012b11d070bd194ecd
:103ba8003368db68002bf9d0447824b90230984791
:103bb8003368dc60f2e72046bde8704007f0f6bde8
:103bc80002200bf0f7fc044688b16e78b6b9806d18
:103bd8002022a91c2f300ef0edf8a37884f853604a
:103be800082b04d1e37820462bb9f1f757ffbde83d
:103bf800704007f0e7b9f3f733fbf8e7304607f012
:083c0800d5fdf4e768bb0020c4
:020000040000fa
:020000040102f7
:103c100007280cd8dfe800f0040c12181e242a3004
:103c2000184bd3f8642f61f31042c3f8642f704728
:103c3000144bd3f8642f61f35142f6e7114bd3f8dc
:103c4000642f61f39242f0e70e4bd3f8642f61f3d7
:103c5000d342eae70b4bd3f8642f61f31452e4e745
:103c6000084bd3f8642f61f35552dee7054bd3f8c8
:103c7000642f61f39652d8e7024bd3f8642f61f3b7
:083c8000d752d2e700240141f4
:020000040000fa
:020000040102f7
:103c880007280bd8dfe800f0040b11171d23292f94
:103c9800184bd3f8643fc3f300430b707047154bc0
:103ca800d3f8643fc3f34043f7e7124bd3f8643fbc
:103cb800c3f38043f1e70f4bd3f8643fc3f3c0432a
:103cc800ebe70c4bd3f8643fc3f30053e5e7094b2c
:103cd800d3f8643fc3f34053dfe7064bd3f8643fa0
:103ce800c3f38053d9e7034bd3f8643fc3f3c053fe
:083cf800d3e700bf00240141e5
:020000040000fa
:020000040102f7
:103d000038b590f823201b4d044662b30cf041fbfc
:103d10002b4694f8c91153f8602f61f307021a601b
:103d20001a6894f8ca1161f30f221a601a6894f89d
:103d3000cb1161f317421a601a6894f8cc1161f341
:103d40001f621a602b4694f8cd1153f8642f61f36b
:103d500007021a602b6843f000732b6094f82a0066
:103d60000430c0b238bd2b6862f359632b6090f801
:083d70002a00f7e7303401419d
:020000040000fa
:020000040102f7
:103d78001b4bd3f80021962161f31742c3f80021a9
:103d8800d3f80021022161f31962c3f80021428ba4
:103d9800818b9142d3f800210cbf42f080626ff30f
:103da8009a62c3f80021027aaab1d3f800216ff30e
:103db8000002c3f800210b4b1a6842f480421a60d3
:103dc80090f8e720012a1a680cbf42f080026ff3ce
:103dd800c7121a607047d3f8002142f00102e8e7e1
:083de8000024014154340141a3
:020000040000fa
:020000040102f7
:103df00030b51c4b41781a6861f30c221a601a68be
:103e0000017861f305021a601a6819466ff34d32a2
:103e100041f8042b1a46058952f85c4f65f30f04ec
:103e20001460d0f802400c601946857951f8084fab
:103e300065f304040c6019686ff3c7111960196801
:103e400041f04001196019684c06fcd4196849001a
:103e5000fcd51268c2f30542c2721b68c3f3056346
:083e6000837230bd54340141ae
:020000040000fa
:020000040102f7
:103e68002de9f84f04460c9f6668d4f80cb0246915
:103e780010463a68013c002502f0020a0b9a0bf83a
:103e88000450002e1946b8bf0126012390464fea78
:103e9800e279002c03dcd3b12046bde8f88f50ea64
:103ea800010209d1721b002a06dc0a9a521b002a59
:103eb800f1ddbaf1000feed042464b460af0ecfeb7
:103ec800013c134630320bf804200135e1e73b682a
:083ed80023f010033b60dfe75b
:020000040000fa
:020000040102f7
:103ee00070b504461646856b026c5ab903681bb15f
:103ef00000200135a56370bd8068fcf767fe0023d4
:103f0000a360f6e76eb940680df058ff6368226c55
:103f100013446360a268934219d3236863603046f8
:103f2000e7e7c0680df04aff226c5242e368134491
:103f3000e36021688b4202d2a3681a44e260022e39
:103f400001d00020d5e725b1013d0020d1e7304662
:063f5000cfe70020cde7e1
:020000040000fa
:020000040102f7
:023f5600012a3e
:020000040000fa
:020000040102f7
:103f580030b583b004460378032b03d0062b1bd05f
:103f680003b030bd0df1060180880cf0b8f8bdf83b
:103f780006000ff0affd05460028f1d00146a088e5
:103f8800fff7fbf82a46bdf80610a088eaf720fbe1
:103f980028460ff0a3fde3e780880ff0a0faa08879
:103fa800fdf782fb0ff084fb022802d8edf7beff75
:103fb800d6e70ff077fba288014901f0c5fbf5e7ca
:043fc8002c040301c1
:020000040000fa
:020000040102f7
:103fcc0070b5194b01221a700ff082fb04460ef0eb
:103fdc00adf8164aa2fb0032831a02eb5302920a86
:103fec0040f2d17303fb120202f5fa631a46002564
:103ffc005801d90ec01a61eb05018b0043ea90738e
:10400c0086001946b01845eb0101cb0043ea50730a
:10401c00c200104619464ff47a7200230af03afe99
:10402c002044034b186070bd1fbc00208b5303064b
:04403c0038ba00206e
:020000040000fa
:020000040102f7
:104040007fb50689b6f5706f30d2c46821888b1fa2
:104050009bb240f67a40834228d86288931f9bb275
:10406000834223d8914221d8a388b3f5fa7f1dd289
:10407000e3880a3b9bb240f67642934216d830461c
:104080000af0a6f9054688b1837c8bb9adf80060cb
:104090002368cdf802306368cdf80630684608f032
:1040a00087fd08b90123ab7404b070bd0320fbe7a2
:0440b0000120f9e70b
:020000040000fa
:020000040102f7
:1040b40070b5867a012e31d800890bf067fa05466f
:1040c40070b3816d61b34b785b0729d526b10c21a0
:1040d400bde87040fcf7b0bac3782bb901f5e871bc
:1040e400bde8704003f069bc0c79a4b10e71816d18
:1040f40001f5c87103f061fc044640b9ab6d02469a
:10410400a03301462846fbf789f9204670bd3346a3
:1041140032460121f6e701238b70f6e70324f4e726
:044124000124f2e799
:020000040000fa
:020000040102f7
:10412800f7b590f8463005460f46144663bb0520a0
:104138000ff042fd064648b3042100f110030debd1
:10414800010001930ff06efb394601a80ff070fbd8
:10415800214601a80ff06cfb3246052128460df0d8
:104168005afb044660b90423a5f85e0085f846307a
:10417800074905f15400f1f747fe204603b0f0bdaa
:1041880030460ff053fdf8e70724f6e70224f4e77a
:04419800a064d1014d
:020000040000fa
:020000040102f7
:10419c002de9f04387b004ad914698460e4607468c
:1041ac00039503f085f90446014603a8adf80870a1
:1041bc008df80a600ff034fb394603a80ff036fb7c
:1041cc00314603a80ff02cfb99f8001003a80ff050
:1041dc0027fb98f8001003a80ff022fb02ab00930a
:1041ec0001950423062242f2760140f201100bf0f5
:1041fc0069f8034b33f8140007b0bde8f08300bf37
:04420c002e1f02015e
:020000040000fa
:020000040102f7
:1042100073b51a4b01910d46009304460123022207
:104220009521ec20f4f760fe0c2d154e11d1d4f839
:1042300008321bb10221204600f0a0fa33681b6946
:10424000204698472946204602b0bde87040f0f766
:10425000c3bad4f8f8311bb10021204600f08efa21
:10426000d4f800321bb10121204600f087fa3368f0
:10427000052d94bfdb689b68e2e700bfac1a030121
:04428000f8ba002068
:020000040000fa
:020000040102f7
:1042840010b5046894f86031012b01d000202de0b2
:10429400174b1b685b682bbb94f873102046fff721
:1042a400b5fffaf75bfd0028f0d0d4f8ec21002329
:1042b4001360d4f8ec2141685160d4f8ec210a6011
:1042c4004260d4f8002252b1d4f8f0211360d4f83b
:1042d400f03142685a60d4f8f031136043600bf057
:1042e4006ffdd3e7204698470028d5d010bd00bf06
:0442f400f8ba0020f4
:020000040000fa
:020000040102f7
:1042f80030b5194d02682b68c3f8e0208288a3f80e
:10430800e420012289b083f8e620d3f8503104462e
:10431800984718b12b68d3f84c31984700231a46b0
:104328000e49022001f054ff63790693237905931f
:10433800e3780493a3780393637802932378019333
:10434800074b0093022201231a21ec20f4f7c8fd41
:10435800002009b030bd00bf00bb002001070100ec
:04436800d0e6020198
:020000040000fa
:020000040102f7
:10436c007fb5002306460d468df807300ff0eefaa8
:10437c0090b99df8083066f300038df808302b686f
:10438c00cdf809300df10701ab88adf80d3002a85e
:10439c0004f0a0fe04b070bd0d4c2368d3f854316a
:1043ac00984708b10c20f5e72368d3f858319847a3
:1043bc000028f7d12368d3f85c3198470028f1d155
:1043cc002368d3f8603198470028d2d0eae700bfc1
:0443dc0000bb002002
:020000040000fa
:020000040102f7
:1043e000f8b51b4e037a32685533044652f83370e1
:1043f00047bb0af0bdfa0546846006f0d7fc2f6083
:10440000227a336803ebc202d2f8ac226a60227ac5
:1044100003ebc203d3f8ac321d60227a336803eb9e
:10442000c202c2f8ac52227a134493f8b822013285
:1044300083f8b8220bf0d6fb20460121fff70ef9d6
:104440000020f8bdbb689c42f6d03f68d0e700bfb3
:0444500058bb002035
:020000040000fa
:020000040102f7
:10445400f8b5064608200f460ff0fafb0446c0b133
:10446400002545600560067138460ff0f1fb2060b9
:1044740078b129463a460ef041fc0c200ff0e8fbd7
:10448400054660b920680ff0e5fb204605f060ffa3
:1044940003e0204605f05cff00252846f8bd043ef5
:1044a400012e846002d8204607f0e4fe00232b602e
:1044b400034b5a686a6015605d602546ede700bfee
:0444c400d4b9002047
:020000040000fa
:020000040102f7
:1044c80010b5c288012a10d014b214b1022a2ad019
:1044d80010bd00890bf058f80028f9d02346224671
:1044e8000221bde81040faf797bf02200bf062f8ee
:1044f8000f4b1b68da6804465ab10ff08ffb00288f
:10450800e6d0002ce4d020460821bde81040fcf796
:1045180091b80028dcd0806dd978eb300ff080fba3
:104528000028d5d0efe7bde8104006f04bbd00bf2e
:0445380068bb00203c
:020000040000fa
:020000040102f7
:10453c0038b5194d2b6833b930200ff085fb286046
:10454c0048b9002038bd002420460134e4b2fbf702
:10455c00cdf9082cf8d1114c2368abb130220021d5
:10456c0028680ef0c7fb1022002120680ef0c2fb59
:10457c0022680b4900231360226853602a680120cb
:10458c00c2e90113d360dde710200ff05dfb206062
:10459c000028e3d1d5e700bf6cbb0020a8ba0020ef
:0445ac00c93c030102
:020000040000fa
:020000040102f7
:1045b00038b51a4d00242b681b78e340db07e1b2c5
:1045c00027d50120f4f7e6fd2868154a062303fbea
:1045d0000403d2f8a41f83f84311d2f8a41fc1f337
:1045e000072183f84411d2f8a41fc1f3074183f8cf
:1045f0004511d2f8a41fc1f3076183f84611d2f820
:10460000a81f83f84711d2f8a82fc2f3072283f816
:1046100048210134082cced138bd00bf78bb002022
:044620000024014130
:020000040000fa
:020000040102f7
:1046240010b500681a4c90f8e530fbb908f096fd17
:10463400d4f80c31d4f808219bb263f31f42c4f8b8
:104644000821d4f81031d4f810211b0c63f30f02a5
:10465400c4f81021d4f81c311a0210d5d4f824312e
:1046640043f48023c4f82431002010bd90f8e430d2
:1046740043f0020380f8e430fcf7c0feeae7d4f824
:104684001c31db01f0d5d4f8243143f40023e9e7ed
:0446940000240141bc
:020000040000fa
:020000040102f7
:1046980038b5837c1d2b04461cd1002383744ff44a
:1046a80082700ff0d3fa054648b1142303702388ab
:1046b800838007f0dbf9042128460bf0e3fb04f1c3
:1046c8006c00f4f73dfa4ff482700ff0bffa05461c
:1046d80008b9208238bd0c23037023888380238a7d
:1046e800c380122b08d10023238207f0bff9284684
:1046f800bde838400ff0acba0421bde838400bf0f3
:02470800c1bb33
:020000040000fa
:020000040102f7
:10470a00f7b500eb81060546b36993f80431144600
:10471a00a3b901aa6946608909f0cdfe70b1009a71
:10472a00a3899789b069bb4201d9072304e0e289ca
:10473a00d118b94209dd0d2380f8043195f83b30d0
:10474a00013385f83b3003b0f0bdb3f5807fecd878
:10475a00b1f5807fefdc0433616818440df029fb62
:10476a00a189e389b2690b4451888b42c8bf53803f
:02477a00e4e772
:020000040000fa
:020000040102f7
:10477c00f8b500ebc1060546d6f8f8710c467fb3c8
:10478c00f86809f05df938460ff060fa04f13f0360
:10479c00002705ebc30305eb8404c6f8f871c6f8d3
:1047ac00fc31d4f8480118b109f04af9c4f8487141
:1047bc00d4f8540120b109f043f90023c4f8543162
:1047cc00d5f8440120b109f03bf90023c5f8443178
:1047dc00d5f8400120b109f033f90023c5f8403178
:0247ec00f8bd16
:020000040000fa
:020000040102f7
:1047ee00f8b50c461f46064615460cf01efe40f662
:1047fe00c4139c421bd003f2e2439c4219d040f2f8
:10480e00e2418c420cbf04210021b5f5ab7f1cd0d8
:10481e0011d8a5f1fa035a425a41b38a052f01eb7a
:10482e00830108bf01f1ff31891a0844f8bd082140
:10483e00ebe70c21e9e7b5f5517f08d040f2e662cf
:10484e0095420cbf06220022e7e70222e5e703228b
:02485e00e3e78e
:020000040000fa
:020000040102f7
:10486000f0b50c4649682368a768e56887b0002959
:104870000593a4bf23f00203059305ab029308231d
:10488000cde900730646d2e900232046fff7ecfa93
:10489000059bd90642bf00f1ff3030232b54059b06
:1048a0001a0742bf00f1ff3020232b542269059bd9
:1048b0000093013a3b46121a29183046fdf79cff37
:1048c0007368db0503d563689842b8bf184607b024
:0248d000f0bd39
:020000040000fa
:020000040102f7
:0248d200a62a14
:020000040000fa
:020000040102f7
:1048d40010b51a4b1b68047be200111903eb81012c
:1048e400896b224403eb820393f840201ab30b68cc
:1048f4001b7913f0010f0cd10b46013ad2b201eb34
:1049040082018b4215d053f8042f127912f0010f53
:10491400f7d0044603685a881988008906f012f90a
:10492400072801d0012005e0236804225a710120e0
:1049340000e0002010bd0020fce700bf20ba0020ea
:020000040000fa
:020000040102f7
:104944002de9f04186b00f46164698469df8304052
:1049540009f0f4fc18b305460f2c22d88df8047026
:10496400114b1b788df80530104a1378591c1170bf
:104974008df8063001238df807308df808603cb9b6
:10498400621d01a92846f8f763ff06b0bde8f0816f
:10499400224641460df109000df00efaf0e7002021
:1049a400f3e70020f1e700bf1abc00201ebc002082
:020000040000fa
:020000040102f7
:1049b40030b50589b5f5706f85b02dd2c4682188ee
:1049c4008b1f9bb240f67a40834225d86288931f9e
:1049d4009bb2834220d891421ed8a388b3f5fa7fb4
:1049e4001ad2e3880a3b9bb240f67642934213d82c
:1049f400284609f0ebfc78b1084bcdf80a30adf845
:104a040000502368cdf802306368cdf8063068465c
:104a140006f06efd05b030bd0320fbe7100020005a
:020000040000fa
:020000040102f7
:104a2400f7b5044600890ff0fff878b326893046bd
:104a34000af0defb074628b3162064890ff008f954
:104a4400054608b300f11003132101a801930ef0e9
:104a5400ebfeb97901a80ef0e7fe022101a80ef0e1
:104a6400e9fe214601a80ef0e5fe2a46062130465d
:104a74000af0b7f9044610b128460ff0ebf82046c7
:104a840003b0f0bd0124fae70224f8e70424f6e7b2
:020000040000fa
:020000040102f7
:104a940038b500890af07afd044668b38378022b9e
:104aa4002ad1faf76dfc054670b9204602f037fbaf
:104ab400a26d5378022b15d1104b1b681b78022b67
:104ac40004d1204605f068fc284638bd042b07d1e4
:104ad40092f8e430022b2046f4d10cf092faf3e77a
:104ae4002046fae7032befd194f85530002bebd195
:104af40020460cf097fae7e70325e5e768bb0020ba
:020000040000fa
:020000040102f7
:104b0400052937b50446154630d15430f4f71af860
:104b1400013501a9684601950ef022fd01a90df1a8
:104b240002000df033fd01a90df101000ef018fd96
:104b34009df80010204609f05dfa0546b0b94ff41f
:104b440082700ff085f870b10570228882809df81c
:104b540000208271bdf8022002819df8012082723a
:104b640004210bf091f920460df02cfb03b030bd6d
:020000040000fa
:020000040102f7
:104b7400184b1a6802b11268174b1b6803b11b6803
:104b84001649086800b1006842b192f82c10012956
:104b940004d1d27b02f0fd02012a15d043b193f86f
:104ba4002c20012a04d1db7b03f0fd03012b0dd063
:104bb40078b190f82c30012b0ad1c07b00f0fd00b5
:104bc400431e584258417047104670471846704774
:104bd4000020704740bb002038bb00203cbb0020b5
:020000040000fa
:020000040102f7
:104be400f8b5044609f0c2fe05468460002606f0c6
:104bf400dbf82e60154aa77a237a11680d2000fb92
:104c0400037301ebc303d3f8c8316b60237aa77a2b
:104c140000fb037301ebc301d1f8c8311d60a17a15
:104c24001368227a00fb021203ebc202c2f8c851d5
:104c3400227a134493f89422013283f894220123b4
:104c440084f84d300af0ccff3046f8bd58bb002044
:020000040000fa
:020000040102f7
:104c5400f8b51a4e037a32685533054652f8334094
:104c6400ecb106f0a1f827680af0baffa3689d42e8
:104c740022d106f099f8d4e90032b3b15a60d4e9ec
:104c840000231a602a7a3368134493f8b822013a4d
:104c940083f8b8220af0a4ff204607f0affa2846aa
:104ca4000021bde8f840fef7d7bc297a336803eb4e
:104cb400c103c3f8ac22e2e73c46d1e758bb00206d
:020000040000fa
:020000040102f7
:104cc40038b590f8c831194c13f00203054628d0c2
:104cd4000bf05dfb234695f8ce1153f8842f61f356
:104ce40007021a601a6895f8cf1161f30f221a604f
:104cf4001a6895f8d01161f317421a601a6895f88a
:104d0400d11161f31f621a60234695f8d21133f86a
:104d1400882f61f307021a80236843f080632360bd
:104d240038bd226863f39a622260f9e730340141a6
:020000040000fa
:020000040102f7
:104d340070b50d46184c48b9d4f8643f60f30823a5
:104d4400c4f8643fbde87040f7f764b80b7a0e7c92
:104d54006bb140f28310f5f7b9ffd4f89c3f6ff3c1
:104d64001843c4f89c3f26b1012e0ed070bd032019
:104d7400f1e7697c05f112000cf05affd4f8643fa6
:104d840043f48073c4f8643ff0e7044b186808b92f
:104d9400f5f79cff0120d5e70024014174bb0020f6
:020000040000fa
:020000040102f7
:104da40030b5194ad2f86c3f13f4805f114610d124
:104db400d2f86c4f154ba4051b780bd5d2f8682f8d
:104dc4001503c2f3c04405d5342202fb030383f860
:104dd400834030bd342202fb0302002482f8834066
:104de400d1f86c4fc4f34025a40506d5d1f8681f4b
:104df400090302d482f88450ebe7342202fb030354
:104e0400002283f88420e4e70024014141bc00200f
:020000040000fa
:020000040102f7
:104e140073b5044600890ef007ff70b32089e56876
:104e240009f004fe044620b328790ef011ff206433
:104e340008b3f42384f844302b88a3876b88e38772
:104e44002a7984f845206e1d31460cf0b5ff6a8836
:104e5400298801962b79009320464ff42053faf7c2
:104e640011ff054610b120460df0acf9284602b0fa
:0e4e740070bd0325fae70225f8e70425f6e7ee
:020000040000fa
:020000040102f7
:104e8200434f4e4e3a41636c5478446f6e653a48d4
:104e9200646c3d3078253034782c6c656e677468ac
:104ea2003d257800434f4e4e3a4374726c50647500
:104eb2005263763a48646c3d3078253034782c4f12
:104ec20070436f64653d3078257800434f4e4e3a0b
:104ed200446174615263763a48646c3d307825309f
:0d4ee20034782c6c656e6774683d256400a3
:020000040000fa
:020000040102f7
:104ef00038b50446008809f023fae8b10579134b68
:104f000000221a70284604f077fa2846fdf7fafdc9
:104f1000208806f0fffe0ef0dbfb0ef0cdfb022832
:104f20000cd80021012007f013fc094b01221a7054
:104f3000084b00221a6038bd0025e0e70ef0b6fbf2
:104f4000a3782288044900f003fceae716bc00209d
:0c4f500017bc00200cba002014f902016c
:020000040000fa
:020000040102f7
:104f5c00037a5bb310b4428803889a421dd3c1888c
:104f6c0084888c4219d8052b17d9b2f5486f14d800
:104f7c00b1f5fa7f11d2104b1b68012283f82a205d
:104f8c0002881a8442885a8482889a84c288da8475
:104f9c00027a83f82820002005e0074b1b680022ca
:104fac0083f82a2003205df8044b7047024b1b68e2
:0c4fbc00002083f82a00704710ba002083
:020000040000fa
:020000040102f7
:104fc80003786bbbf0b585b00546164e341d4436e4
:104fd80002e00834b44221d06b8834f8042c9a4299
:104fe800f7d12268528a002af3d00f4a126832b1e8
:104ff80006218df80410adf8083001a890476f8895
:10500800384609f069f90028e3d090f89130002b70
:10501800dfd10321384608f0d9fadae705b0f0bd48
:0c502800704700bfc4b5002024ba00206f
:020000040000fa
:020000040102f7
:105034002de9f04180460ef04ffb0746154c04f174
:10504400a8060ee01321288807f09cfb00232b60a0
:105054006b60ab60eb602b616b61ab611c34b44281
:1050640015d02546e379002bf8d06379002bf5d1d0
:10507400a368fb1a4345f1d90ef01cfb0228e1d9c1
:105084000ef012fb2288044900f060fbdae7bde869
:0c509400f08100bf74b100205c19030122
:020000040000fa
:020000040102f7
:1050a00082b0184b0193f8b103460068164a90632a
:1050b0005868906398689063db689363019a1378eb
:1050c00043f001031370104ad37913f0010ffbd0a2
:1050d00089b10d4b9a6b0a609a6b4a609a6b8a6031
:1050e0009b6bcb6002b07047074b00229a639a63b8
:1050f0009a639a63e2e7044b9a6b9a6b9a6b9b6b89
:0c510000f0e700bf04040042000400427d
:020000040000fa
:020000040102f7
:10510c0070b583681888a0f1200292b243f6e0745f
:10511c00a24224d85988a1f1200292b2a2421ed8f0
:10512c0088421cd81e79042e19d81d7b6a1e062aab
:10513c0015d85c7b032c12d80a4a1080518016714a
:10514c0055719471084a53f8050f1168886201f182
:10515c00280299889b7993719180002070bd03205f
:0c516c00fce700bf74b9002094ba0020da
:020000040000fa
:020000040102f7
:1051780070b5044616460d4641b3086868b394f8fe
:105188006521bab9d4f8f03143b11a60d4f8f031d6
:1051980042685a60d4f8f03113604360d4f8ec31b7
:1051a80000221a60d4f8ec3142685a60d4f8ec3125
:1051b8001360436094f86521164384f8656165b906
:1051c800036833b1bde870400ef02dbcf9f7c4fd9b
:0c51d800d4e7bde87040faf73fbb70bda3
:020000040000fa
:020000040102f7
:1051e400f8b50e46074615460df084fc0028114616
:1051f40030460cbf0024092406f02efff8b9bcb9d0
:10520400104b20460a2200bf02fb00f131f803c014
:10521400bcf5706f0ed15a180331178096700b4489
:105224002a681a60aa889a80074a1378013313708f
:105234002046f8bd01300828e6d11f24f8e70b24e6
:0c524400f6e700bfd4b400202ebc002010
:020000040000fa
:020000040102f7
:1052500013b504460df0faffe8b1236843616368b3
:105260000361637a4373227a037b134323f00403bd
:1052700043f0010303730e4a002303605168086082
:1052800050600c4a436054688460011d21601846d8
:10529000516002b010bd0724074b0093ec2001942d
:1052a000012302224221f3f71ffe2046f1e700bf4f
:0c52b000bcb90020c4b90020961803010e
:020000040000fa
:020000040102f7
:1052bc00f8b5164e346807462cb3ff20f5f7d0fd31
:1052cc00054650b9124b1a68eab901221a60114905
:1052dc001148bde8f840f0f795bd627b216928467e
:1052ec0004f036ff2a46617b384608f0fcfe58b1c4
:1052fc0020460cf04bf83468002ceed1284608f010
:10530c009ffb002cded1f8bd0124f7e7bcb90020cf
:0c531c0004bb0020a0860100c8b70020e0
:020000040000fa
:020000040102f7
:1053280030b585b0174b0093022201234621ec20ab
:105338000025cde90255f3f7d3fd0df093ff0446a0
:10534800b0b903a902a8f5f7f3fd044648b90398d4
:1053580003684bb1029b40f20122a3f80e210ef024
:1053680080fb204605b030bdfaf776fa0c24f8e742
:10537800054b019000932a460123ff21ec20f3f707
:0c538800affdeee75c270301c218030133
:020000040000fa
:020000040102f7
:105394007fb506460568172100200bf099fd0446e9
:1053a40050b30c2101a800f00dfc01ab03cb05f5b3
:1053b400ef72c5f8de015160039bc5f8ee3105f2ca
:1053c400d311032323730b68c4f80d304b68c4f85e
:1053d4001130b5f8dc31a4f815301368c4f817306f
:1053e4005368c4f81b30d5f8ee31c4f81f3030468a
:0c53f40021460df007f8012004b070bd48
:020000040000fa
:020000040102f7
:10540000006825292ed8dfe801f01313132d1f2d76
:1054100013132d132d1313132d2d13132d132d13c0
:105420002d13132d2d2d2d2d132d2d2d2d2d13132e
:1054300090f8c6315a0715d56ff3820380f8c6314c
:1054400000f52970f3f780bb90f8643053b990f8f9
:10545000c631054943f0040380f8c63100f52970d0
:0c546000f0f7d6bc704700bf005a620293
:020000040000fa
:020000040102f7
:10546c00ff282de9f84f80468a4617464ff0000575
:10547c00144b05d11570987800f00100bde8f88f39
:10548c00d3f80090104e680029fa00f000f00304e5
:10549c00012c5ffa85fb0cd106225146701d0cf0d5
:1054ac0079fc30b93379434503d187f800b02046f5
:1054bc00e4e70135082d06f10906e4d107233b701a
:0c54cc000020dbe774bb002024b50020aa
:020000040000fa
:020000040102f7
:1054d80038b5036893f862213ab393f87320042a25
:1054e8001ed8012a1cd0124a93f8f44052f8041925
:1054f8001068090c000c84330022944202d1fcf796
:1055080003fc0de053f8045b8d4206d09d688d4284
:1055180000d110b10132d2b2efe7064b01221a7066
:10552800054a138843f480731380002038bd00bff8
:0c5538005c3e014147bc002002bc00208a
:020000040000fa
:020000040102f7
:1055440038b3f8b50646f02a26d81f4614460d4649
:10555400d0f8183113f1020f05d0202a1fd800f516
:10556400b4700cf029fc24f00803102b01d0202c7b
:1055740018d1c6f8f440a2080632c6f8f020224634
:10558400294630460cf018fc3946304605f030ff09
:10559400f8bd6ff0ac0070476ff0ac00f8e76ff047
:0a55a400ac00f5e76ff0ac00f2e791
:020000040000fa
:020000040102f7
:1055ae0070b5056895f86440012c064622d1b5f811
:1055be009820b5f81c329b1a9bb247f6fe729342a6
:1055ce0014d80df09cfa014610b90024204670bd87
:1055de00c471b5f81c32038105f21623c360304640
:1055ee000ef032fa122385f8ae31efe728460af0b4
:1055fe0056fbebe701210bf099fc04460028e4d0a2
:0a560e000121304600f075fbe0e7d3
:020000040000fa
:020000040102f7
:1056180070b5c2b0044640880ef05cfab0b10546d9
:10562800628861680cf0c6fb2378042b10d0002236
:105638008df8042023788df805306388adf807309d
:10564800cdf8095001a90b480df0e0f842b070bd43
:105658002b78122bebd1a87a80000ef03bfa064685
:105668000028e4d0aa7a920069680cf0a3fb6e6067
:08567800dde700bf080000207f
:020000040000fa
:020000040102f7
:1056800070b505460e46fe200ef028fa28b30446f3
:105690006b78c3eb0313134a02eb4303db880380ed
:1056a000022343800671330a4371122380f8f830d5
:1056b0000023a0f8fa3080f8fc300146688807f033
:1056c000cff958b9012e0cbf04230523eb71002339
:1056d00085f8903020460ef005fa70bd032385f85a
:0856e0009030f7e7dcae00207a
:020000040000fa
:020000040102f7
:1056e80038b505460c46154b1b7843b1fdb90cb3cc
:1056f800134b93f900305bb14ff0ff3038bd1148c0
:105708000cf0b6fc01280fd10c4b01221a70ede702
:10571800a0680b4b986062685a6002211970536840
:10572800216898470020e9e74ff0ff30e6e74ff09f
:10573800ff30e3e74ff0ff30e0e700bf0abc00208e
:085748002cb9002028ba002052
:020000040000fa
:020000040102f7
:1057500058bb0eb410b583b0144b93f9003043b16d
:10576000124b5b682bb14ff0ff3111480df038fb45
:1057700020b903b0bde8104003b0704706ab0193f9
:10578000059ac8210b4801f06dfc431ec62b08d8b2
:10579000084900230b54054b5a685469024698681f
:1057a000a04703480cf074fce3e770472cb90020d5
:0857b00028ba0020acb0002073
:020000040000fa
:020000040102f7
:1057b80070b50e46054638b102f0f4fd0446c0b98e
:1057c8000146012009f0fcfc284605f06ffe04465e
:1057d80078b9104b19680a786db922f001020a707d
:1057e800186800f5da70f3f7abf92146204609f09e
:1057f800e7fc204670bd42f001020a70002ef8d086
:10580800186842f21071714300f5da70f0f7fcfa8b
:08581800efe700bf94ba002085
:020000040000fa
:020000040102f7
:105820003d370301113a0301113a0301113a030113
:10583000113a03013d3703013d370301113a0301da
:10584000113a0301113a0301113a0301113a03011c
:10585000113a0301113a0301113a0301113a03010c
:10586000113a03017d2802016da602013d370301b3
:105870003d3703013d370301113a0301113a03019a
:08588000113a0301113a030182
:020000040000fa
:020000040102f7
:1058880038b5008909f080fe044610b9012528467c
:1058980038bdc278837802bb03f0fd03012bf5d134
:1058a800f7f7a4fc0028f1d1a36da27a83f8582158
:1058b8002346a26d53f8041fc2f859119b88a2f819
:1058c8005d312046faf7fefe05460028dfd105497e
:1058d80004f15c00f0f798fad9e7012bd6d102f071
:0858e800adfff1e7a064d1015e
:020000040000fa
:020000040102f7
:1058f00070b5164d2e68b3682c463bb12268d3783c
:1059000073b11348fdf7e0ff002070bd51200ef089
:10591000a1f92b68b0609b68002befd10220f4e75f
:105920009268022082f8503009f048fe054658b9c6
:1059300020681030f3f708f92368064883f82850e8
:10594000bde870400df0dabc0720dee768bb002040
:08595000f4b70201c93802019d
:020000040000fa
:020000040102f7
:1059580001000000054b020103000000a5620201de
:1059680005000000395701010700000085d5010135
:105978000900000091c900010b00000061e4020168
:105988000d00000091e40201110000005d93010187
:1059980013000000378b0201170000007533020165
:1059a80019000000599602011b000000cddd01011d
:0859b8001d000000cddd01011e
:020000040000fa
:020000040102f7
:1059c000f8b500260e70c3885a1e082a05460f46f1
:1059d00003d8bde8f84007f07bb8103b072b03d88d
:1059e000bde8f840eaf766b84ff482700ef032f97d
:1059f0000446b8b1a88809f01bf890b1ab7ac3741b
:105a00000a232370ab88a380eb88e380ab7a2372f0
:105a10002b896381204604210af038fa01233b7068
:085a20003046f8bd8020fce7d0
:020000040000fa
:020000040102f7
:105a280073b50546044600f12006a3692bb301aa05
:105a38006946188808f040fde0b1a369194631f8b5
:105a4800042b032a1cd05a88009b58680cf0b2f922
:105a5800009ba2699b6852881a80009b9b7b9b06cf
:105a680005d5a169284631f8042bf7f7f7ffa06997
:105a78000ef0eef80434b442d7d1002002b070bd65
:085a8800987809f095f9e8e7b0
:020000040000fa
:020000040102f7
:105a900037b5044600890ef0c9f838b32089e568a7
:105aa00008f0c6ff044618b32b78132b08d1c37c2b
:105ab000122b1fd104f056f800b9e07403b030bdca
:105ac000172b0bd1c37c162b14d1a988eb886a88bd
:105ad000009105f1080100f017fcede7192b09d141
:105ae000c37c182b06d103f04ff8e5e70420e5e767
:085af0000320e3e70120e1e7d8
:020000040000fa
:020000040102f7
:105af800202837b5054628d80bf0b8ff144a042dde
:105b080098bf136812689dbf1b68b3fa83f35b09db
:105b1800012302ebc302146844b12168116001b982
:105b280052601bb1237943f0400323710af074fedd
:105b380044b9084b00930195052322460321ef2021
:105b4800f3f7cef9204603b030bd0024fae700bfd2
:085b5800d8ba0020582a03010d
:020000040000fa
:020000040102f7
:105b600038b5164d01222a70154a1468220607d549
:105b70000df044fe08b106f017fa124bdb699847a6
:105b8000630602d50f4b9b699847200502d50d4b44
:105b9000db6a9847e10402d50a4b1b6b9847a204c5
:105ba00002d5084b5b6b9847630402d5054b9b6b92
:105bb00098470cf051fb00232b7038bd29bc002006
:085bc000103f014180bd0020ef
:020000040000fa
:020000040102f7
:105bc80070b505460e4605f0edf8134bb3f8a04541
:105bd80044f00104a3f8a045b3f8a04544f002043a
:105be800a3f8a045d3f8a0259207fbd432460b4969
:105bf80028460cf0dff80a490a4a0023d058c85052
:105c08000433102bfad1138c6ff300031384bde80f
:105c1800704009f0e3bf00bf002401419029014111
:085c2800004001448029014104
:020000040000fa
:020000040102f7
:105c300038b5014690f8640040b391f8aa010cf021
:105c400047fb134b1b680246187d0cf041fbb1f873
:105c50004a501044684340f2e24404fb00f20d4c09
:105c6000b2fbf4f004fb102404b1013091f866306b
:105c7000212b40f2712303fb05f308bf00f28d10c6
:105c8000a3f19602904228bfa3f1970038bd00bf50
:085c9000fcba002040420f00a5
:020000040000fa
:020000040102f7
:105c9800f8b5046894f864300546b3b994f8ac6173
:105ca8000027a4f8a871284608f051fa212e19d126
:105cb8000122394628460af0e3fa94f86440bcb950
:105cc8002146284600f018f814e006210bf076fd6e
:105cd80088b194f8c83194f8ae6143f0010384f8b0
:105ce800c831dde7222ee8d128460af025fee4e790
:085cf800012ce5d00120f8bdec
:020000040000fa
:020000040102f7
:105d000037b50546046809bb94f8ac31032b4ff056
:105d1000000318bf84f8ac1184f8ad3194f8b031a9
:105d2000032b19d194f8b111284605f0a5f898b1c4
:105d3000002384f8b031d4f8ec328bb101ab0422eb
:105d400008490195032000f047fa09e0012904bf42
:105d50000023a4f8ae31e1e794f8b031002bead08b
:085d600003b030bd070601018c
:020000040000fa
:020000040102f7
:105d680010b5184a047802f58453596964f30f2171
:105d780059615969447864f31741596159698478bc
:105d880064f31f61596102f58453c478996964f317
:105d9800070199619969047964f30f2199619969f7
:105da800447964f3174199619969847964f31f61af
:105db800996102f58453c1799a8b61f307029a833a
:085dc80010bd00bf00240141e1
:020000040000fa
:020000040102f7
:105dd0002de9f843164b1c6804f2431504f5ba7814
:105de00004f10b06e71ca946314606f5ba702722d6
:105df0000bf0e4ff17f8013b87f873312b68c5f807
:105e000074312736ab88a5f878314e4505f1060583
:105e1000ead12288a378a4f8742184f87631414627
:105e20004ff4bc720348bde8f8430bf0f5ba00bf6d
:085e300078bb0020e0400144b2
:020000040000fa
:020000040102f7
:105e380070b50e460546b8b101f13304204601f0ad
:105e4800a9fc124bd6f833001860b6f837209a80b0
:105e580033f8402c42f0400223f8402c53f8442ced
:105e680042f4806243f8442c31462846f3f7c4fbd9
:105e7800074b1b7843b1074bd3f89c2f40f2ff1117
:105e880061f31842c3f89c2f70bd00bfac330141c9
:085e980038bc00200024014188
:020000040000fa
:020000040102f7
:105ea00038b590f87330063b012b04461ed890f8a5
:105eb0002d30022b1ed0032b0dd0012b1ed0002223
:105ec0001146104b1d682db10523d4f84001a84799
:105ed000c4f87c0138bd90f83f30012b40f2e662f7
:105ee00040f6a66108bf4ff45172eae7002240f283
:105ef000e241e6e7fa2240f6c411e2e74ff4ab7262
:085f0000f9e700bf7cbb0020a3
:020000040000fa
:020000040102f7
:105f080038b5044690f8020194f81431072b1ad1d9
:105f180001281cd0f8b1022820d194f81731012ba0
:105f280040f2e66240f6a66108bf4ff451720d4b8d
:105f38001d683db1222303fb00404a300423a847d3
:105f4800c4f8040138bd002240f2e241efe7fa222a
:105f580040f6c411ebe74ff4ab72f9e700221146a3
:085f6800e5e700bf94bb002037
:020000040000fa
:020000040102f7
:105f700030b51749d1f81c21c2f340321ab9d1f813
:105f80001c21c2f38022d1f86c3f1b0517d4d1f835
:105f90006c4f104be5051b7812d5d1f8684fc4f350
:105fa0004075a4000cd5342404fb0303134483f888
:105fb0008150d1f8682fc2f3026283f8852030bd8a
:105fc000342101fb03031344002283f88120f6e708
:085fd0000024014141bc002046
:020000040000fa
:020000040102f7
:105fd8004741503a457674207263762c6e6f206183
:105fe8007661696c20636f6e6e2c2068646c3d303e
:105ff80078253034782c2065767449643d307825ce
:10600800303278004741503a457674207263762cd6
:106018006e6f206672656520636f6e6e2c206864f3
:106028006c3d3078253034782c2065767449643d91
:0760380030782530327800ba
:020000040000fa
:020000040102f7
:10603f0052433a41646452657120507265656d70c8
:10604f0074203078253032782c7072696f726974d1
:10605f00793a25642c20706572696f646963616c8d
:10606f003a25640052433a416464526571204e6f81
:10607f00726d616c203078253032782c7072696fb8
:10608f00726974793a25642c20706572696f64693e
:07609f0063616c3a25640007
:020000040000fa
:020000040102f7
:1060a60008b50b46114612780e2a20d005d8042ac8
:1060b6000ed0052a12d0022008bd172a1cd0192a94
:1060c60010d0102af7d1182b1bd102f03afb03e0af
:1060d6000d2b16d10bf065fd0120ede7013b584273
:1060e6005841e9e7032b0cd10df0cdf8f4e7092b65
:1060f60007d1faf710faefe7032b02d10df0d3f828
:06610600eae70020d8e7e3
:020000040000fa
:020000040102f7
:10610c0010b51478032c0b4611461cd005d87cb165
:10611c00012c13d00224204610bd0a2c18d0182ca8
:10612c001ad0082cf6d1092b1bd1faf7f1f903e0a0
:10613c000c2bf0d109f0dcfd0124ece7082b10d17d
:10614c000cf038f9e7e7172b0bd107f07dfdf3e7df
:10615c00013b5c425c41dee7052b02d10cf036f9c9
:06616c00eae70024d7e77a
:020000040000fa
:020000040102f7
:10617200f8b50e4617461d4609f009fa044640b323
:1061820090f852303b700020012e28700bd194f809
:1061920057302bb994f856301bb902232b700020cc
:1061a200f8bd0123fae7022e08d194f85730002bec
:1061b200f0d094f85430002bf2d1eee7032eefd159
:1061c20094f85730002be5d094f85530002be4d0ea
:0661d200efe70320e4e703
:020000040000fa
:020000040102f7
:1061d8002de9f041074690b20e4615469846fff75e
:1061e80087fc044628b30279c680330e63f30202a3
:1061f800330c0271437125b12a46414608300bf031
:10620800d9fd032f15d8dfe807f002080c10204647
:1062180008f0e2f90020bde8f081204609f0a2fc70
:10622800f8e7204608f0f0f9f4e7204609f0aefc5c
:06623800f0e71f20efe774
:020000040000fa
:020000040102f7
:02623e00002a34
:020000040000fa
:020000040102f7
:10624000eff30980bff36f8f154b1a681ef0100f24
:1062500008bf20ed108a20e9f04f10602de90900f9
:106260004ff0200080f31188bff34f8fbff36f8f83
:10627000f8f7e6fb4ff0000080f3118809bc1968bd
:106280000868b0e8f04f1ef0100f08bfb0ec108a9d
:1062900080f30988bff36f8f704700bfaff30080b2
:0462a00040ba0020e0
:020000040000fa
:020000040102f7
:1062a40073b50e4602210446154607f0a3fef0b965
:1062b40004f15400f2f746fc032e18d1691c0df1c9
:1062c40006000df0abfabdf80630172b11d81723d2
:1062d400a3804ff482700df0bbfc40b10e2202701b
:1062e40022888280a288c280042109f0cdfd02b0f8
:1062f40070bd034a5288934228bf1346e8e700bfa3
:04630400a4ba002017
:020000040000fa
:020000040102f7
:106308002de9f7435d1dadb20746284688469146fc
:106318001e460df051fc044610b300f1100317217e
:1063280001a801930df07efa494601a80df080fa04
:10633800bdf8281001a80df07bfa324641460198b5
:106348000bf038fd2946224638460bf064fa05461c
:1063580010b120460df06afc284603b0bde8f08372
:046368000225f9e72a
:020000040000fa
:020000040102f7
:10636c00f0b50e468bb00968cdf80e107168cdf8fb
:10637c00121007465968adf80c0018681288adf871
:10638c00162006ac03c49868d96803c43146384655
:10639c00f4f7c8fb0df10b03019303ab8df80b0065
:1063ac00009300221c2342f2190140f2011008f064
:1063bc0089ff9df80b20024b33f812000bb0f0bd97
:0463cc002e1f02017d
:020000040000fa
:020000040102f7
:1063d000f0b58bb003ae0c4607460496fbf778fa8f
:1063e0000546014604a80df021fa394604a80df02f
:1063f00023fa2368cdf816306368cdf81a30a36805
:10640000cdf81e30e368cdf8223005ab009301963d
:106410001223032242f21a0140f20110adf8147067
:1064200008f056ff024b33f815000bb0f0bd00bf6b
:046430002e1f020118
:020000040000fa
:020000040102f7
:106434002de9f04100f1200694b00d460a4631469c
:106444008046f0f771fb03ac20278df80b003a4629
:10645400414620460bf0b0fc3a4631460ba80bf0ff
:10646400abfc0df10b03cde900430122412342f2c1
:10647400260140f201108df84c5008f027ff9df8da
:106484000b20034b33f8120014b0bde8f08100bfb9
:046494002e1f0201b4
:020000040000fa
:020000040102f7
:106498002de9f341804617461c4608f055f8064694
:1064a80018b32379a4f8068023f00f0343f00203fe
:1064b8002371678120460df0d9fb054658b908f5c8
:1064c80000510c340190024600943b4689b24ff4c7
:1064d800817008f0f9fe064b33f8150010b9b3784f
:1064e8000133b37002b0bde8f0814ff48170f9e771
:0464f8009c300301d0
:020000040000fa
:020000040102f7
:1064fc0013b50c460af0c0fa28b3036893f8502081
:10650c00227093f85120627093f85220a27093f885
:10651c005320e27093f85430237100240b4b0093fa
:10652c00022201233521ec20f2f7d8fc44b1084bb0
:10653c000093019401230022fd21ec20f2f7cefc04
:10654c00204602b010bd0224e8e700bf151103017c
:04655c002611030100
:020000040000fa
:020000040102f7
:1065600030b585b0154b0093cde9010105460c46c9
:10657000ec20012302224f21f2f7b6fc28460af054
:1065800081faa8b1036893f8ae31112b12d12146dc
:1065900009f0b3fe80b90724094b0093019401234d
:1065a0000022ff21ec20f2f79ffc204605b030bd11
:1065b0000224f1e70c24efe70024f6e78ee0020165
:0465c00076fc020162
:020000040000fa
:020000040102f7
:1065c40070b4c37a066e0d6e012b08bfc06bcb7a14
:1065d40004bf361ac6f31606012b104b08bfcc6b4a
:1065e4001b680f4808bf2d1b1c895b891c4440f2a3
:1065f4003913b4fbf3f4cb6e03f1010308bfc5f305
:10660400160523440134b1182b442c1b04ea000260
:1066140003400140304670bc0cf067bc5cbb0020fa
:04662400ffff7f00f5
:020000040000fa
:020000040102f7
:1066280038b5037a012b164b1a680bbf53681368e9
:1066380043f4003343f400330cbf536013600b780a
:10664800da0704460d4606d5637b48686061012b6e
:106658000cd1400060662b789b0706d5637ba86841
:10666800a061012b07d14000a06638bd002bf2d1f4
:1066780008f048ffeee7002bf7d108f043fff3e7f7
:046688005cbb0020d7
:020000040000fa
:020000040102f7
:10668c00f0b5054685b011200e460df093fa044680
:10669c0030b300f11003032103a803930df0c0f8ed
:1066ac00039a3368136073685360b3689360f3683c
:1066bc00d36006270097002322461121288807f073
:1066cc0063fc064640b9eb781bb9af70304605b099
:1066dc00f0bd0723ab70f9e720460df0a5faf5e7fe
:0466ec000226f3e7a8
:020000040000fa
:020000040102f7
:1066f0004c32433a457674207263762c6e6f206676
:1067000072656520636f6e6e2068646c3d3078251d
:106710003034782c65767449643d30782530327891
:10672000004c32433a457674207263762c6e6f20ab
:10673000617661696c20636f6e6e2c68646c3d30ad
:1067400078253034782c65767449643d307825306e
:036750003278009c
:020000040000fa
:020000040102f7
:106753004144563a747970653d307825782c7365d9
:106763007449643d30782578004144563a616e6b34
:106773003d3078256c782c62773d256c75287573d0
:1067830029004144563a43523d307825780041442c
:10679300563a4c696e6b20657869737421004144e5
:1067a300563a4c696e6b73207265616368206d6144
:0367b3007821004a
:020000040000fa
:020000040102f7
:1067b600534d503a457674207263762c6e6f206680
:1067c60072656520636f6e6e2068646c3d30782557
:1067d6003034782c65767449643d307825303278cb
:1067e60000534d503a457674207263762c6e6f20b6
:1067f600617661696c20636f6e6e2c68646c3d30e7
:1068060078253034782c65767449643d30782530a7
:03681600327800d5
:020000040000fa
:020000040102f7
:10681a0038b5e0f729f90446dff7affdacb900b99e
:10682a0038bd01200bf00bfc0546012007f03df9ad
:10683a000446294601200bf059fe002cf0d0012c09
:10684a0013d10120dff7b5fd0fe001200bf0f7fbb4
:10685a000546012007f029f90446294601200bf0d4
:10686a0045fe002cdcd0e0f708f9002007f01df9fe
:02687a00d6e75f
:020000040000fa
:020000040102f7
:10687c0073b5047a04b3c5680023e91fdab29442f5
:10688c001fd806f037fa00262b78003318bf0123e7
:10689c008df800302b46013653f8012fcdf801202e
:1068ac009b88adf805306846f6b205f01dfbb44286
:1068bc0005f10705e8d101e006f01cfa002002b052
:1068cc0070bd0133c3ebc3028a5c032ad6d9032003
:0268dc00f5e7de
:020000040000fa
:020000040102f7
:1068de0070b50e4690f8471040f2e24304464b4323
:1068ee00aab12033c36700252046fff79af94ff46b
:1068fe009c73b0fbf3f203fb1203c4e91b3294f852
:10690e0064306bb902366423a665e36770bdb0f8d8
:10691e00485003f282230035c36718bf0125e3e711
:10692e00e36f40f27222761b02fb0535a665e56722
:02693e00ece784
:020000040000fa
:020000040102f7
:1069400070b5056895f8ac31213b012b064626d879
:1069500095f8ad31022b16d102f0d2fa062130465d
:106960000af030ff044610b90024204670bd03230e
:1069700085f8ad3195f8c83123f0030343f00303e4
:1069800085f8c831f1e70622032103f035f9044602
:106990000028e9d000213046fff7b2f9e5e70124ed
:0269a000e3e72b
:020000040000fa
:020000040102f7
:1069a200434d443a536574506174684c6f7373522b
:1069b20065706f7274696e67506172616d2c4864a4
:1069c2006c3d307825782c68696768546872657305
:1069d2003d25642c68696768487973743d25642c89
:1069e2006c6f7754687265733d25642c6c6f7748c1
:1069f2007973743d25642c6d696e54696d653d250e
:026a020064002e
:020000040000fa
:020000040102f7
:106a040038b50546fe200df067f810b304466b78e0
:106a1400c3eb0313114a02eb43031b8b03800223d2
:106a240043800123037100234371122280f8f8206c
:106a3400a0f8fa3080f8fc300146688806f00ef8b9
:106a440040b90223eb71002385f8903020460df005
:106a540047f838bd012385f89030f7e7dcae002015
:020000040000fa
:020000040102f7
:106a6400154bda6822f4e0621204120c42f0bf62a1
:106a740042f40032da60bff35f8f62b6e02183f83c
:106a840023100e4a82f803130820106082f80c13b6
:106a94004ff4805111605a6a42f480225a625a6952
:106aa40042f010025a615a6a42f400325a625a6a37
:106ab40042f480325a62704700ed00e000e100e0e9
:020000040000fa
:020000040102f7
:106ac400f8b5134b01221a700a241746962500269e
:106ad4003a463946384603f01ffa284606f014feb3
:106ae40032463146304603f017fa284606f00cfecb
:106af400631e13f0ff04ebd1054b00221a70054b03
:106b04001878054b1978054b1a7803f005faf8bd87
:106b14000bbc00200fbc00200ebc00200dbc0020cc
:020000040000fa
:020000040102f7
:106b240053455420523d256420473d256420423d71
:106b340025640d0a000000004944454e5449465955
:106b44000d0a000050524f564953494f4e20696474
:106b54003d25640d0a00000053746f7265642e2095
:106b64005265626f6f74696e672e2e2e0d0a0000d7
:106b7400554e50524f564953494f4e0d0a0000bfcf
:020000040000fa
:020000040102f7
:106b840070b505460c460af015fb134b1a682368ca
:106b9400b3f1ff3f1ad06968104800682e68864236
:106ba40005d0914203d80023236001240fe0501a3a
:106bb400834203d800232360012408e09b1a0b447a
:106bc400236028460bf0cefa002400e000240bf0ea
:106bd40079fe204670bd00bf74ba002068ba002058
:020000040000fa
:020000040102f7
:106be40002000000d1c70101040000008138010146
:106bf400060000009d46010108000000f5bf0001e9
:106c04000a00000065d301010c000000e1960101b7
:106c140010000000c9ff000112000000453b030101
:106c2400520000007d29030116000000c735010150
:106c34001800000001a201011e0000009946020193
:020000040000fa
:020000040102f7
:106c440070b5164d00242b6803eb84031a6992b1c6
:106c5400d17881b1012656721b6918880cf0e4ffc3
:106c640048b1221d2b6853f8223031464ff6ff728b
:106c7400187800f0c5fb0134082ce4d14ff482707d
:106c84000cf0e6ff40b11022027000228280012243
:106c94008271042109f0f8f8002070bd6cbb00205b
:020000040000fa
:020000040102f7
:106ca400f0b589b006ad16460f46adf80e00059551
:106cb400fbf788fa0446014605a80cf0b5fdbdf8bb
:106cc4000e1005a80cf0b6fd397805a80cf0acfd43
:106cd400317805a80cf0a8fd0df10e030093019581
:106ce4000223052242f2300140f2011008f0eefacc
:106cf400024b33f8140009b0f0bd00bf2e1f02018f
:020000040000fa
:020000040102f7
:106d0400134b70b54022134c134ec3f884212368ef
:106d14001bb9bde870400bf09dba0af0a9fe2568c6
:106d24002b68236003b9646009f078fd01236a7954
:106d340033700a4b284653f82230984795f90430ab
:106d4400002b02db284606f099fe00233370dee7b1
:106d540000e100e0ecb8002024bc0020a4b900202d
:020000040000fa
:020000040102f7
:106d6400bd1a3ccda6b8995899b740eb7b60ff4a51
:106d7400503f10d2e3b3c974385fc5a3d4f6493f7a
:106d8400e69d350e480103ccdbfdf4ac1191f4ef24
:106d9400b9a5f9e9a7832c5e2cbe97f2d203b020e3
:106da4008bd28915d08e1c742430ed8fc245637646
:106db4005c15525abf9a32636deb2a65499c80dc9c
:020000040000fa
:020000040102f7
:106dc40013b5154b019004460093ec2001230222d5
:106dd4008021f2f787f8204609f052fea8b1036833
:106de40093f8ae31213b012b11d809f0effd80b9a6
:106df40007240a4b0093019401230022ff21ec2075
:106e0400f2f770f8204602b010bd0224f1e70c241a
:106e1400efe70024f6e700bf8c1b0301b100030178
:020000040000fa
:020000040102f7
:106e240037b5144d2b786c781bb1012b15d003b0fa
:106e340030bd013c012cfad807f0f0fc0e4b019058
:106e44000446009302220123c521ec20f2f74af8fc
:106e5400002cecd101232b70e9e7002ce7d1074a81
:106e64000092c6210222ec20f2f73cf80bf088fed7
:106e74002c70dce7f8bb002050e802016de8020149
:020000040000fa
:020000040102f7
:106e840038b5134c134d2368134ac3f822232b68d7
:106e9400124a9a600af0f6fe2b68c0f307101a89aa
:106ea400b2fbf0f21a812268b2f82213b1fbf0f1be
:106eb400a2f82213b2f82413b1fbf0f1a2f82413c0
:106ec4005a89b2fbf0f01a895881a8321a8138bd68
:106ed40058bb00205cbb0020100448038007e80373
:020000040000fa
:020000040102f7
:106ee400f8b5134c134d144f002226462b6851005d
:106ef400cb4003f00303012b0cd1062303fb0273e5
:106f0400d0b21968c4f805109b88a4f80930211d73
:106f1400fcf7b8fe0132082a04f10904e6d12b6813
:106f24003360502202490548bde8f8400af072babd
:106f340024b5002074bb002000330141904001447b
:020000040000fa
:020000040102f7
:106f440010b5144c0368226890060ed422685106ca
:106f54000bd42268120608d42268d00505d422680e
:106f6400910502d42268520511d593f8623173b1a8
:106f7400faf7ccfe084a138843f010031380236801
:106f84005b0641bf054a138843f0080313800020c1
:106f940010bd00bf583e014102bc0020803e0141ab
:020000040000fa
:020000040102f7
:106fa40037b50468236e1b0405461ad403f0fcfeaf
:106fb400236e43f40043236608f012fed4e9201341
:106fc40020465b1ad9b20bf071fed4f880300195db
:106fd4005b1ac4f88030042201ab08490120fff792
:106fe400f9f8237d3bb103f0dffe236e43f08063a9
:106ff400236608f0f5fd03b030bd00bfa104010114
:020000040000fa
:020000040102f7
:1070040010b5044615480cf0eff92046f8f7f6ffe2
:107014000120fbf7e7fa21460120f0f725fb0cf0ed
:10702400cbf994f8e53083b9617e03200cf08cf938
:1070340094f8e51071b984f80211204608f09cff19
:107044002046bde8104006f025ba012b02d194f881
:107054000911eae794f80211efe700bfebb9002049
:020000040000fa
:020000040102f7
:10706400f0b59bb004460d46164600214c2207a8f5
:107074001f460bf043fe4ff0ff33029303f203135a
:10708400039304b901accde9044555b16a1e002d42
:10709400069208da094b4f221a604ff0ff301bb0fa
:1070a400f0bd2a46f3e71cbf002323703a4631465d
:1070b40002a8cde907440af09bfef0e7ecbb0020f0
:020000040000fa
:020000040102f7
:1070c40008b50378162b10d8dfe803f00c100f0f67
:1070d400140f0f181c0f0f0f0f0f0f0f0f0f0f1f91
:1070e4000f2225000230edf799f908bd0230fdf7b3
:1070f400fdfefae70230e5f7bbfff6e70230e6f7fc
:10710400f8f9f2e70cf094faefe7fbf779fcece717
:0e7114000cf088fae9e70230e7f753f8e5e7f8
:020000040000fa
:020000040102f7
:1071220038b5816d91f82c3091f8e85004461d4035
:1071320091f8e90091f82d301840e378cbb9ea31a3
:1071420008f07bfea16d2e31284608f076fe94f8f9
:1071520055306bb1a26d92f8ea3023f0030382f846
:10716200ea30a26d92f82e3023f0030382f82e301b
:0e71720038bd2e3108f061fea16dea31e4e770
:020000040000fa
:020000040102f7
:107180002de9f047134b1e783eb1804618f8017b7d
:10719000114d00244ff0060907e04ff0ff3013e0d7
:1071a00001341835e3b29e4210d95ffa84fa15f81b
:1071b000013cbb42f4d14a46414628460af0f0fd64
:1071c0000028edd10ffa8af0bde8f0874ff0ff30cc
:0c71d000fae700bf06bc002001fe012011
:020000040000fa
:020000040102f7
:1071dc0008b5114901200bf043ff104b1a68d2f887
:1071ec00bc3103f0f80343f4c06343f00103c2f86d
:1071fc00bc310b4b4ff0082119604ff4e0619980c2
:10720c0000219971074bc2f87831074bc2f8fc3159
:10721c00bde808400bf0b6bbb021030194ba0020c6
:0c722c0074b90020e1050301d911030131
:020000040000fa
:020000040102f7
:1072380030b583681c78012c85b025d85888021f82
:1072480092b243f6fc75aa421ed899880a1f92b2d8
:10725800aa4219d89a79032a16d8db7913f0f80fbd
:1072680012d1adf806000df10a008df80440adf812
:1072780008108df80b208df80c300af095fb01a84a
:0c72880005f08efd05b030bd0320fbe7d3
:020000040000fa
:020000040102f7
:1072940030b5044689b000890cf0c6fc10b32089cf
:1072a40007f0c4fb0446d8b1f32380f844300df151
:1072b4000d050d4bc36302934ff42051022328465e
:1072c4008df80c300cf0c8fc00959df80c30bdf81e
:1072d4000a20bdf808102046faf770fa09b030bd4c
:0c72e4000320fbe70420f9e70100ffff96
:020000040000fa
:020000040102f7
:1072f00038b51049044604200af072ff01200e49f7
:107300000cf024fb0d4b1b68002503f1100203f168
:10731000300000bf52f8041b01b10d648242f9d164
:10732000074af72114805180064a9a60064ada60bb
:10733000002038bd392c030120f202016cbb002073
:0c734000a4ba0020cdfa0201791203016a
:020000040000fa
:020000040102f7
:10734c0038b54389152b044622d1037c122b21d14d
:10735c00008907f067fb08b9002038bd63681b780b
:10736c00db0719d50125857200880cf026f9002859
:10737c00f2d04ff482700cf067fc0028ecd0112294
:10738c000270228982808571042108f079fde3e77f
:0c739c00132be1d08020e0e71320dee797
:020000040000fa
:020000040102f7
:1073a8002de9f341064680880f46144698460cf0ae
:1073b80003fc054600b300f11003414601a8019300
:1073c8000cf030fab388013b9c4288bf9cb224b1d0
:1073d8002246394601980cf041fc611c2a4689b2c4
:1073e80030460af018fa044610b128460cf01efc84
:0c73f800204602b0bde8f0811124f9e746
:020000040000fa
:020000040102f7
:10740400f8b50f46154607f011fb064600b3fa20ff
:107414000cf01efc0446e8b10f4b40f8043b39461f
:107424000cf01afc2946a01d0cf016fc1d2384f850
:10743400f83021463088eaf7c3f9054618b9737a5b
:1074440043f00203737220460cf004fc2846f8bd96
:0c7454000325fbe70225f9e71200040005
:020000040000fa
:020000040102f7
:1074600030b589b00b7806934b7805938b780493ed
:10747000cb7803930b7902934b7901930d4b0093d7
:107480000c460546012302221d21ec20f1f72cfdbc
:107490002146284600f028fd044640b1064b0190e5
:1074a000009300220123ff21ec20f1f71dfd20466f
:0c74b00009b030bd9af70201071103017a
:020000040000fa
:020000040102f7
:1074bc0073b50c4616461d4609f0defaf0b1611e96
:1074cc00c9b20af08fff0e4b307093f901302b705c
:1074dc0000240c4b0093022201235221ec20f1f7e3
:1074ec00fdfc44b1084b0093019401230022fd21c3
:1074fc00ec20f1f7f3fc204602b070bd0224e8e763
:0c750c0028b800200df002012af0020156
:020000040000fa
:020000040102f7
:1075180030b585b0134b0093cde9010105460c4603
:10752800ec20012302225721f1f7dafc284609f062
:10753800a5fa90b1036883f8b5410bf067f870b904
:107548000724094b0093019401230022ff21ec201a
:10755800f1f7c6fc204605b030bd0224f1e700244f
:0c756800f8e700bfae02030176fc020150
:020000040000fa
:020000040102f7
:1075740030b585b0134b0093cde9010102220546d5
:107584000123ec200c465a21f1f7acfc284609f003
:1075940077fa024658b902240b4b0093ec2001946d
:1075a4000123ff21f1f79efc204605b030bd03689e
:1075b400a3f8a0426408a3f8a24206f0cafd002082
:0c75c400f3e700bfc0e0020176fc02010a
:020000040000fa
:020000040102f7
:1075d000f8b506680024306d0cf05afb06f15c0526
:1075e000346506f59677e86910b106f02ffaec617c
:1075f00085f824402c7085f82e4085f82d4085f8bc
:107600002f403435bd42eed1706a10b106f01efa3b
:107610007462002386f82f30b38501f0e9fc18b9b5
:0c76200002210846faf74cfd0020f8bdde
:020000040000fa
:020000040102f7
:10762c0073b5144b144e1c68054614b9204602b0b1
:10763c0070bda0680379042b17d108f07efea0b1b1
:10764c00a3682a681b68c3f816222a7983f81a22c1
:10765c00a0680bf069fa50b10023cde90063022257
:10766c000123d421ec20f1f739fc2468dde7072055
:0c767c00dde700bfd4b90020b8350301e1
:020000040000fa
:020000040102f7
:107688000d4b0e4a0e4910b51a600e4b00241c60b3
:107698000d4b1c600d4b1c700d4b07201c700cf023
:1076a80033f90c4b1822214618460bf025fb0a4ae1
:1076b8008260204610bd00bf50bb002080841e00a1
:1076c8004519010148bb00204cbb002030bc0020fc
:0c76d80031bc0020f8b7002001010207bf
:020000040000fa
:020000040102f7
:1076e40010b50468237a012b134b1a680bbf536837
:1076f400136843f0010343f001030cbf53601360ac
:1077040094f84e309b070fd4636d2bb193f84f2040
:1077140042f0080283f84f20204609f050fc002272
:107724002146207ae4f71efb94f84e3023f002033e
:0c77340084f84e3010bd00bf5cbb00208c
:020000040000fa
:020000040102f7
:10774000f8b5124c1249134e134f5022204609f03f
:1077500063fe23683360002533686a00d34003f07a
:107760000303012b0cd12246062303fb057352f8b9
:10777000051f196092889a802179e8b2fcf748facf
:107780000135082d04f10904e6d1f8bd24b5002027
:0c7790009040014474bb00200033014114
:020000040000fa
:020000040102f7
:10779c00154b0178d3f8b02f61f31742c3f8b02f13
:1077ac00d3f8b02f417861f31f62c3f8b02fd3f830
:1077bc00b42f817861f30702c3f8b42fd3f8b42f38
:1077cc00c17861f30f22c3f8b42f0179d3f8b42f29
:1077dc0061f31742c3f8b42f4179d3f8b42f61f396
:0c77ec001f62c3f8b42f70470024014155
:020000040000fa
:020000040102f7
:1077f80038b5134cd4f800316ff3db63c4f80031ab
:10780800d4f8003143f00053c4f80031437c2546d6
:1078180033b9d4f8003143f08043c4f8003138bd9f
:10782800084b1b682bb1984718b1074b1b78002be6
:10783800efd0d5f800316ff39e73c5f80031eee74d
:0c78480000240141a8bb002043bc00202c
:020000040000fa
:020000040102f7
:107854000e4a38b5002313600d4a0e4c13600e4acd
:107864000e4d13600e4a13600e4a13600e4a5362a3
:107874001361012393600cf034fa0cf032faac4239
:1078840000d338bd54f8043b9847f8e7f0bb002018
:1078940080b500200c4100017cb50020104100019e
:0c78a40074b5002078b5002084b50020e9
:020000040000fa
:020000040102f7
:1078b000f7b5002407460e460c800546ab69ebb1d0
:1078c00001aa6946188806f0fbfd38b90634802005
:1078d00057f824301b88338003b0f0bd009a937ba7
:1078e000928913f0080fab69598805d18a4205d0f7
:1078f0001b8833800d20efe78a42f9d30134082c2e
:0a79000005f10405dad10020e6e7e6
:020000040000fa
:020000040102f7
:10790a0000b5036eda0693b021d490f86520422ab6
:10791a0012d190f89d318df808300522adf800207b
:10792a0000228df804200288adf80620684606f089
:10793a00a6f913b05df804fb412a0ad01b040ad544
:10794a0090f8ac31032b0cbf16230823e3e73d2341
:0a795a00e1e71623dfe73e23dde737
:020000040000fa
:020000040102f7
:107964007fb5064611200d460cf028f9044610b3e5
:1079740000f11003042103a803930bf055ff039aad
:107984002b6813606b685360ab689360eb68d360db
:1079940006230093224600231121308806f0f8faca
:1079a400054620b90923b370284604b070bd2046ab
:0a79b4000cf03ef9f8e70225f6e7b3
:020000040000fa
:020000040102f7
:1079be007fb5064611200d460cf0fbf8044610b3b9
:1079ce0000f110030d2103a803930bf028ff039a77
:1079de002b6813606b685360ab689360eb68d36081
:1079ee0006230093224600231121308806f0cbfa9d
:1079fe00054620b90d23b370284604b070bd20464d
:0a7a0e000cf011f9f8e70225f6e785
:020000040000fa
:020000040102f7
:107a180010b504460378013b032b06d8dfe803f0d2
:107a280002161a1e4068fff749fb20460af054fd6b
:107a380021460c48dff7c0f82046e2f715fa204641
:107a4800e2f734f860680cf049f810bd4068eff7c9
:107a580084fbeae74068eff704ffe6e740680bf0cd
:087a68007cf9e2e70c000020ac
:020000040000fa
:020000040102f7
:107a70005452535053204354524c0d0a00000000fe
:107a800054525350532054582072656164792068d1
:107a9000646c3d3078253034580d0a0042494e2040
:107aa0006473743d2530325820636d643d25303257
:107ab000580d0a004845582070617273656420258e
:087ac0006420420d0a0000bf22
:020000040000fa
:020000040102f7
:107ac80038b504461d4631b101291bd00023036097
:107ad8004ff0ff301fe0012b01d900201be00322eb
:107ae8000021012001f0e8fb206080b1012d0ed1ba
:107af80000231a461946ebf73bf9012814bf00206a
:107b0800012008e01946104608f0fcfa20602068b9
:087b1800003018bf012038bd48
:020000040000fa
:020000040102f7
:107b200008b5144b9b7df3b1124a137edbb2927df4
:107b300012f0800f18d10f4a137edbb2927d12f043
:107b4000010f04d013f0010f01d0f6f741fb094af1
:107b5000137edbb2927d12f0040f04d013f0040ff9
:107b600001d0f5f767f808bd13f0800fe3d001f0fe
:087b700069fce0e7000c004095
:020000040000fa
:020000040102f7
:107b780038b504461046a378012b09d0022b0ed045
:107b88004ff6ff750bf094fd022812d8002038bd7f
:107b98000a4601462088f1f7bffc054605e00a467b
:107ba80001462088f6f7b0fd0546002dead10120f0
:107bb800ede70bf077fd2b4622880249fdf7c4fd5f
:087bc8000020e4e72805030199
:020000040000fa
:020000040102f7
:107bd0004e564d2065726173652040203078253007
:107be00038580d0a000000004e564d206572617332
:107bf00065204552520d0a004e564d207772697429
:107c000065204552520d0a004e564d207665726928
:107c100066793a206d616769633d2530385820697f
:087c2000643d25640d0a00001b
:020000040000fa
:020000040102f7
:107c280070b582b00190846ca26be36b9a4203d367
:107c38000025284602b070bd94f8456076b200224f
:107c480001a92046fcf748f90546b6f1ff3f0ad1dd
:107c5800636a002bedd004f12400f2f7f5f900284f
:107c680018bf0125e5e70bf03bfd8642e1d201365e
:087c780076b284f84560dce7f8
:020000040000fa
:020000040102f7
:107c80002de9f843064689469046002500f1180381
:107c900053f82540efb23cb12288424515d100206f
:107ca00089f80070bde8f8834ff483700bf0d2ffc1
:107cb00006eb8505a86168b14ff4837221460bf08d
:107cc0001ff8ab69a3f80080e9e70135082ddfd183
:087cd0002f46e4e71120e3e771
:020000040000fa
:020000040102f7
:107cd80038b5054600890bf0a5ffe8b12889ec689e
:107ce80006f0a2fe0546c8b1a3780b2b0ed1c27cc4
:107cf80012f00a0f14d02146284631f8032bfff75b
:107d08004ffb11280ed000b9e87438bd0d2b07d1f0
:107d1800c27c12f00c0fede70420f6e70320f4e72d
:087d28000120f2e70220f0e760
:020000040000fa
:020000040102f7
:107d30002de9f04186b002ad174606468846039508
:107d4000f6f7beff0446014603a8adf81060adf893
:107d50001280adf814700bf069fd314603a80bf0ea
:107d60006bfd04ab009301950623032242f222012e
:107d700040f2011007f0acfa024b33f8140006b0e1
:087d8000bde8f0812e1f020195
:020000040000fa
:020000040102f7
:107d880070b588b006ad0e46adf80e000595fef745
:107d9800b1fb0446014605a80bf044fdbdf80e10e2
:107da80005a80bf045fd314605a805220af082fe1c
:107db8000df10e03009301950223082242f21501ea
:107dc80040f2011007f080fa024b33f8140008b0b3
:087dd80070bd00bf2e1f020167
:020000040000fa
:020000040102f7
:107de0002de9f04186b003ad174606468846059555
:107df000eff738fe0446014605a8adf810608df88f
:107e000012808df813700bf011fd314605a80bf0b0
:107e100013fd04ab009301950423032242f27a017f
:107e200040f2011007f054fa024b33f8140006b088
:087e3000bde8f0812e1f0201e4
:020000040000fa
:020000040102f7
:107e38007fb5134b0190cde9021204460e46154654
:107e4800009302223021ec200123f1f749f82a4659
:107e5800314620460af0f8fa78b90a4b9c74344443
:107e68002a0604ebd4744fea640454bf6d4280229e
:107e7800dc741e7554bf5d755a7504b070bd00bfc3
:087e8800ca01030128b8002023
:020000040000fa
:020000040102f7
:107e900073b5124b01900093044601230d4616461c
:107ea00032210222ec20f1f71ff80d4b1b68d3f8aa
:107eb00048318bb12046324629469847044640b1a6
:107ec000084b0093019401230022ff21ec20f1f7dd
:107ed0000bf8204602b070bd0c24f1e75e2e0301c2
:087ee00000bb002007110301a3
:020000040000fa
:020000040102f7
:107ee80073b5144c2368d3f8643106460d46984799
:107ef80010b10c2002b070bd2368d3f868319847e0
:107f08000028f6d12368d3f86c3198470028f0d1bf
:107f18000df1070229463046fdf7a4fa08b1002002
:107f2800e8e731462846fbf74ffc0028f7d1072041
:087f3800e0e700bf00bb0020e0
:020000040000fa
:020000040102f7
:107f4000f8b5046894f86430e66805460f460bb946
:107f500006f096fc2046fff7d8fc17b120460af041
:107f6000c1fd16b1304609f0e4ff201d09f0e4fd23
:107f700004f1080009f0e0fd18b181b2204608f0d4
:107f800037f9284605f01cfa208804f061ff2846de
:087f9000bde8f84002f0deb983
:020000040000fa
:020000040102f7
:107f980038b50d4b0d4d0e480024c3e900440d4b78
:107fa800ac601c60c5e900440bf0fcf80a480bf013
:107fb80011f90a4b6b600a490a4b2b6002200bf03f
:107fc800a3fc204638bd00bfccb9002044b900202e
:107fd8001d0903011cbb002085db0201f1820101a0
:087fe800551b0301b9db020186
:020000040000fa
:020000040102f7
:107ff00070b5046894f8ae3105460bb1222b21d13f
:1080000094f86420012a17d113b9212384f8ae31e2
:10801000284600f0c3fb064660b1032384f8af3165
:10802000fe332846a4f8a83104f04aff04f5f7709f
:10803000fdf79afe304670bd28460321bde870402a
:0880400008f07bbf0126f5e703
:020000040000fa
:020000040102f7
:108048000c4b0d4810b500241c600c4b1c600c4bed
:108058001c600c4b1c600bf09df80b480bf0b2f841
:108068000a4b0b4a0b491a6101200bf04dfc2046c4
:1080780010bd00bf40bb0020f18f020138bb0020bb
:108088003cbb002044bb0020754b0201d0b6002049
:08809800e1350201c51b0301e3
:020000040000fa
:020000040102f7
:1080a00038b5104d2c78d4b90f4b197801221a70bd
:1080b00021b12b7801332b70204638bd0b4b1b6848
:1080c00021462046b3f8c820f7f70ef904460028e9
:1080d000efd0074b07481968edf79afee9e700244f
:1080e000e7e700bf30bc002031bc0020c0bb00204f
:0880f00050bb0020f8b700208e
:020000040000fa
:020000040102f7
:1080f80037b5836d0446a3b94388012b11d101918b
:108108000df1030001a90bf029fa0e4b9df803505d
:108118001b689b793bb12b0705d403212046f8f750
:1081280089fa03b030bd08200bf090fd0146002805
:10813800f7d00123037023888380857108200bf012
:08814800a9fceee768bb002072
:020000040000fa
:020000040102f7
:1081500070b5144b1d682c68237d9b0720d594f8bf
:1081600064601023012e237512d1236e43f4006343
:108170002366204607f0dafe204601f029f8314652
:10818000e5f70afe28462321bde870400af078b9d9
:10819000d4f87801037f002bf4d10bf023fdf1e735
:0881a00070bd00bf64bb0020ac
:020000040000fa
:020000040102f7
:1081a8002de9ff41134dd1f80080af88adf80c7070
:1081b80006462868029002aca8798df80e00002abd
:1081c80018bf1446d1e901571a461bb920460af0d0
:1081d8006bf90246002d02dbaa4228bf2a46cdf8d9
:1081e80000803b4621463046faf702fb04b0bde862
:0881f800f08100bf9a3b030176
:020000040000fa
:020000040102f7
:10820000f8b503210646002008f064fe044608b3d2
:1082100035681723037395f8652295f8643295f84d
:108220006612134095f8632283730a404273014635
:1082300030460af0e9f895f86470012f09d1b5f8d5
:108240009e31a5f8f632617b3046faf7c5f8a5f8fd
:068250009e010120f8bdb3
:020000040000fa
:020000040102f7
:10825600f8b5069c054624b32079e1800f0e67f336
:1082660002002071080c607122b1194604f1080061
:1082760009f0a1fd032d14d8dfe805f002070b0f66
:10828600204606f0aaf90020f8bd204607f06bfc50
:10829600f9e7204606f0b9f9f5e7204607f077fc3e
:0682a600f1e71f20f0e7e4
:020000040000fa
:020000040102f7
:1082ac00f0b50c4649682368a668e76887b00029d2
:1082bc000593a4bf23f00203059305ab02930a2395
:1082cc00cde900630546d2e900232046fbf7c6fd45
:1082dc002269059b0093013a3346121a3918284635
:1082ec00faf784fa6b68db0503d563689842b8bf6c
:0682fc00184607b0f0bdba
:020000040000fa
:020000040102f7
:02830200042a4b
:020000040000fa
:020000040102f7
:1083040038b50546fe200bf0e7fb00b304466b7856
:10831400c3eb03130e4a02eb43035b8a038002237d
:108324004380152303716b7a4371122380f8f8306c
:108334000023a0f8fa3080f8fc300146688804f085
:108344008dfb08b900236b7220460bf0c9fb38bdc6
:04835400dcae00207b
:020000040000fa
:020000040102f7
:1083580000b583b000230193032200924ff400720a
:108368000b490c48e6f72cfc012800d0fee70a4b25
:1083780001930123009300234ff4806207490848c2
:10838800e6f71efcf9f7d4f903b05df804fb00bf6b
:10839800bc2f0301b5b5020170000020c02f0301f6
:0483a800f53a03019e
:020000040000fa
:020000040102f7
:1083ac0030b5124c124d2379226885b08df804300b
:1083bc002b68009293f828000bf0aefb2b688df81d
:1083cc00060053f8292fcdf807209b88adf80b3009
:1083dc000df10500b4f80530adf80d3009f0e2faf6
:1083ec00684604f0c3fb05b030bd00bf74b9002073
:0483fc0094ba00200f
:020000040000fa
:020000040102f7
:1084000070b5044686b000890bf010fc00b32089db
:108410006689a58906f00cfb0446b8b1f12380f803
:1084200044308687c587022342f603010df105001b
:10843000adf80060adf802508df804300bf00efc82
:1084400069462046f7f792ff06b070bd0320fbe7b0
:048450000420f9e724
:020000040000fa
:020000040102f7
:1084540070b586b004ad0e46adf80e00059501f07a
:1084640029fa0446014605a80bf0def9bdf80e1002
:1084740005a80bf0dff9317805a80bf0d5f90df15b
:108484000e03009301950223042241f2054140f2b8
:10849400011006f01bff024b33f8140006b070bd48
:0484a4002e1f020184
:020000040000fa
:020000040102f7
:1084a80070b588b006ad0e46adf80e00059500f023
:1084b800f3f80446014605a80bf0b4f9bdf80e1010
:1084c80005a80bf0b5f9318805a80bf0b1f90df145
:1084d8000e03009301950223052240f67b4140f2ea
:1084e800011006f0f1fe024b33f8140008b070bd1d
:0484f8002e1f020130
:020000040000fa
:020000040102f7
:1084fc00f0b5040b012c85b005460e4601d108f0f1
:10850c0053f9efb20d4b0093c5f30325cde90145ab
:10851c000397042301220021ee20f0f7dffc084b27
:10852c0004f18044013c1b68324653f82430394630
:10853c0028469847308005b0f0bd00bfe0ef02013f
:04854c00b8ba002099
:020000040000fa
:020000040102f7
:108550004b0705d0cb1d23f007030844c01a19466a
:108560000b4b002219605a600b18083b23f00703dd
:108570000848c3e900225a1ac1e900320360064bd9
:108580001a60064b1a60064b4ff000421a607047a3
:1085900094b90020d0ba0020ccba0020c8ba00207c
:0485a000c4ba002039
:020000040000fa
:020000040102f7
:1085a40010b50e4c0e4900200af096fd214601201c
:1085b4000af092fd0b4902200af08efd0a490320bd
:1085c4000af08afd214604200af086fd07480bf0d4
:1085d40043f907480af0c8fd002010bd61c200013c
:1085e400c5a8000109a200018d230101c51a0101da
:0485f4001913030153
:020000040000fa
:020000040102f7
:1085f80038b540f20160f2f735fc104c2060c0b18c
:108608000f4b00f5c0626260596a80b260f30f01d7
:108618005962996992b262f30f01996100254ff48a
:10862800c063ff20c4e902532361f2f71bfc6061b9
:1086380008b9072038bd2846fce700bfe0b700208e
:0486480000240141c8
:020000040000fa
:020000040102f7
:10864c0010b5046886b023880193114b0093022265
:10865c0001234321ec20f0f741fc2388adf80830ce
:10866c00b4f84a30adf80a30adf81430adf8123029
:10867c000123b4f84e20d4f84a1084f89e3002a896
:10868c000391adf81020edf7ddfc06b010bd00bf76
:04869c00c8240301ea
:020000040000fa
:020000040102f7
:1086a0007fb506460d4608f0edf9e0b10368b3f872
:1086b000a0322b8000242b88cde901630b4b009363
:1086c000022201235921ec20f0f70efc44b1084ba3
:1086d0000093019401230022ff21ec20f0f704fc19
:1086e000204604b070bd0224e5e700bf1de2020190
:0486f00076fc020111
:020000040000fa
:020000040102f7
:1086f4002de9f041082106688046002008f0e8fbd7
:108704000446c0b10af000fa0546b0b1012706f2ea
:1087140016260146c7714771c66040460bf099f9a9
:1087240027733368c4f80d303379637440462146a7
:1087340009f068fe3846bde8f08120460bf084f964
:048744002846f8e7e4
:020000040000fa
:020000040102f7
:108748000368b1f80120a3f84622b1f80320a3f882
:108758004822b1f80520a3f84a22b1f80720a3f867
:108768004c224a7a83f84e224a89a3f850228a89f1
:10877800a3f85222ca89a3f854220a8aa3f85622d7
:108788004a8aa3f858228a8aa3f85a22ca8aa3f8de
:048798005c227047a8
:020000040000fa
:020000040102f7
:10879c007fb5064605680d21002008f095fb0446c0
:1087ac00f0b10c2101a8fdf709fa01ab03cb05f5db
:1087bc00f372c5f8e6015160039bc5f8f23104234e
:1087cc0023731368c4f80d305368c4f81130d5f80e
:1087dc00f231c4f815303046214609f00ffe012065
:0487ec0004b070bda8
:020000040000fa
:020000040102f7
:1087f0002de9f041002581648573456404461746e0
:10880000d0f81080fef73efb0c4b1b68012683f866
:1088100029630b4b1b681a89a4f870205b89a4f8a4
:1088200076302046e8f7fafb10b9a673c4f810803a
:10883000c4e911750020bde8f08100bf58bb0020dd
:048840005cbb0020fd
:020000040000fa
:020000040102f7
:1088440030b5054685b002200bf0b8f90446e0b116
:1088540000f110030b2103a803930af0e5ff0c4b6e
:108864001b6803a859780af0dfff062300932888c1
:1088740000232246022105f08bfb054610b1204659
:108884000bf0d6f9284605b030bd0225fae700bf43
:0488940068bb00209d
:020000040000fa
:020000040102f7
:10889800124b0246006818609188927999809a7103
:1088a80033f8041c41f0020123f8041c53f8080ca7
:1088b800c0f3807080b15b6ac3f30263084a116831
:1088c8000a781944c97830b122fa03f010f001008f
:1088d80018bf81f0010070470023efe770330141b2
:0488e80078bb002039
:020000040000fa
:020000040102f7
:1088ec0070b5cb6890f8a8601d7880f850505c7813
:1088fc0080f85140997880f85210da7880f853203b
:10890c001b7980f8543056b980f8ac5080f8ad40e3
:10891c0080f8ae1080f8af2080f8b03070bd80f8d1
:10892c00bd5080f8be4080f8bf1080f8c02080f8a1
:04893c00c130f3e76c
:020000040000fa
:020000040102f7
:1089400010b5124bd3f81c31c3f3c303072b1ad154
:108950000f4b02681b78342101fb032300219c6f1d
:1089600002342046eef702ff68b10378db060ad531
:1089700004212046eef7fafe28b181784909013139
:1089800003200af0e3fc002010bd00bf00240141d9
:0489900041bc0020c6
:020000040000fa
:020000040102f7
:10899400124b1b78342202fb030090f85c30cbb9f5
:1089a4000f4bd3f8282142f00802c3f82821d3f84a
:1089b400282142f00202c3f82821d3f8282142f0ea
:1089c4000402c3f82821d3f8282142f00102c3f895
:1089d40028217047012bfcd1014beee741bc00205c
:0489e4000024014129
:020000040000fa
:020000040102f7
:1089e80038b5124b044612481d780af0fbfc2046a5
:1089f800f6f74afe0120f9f735fe204609f074fe25
:108a08000af0e0fc342303fb054595f85c3043b9d4
:108a1800217c03200af096fc2046bde8384002f08d
:108a2800a5bf012bf8d194f82210f2e741bc002031
:048a3800f1b9002070
:020000040000fa
:020000040102f7
:108a3c0003040c4a43f08073136040f201110139b6
:108a4c000dd1536813f0800307d05368c3f3072389
:108a5c0083420abf53680b461b0c1846704700bf75
:108a6c00ede700bf003e0144054b41ea00411960af
:108a7c005a681106fcd45a681206fcd5704700bf20
:048a8c00003e014463
:020000040000fa
:020000040102f7
:108a900053ec102b70b4c3f30a5440f2ff75ac4290
:108aa00012d08cb11946204440f2fe7398420ddc7e
:108ab000002813dd21f0ff4121f4e00110ee102a1f
:108ac00041ea005343ec102b70bc704701f00041a9
:108ad00041f0ff43002243f4e003f3e7002201f0fa
:048ae0000043efe779
:020000040000fa
:020000040102f7
:108ae40013b50489b4f5706f21d2817ac27a007b00
:108af40041ea0203034333f0070318d1adf8004001
:108b040099b18df802302ab99df8023043f002037e
:108b14008df80230adf8060068468df803108df824
:108b2400042004f05ff802b010bd0123e9e703203c
:028b3400f9e75f
:020000040000fa
:020000040102f7
:108b360070b50c461221054605f05bfa0646f8b9f3
:108b460005f15400eff7fdff052c19d84ff482709c
:108b56000bf07df8044698b131464ff482720af064
:108b6600ccf8072323702b88a380b5f848302381df
:108b76001323a37120460421bde8704007f083b992
:028b860070bdc0
:020000040000fa
:020000040102f7
:108b880037b590f83830032b054607d1fcf748ff76
:108b9800284607f063f9002385f8383001200bf0e8
:108ba8000bf8044698b100f11003192101a80193ac
:108bb8000af038fe28462246012108f02cfe054618
:108bc80010b120460bf032f8284603b030bd02251c
:028bd800fae7ba
:020000040000fa
:020000040102f7
:108bda0070b5222300eb41024b4303f156040344d0
:108bea000e46918ca3f86010518da3f862100444cc
:108bfa00128ea3f8642005462046f1f72cff204682
:108c0a0009f09dfb204605f08efd20460af03df94d
:108c1a002846314609f0eefc2046bde8704009f0ce
:028c2a007abf0f
:020000040000fa
:020000040102f7
:108c2c0038b5232105460468f9f78efbf8b194f8a2
:108c3c008b0209f097ffff2810d094f98d327e2b10
:108c4c0013d094f8ac31062b0cbfff23002384f80f
:108c5c0091322846bde83840eaf700bc202228466d
:108c6c002321bde8384000f0c1bf1e22f7e70120e8
:028c7c0038bd01
:020000040000fa
:020000040102f7
:108c7e002de9f04104680e46904625461db12a693d
:108c8e00424503d12d6a1cb9bde8f0812d68f5e788
:108c9e00237a022b0ed8236943450bd3206a401b3f
:108cae0009f02afd237a2769012b014604d01bb156
:108cbe00022b01d02468e6e7304601f0acfcf860e8
:028cce00f8e7c5
:020000040000fa
:020000040102f7
:108cd00038b504460af002fd0e4b1978c1b10e4baf
:108ce0000139c9b201eb410203f1180101ebc201e4
:108cf0000a4d02e018338b4208d0da79a242f9d14a
:108d0000da68821aaa42f5d8012000e0002038bdb6
:108d10000020fce706bc002000fe0120bfd40100bb
:020000040000fa
:020000040102f7
:108d2000124b196891f8f830052b01d901207047d2
:108d3000f0b403ebc30301eb83030246203320307e
:108d4000176856689568d4681f605e609d60dc6037
:108d5000103210338242f3d112681a6091f8f83061
:108d6000013381f8f8300020f0bc704720ba0020b1
:020000040000fa
:020000040102f7
:108d700070b5124e05460024336803eb8403d3f824
:108d80009c310bb1284698470134032cf4d12b7841
:108d9000172b12d84ff480700af05cff044660b1c4
:108da00029464ff4807209f009f822464ff4807189
:108db0000120bde8704007f0ebbc70bd94ba002004
:020000040000fa
:020000040102f7
:108dc000f0b587b003ad06460f460495fdf7c8fb26
:108dd0000446014604a8adf814608df816700af038
:108de00025fd314604a80af027fd05ab0093019547
:108df0000423032242f2210140f2011006f068fa36
:108e0000024b33f8140007b0f0bd00bf2e1f020163
:020000040000fa
:020000040102f7
:108e1000f0b587b003ad06460f460495fef7aafbf2
:108e20000446014604a80af001fd314604a80af0f0
:108e300003fd05ab009301950423032240f67c411a
:108e400040f20110adf81460adf8167006f040fa6b
:108e5000024b33f8140007b0f0bd00bf2e1f020113
:020000040000fa
:020000040102f7
:108e600010b5faf703fb0446b0b903f0d9f80b4a82
:108e70001378590710d443f00403137008f078fef8
:108e800007480af02dfd07480af030fd06480af0b1
:108e900033fd06480af036fd204610bd2cbc0020ec
:108ea000b30e0301f92a03015dc00201e55102017d
:020000040000fa
:020000040102f7
:108eb00010b50af051fd30b909f0c8fe00280cbf0a
:108ec0000020072010bd0d4c2368d3f8543198477b
:108ed00008b10c20f6e72368d3f8583198470028ea
:108ee000f7d12368d3f85c3198470028f1d1236883
:108ef000d3f8603198470028ded0eae700bb0020b5
:020000040000fa
:020000040102f7
:108f000010b5046804f2062204f5ef7104f5fb7055
:108f1000f2f7fafd04f2c9120023c4f8c931137143
:108f200004f5e772c4f8ce31137194f8641041b9b6
:108f300003f07f0284f8d22163f07f0384f8cd31ff
:108f400010bd63f07f0284f8d22103f07f03f5e7c0
:020000040000fa
:020000040102f7
:108f500010b5faf78bfa0446b0b903f061f80b4a82
:108f60001378990710d443f00203094813700af0ec
:108f70006ffc08480af078fc07480af07bfc0748b9
:108f80000af07efc0af07af9204610bd2cbc0020c5
:108f90004d170301f92a03015dc00201e5510201e9
:020000040000fa
:020000040102f7
:108fa00037b5124b1b6805461c680af0b7f8d8b9ec
:108fb000012d02d0002003b030bda17b11f0fd01d6
:108fc00008d10df1070008f087f99df807300bb1c3
:108fd0001220f0e7a37b03f0fd03012bead10af096
:108fe00085f80028e6d1f3e70c20e4e740bb002039
:020000040000fa
:020000040102f7
:108ff000104b1a6802b112680f4b1b6803b11b6853
:109000000e49086800b100681ab192f82c20012ab4
:109010000bd01bb193f82c30012b08d040b190f845
:109020002c00431e5842584170471046704718465e
:10903000704700bf40bb002038bb00203cbb002075
:020000040000fa
:020000040102f7
:1090400010b5437b012b04460bd143695b0043669b
:1090500083695b008366237b73b923695b0a23669c
:1090600010bd002bf7d1406906f050fa6066a06988
:1090700006f04cfaa066eee7a36823f47f0323f41e
:109080007f43b3f1807febd12369c3f31603e6e797
:020000040000fa
:020000040102f7
:1090900010b5044624200af0ddfd0146e0b1024689
:1090a0000a2302f8143b0d4b1b68986850f8403fa8
:1090b0004b614368536083689360c368d3602368df
:1090c0004b6063688b60a368cb60e3680b6124200e
:1090d000bde810400af0e2bc10bd00bf68bb002034
:020000040000fa
:020000040102f7
:1090e000114b0246006818609088927998809a71b6
:1090f00033f8040c40f0020023f8040c53f8082c59
:1091000052000dd5094a5b6a12681278c3f30263f4
:10911000da4012f0010f14bf002002200b707047dc
:1091200002200023fae700bf7033014178bb002022
:020000040000fa
:020000040102f7
:1091300038b5124b1d682c6894f86430012b17d198
:10914000236e1b0608d5d4f8883143f08073c4f829
:10915000883108f081f9a067237d13f0010f0bd04f
:109160000223237528462021bde8384009f088b93c
:10917000237d13f0400ff2e738bd00bf64bb002031
:020000040000fa
:020000040102f7
:1091800008b561b90f4b1a6802f01f02102a4ff0a0
:10919000010314d80c4903fa02f2114079b10a21f3
:1091a00090f8660004f0f2fd084b1a6842f01002d5
:1091b0001a601a6842f002021a60002008bd1846c0
:1091c000fce700bf583801414ce00100203a014162
:020000040000fa
:020000040102f7
:1091d000817d90f8253090f8262080f8273080f89f
:1091e000282059b190f8a71141b9016eb2fa82f264
:1091f00041f080415209016680f82620c27d6ab1a3
:1092000090f8a62112b1002303767047b3fa83f3d6
:1092100002225b09027680f8253070470123f3e7cc
:020000040000fa
:020000040102f7
:10922000114b1a68100241bf1a4632f8241f41f050
:10923000080111801a68510241bf0c490a8842f0a6
:1092400004020a801a68920241bf08490a8842f063
:1092500002020a801b68db0241bf044a138843f004
:1092600001031380704700bf0c3a0141303a0141bd
:020000040000fa
:020000040102f7
:1092700010b5124b1b780c46342101fb030393f805
:109280005e109b6f39b91b78c3f380131370436a68
:109290002360084610bd987800f03f01d81c0844b0
:1092a000012110f8023bc3f380131370eef75efa4e
:1092b0000028206014bf00211f21eae741bc0020e4
:020000040000fa
:020000040102f7
:1092c00070b5e8b10546a0fb0132e2b901fb00f040
:1092d00010f14d0f19d80c464c30ebf751fc0646f7
:1092e00078b114b100f14c0300e003463360f5633c
:1092f000346401213046f6f761ff0023b36400e0d7
:0e9300000026304670bd0026fbe70026f9e788
:020000040000fa
:020000040102f7
:10930e0053434e3a436c6f73652c7068793d2564f8
:10931e002c636e743d25642c7469643d2564005382
:10932e00434e3a7068793d25642c7365634e756db6
:10933e003d25642c636e743d25642c7469643d2553
:0e934e00640053434e3a43523d307825780078
:020000040000fa
:020000040102f7
:10935c0038b504460d4699b1037a9bb90b7a012bab
:10936c000ed0827a8b7a9a420ad2f9f745fda36a1b
:10937c0013b1204605f0e9fd2046f4f7b1f92c466f
:10938c00204638bd836c13b90023a373f7e7437fe2
:0e939c00002bf9d090f85030db07f5d4e5e750
:020000040000fa
:020000040102f7
:1093aa0038b5024690f8671090f89e0102f09dfacf
:1093ba0085b292f86610002002f097fa40f2712204
:1093ca00b5fbf2f1ccb202fb115189b280b2b0fb0b
:1093da00f2f3dbb209b10134e4b2b0fbf2f102fb01
:0e93ea00110292b20ab10133dbb2e01838bdb5
:020000040000fa
:020000040102f7
:1093f80030b4104b1c78d4b10f4b013ce4b204ebf1
:10940800440203f1180404ebc204012502e01833f6
:10941800a3420cd01946da798242f8d1da7c02b933
:10942800dd740a7c002af2d0013a0a74efe730bcf6
:0c943800704700bf06bc002000fe0120b1
:020000040000fa
:020000040102f7
:1094440008b5104b5b8b13f0070300d108bd0e4a1f
:10945400d3870c4b80221a7607225a831b7e13f083
:10946400040f05d0074b9a6a1a7e12f0040ffad142
:10947400054b1b6a002be9d0034b596a1b6a022077
:0c9484009847e3e7000c004004b600200d
:020000040000fa
:020000040102f7
:1094900008b5003018bf01200c4b1870003118bf00
:1094a00001210b4b1970003218bf0122094b1a70b1
:1094b000094b1b7803b108bd044b1878044b19788d
:1094c000044b1a7800f02afdf5e700bf0fbc00201e
:0c94d0000ebc00200dbc00200bbc0020d6
:020000040000fa
:020000040102f7
:1094dc00f8b50f4b1b68d3b10e4f0f4e0c4d07f068
:1094ec0065fefb68dc68201d07f099fc3368013bc6
:1094fc0033602b68013b2b6009f0e0f9206bf5f72a
:10950c0067fd2046f5f764fd2b68002be7d1f8bd0d
:0c951c0050ba002090b800204cba00208b
:020000040000fa
:020000040102f7
:1095280010b50f4b1a6842f47f021a601a6842f0ad
:109538007f421a600024043b1c6007f017f8094baf
:109548001c6009f0b3f9084a136843f040431360fc
:1095580006f07cfaf5f770fa07f01afe204610bdff
:0c95680020ed00e064bf002034ef00e0c4
:020000040000fa
:020000040102f7
:10957400c37903b9704710b5c0b004461b228df8f7
:10958400fc20a722adf804200522adf80620002215
:109594008df8082014228df809208288110a8df88c
:1095a4000a108df80b208df80c3001a9408803f0c7
:0c95b40071fa08b90023e37140b010bd4b
:020000040000fa
:020000040102f7
:1095c00010b584682078831e012b1ad9012806d192
:1095d00094f90630002b13da601c03f075fb0a4b7c
:1095e00021681a68c2f8211002f12103a2889a802a
:1095f000a2799a71214611f8010b08f02dfa00208a
:0c96000010bd0120fce700bf94ba002060
:020000040000fa
:020000040102f7
:10960c00f8b5114d07462b79007823f0070310f0bd
:10961c0007042b712e460dd02b681bb947200af07e
:10962c0013fb2860306860b14722394608f0c0fb54
:10963c000020f8bd28680028fbd00af007fb2c603e
:0c964c00f6e70220f5e700bf7cb9002023
:020000040000fa
:020000040102f7
:1096580070b51821054604f0cbfc0646e8b905f1bb
:109668005400eff76dfa4ff482700af0effa0446ef
:1096780098b131464ff4827209f03efb07232370fc
:109688002b88a380b5f8483023811923a37120467d
:0c9698000421bde8704006f0f5bb70bd79
:020000040000fa
:020000040102f7
:1096a400012837b50c4614d9013801aa694680b29d
:1096b40004f004ff70b1009d0b492868022208f0f1
:1096c4006dfb70b96b68122c1b7805d113f0080f71
:1096d40000d1032003b030bd522cfbd113f0040f92
:0c96e400f6e70020f6e700bf9a0902013b
:020000040000fa
:020000040102f7
:1096f00070b586b003ad06468df812100595adf82d
:109700001000f9f7f1fe0446014605a80af08ef8ac
:10971000314605a80af090f804ab009301950423a4
:10972000032242f2790140f2011005f0d1fd024b13
:0c97300033f8140006b070bd2e1f0201bb
:020000040000fa
:020000040102f7
:10973c0030b587b004adadf80e000595fdf73cfbd8
:10974c000446014605a80af06bf8bdf80e1005a8f2
:10975c000af06cf80df10e0300930195022303221d
:10976c0042f21b0140f2011005f0acfd024b33f844
:0c977c00140007b030bd00bf2e1f02011a
:020000040000fa
:020000040102f7
:10978800f0b585b002ad0e460746039504f06cffb0
:109798000446014603a80af045f8397803a80af0f8
:1097a80041f8317803a80af03df8002300930195a9
:1097b800032242f24b0140f2011005f085fd024bf5
:0c97c80033f8140005b0f0bd2e1f0201a4
:020000040000fa
:020000040102f7
:1097d40000b50f4a89b0106851686b4603c390689e
:1097e400d16803c3136904930a4b0b4a53f8010f5e
:1097f40005909b88cdf81a0004a96846adf8183086
:10980400adf81e30f2f77ef909b05df804fb00bf35
:0c981400442a0301e4b90020dcb8002065
:020000040000fa
:020000040102f7
:1098200010b5104b1a68824219d35c681919884226
:1098300001bf416818460919596041684418a2429d
:1098400008d1094c2468a24204d052680a444260fc
:109850001a6812680260984218bf186010bd13465b
:0c986000e0e700bf94b90020d0ba00205f
:020000040000fa
:020000040102f7
:10986c0037b5104b019000930222012327210446a7
:10987c00ec20eff733fb04f04bf9054638b9012c1b
:10988c0008bf204607f022fe284603b030bd064b29
:10989c000190009300220123ff21ec20eff71efb27
:0c98ac00f2e700bf78160301071103016a
:020000040000fa
:020000040102f7
:1098b80013b50c4607f0e2f8c8b1036893f91b30fa
:1098c800237000240b4b0093022201233d21ec203e
:1098d800eff706fb44b1084b0093019401230022e3
:1098e800fd21ec20eff7fcfa204602b010bd02245f
:0c98f800e8e700bf5c3203012611030109
:020000040000fa
:020000040102f7
:1099040010b5114a0321012008f098fc0af094f9db
:1099140010b90024204610bd02f026fb0028f8d020
:10992400faf70afe0028f4d004f040fe0028f0d034
:1099340001f018fa04460028ebd009f021ff05f0e5
:0c9944008df803f053f8e5e76d3b0301dc
:020000040000fa
:020000040102f7
:1099500070b5114b196805460022540021fa04f62f
:10996000b607d0b213d1ff2d02bf9a7842f00102a0
:109970009a704ff0030202fa04f51a680cbf032133
:10998000012122ea0502a1400a431a6070bd01329a
:0c999000082ae2d11046f9e774bb002061
:020000040000fa
:020000040102f7
:10999c00114bd3f8682f60f31242c3f8682fd3f839
:1099ac00702fc2f307220a70d3f8702fc2f307424c
:1099bc004a70d3f8702fc2f307628a70d3f8742ff1
:1099cc00ca70d3f8742fc2f307220a71d3f8743f0c
:0c99dc00c3f307434b71704700240141a6
:020000040000fa
:020000040102f7
:1099e80008b5104bd3f8682f42f40012c3f8682f5b
:1099f8001a4600bfd2f8683f9b02fbd40a490023ed
:109a080082f8683f0a68012013700a681a44013313
:109a1800082bd070f9d1f1f7b9fd0b6800229a70c4
:0c9a280008bd00bf0024014178bb0020f5
:020000040000fa
:020000040102f7
:109a34007fb50d4b00681b788df804300b4b1b78f9
:109a44008df806300a4b1b788df80530094b1b78ce
:109a54008df80730084b01a91b680593e7f772f8e6
:109a6400002007b05df804fb41bc00203fbc00208f
:0c9a740040bc00203dbc0020a4bb002032
:020000040000fa
:020000040102f7
:109a800037b5104c23685b79022b0d4614d10020aa
:109a9000f9f7b8fa29780c4a236881b9012058717e
:109aa00058781870236819724ff48073adf8043039
:109ab00001a910680af0eaf8002003b030bd0021c7
:0c9ac0005971f6e7c0bb0020bcbb0020c1
:020000040000fa
:020000040102f7
:109acc0001f000428b1aa3f16051b1f5801f0adb43
:109adc00b1f17f6f09d242eac102c10071f10041bc
:109aec0042eb507070471046704701285b4113f5ec
:109afc00001f02d842f0ff407047c90041ea507085
:0c9b0c00104340f4800040f0804070479f
:020000040000fa
:020000040102f7
:109b1800474154543a457674207263762c6e6f2010
:109b28006672656520636f6e6e00474154543a450e
:109b38007674207263762c6e6f20617661696c2072
:109b4800636f6e6e2c68646c3d3078253034782ce9
:0b9b58006576743d30782530327800cf
:020000040000fa
:020000040102f7
:109b640037b5828a05462ab100f11601f3f778ff6a
:109b74000023ab8201200af021f8044698b100f1d9
:109b84001003132101a8019309f04efe2846224632
:109b9400012107f042fe054610b120460af048f8bc
:0a9ba400284603b030bd0225fae7a1
:020000040000fa
:020000040102f7
:109bae0000b593b003688df8041041f20302adf8ce
:109bbe00002093f8c6216ff3000283f8c6211a889d
:109bce00adf8062061b9b3f84222d3f83e320293c3
:109bde006846adf80c2004f050f813b05df804fba5
:0a9bee00b3f83422d3f83032f1e767
:020000040000fa
:020000040102f7
:109bf80070b50368044693f8be0110f004000e46e1
:109c0800154610d00321002007f060f9014608b975
:109c1800002070bd1123037346738573204608f036
:109c2800effb0120f5e7022107f050f90146002873
:0a9c3800eed00d2303734573f0e72f
:020000040000fa
:020000040102f7
:109c420070b503210646002007f043f9e0b13568fc
:109c52001623037395f86332437395f86432837362
:109c62000146304608f0cffb95f86440012c0ad13a
:109c7200b5f89e31a5f8f63295f863123046f8f73a
:0a9c8200aafba5f89e01012070bda9
:020000040000fa
:020000040102f7
:109c8c0052433a436c656172526571204e6f726d2e
:109c9c00616c203078253032782c73746174653d9a
:109cac0025640052433a436c6561725265712050d1
:109cbc007265656d70746976652030782530327800
:0a9ccc002c73746174653d2564007b
:020000040000fa
:020000040102f7
:109cd6007fb5054602200e4609f06fff0446d0b157
:109ce60000f110030e2103a8039309f09cfd3146f1
:109cf60003a809f098fd062300932888002322462e
:109d0600022104f044f9054610b1204609f08fff00
:0a9d1600284604b070bd0225fae7ec
:020000040000fa
:020000040102f7
:109d2000c1f30a5340f21e42d21a0edd202a0ad88d
:109d3000cb0243ea505040f00040d04090eae1703e
:109d4000b0ebe1707047002070474b00004218bf35
:109d500043f0010313f5001f88bf21f0004111f00b
:0a9d6000004058bf6ff0004070474c
:020000040000fa
:020000040102f7
:029d6a000500f2
:020000040000fa
:020000040102f7
:109d6c000f4b1978d1b130b40e4b0139c9b201eb9c
:109d7c00410203f1180101ebc201002502e0183386
:109d8c008b4209d0da798242f9d1dd741a7cff2a30
:109d9c001cbf01321a74f2e730bc7047704700bf29
:089dac0006bc002000fe0120ae
:020000040000fa
:020000040102f7
:109db40044494d4d45525f004455504c494341542c
:109dc40045204e4f44452049442025752064657440
:109dd40065637465640d0a00466f756e64204449ba
:109de4004d4d45525f253032642028256420746f20
:089df40074616c290d0a0000e6
:020000040000fa
:020000040102f7
:109dfc00f8b50746408800f01ff840b1837f3b71ef
:109e0c000b4b1b7893b100240a4e094d06e0082336
:109e1c00f5e701342a78e3b29a4207d9e3b256f84f
:109e2c002330002bf5d038469847f2e7f8bd00bf39
:089e3c001000002014000020ba
:020000040000fa
:020000040102f7
:109e4400104b19680a1f1c3113e08a420ad052f8d9
:109e5400043f002bf9d0dc78012cf6d11c88844215
:109e6400f3d100e0002318465df8044b70478a42a2
:109e740005d052f8043f002bf9d010b4ebe70023cf
:089e84001846704718ba0020cf
:020000040000fa
:020000040102f7
:109e8c0000b583b0037b0133dbb203730c4a126859
:109e9c0092f8f8209a4204d9f6f706fe03b05df862
:109eac0004fb00234373074b1b68002bf6d00022e6
:109ebc008df804200289adf8062001a89847ede73b
:089ecc0020ba00201cba00209e
:020000040000fa
:020000040102f7
:109ed40038b5104b1b6813b100240e4d12e0fc2062
:109ee40009f0fafd0b4b186090b1fc220021094bdc
:109ef400186808f003ff012038bd00f035fd013477
:109f0400082cf2d02b6853f824000028f5d1f6e78a
:089f14000020f1e720ba002053
:020000040000fa
:020000040102f7
:109f1c0038b50d46144670b101210e4809f072fe99
:109f2c0075b108210b4809f06dfe74b12021094868
:109f3c0009f068fe38bd0121064809f065feefe71f
:109f4c000821044809f060feefe72021014809f0e0
:089f5c005bfeefe70023004467
:020000040000fa
:020000040102f7
:109f640010b5104c0121204609f054fe082120466a
:109f740009f050fe2021204609f04cfe0022114633
:109f84001046fff7c9ff012211461046fff7c4ff30
:109f94004ff4967003f0b8fb002211461046fff709
:089fa400bbff10bd00230044c7
:020000040000fa
:020000040102f7
:109fac000f4b01221a601a46936813f0010ffbd174
:109fbc000b4b4ff4a0521a6000225a6158690949a0
:109fcc00014359610221d9635a649a64da641a65af
:109fdc0040f65f121a641a469368002bfcd1704746
:089fec0000280040000f404076
:020000040000fa
:020000040102f7
:109ff4002de9f8430f4e1d4633688146db6b18206c
:10a00400884617469847044688b14561a0f80890e9
:10a01400c0e90387014641f20b6005f041f933685a
:10a0240025881b6c204698472846bde8f8830225fe
:08a03400fae700bfc0ba0020ea
:020000040000fa
:020000040102f7
:10a03c0008b50d49022009f013f80c4b1a68d2f838
:10a04c00d43103f0f80343f0011343f4c063c2f8b6
:10a05c00d431074bc2f89031064bc2f81432bde82c
:10a06c00084008f0cbbc00bf3037030194ba002085
:08a07c0005d901017f01030178
:020000040000fa
:020000040102f7
:10a084002de9f8430f4e1d4633688146db6b1020e3
:10a09400884617469847044690b1858180f8089011
:10a0a40080f809808772014641f2012005f0f8f832
:10a0b400336825881b6c204698472846bde8f883fa
:08a0c4000225fae7c0ba0020f2
:020000040000fa
:020000040102f7
:10a0cc007fb50d461446064605f080f90df10b03dd
:10a0dc00019303ab8df80b0000930122032342f292
:10a0ec00310140f201108df80c608df80d508df897
:10a0fc000e4005f0e7f89df80b20024b33f81200e8
:08a10c0004b070bd2e1f02011a
:020000040000fa
:020000040102f7
:10a1140013b500230193f4f721fe019048b10d4bd0
:10a124001b685c683cb90198036883b1214608f058
:10a13400b1fa02b010bd94f86031012b05d10023af
:10a144001a4601a92046f5f7edff2468eae7f5f77a
:08a1540085fbeee7f4ba0020e0
:020000040000fa
:020000040102f7
:10a15c00f8b5144606460f4f084608f0cbf87b6856
:10a16c00621e024493423fbf1b1a01339bb2e41a96
:10a17c003abfa5b21c46002501462246304607f0e0
:10a18c0017fe35b12a4639683019bde8f84007f09a
:08a19c000fbef8bde0b7002082
:020000040000fa
:020000040102f7
:10a1a40038b5192104460568f8f7d2f808b9012032
:10a1b40038bd95f864307bb90a4b95f86f121a686c
:10a1c400d1701b68da78252a02d92522da70efe7e4
:10a1d400012aecd80222f9e720461921bde83840cb
:08a1e40006f0a9bec0bb00207b
:020000040000fa
:020000040102f7
:10a1ec0038b5062104460568002006f06dfea8b1be
:10a1fc000c2303730a4b1b7843730a4b1b88c381d4
:10a20c004ff49763038295f8c63143f00803014677
:10a21c0085f8c631204608f0f1f8012038bd00bfa2
:08a22c002dbc00200aba00203d
:020000040000fa
:020000040102f7
:10a23400f0b5c4880e4b876885b0e6b20093240a53
:10a2440002231a460546cde901468121ec20eef7aa
:10a2540049fe084b53f824303bb105f10c02394652
:10a26400304605b0bde8f040184705b0f0bd00bf6a
:08a27400883a030154b70020f1
:020000040000fa
:020000040102f7
:10a27c002de9f84300ebc2070646d7f800900d46cf
:10a28c0090464c1e454508db013406ebc4003946ac
:10a29c0008f07cfc2046bde8f88356f83530a3eb7b
:10a2ac0009035b0206ebc50104d5013406ebc400bf
:08a2bc0008f06cfc0135e5e738
:020000040000fa
:020000040102f7
:10a2c40038b5104d296891f8bb320133dbb281f8ff
:10a2d400bb3291f8ba12994212d1002408e000bfaf
:10a2e40003eb84030134d3f8bc0204f0f7fae4b2bc
:10a2f4002b6893f8bb22a242f2d80022a3f8ba2218
:08a3040038bd00bf58bb00206a
:020000040000fa
:020000040102f7
:10a30c0038b5104d296891f8ed320133dbb281f884
:10a31c00ed3291f8ec12994212d1002408e000bf02
:10a32c0004f1bc02013453f8220004f0ebfae4b25d
:10a33c002b6893f8ed22a242f2d80022a3f8ec226b
:08a34c0038bd00bf58bb002022
:020000040000fa
:020000040102f7
:10a3540070b5104e346805464cb9cdb12868b8b113
:10a3640009f078fc2846bde8704009f073bca36886
:10a37400ab4209d1d4e9002342b15360d4e90023ac
:10a3840020461a6009f066fc2468e5e77360f5e787
:08a3940070bd00bfd4b9002028
:020000040000fa
:020000040102f7
:10a39c0010b50446082009f057fc0146c8b1032348
:10a3ac000370238883800b4b1a681378022b0ed111
:10a3bc00a36d93f8e63013f0100302d05378c3f377
:10a3cc0000138b710820bde8104009f061bb00231d
:08a3dc00f7e710bd68bb00208b
:020000040000fa
:020000040102f7
:10a3e40010b50446008909f01ffc98b1208904f0d7
:10a3f4001dfb90b10b4b1b8813f001030fd090f899
:10a4040047101d2907d1002380f84730bde81040cc
:10a4140002f046b90423184610bd0323fbe70123c9
:08a42400f9e700bfa4ba002013
:020000040000fa
:020000040102f7
:10a42c00104a037811785b1a5bb203f11c010e29f8
:10a43c000ad8dfe801f015151515150913131309c2
:10a44c0011090f090800f3230370037812781344e1
:10a45c0003707047f123f7e7ef23f5e7ed23f3e7fc
:08a46c00e923f1e7febb00202b
:020000040000fa
:020000040102f7
:10a4740010b5d0f84421dab1d0f84031c3b10d4859
:10a48400016892b262f31f4101600146423251f801
:10a49400084f92b262f31f440c6002689bb263f3ec
:10a4a4000f0202600a68ff339bb263f30f020a6073
:08a4b40010bd00bf4834014156
:020000040000fa
:020000040102f7
:10a4bc0037b50468236e002b054610da5b000ed509
:10a4cc0000f06efc236e23f00043236605f084fb42
:10a4dc0001ab0422074901950120fbf777fe00f040
:10a4ec005ffc236e23f08043236605f075fb03b0fd
:08a4fc0030bd00bf5404010152
:020000040000fa
:020000040102f7
:10a5040010b590f81431072b0c46d0f8b43008d0ad
:10a514001b78c3f380131370d0f8b0300b600020a5
:10a5240010bd987800f03f01d81c0844012110f8b0
:10a53400023bc3f380131370edf716f90028206073
:08a5440014bf00201f20ebe70b
:020000040000fa
:020000040102f7
:10a54c0010b50446002008f0ebfe002008f0e0fef9
:10a55c00122c12d002d8112c08d010bd213c022c88
:10a56c00fbd8084b4ff4a5711a6802e0054b1a682a
:10a57c00d82161f30f021a60efe7024b7c211a68b5
:08a58c00f7e700bf6434014150
:020000040000fa
:020000040102f7
:10a594000f4b02681b78342101fb0323012283f84b
:10a5a40088200c4bd3f81c21110207d5d3f82421a1
:10a5b40042f48022c3f8242100207047d3f81c21e0
:10a5c400d201f9d5d3f8242142f40022f2e700bfe6
:08a5d40041bc002000240141fc
:020000040000fa
:020000040102f7
:10a5dc00104bd3f80021962161f31742c3f80021e8
:10a5ec00d3f800216ff31962c3f80021d3f80021ce
:10a5fc006ff39a62c3f80021027b32b1d3f80021c9
:10a60c006ff30002c3f800217047d3f8002142f029
:08a61c000102f7e700240141ef
:020000040000fa
:020000040102f7
:10a6240030b5c0f30802c1f308041319490ab3f59d
:10a634009c7f01eb50210b4d0add6ff49c73e018f5
:10a644004b1c1044ab4280b209d840ea432030bdd1
:10a65400a94298b20b46f8d9a1f50003f5e74b1bc4
:08a66400f3e700bfffff7f00d8
:020000040000fa
:020000040102f7
:10a66c00062937b505460c4606d000231a4619466e
:10a67c00f5f7e6fd03b030bd043201a90df102007f
:10a68c00019207f07fff204609f0defa0146002810
:10a69c00f0d001230370bdf8023045808380204642
:06a6ac0009f0abf9e6e73e
:020000040000fa
:020000040102f7
:10a6b20073b54a89032a06460d460ad10b7c03f07c
:10a6c200bf03122b09d14968a87b04f074fb04462e
:10a6d20000b18024204602b070bd0df10701fdf7e4
:10a6e200cefa04460028f5d12a469df807103046d6
:06a6f200faf70af8eee79a
:020000040000fa
:020000040102f7
:10a6f80038b5437ad907054601d4002038bd827a97
:10a70800d207fad513f00c0f10d0002444724ff47e
:10a71800827009f09bfa0028efd0102202702a8874
:10a7280082808471042105f0adfbe6e743f0040361
:06a7380043721220e2e76b
:020000040000fa
:020000040102f7
:10a73e0090f81431072b04d041f21113a1f86630b2
:10a74e00704790f80231012b04d0002bf4d0022b6d
:10a75e0003d0704741f21223f0e790f8173181f8d9
:10a76e0068302122012b81f8662014bf2322222279
:06a77e0081f8672070471e
:020000040000fa
:020000040102f7
:10a78400f8b50c2104460668f7f7e2fd0546c0b1aa
:10a7940096f8ac31022b0bd10027204686f8ac7119
:10a7a40003f05afc39462046fbf7a8fa2846f8bdc0
:10a7b40096f8c6311b07f9d42046bde8f840fff7e8
:06a7c40013bd0125f2e7c0
:020000040000fa
:020000040102f7
:10a7ca000168b1f84622b1f848329a4219d8063ad5
:10a7da0092b240f67a40824213d8063b9bb2834239
:10a7ea000fd8b1f84a32b3f5fa7f0ad2b1f84c025f
:10a7fa000a3880b240f6764398428cbf0020012086
:06a80a00704700207047ba
:020000040000fa
:020000040102f7
:10a810007fb5054641200e4609f0d2f90446c0b185
:10a820000c2100f110030deb0100039308f0feff73
:10a8300040223146039807f0c1fa062300932246ce
:10a8400000234121288803f0a5fb10b1204609f020
:06a85000f1f904b070bd37
:020000040000fa
:020000040102f7
:10a8560010b50446806d10215f30fbf7b2f9a06d8c
:10a8660010214f30fbf7adf9a06d0821b230fbf790
:10a87600a8f9a06d0221b030fbf7a3f9e378a06d2b
:10a8860010212bb900f5e070bde81040fbf799b92f
:06a8960000f5c070f8e7b8
:020000040000fa
:020000040102f7
:10a89c0010b50278202a034600f10100f9d0a2f18c
:10a8ac0009010429f5d92b2a07d02d2a11d1012110
:10a8bc000133013b00200a2403e00021f8e7604348
:10a8cc00801a13f8012f303a092af8d901b94042fd
:06a8dc0010bd0021ede7b4
:020000040000fa
:020000040102f7
:02a8e20005006f
:020000040000fa
:020000040102f7
:10a8e40010b50f4b1b688bb10d4b1c682c2200213b
:10a8f400204608f003fa234604f12000002200bf9a
:10a9040043f8042b8342fbd1012010bd2c2009f015
:10a91400e3f8034b18600028e6d10020f5e700bff8
:04a9240010ba002045
:020000040000fa
:020000040102f7
:10a9280038b50f4b1b688bb100240d4d2b6853f8bd
:10a93800240000f0fbfc0134082cf7d12c22002164
:10a94800074b186808f0d8f9012038bd2c2009f009
:10a95800c1f8034b18600028f0d10020f5e700bfcc
:04a9680018ba0020f9
:020000040000fa
:020000040102f7
:10a96c0038b50446006808b109f0b6f80c4b1a6803
:10a97c0013689c420ad0043201231d4652f8041b72
:10a98c00a14204d00133082bf7d138bd0025204655
:10a99c0009f0a2f8024b1b68002243f82520f4e7cb
:04a9ac0020ba0020ad
:020000040000fa
:020000040102f7
:10a9b00010b430b10c4b1b78dbb2002b18bf6423f2
:10a9c000037031b1094b1b78dbb2002b18bf642335
:10a9d0000b7032b1064b1b78dbb2002b18bf64231f
:10a9e00013705df8044b70470fbc00200ebc0020b4
:04a9f0000dbc00207a
:020000040000fa
:020000040102f7
:10a9f40038b50c4b1c780c4b1d7807f045ff02460c
:10aa04000a4b1b7843b9074b1b78094909788b42d9
:10aa14000cbf0323012300e003232946204600f052
:10aa240067fc38bd1dbc002011bc00201bbc0020ed
:04aa34001abc002028
:020000040000fa
:020000040102f7
:10aa3800f8b50f4d2e68002406f5087353f82470f6
:10aa48008fb9162009f002f9883446f824002b68db
:10aa580053f8240018b11622394608f04df92b682e
:10aa680053f82400f8bd0134082ce7d10020f9e799
:04aa780094ba00206c
:020000040000fa
:020000040102f7
:10aa7c0037b584682588b5f5706f19d2284603f070
:10aa8c00a1fca8b1a3788df80230e3788df80330df
:10aa9c0023798df8043063798df805306846e388a6
:10aaac00adf80050adf8063000f0f2f803b030bd50
:04aabc000320fbe791
:020000040000fa
:020000040102f7
:10aac00071060301414002014d060301b54902012f
:10aad00029060301e58a0201652503016f0e0301c2
:10aae00005290301f12803014f250301193703014b
:10aaf0005ded02017dfa0201590103017daa020107
:04ab00000506030142
:020000040000fa
:020000040102f7
:10ab04002de9f0410e4e33688046db6b10200f4672
:10ab140015469847044680b18581a0f8088047818e
:10ab2400014644f2061004f0bbfb336825881b6c15
:10ab3400204698472846bde8f0810225fae700bf81
:04ab4400c0ba002073
:020000040000fa
:020000040102f7
:10ab48002de9f0410e4e33688046db6b10200f462e
:10ab580015469847044680b18581a0f8088047814a
:10ab6800014644f2081004f099fb336825881b6cf1
:10ab7800204698472846bde8f0810225fae700bf3d
:04ab8800c0ba00202f
:020000040000fa
:020000040102f7
:10ab8c002de9f84307464ff48270894690461d46de
:10ab9c00089e09f059f8044690b106230370a0f8fa
:10abac000490a0f800810581877131462a460a304d
:10abbc0007f0fef820460421bde8f84305f060b923
:04abcc00bde8f88365
:020000040000fa
:020000040102f7
:10abd00038b50f4b014618680368a2b98c894f2c11
:10abe00001d8302c11d13bb18d89dc89a54207d821
:10abf000cc899b899c4208d204f0a4ff002038bd78
:10ac00001a461b68efe70022ede70120f7e700bfd7
:04ac1000a8ba0020be
:020000040000fa
:020000040102f7
:10ac140030b585b00c460546fcf77cfc0df10b0302
:10ac2400019303ab8df80b0000930122042340f23f
:10ac3400064140f20110adf80c508df80e4004f0be
:10ac440045fb9df80b20024b33f8120005b030bdd4
:04ac54002e1f0201ac
:020000040000fa
:020000040102f7
:10ac580030b585b00c460546edf772f80df10b03db
:10ac6800019303ab8df80b0000930122042342f2f9
:10ac7800770140f20110adf80c508df80e4004f049
:10ac880023fb9df80b20024b33f8120005b030bdb2
:04ac98002e1f020168
:020000040000fa
:020000040102f7
:10ac9c00f0b585b002ae054607880396f2f734f995
:10acac000446014603a808f0bbfd394603a808f08a
:10acbc00bdfdcde900560823032242f2780140f293
:10accc00011004f0fffa024b33f8140005b0f0bd8c
:04acdc002e1f020124
:020000040000fa
:020000040102f7
:10ace0001fb50146044604f11703e21d11f8010bdc
:10acf000f2f7b4f80df10f038df80f00cde9004322
:10ad00000122272342f2270140f2011004f0e0fa69
:10ad10009df80f20024b33f8120004b010bd00bfa5
:04ad20002e1f0201df
:020000040000fa
:020000040102f7
:10ad240030b585b00c460546f6f77ef90df10b03f8
:10ad3400019303ab8df80b0000930122022342f22e
:10ad44000c0140f201108df80c508df80d4004f008
:10ad5400bdfa9df80b20024b33f8120005b030bd4c
:04ad64002e1f02019b
:020000040000fa
:020000040102f7
:10ad680038b50d4c236825467bb12b680021184661
:10ad78008c2207f0c1ff18224270084808f078ffbb
:10ad8800074808f06dff012038bd8c2008f05efff1
:10ad980020600028e9d1f7e7acba0020c18501019d
:04ada8002d3b01013d
:020000040000fa
:020000040102f7
:10adac000e4b1a78b2b90e4a4ff00041c2f880101f
:10adbc00bff34f8fbff36f8f0121c2f88410bff325
:10adcc004f8fbff36f8f4021c2f88410bff34f8faa
:10addc00bff36f8f1a7801321a70704728bc0020ad
:04adec0000e100e0a2
:020000040000fa
:020000040102f7
:10adf00013b50d4b0093022201231c21ec20eef72a
:10ae000073f804f0a7fa044620b9084b18602046ee
:10ae100002b010bd064b0190009300220123ff21d8
:10ae2000ec20eef761f8f2e7423a030174bb002030
:04ae30000711030102
:020000040000fa
:020000040102f7
:10ae34007fb5056802912b8801930d4b00930e4654
:10ae44000446012302225e21ec20eef74bf8022e89
:10ae540006d11621204608f009f8002385f8ac3104
:10ae64002068002104b0bde8704008f0d5b900bfe7
:04ae7400bf00030117
:020000040000fa
:020000040102f7
:10ae780070b505460e46f0f7c1f8044610b1012436
:10ae8800204670bd094b1b6853b9094b1b68002b42
:10ae9800f6d0314628469847041c18bf0124efe72e
:10aea8003146284698470028efd0e8e720bb002025
:04aeb80024bb002097
:020000040000fa
:020000040102f7
:10aebc0038b500240b4b0546214620220a48c3e92d
:10aecc00004307f017ff094b094a1c600121084693
:10aedc0007f0b0f92846eff77ffcbde83840fcf7e7
:10aeec00cdbb00bfd4b9002054b7002034bb002028
:04aefc0035a2020178
:020000040000fa
:020000040102f7
:10af000038b5836d5a78022a044618d193f8e43094
:10af1000022b14d10a4b1b681b78022b0fd0082080
:10af20000d7808f097fe014648b109230370238885
:10af300083808571bde83840082008f0afbd38bd7a
:04af400068bb0020ca
:020000040000fa
:020000040102f7
:10af440010b4836d0e4a93f8e730102b0c4603d1ee
:10af540011688978102910d012689078834289bfcb
:10af6400c0f11002e018001900219cbfc3f11002c7
:10af740000215df8044b07f0c1be5df8044b704737
:04af840068bb002086
:020000040000fa
:020000040102f7
:10af880070b50546806d18b108f062fe0023ab6508
:10af98000b4e3268002402f12c0300bf53f8242022
:10afa800aa4208d1284608f053fe336803eb84040c
:10afb8000023e36270bd0134082cefd1fae700bf2b
:04afc80068bb002042
:020000040000fa
:020000040102f7
:10afcc0038b5012004f0f4fa044678b10b4808f0c7
:10afdc008ff9054658b9022384f85330084c206881
:10afec001030edf7abfd236883f8285038bd2046b0
:10affc000821bde83840f5f71bbb00bf11b00201ba
:04b00c0068bb0020fd
:020000040000fa
:020000040102f7
:10b0100070b50646022004f0d1fa044690b100f162
:10b02000120540223146284606f0c8fea3780a2bb6
:10b0300009d12046fcf775f829462046fff7e8fbc2
:10b040000b23a37070bd0c2bfcd12046bde87040d3
:04b05000ecf78cbad3
:020000040000fa
:020000040102f7
:10b054002de9f0410e4e002400f117074ff02708a8
:10b0640035682b78e340db070ad508fb045010222f
:10b074003946223006f092fe003018bf0120a87035
:10b0840033689b7813b90134082ce9d1bde8f08109
:04b0940078bb002065
:020000040000fa
:020000040102f7
:10b0980038b50e4c2278824205460ad002280ad1d9
:10b0a8000b4b198821f0070141f001016d2001f0d7
:10b0b800abff257038bd022a01d0ff2af9d1044b15
:10b0c800198821f007010904090cefe735bc0020b5
:04b0d80000bc002098
:020000040000fa
:020000040102f7
:10b0dc00122811d004d811284ff0010005d0704768
:10b0ec00213802280ed901207047094b1a8860f3c9
:10b0fc0083021a8000207047054b1a88022161f3e5
:10b10c008302f6e7024a138843f00c031380f1e73d
:04b11c00c0340141f9
:020000040000fa
:020000040102f7
:10b1200038b50f4b1d682c68f0f7d8fe94f86420f2
:10b13000237d82b913f0400f10d0d4f87801037f3b
:10b140000bb908f04ffd0423237528462421bde8e0
:10b15000384007f095b913f0010fede738bd00bf97
:04b1600064bb0020ac
:020000040000fa
:020000040102f7
:10b1640061b190f86630212b11d00ad8112b15d07b
:10b17400122b08bf012018bfff20704790f86730da
:10b18400f1e7222b0cd0232b08bf0220f3e790f821
:10b194006830002b0cbf022003207047002070474a
:04b1a40003207047cd
:020000040000fa
:020000040102f7
:10b1a80037b50023adf804304b7805460c462bb173
:10b1b8000021206908f066fd03b030bd0df10301e0
:10b1c80005f009f9a37803f01103184310f0ff0ff5
:10b1d800eed195f833308df8043001238df8053021
:04b1e80001a9e6e7ec
:020000040000fa
:020000040102f7
:10b1ec0010b503780b2bc2b0044617d1808803f03e
:10b1fc00e9f840b105238df8083002a8a388adf812
:10b20c000a30fdf7affd00220434019200940c23a8
:10b21c0040f23e514ff4827004f054f8012042b0d9
:02b22c0010bd53
:020000040000fa
:020000040102f7
:10b22e0010b5044690f8a83031b123b9b0f8b23059
:10b23e000133a0f8b23010bd53b9aa30f8f7d1fde2
:10b24e0094f8b43084f8aa300123a4f8b230f2e7af
:10b25e00b0f89830a0f8c230bde81040b830edf725
:02b26e00f6bb2d
:020000040000fa
:020000040102f7
:10b27000c0b208b50b461146072808d8dfe800f031
:10b2800004090d11070715151868e8f7f5fc0020eb
:10b2900008bd1846f9f7c6f9f9e71846f5f752ff61
:10b2a000f5e71846ebf734fbf1e7184603f081feab
:02b2b000ede7c8
:020000040000fa
:020000040102f7
:02b2b200050095
:020000040000fa
:020000040102f7
:10b2b40010b5054c227832b9044b13b10448aff3ee
:10b2c40000800123237010bd74b70020000000002b
:10b2d4000000000008b5034b1bb103490348aff35a
:10b2e400008008bd0000000078b7002000000000c6
:020000040000fa
:020000040102f7
:10b2f40010b588b00d4c23756275a075e1751823df
:10b304008df800300fcccdf80100cdf80510cdf844
:10b314000920cdf80d3003cccdf81100cdf815106f
:10b32400684602f025fa08b010bd00bf60be0020d8
:020000040000fa
:020000040102f7
:10b33400d8b138b504460d4b1a68136898420ad040
:10b34400043201231d4652f8041ba14204d00133e8
:10b35400082bf7d138bd0025204608f0c1fb034b6c
:10b364001b68002243f82520f4e7704718ba002030
:020000040000fa
:020000040102f7
:10b374000e4b03f1a80107e0002210465df8044bd0
:10b3840070471c338b420dd0da79002af9d010b4ff
:10b394001c798442f1d01c338b42edd0da79002a37
:10b3a400f9d0f5e700221046704700bf74b10020c1
:020000040000fa
:020000040102f7
:10b3b4005458207175657565642068646c3d3078f7
:10b3c4002530345820636d643d3078253032580d73
:10b3d4000a00000054582071756575652046554c67
:10b3e4004c2068646c3d3078253034580d0a0000d8
:020000040000fa
:020000040102f7
:10b3f400d8b1034679b130b40d684c688868c9681f
:10b40400c3f8f850c3f8fc40c3f80001c3f80411b2
:10b41400002030bc70470020c3f8f800c3f8fc00db
:10b42400c3f80001c3f8040170476ff0ac00704723
:020000040000fa
:020000040102f7
:10b4340070b50e4b1e780022824202d300231846b8
:10b4440070bd8c5ca042f9d38d186b78012b04d1ac
:10b454003eb9ad7815f0030ff1d101342244d2b2d4
:10b46400eae7ab7813f00103f6e700bf20bc002045
:020000040000fa
:020000040102f7
:10b4740070b5e0b14ab116880024a64203d8051974
:10b484006d789d4208d08c4201d300200fe0055d09
:10b4940001352c44a4b2f0e78c42f6d2005da31c23
:10b4a40001389bb280b21c188c42eedc138070bd54
:020000040000fa
:020000040102f7
:10b4b4007fb58df80f00ddf7d3fc0df11703019371
:10b4c4000df10f038df8170000930122202342f29f
:10b4d4000a0140f2011003f0f9fe9df81720034b16
:10b4e40033f8120007b05df804fb00bf2e1f020101
:020000040000fa
:020000040102f7
:10b4f4007fb502ae05460396f6f7a6fe044601465e
:10b5040003a808f091f9298803a808f093f9cde974
:10b5140000560e23032242f2200140f2011003f0f0
:10b52400d5fe024b33f8140004b070bd2e1f020187
:020000040000fa
:020000040102f7
:10b534007fb58df80f00fef797f90df1170301930e
:10b544000df10f03009301238df817001a4642f200
:10b554002d0140f2011003f0b9fe9df81720034bb2
:10b5640033f8120007b05df804fb00bf2e1f020180
:020000040000fa
:020000040102f7
:10b574007fb5adf80e0002f0b5fa0df11703019393
:10b584000df10e038df8170000930122022342f2fd
:10b594002e0140f2011003f099fe9df81720034b91
:10b5a40033f8120007b05df804fb00bf2e1f020140
:020000040000fa
:020000040102f7
:10b5b40073b50c4c0c4e0d4d23684ff0ff329b6a53
:10b5c40001a9304698470128f6d10198437955f8e6
:10b5d40023309847019890f90430002becdb02f0fb
:10b5e4004dfae9e7c0ba0020a0b9002034b7002022
:020000040000fa
:020000040102f7
:10b5f4000a4b0b4a002018700a4b106050601a4620
:10b60400c3e9000342f8080fda60074b1a8860f3b5
:10b61400c3021a800721054a00f0e2bc2bbc0020bb
:10b62400acb900200cb90020203e0141dd2e0101ff
:020000040000fa
:020000040102f7
:10b6340038b505460c4606f029faa8b10b4b186834
:10b644002946043008f020f960b190f860315bb10c
:10b6540090f84130237050f8333f1360838893800f
:10b66400002038bd4220fce70c20fae7f4ba0020a1
:020000040000fa
:020000040102f7
:10b6740010b508f06ff908b9002010bd0b4c236811
:10b68400d3f85431984778b92368d3f85831984798
:10b6940050b92368d3f85c31984728b92368d3f8a4
:10b6a400603198470028e7d00c20e6e700bb002073
:020000040000fa
:020000040102f7
:10b6b40013b50d4b0093022201232321ec20edf757
:10b6c40011fcfff7d5ff044620b9fef78bf920469d
:10b6d40002b010bd054b0190009300220123ff210d
:10b6e400ec20edf7fffbf2e7383a03010711030101
:020000040000fa
:020000040102f7
:10b6f40038b5036893f8ac21213a012a05460ad8e3
:10b7040093f8ad41012c06d1022283f8ad2183f8d0
:10b71400a941204638bd062203212846fef76afacd
:10b7240004460028f5d000212846faf7e7faf0e7a6
:020000040000fa
:020000040102f7
:10b7340010b509210446002005f0cafbb8b12368fe
:10b7440015220273b3f8a221a0f80d20b3f8a421a6
:10b75400a0f80f20b3f89e21a0f81120b3f8a0316f
:10b76400a0f813300146204606f04cfe012010bd1f
:020000040000fa
:020000040102f7
:10b7740010b50e4b4ff0000451b193f9012090f92c
:10b784000010914207db027044f00204204610bd11
:10b7940093f90220f3e793f90330994203dc037031
:10b7a40044f00104f2e7fef73ffeefe728b800207b
:020000040000fa
:020000040102f7
:10b7b4003a2808b50fd10d4b186890f82830042b9f
:10b7c40009d8013380f8283041f288311030bde8bf
:10b7d4000840eaf71bbb022003f0eefe20b108216b
:10b7e400bde80840f4f728bf08bd00bf68bb0020cf
:020000040000fa
:020000040102f7
:10b7f400e69d350e480103ccdbfdf4ac1191f4ef6a
:10b80400b9a5f9e9a7832c5e2cbe97f2d203b02028
:10b814008bd28915d08e1c742430ed8fc24563768b
:10b824005c15525abf9a32636deb2a65499c80dce1
:020000040000fa
:020000040102f7
:10b8340008b50b4a0c21022000f0d2fb094a0d2165
:10b84400022000f0cdfb084a0e21022000f0c8fbc4
:10b85400064a0f21022000f0c3fb002008bd00bff0
:10b864005d0b0301390b0301150b0301f10a0301fd
:020000040000fa
:020000040102f7
:10b87400094b10b500241c60084b1c60084b1c606d
:10b88400084b1c60084b1c7007f024fa204607493b
:10b8940008f096f8204610bd7cbb002088bb002031
:10b8a40084bb00208cbb002036bc0020852e020106
:020000040000fa
:020000040102f7
:10b8b400c38a063b9bb240f67a42934213d8438b29
:10b8c4000a3b9bb2043a93420dd890f821301b33c3
:10b8d40003f01f030b2b06d8044b1b68002b14bf6b
:10b8e40000201f2070471e20704700bf7cbb002033
:020000040000fa
:020000040102f7
:10b8f400122917d00bd8112911d00c4b1b68c3f394
:10b904004113012b07d1000100f51970704722295a
:10b91400f9d02329f1d1800100f266307047c000cc
:10b92400e63070478000c230704700bfc034014128
:020000040000fa
:020000040102f7
:10b9340007b590f8e5100023adf8043099b990f8f4
:10b94400e43013f0110f07d190f8c7308df80430ac
:10b9540001238df8053001a9044b186808f094f907
:10b9640003b05df804fb1946f6e700bf90bb002066
:020000040000fa
:020000040102f7
:10b9740010b50446fdf70cf82046f3f739fe2046cf
:10b98400eef742f9204605f065f9f2f773fa20461e
:10b99400fbf730ff2046fef71ffeedf76bfc00f0cf
:10b9a400fffc01f02ffc2046bde81040f4f764bf13
:020000040000fa
:020000040102f7
:10b9b400094b10b500241c70084b1c60084b1c601c
:10b9c400084b1c60084b1c6003f020f90749012058
:10b9d40007f0f6ff204610bd43bc0020a8bb0020a2
:10b9e400acbb0020b0bb0020b4bb0020cfd402010c
:020000040000fa
:020000040102f7
:10b9f40053ec102bc3f30a5170b469b140f2ff75d4
:10ba0400a9420ed023f0ff4424f4e00444f07f5311
:10ba140043f40013a1f2fe3143ec102b016070bc1f
:10ba24007047002143ec102b016070bc704700bfcd
:020000040000fa
:020000040102f7
:10ba3400474154543a44617461207263762c4f70c8
:10ba44003d30782530327800474154543a4461748b
:10ba540061207263762c6e6f20617661696c20635d
:0fba64006f6e6e2c68646c3d307825303478003e
:020000040000fa
:020000040102f7
:10ba740038b503780c2b044618d1808802f0d6ff21
:10ba8400a0b100254572008807f09bfd70b14ff40a
:10ba9400827008f0ddf848b110220270a28882801a
:0ebaa40085710421bde8384004f0eeb938bdcc
:020000040000fa
:020000040102f7
:10bab20037b5d0e9035401aa6946008902f0fffcb8
:10bac20088b1009b9a7b92060fd49a6821881288cb
:10bad200914288bf228022885968284606f06df973
:0ebae200002003b030bd0320fbe70120f9e790
:020000040000fa
:020000040102f7
:10baf0000368b3f84c10b3f84a22914215d1b3f859
:10bb00004e10b3f84c2291420fd193f84e2262b9f5
:10bb1000b3f84a20b3f84612914206d8b3f8480267
:0ebb200090422cbf002001207047012070478a
:020000040000fa
:020000040102f7
:10bb2e00434d443a53657453636e506172616d00b8
:10bb3e0053434e3a747970653d25642c696e747664
:10bb4e006c3d307825782c77696e3d3078257800fd
:0ebb5e004552523a7374617475733d2564004c
:020000040000fa
:020000040102f7
:10bb6c0070b50468236e43f08003236605460e46c9
:10bb7c0004f01cfc90b9236e23f0800343f4007393
:10bb8c00236616b12846f3f735f920463146fff700
:0ebb9c0048fb2846bde87040def7e2bc70bdf5
:020000040000fa
:020000040102f7
:10bbaa004c32433a44617461207263762c6f703d63
:10bbba00307825303278004c32433a44617461203f
:10bbca007263762c6e6f20617661696c20636f6e8a
:0dbbda006e2c68646c3d30782530347800a6
:020000040000fa
:020000040102f7
:10bbe700534d503a44617461207263762c6f703df7
:10bbf70030782530327800534d503a4461746120d3
:10bc07007263762c6e6f20617661696c20636f6e4c
:0dbc17006e2c68646c3d3078253034780068
:020000040000fa
:020000040102f7
:10bc240000b583b00023019301a90068f5f712f869
:10bc340018b9002003b05df804fb019b4bb1064b1f
:10bc44004ff080521a60bff34f8fbff36f8f012004
:0cbc5400f0e70120eee700bf04ed00e087
:020000040000fa
:020000040102f7
:10bc600000b583b00023019301aa0068f0f728ff14
:10bc7000012803d0002003b05df804fb019b43b111
:10bc8000054b4ff080521a60bff34f8fbff36f8f99
:0cbc9000f1e70120efe700bf04ed00e049
:020000040000fa
:020000040102f7
:10bc9c0070b590b915460c460b4806f0ddfd78b131
:10bcac00094e56f8083b1b6829462046984704461f
:10bcbc00304606f0e7f9204670bd4ff0ff34fae746
:0cbccc004ff0ff34f7e700bf38b900204c
:020000040000fa
:020000040102f7
:10bcd80070b590b915460c460b4806f0bffd78b113
:10bce800094e56f8083bdb68294620469847044623
:10bcf800304606f0c9f9204670bd4ff0ff34fae728
:0cbd08004ff0ff34f7e700bf38b900200f
:020000040000fa
:020000040102f7
:10bd14000d4b002203e001321c33062a13d0d979db
:10bd24000029f8d019888142f5d10748c2ebc20234
:10bd340092008118002383504b608b60cb600b61b1
:0cbd44004b618b617047704774b10020a8
:020000040000fa
:020000040102f7
:10bd500030b490f8893103f00303012b11d0022b8a
:10bd60000cbf0824042404390023074d51f8040fa4
:10bd70009a1c05eb820250600133a342f6d130bc1d
:0cbd800070470624efe700bf00040042fb
:020000040000fa
:020000040102f7
:10bd8c0008b5037a012b15d893b9fcf709fb70b9e8
:10bd9c000146012003f012fa0220fff785fb30b9af
:10bdac00054b1a68137843f001031370002008bd8b
:0cbdbc000320f2e70320fae794ba00200d
:020000040000fa
:020000040102f7
:10bdc80038b50b4d0b49062007f04cf92a680a498b
:10bdd800c2f88411002400bf04f188022b680134e2
:10bde80053f8220001f010fd082cf5d1002038bdd1
:0cbdf80094ba0020c0aa02017d76000170
:020000040000fa
:020000040102f7
:10be040008b50949042006f0e9f90849002007f0bb
:10be14009bfd074b074a1b685a60074b1b684ff092
:10be2400f7129a60002008bd392c0301f0e40201e6
:0cbe34006cbb0020052c0201a8ba002005
:020000040000fa
:020000040102f7
:10be4000f8b50d4e33680746db6b10200d4698475a
:10be5000044678b1002305734373876001464ff4ad
:10be6000804003f01ffa336825881b6c20469847f2
:0cbe70002846f8bd0225fbe7c0ba002000
:020000040000fa
:020000040102f7
:10be7c001fb50146044611f8010beff759fa0df105
:10be8c000f038df80f00cde900430122202342f26d
:10be9c00080140f2011003f015fa9df80f20024b37
:0cbeac0033f8120004b010bd2e1f02017c
:020000040000fa
:020000040102f7
:10beb8001fb50146044611f8010beff79ffa0df183
:10bec8000f038df80f00cde900430122202342f231
:10bed800090140f2011003f0f7f99df80f20024b19
:0cbee80033f8120004b010bd2e1f020140
:020000040000fa
:020000040102f7
:10bef4001fb50146044611f8010bfbf7affa0df12b
:10bf04000f038df80f00cde900430122072342f20d
:10bf1400110140f2011003f0d9f99df80f20024bf2
:0cbf240033f8120004b010bd2e1f020103
:020000040000fa
:020000040102f7
:10bf300030b587b004ac0d46039405f0cdf903a8e5
:10bf4000002107f073fc294603a8062206f0b6fd7f
:10bf50000194002400942346072241f2090140f293
:0cbf6000011003f0b5f9204607b030bd19
:020000040000fa
:020000040102f7
:10bf6c0038b50b4c236825465bb12b68094a1a601f
:10bf7c002b68c3e90122da60074ac3e904220120d5
:10bf8c0038bd182007f060fe20600028edd1f7e7df
:0cbf9c00b0ba0020493c03014d3c0301f9
:020000040000fa
:020000040102f7
:10bfa8000b4b1a6842f480121a600a4a118e6ff31a
:10bfb800c71111861a6a02f44032b2f5003ff9d16e
:10bfc8005a6822f400025a60034b00221a70704724
:0cbfd800004001410024014125bc002074
:020000040000fa
:020000040102f7
:10bfe40038b90f2904d8094b02b9094a43f821206a
:10bff4007047012803d10f29fad8064bf4e7022829
:10c00400f6d10f29f4d8044beee700bf80bd002021
:0cc01400c33c0301c0bd002000be0020a2
:020000040000fa
:020000040102f7
:10c020000b4b1b7813f0060311d10a4a13700a4a0e
:10c0300008214ff47060013911f0ff0110809370f6
:10c04000c2f80330a2f8073002f10a02f3d17047b8
:0cc050002cbc00202ebc0020d4b400202a
:020000040000fa
:020000040102f7
:10c05c00f8b50d4d06460f4600242b88b3f5706fce
:10c06c0008d0ab78b34205d10622e91c384605f05e
:10c07c0091fe38b10134e4b2082c05f10a05ecd17b
:0cc08c000020f8bd0120fce7d4b4002027
:020000040000fa
:020000040102f7
:10c0980030b593b000688df8043041f20c04adf867
:10c0a800004090f8c6410388adf80630002565f3d6
:10c0b8004104a0f86c5280f8c64168468df8081013
:0cc0c8008df8092001f0dcfd13b030bd44
:020000040000fa
:020000040102f7
:10c0d40038b5046894f8ae3105460bb1012038bd7b
:10c0e400132384f8ae311621f6f732f90028f5d07f
:10c0f40094f86430284633b9e5f7d4ff0028edd12d
:0cc1040084f8ae01ebe7fcf779f8f7e7f0
:020000040000fa
:020000040102f7
:10c1100038b5046894f8ae51b5b994f8c8319b07a6
:10c1200012d50b2105f04efb68b140f22243a4f872
:10c13000ae3194f8c83165f3410384f8c83140f258
:0cc140000113a4f8a83138bd0120fce771
:020000040000fa
:020000040102f7
:10c14c0010b504210446002004f0befea8b12368fb
:10c15c00062283f8ac212322027303f28b2211886e
:10c16c00a0f80d109278c27393f88c2283f8862273
:0cc17c000146204606f042f9012010bdeb
:020000040000fa
:020000040102f7
:10c1880010b50a4c206807f07ffd00232360084c97
:10c19800227842b1012a04d1064b07481968e9f709
:10c1a80033fe00232370002010bd00bf4cbb0020cd
:0cc1b80031bc002050bb0020f8b7002074
:020000040000fa
:020000040102f7
:10c1c40030b50c4691b0402205460021684606f081
:10c1d40095fd94f9012000235200934206db214689
:10c1e4006846eaf739ffc0b211b030bd10a919444e
:0cc1f400e85c01f8400c0133dbb2eee720
:020000040000fa
:020000040102f7
:10c2000070b50446b8b10c4d2b68d3f88061fef7c9
:10c21000cdfd66b926602b68d3f8843163601c605d
:10c220002b68c3f88441bde8704003f0dbbca64234
:0cc23000f9d03668ede770bd58bb002067
:020000040000fa
:020000040102f7
:10c23c0038b570b100f092fe044640b10a4b1d684f
:10c24c00012385f8283300f089fe85f83403204655
:10c25c0038bd054b1c6884f8280300f07ffe84f879
:0cc26c0034030124f3e700bf58bb00209e
:020000040000fa
:020000040102f7
:10c27800f8b50d4d06682b8840f6fe6293429abfca
:10c2880001339bb200232b8040f6fe772c88204692
:10c2980004f0f4fb08b93480f8bdbc429abf0134fd
:0cc2a800a4b200242c80f1e772bf00203b
:020000040000fa
:020000040102f7
:10c2b40010b5044686b0806d0a4b019304220deb41
:10c2c400020102aba030e3f74bf8074b0193a36dd7
:10c2d400042216330deb020102a8e3f741f806b07d
:0cc2e40010bd00bf31706d747262656c9b
:020000040000fa
:020000040102f7
:10c2f000072838b514d80b4c03b224685d00ec4015
:10c3000004f00304012c0bd11d44074b03eb450340
:10c310001c6814609b889380f7f7b6fc002038bd3a
:0cc320001f20fce774bb0020003301412b
:020000040000fa
:020000040102f7
:10c32c000d4a03460068106098889b799080937141
:10c33c0032f8040c40f0020022f8040c52f8080cfd
:10c34c00430041bf906a086002f12803002046bff9
:0cc35c009b888b801f20704770330141cc
:020000040000fa
:020000040102f7
:10c368000d4bd3f8182142f48072c3f81821d3f882
:10c378002c216ff30f02c3f82c21d3f818210321c5
:10c3880061f30712c3f81821d3f8182161f30302e7
:0cc39800c3f81821704700bf00240141c9
:020000040000fa
:020000040102f7
:10c3a4000d4bd3f8182142f48072c3f81821d3f846
:10c3b4002c216ff30f02c3f82c21d3f81821032189
:10c3c40061f30712c3f81821d3f8182161f30302ab
:0cc3d400c3f81821704700bf002401418d
:020000040000fa
:020000040102f7
:10c3e00070b50c4b1b6805460c4616464bb97eb91a
:10c3f000342101fb045494f85e00003018bf012082
:10c4000007e098470028f2d0034b1b78002beed1b1
:0cc41000002070bda8bb002043bc002031
:020000040000fa
:020000040102f7
:10c41c0010b5012004f0daf94ff6ff710446012043
:10c42c0002f008f92146012004f0e2f900220d2166
:10c43c000120fff7d1fd00231a4603491846bde839
:0cc44c001040f9f7c3be00bf020701005a
:020000040000fa
:020000040102f7
:10c4580013b50b4b1c680b4bd3f81c21120203d4e9
:10c46800d3f81c31db0101d5f4f7c6ff01ab042278
:10c47800054901940020f9f7abfe02b010bd00bfda
:0cc4880064bb00200024014101020100ff
:020000040000fa
:020000040102f7
:10c4940030b50d4a002300bf12f8134024b902eb53
:10c4a40043035b78184630bd01680d78a54209bf87
:10c4b40002eb430301335b78013114bfdbb201604b
:0cc4c4000a2be9d9eee700bf1c2703019a
:020000040000fa
:020000040102f7
:10c4d0004ff4001c1ceb410f98bf1ceb430f11d80d
:10c4e00051ea030c50ea4c0c5cea020c0cd004d26a
:10c4f00082428b4180410130704790429941804196
:0cc5000001307047002070470120704798
:020000040000fa
:020000040102f7
:10c50c00434d443a536574507269766163794d6f4b
:10c51c0064652c616464723d307825303278253046
:10c52c003278253032782530327825303278253003
:0bc53c0032782c6d6f64653d256400b3
:020000040000fa
:020000040102f7
:10c5480038b50546008907f06dfb80b12889ec688d
:10c5580002f06afa054660b12378c17c99420ad193
:10c5680063786288f2f7a6ff00b9e87438bd042042
:0ac57800fce70320fae70120f8e7d2
:020000040000fa
:020000040102f7
:10c58200434d443a5365745478506f7765725265df
:10c59200706f7274696e67456e61626c652c486477
:10c5a2006c3d307825782c4c6f63616c3d25642c92
:0ac5b20052656d6f74653d2564004d
:020000040000fa
:020000040102f7
:10c5bc0010b5046894f8641094f8be21034689b948
:10c5cc0091070bd50f211846ecf72cfb08b900206e
:10c5dc0010bd112384f8ac310120f9e70121eaf7f1
:0ac5ec00aafbf3e79207f2d5ece793
:020000040000fa
:020000040102f7
:10c5f60038b5142104460568f5f7a9fe08b90120e7
:10c6060038bd95f8ae31002bf9d12046ebf713fc77
:10c6160005462046fff78bf80028f1d0002deed016
:0ac62600204600f066fc2846eae713
:020000040000fa
:020000040102f7
:10c6300041b190f86730212b0ed006d8123b5842fa
:10c640005841704790f86630f5e7222b0bd0232b2a
:10c650000cbf02200020704790f86830002b0cbf00
:0ac6600002200320704703207047fa
:020000040000fa
:020000040102f7
:10c66a0070b506680c200d4607f0effa044650b183
:10c67a004db1284607f0e9fa0546a06028b92046d8
:10c68a0007f0e5fa2c46204670bd00232360d6f851
:0ac69a00f0321c60c6f8f042f5e72c
:020000040000fa
:020000040102f7
:10c6a40037b50546012007f089fa044698b100f130
:10c6b40010031e2101a8019307f0b6f8284622466c
:10c6c400012105f0aaf8054610b1204607f0b0fa9a
:0ac6d400284603b030bd0225fae746
:020000040000fa
:020000040102f7
:02c6de00050055
:020000040000fa
:020000040102f7
:10c6e000436f6e6e656374696e6720746f20444992
:10c6f0004d4d45525f253032640d0a00437265612d
:10c700007465436f6e6e204641494c203078253069
:08c7100034580d0a000000bfbf
:020000040000fa
:020000040102f7
:10c7180038b50b4d2b780b4c04f8330004ebc304ed
:10c72800617006f0d7ff60602b7801335a4203f03e
:10c738001f0302f01f0258bf53422b7038bd00bfc1
:08c7480012bc0020dcad002052
:020000040000fa
:020000040102f7
:10c75000f8b50c4e33680746db6b0c200d46984746
:10c76000044668b145810772014641f2031002f0a8
:10c7700099fd336825881b6c204698472846f8bdec
:08c780000225fbe7c0ba00200e
:020000040000fa
:020000040102f7
:10c78800f8b50c4e33680746db6b0c200d4698470e
:10c79800044668b18572078101464ff4b05002f033
:10c7a8007dfd336825881b6c204698472846f8bdd0
:08c7b8000225fbe7c0ba0020d6
:020000040000fa
:020000040102f7
:10c7c000f8b50c4e33680746db6b10200d469847d2
:10c7d000044668b1c5600781014641f2016002f07c
:10c7e00061fd336825881b6c204698472846f8bdb4
:08c7f0000225fbe7c0ba00209e
:020000040000fa
:020000040102f7
:10c7f800f8b50c4e33680746db6b10200d4698479a
:10c80800044668b1c5600781014641f2036002f041
:10c8180045fd336825881b6c204698472846f8bd97
:08c828000225fbe7c0ba002065
:020000040000fa
:020000040102f7
:10c83000f8b50c4e33680746db6b0c200d46984765
:10c84000044668b185720781014641f2046002f036
:10c8500029fd336825881b6c204698472846f8bd7b
:08c860000225fbe7c0ba00202d
:020000040000fa
:020000040102f7
:10c86800f8b50c4e33680746db6b10200d46984729
:10c87800044668b1c5600781014641f6010002f02f
:10c888000dfd336825881b6c204698472846f8bd5f
:08c898000225fbe7c0ba0020f5
:020000040000fa
:020000040102f7
:10c8a000f8b50c4e33680746db6b10200d469847f1
:10c8b000044668b1c5600772014641f2040002f007
:10c8c000f1fc336825881b6c204698472846f8bd44
:08c8d0000225fbe7c0ba0020bd
:020000040000fa
:020000040102f7
:10c8d800f8b50c4e33680746db6b10200d469847b9
:10c8e800044668b1c5600772014641f2090002f0ca
:10c8f800d5fc336825881b6c204698472846f8bd28
:08c908000225fbe7c0ba002084
:020000040000fa
:020000040102f7
:10c91000f8b50c4e33680746db6b10200d46984780
:10c92000044668b1c5600772014641f20a0002f090
:10c93000b9fc336825881b6c204698472846f8bd0b
:08c940000225fbe7c0ba00204c
:020000040000fa
:020000040102f7
:10c94800dd060301c1950201bb3b03012d3b030139
:10c95800153b0301af3b03017d680201d1d40101fe
:10c96800e50c0201fd390301f33903011d3b030105
:08c97800213c03013b350301e2
:020000040000fa
:020000040102f7
:10c98000f8b50c4e33680746db6b0c200d46984714
:10c99000044668b145810781014642f2010002f078
:10c9a00081fc336825881b6c204698472846f8bdd3
:08c9b0000225fbe7c0ba0020dc
:020000040000fa
:020000040102f7
:10c9b8000278042a14d80b4b19680a701a6881780f
:10c9c8005171417851701b68c2789a710279da7195
:10c9d800c07830b15a7842f008025a700020704787
:08c9e8000320704768bb00202a
:020000040000fa
:020000040102f7
:10c9f00007b50a4806f0bafe094b0a4a1a604ff01a
:10ca0000ff3300936846cdf803303f238df807309d
:10ca100007f018f903b05df804fb00bf49370301c4
:08ca2000a0ba0020393c03011b
:020000040000fa
:020000040102f7
:10ca2800f8b50c4e33680746db6b10200d46984767
:10ca3800044668b1c5600781014644f2051002f05a
:10ca48002dfc336825881b6c204698472846f8bd7e
:08ca58000225fbe7c0ba002033
:020000040000fa
:020000040102f7
:10ca6000f8b50c4e33680746db6b10200d4698472f
:10ca7000044668b1c5600781014644f2011002f026
:10ca800011fc336825881b6c204698472846f8bd62
:08ca90000225fbe7c0ba0020fb
:020000040000fa
:020000040102f7
:10ca9800f8b50c4e33680746db6b10200d469847f7
:10caa800044668b1c5600781014644f2010002f0fe
:10cab800f5fb336825881b6c204698472846f8bd47
:08cac8000225fbe7c0ba0020c3
:020000040000fa
:020000040102f7
:10cad00013b5c388032b044614d1837a0c2b03d0df
:10cae00003f0fd03082b0dd123680df107005968f1
:10caf00004f0b2fb30b923689df807209b681a80c8
:08cb000002b010bd8020fbe72c
:020000040000fa
:020000040102f7
:10cb0800f8b50c4e33680746db6b10200d46984786
:10cb1800044668b1c5600781014644f2060002f088
:10cb2800bdfb336825881b6c204698472846f8bd0e
:08cb38000225fbe7c0ba002052
:020000040000fa
:020000040102f7
:10cb4000f8b50c4e33680746db6b10200d4698474e
:10cb5000044668b1c5600781014644f2080002f04e
:10cb6000a1fb336825881b6c204698472846f8bdf2
:08cb70000225fbe7c0ba00201a
:020000040000fa
:020000040102f7
:10cb78001fb50446ebf740fb0df10f038df80f00ce
:10cb8800cde900430122202342f2060140f20110c0
:10cb980002f09afb9df80f20024b33f8120004b004
:08cba80010bd00bf2e1f0201a9
:020000040000fa
:020000040102f7
:10cbb0001fb50446e9f74cfa0df10f038df80f008d
:10cbc000cde9004301220e2342f2130140f201108d
:10cbd00002f07efb9df80f20024b33f8120004b0e8
:08cbe00010bd00bf2e1f020171
:020000040000fa
:020000040102f7
:10cbe8001fb50446e4f7e0fa0df10f038df80f00c6
:10cbf800cde900430122082342f2320140f201103c
:10cc080002f062fb9df80f20024b33f8120004b0cb
:08cc180010bd00bf2e1f020138
:020000040000fa
:020000040102f7
:10cc20001fb50446e5f76afc0df10f038df80f0000
:10cc3000cde9004301221a2342f20d0140f2011016
:10cc400002f046fb9df80f20024b33f8120004b0af
:08cc500010bd00bf2e1f020100
:020000040000fa
:020000040102f7
:10cc58001fb5f8f765fb0df10f03019300238df85d
:10cc68000f000093012242f20e0140f2011002f07f
:10cc78002bfb9df80f20034b33f8120005b05df82d
:08cc880004fb00bf2e1f020196
:020000040000fa
:020000040102f7
:10cc90001fb50446f6f736f80df10f038df80f00b7
:10cca000cde900430122052342f2140140f20110b4
:10ccb00002f00efb9df80f20024b33f8120004b077
:08ccc00010bd00bf2e1f020190
:020000040000fa
:020000040102f7
:10ccc8001fb50446f7f714fb0df10f038df80f009d
:10ccd800cde900430122062342f2050140f201108a
:10cce80002f0f2fa9df80f20024b33f8120004b05c
:08ccf80010bd00bf2e1f020158
:020000040000fa
:020000040102f7
:10cd00001fb5fef775f80df10f03019300238df8a1
:10cd10000f000093012242f2100140f2011002f0d4
:10cd2000d7fa9df80f20034b33f8120005b05df8d9
:08cd300004fb00bf2e1f0201ed
:020000040000fa
:020000040102f7
:10cd38001fb5fef7bbfc0df10f03019300238df81f
:10cd48000f000093012242f2290140f2011002f083
:10cd5800bbfa9df80f20034b33f8120005b05df8bd
:08cd680004fb00bf2e1f0201b5
:020000040000fa
:020000040102f7
:10cd70001fb5f4f769fd0df10f03019300238df842
:10cd80000f000093012242f2250140f2011002f04f
:10cd90009ffa9df80f20034b33f8120005b05df8a1
:08cda00004fb00bf2e1f02017d
:020000040000fa
:020000040102f7
:10cda8001fb50446f3f794f80df10f038df80f0043
:10cdb800cde9004301220a2342f20b0140f201109f
:10cdc80002f082fa9df80f20024b33f8120004b0eb
:08cdd80010bd00bf2e1f020177
:020000040000fa
:020000040102f7
:10cde00013b50c46087000212046fef7c3fc084a24
:10cdf00094f9003053700193064b009302220123f3
:10ce00002e21ec20ecf770f8002002b010bd00bf1e
:08ce100028b80020c00d030149
:020000040000fa
:020000040102f7
:10ce180013b50c46087000212046fef7a7fc084a07
:10ce280094f9003013700193064b009302220123fa
:10ce38002f21ec20ecf754f8002002b010bd00bf01
:08ce480028b80020900e030140
:020000040000fa
:020000040102f7
:10ce50000b4a30b500230a2404fb03f18d5a8542a6
:10ce600008d14ff470635352064a1378013b137094
:10ce7000002030bd0133082beed10220f9e700bfbe
:08ce8000d4b400202ebc0020f8
:020000040000fa
:020000040102f7
:10ce880070b50c4e0024304605f028f8014638b13c
:10ce9800037a5b07a0f1040504d4064805f011f8ed
:10cea800204670bd284605f033f8284606f0d0fe27
:08ceb8000124e8e7c4b90020e1
:020000040000fa
:020000040102f7
:10cec00000b593b0036841f2050203f2d311adf847
:10ced00000201a88adf804200a68cdf80620b3f8bf
:10cee000dc314a68cdf80a206846adf80e3000f013
:08cef000cbfe13b05df804fb5a
:020000040000fa
:020000040102f7
:10cef80000b503681a6e93b042f400121a6641f244
:10cf08000702adf800201a88adf804206846d3f867
:10cf18009e21d3f8a231cdf80620cdf80a3000f0d2
:08cf2800affe13b05df804fb3d
:020000040000fa
:020000040102f7
:10cf300008b50b4b186005f0a7fe002001f0a8fd16
:10cf4000012001f0a5fde1f747fcecf73ff803f005
:10cf5000bdfd044b00221a60bde8084004f0bebecf
:08cf600054bb002074bb00204b
:020000040000fa
:020000040102f7
:10cf68000c4b1b68d3f8982282b9d3f89c0268b995
:10cf780093f894226ab993f8950248b9d3f8a42291
:10cf88003ab993f8280380f00100704700207047f1
:08cf98001046704758bb002051
:020000040000fa
:020000040102f7
:10cfa000e90c0101b5ed0001bf9701015537020100
:10cfb00065f5020197f8020163d402016df80201e0
:10cfc00025dd020143f80201f980020115db0101b0
:08cfd000a1d7010101af02012c
:020000040000fa
:020000040102f7
:10cfd80010b5047a4ff4827006f038fe20b10d22a5
:10cfe8000270042102f04eff064b04341b6853f80c
:10cff80024302bb113211888bde81040fff7c0bbbf
:08d0080010bd00bf6cbb00204d
:020000040000fa
:020000040102f7
:10d010000c4bd3f8002c60f31742c3f8002cd3f864
:10d02000002c61f30f02c3f8002cd3f8042c42f457
:10d030008012c3f8042c00bfd3f8042cd202fbd416
:08d04000704700bf002401410c
:020000040000fa
:020000040102f7
:10d048000c4b03f5d3521320d16860f31f61d160f4
:10d05800d168192003f5835360f31741d1609a68aa
:10d06800072161f31f729a609a68032161f31b62ba
:08d078009a6070470024014199
:020000040000fa
:020000040102f7
:10d0800008b5036893f862218ab193f87320042ae3
:10d0900008d8012a04d1d3f844315b78252b01d973
:10d0a000f4f736fe034a138843f080031380002010
:08d0b00008bd00bf02bc002016
:020000040000fa
:020000040102f7
:10d0b80003780133dbb20370abb943780133dbb2d9
:10d0c800437083b983780133dbb283705bb9c3786b
:10d0d8000133dbb2c37033b902797f2a01d10371fe
:08d0e80070470132027170472c
:020000040000fa
:020000040102f7
:10d0f00010b5c37d0146b3b1d0f8a0309bb190f814
:10d100002a201c8922441a8105f0fafed1f8a030a9
:10d1100018895a89904206d1c1f8a4300846bde862
:08d12000104006f065ba10bdd5
:020000040000fa
:020000040102f7
:10d1280030b50c4b03f5825285b2946865f31f4401
:10d13800946003f5825203f58253d46865f31f4463
:10d14800d46001391a69084480b260f31f421a6139
:08d1580030bd00bf00240141bd
:020000040000fa
:020000040102f7
:10d160000c4bd3f8282142f00802c3f82821d3f849
:10d17000282142f00402c3f82821d3f8282142f0e4
:10d180000202c3f82821d3f8282142f00102c3f893
:08d19000282170470024014131
:020000040000fa
:020000040102f7
:10d198000c4b03f5d3521220d16860f31f61d160a4
:10d1a800d168192003f5835360f31741d1609a6859
:10d1b800072161f31f729a609a68032161f31b6269
:08d1c8009a6070470024014148
:020000040000fa
:020000040102f7
:10d1d00010b5c4880a4b220a53f8223023b100f15b
:10d1e0000c028168e0b29847064b1a68116809b1d1
:10d1f000002111601b685a680ab100225a6010bdf4
:08d20000a8b600205cbb002071
:020000040000fa
:020000040102f7
:10d208000c4b03f5d3521220d16860f31f61d16033
:10d21800d168192003f5835360f31741d1609a68e8
:10d22800072161f31f729a609a68032161f31b62f8
:08d238009a60704700240141d7
:020000040000fa
:020000040102f7
:10d2400070b50b480b4d4ff6ff76016821b9436866
:10d2500013b906f047fd70bd83684268334000f1a2
:10d260000c0455f823302046984704eb8000ece787
:08d2700028410001ec2c030130
:020000040000fa
:020000040102f7
:10d278004ff4001c1ceb410f98bf1ceb430f11d857
:10d2880051ea030c50ea4c0c5cea020c0ad004d2b6
:10d298009042994180414042704782428b4180418f
:08d2a80040427047002070476e
:020000040000fa
:020000040102f7
:10d2b0004ff4001c1ceb410f98bf1ceb430f11d81f
:10d2c00051ea030c50ea4c0c5cea020c0ad004d27e
:10d2d00082428b4180414042704790429941804157
:08d2e000404270470020704736
:020000040000fa
:020000040102f7
:10d2e80070b50446008906f09dfc80b120896589e7
:10d2f800a68901f099fb60b1f22280f84420858765
:10d30800c68732462946bde87040f6f709bf0420b3
:06d3180070bd0320fce7dc
:020000040000fa
:020000040102f7
:10d31e0038b50e2104460568f5f715f888b195f86d
:10d32e00ae317bb995f864302bb920460921bde8a2
:10d33e003840f1f736bf20460e21bde8384003f0e5
:06d34e00f5bd012038bd11
:020000040000fa
:020000040102f7
:10d354000e2912d005d804290bd005290bd00020a2
:10d36400704717290bd019290bd01029f7d106f0d3
:10d374002ebcfef7bdb9f9f7e1bafff7cebf04f052
:06d3840001bafcf70dbf29
:020000040000fa
:020000040102f7
:10d38a0010b5046894f8c8319b070cd1f7f7fdff74
:10d39a0008b9002010bd40f22113a4f8ac310123d2
:10d3aa0084f8a831f6e70a2104f007fa0028f0d039
:06d3ba0040f22243f1e7fe
:020000040000fa
:020000040102f7
:10d3c00038b50468054603f0dafd04f52970ebf77b
:10d3d000bbfb94f8c83123f0030384f8c831002361
:10d3e00084f8ac3184f8ae3184f8b0312846bde819
:06d3f000384002f05fb8b6
:020000040000fa
:020000040102f7
:10d3f600f8b50f46016891f8f44215461e465cb929
:10d406001146fff72ff960b107712a463146806849
:10d4160004f0d1fc2046f8bd022381f8f432002442
:06d42600f8e70724f6e719
:020000040000fa
:020000040102f7
:10d42c001fb5c36a8df8071004463bb106f0bcf972
:10d43c0030b1e36a206a0df10701984704b010bdc2
:10d44c009df807300393082202ab11460220029488
:06d45c00f8f7bcfef2e748
:020000040000fa
:020000040102f7
:10d4620013b590f8573004469bb1826d0191137841
:10d4720043f002031370806d022201a900f59e7031
:10d4820005f011fba06d082201a900f59f7005f0bf
:06d492000afb02b010bd10
:020000040000fa
:020000040102f7
:10d4980010b50446fff760fef3f7a4f9f2f70cfbaa
:10d4a80003f0c4fbeef73af902f0f2f8f6f760fc85
:10d4b800ebf70af8fef754fffff76afe2046bde8cf
:06d4c8001040f3f781bee5
:020000040000fa
:020000040102f7
:10d4ce00c0b208b50b461146032806d8dfe800f0b7
:10d4de0002070b0f1846fcf7a6fa002008bd1846e7
:10d4ee00fdf751f8f9e71846fbf723faf5e718466a
:06d4fe00e3f7aff8f1e7cf
:020000040000fa
:020000040102f7
:10d504000246a0f13003d8b209280ad9a2f1410396
:10d51400dbb2052b06d9a2f16103dbb2052b05d9d9
:10d52400ff207047a2f13700c0b27047a2f1570044
:04d53400c0b27047ca
:020000040000fa
:020000040102f7
:10d53800a0f10903dbb2172b09d8094a22fa03f331
:10d5480013f0010f05d001207047012070473a28d9
:10d55800fbd02c38c0b201288cbf002001207047b6
:04d56800130080002c
:020000040000fa
:020000040102f7
:10d56c0010b40b4b1c680023a11c02e00133082be8
:10d57c000ad011f82320012af8d134f82320824252
:10d58c00f4d104eb830000e000205df8044b7047fd
:04d59c0010ba0020a1
:020000040000fa
:020000040102f7
:10d5a000f0b40b4b1f68391f002302e00133082b36
:10d5b0000bd0deb251f8042f002af7d01489844230
:10d5c000f4d1967257f8230000e00020f0bc7047b9
:04d5d00020ba00205d
:020000040000fa
:020000040102f7
:10d5d40010b50c4600f082fe60b18179214381715f
:10d5e40011f0010f07d1027842f01002027011f01d
:10d5f400020f03d110bdf9f703fafbe70121f8f795
:04d604003df8f7e70f
:020000040000fa
:020000040102f7
:10d6080038b570b90a4805f029f968b1084c54f8da
:10d61800083b1b6998470546204604f035fd284617
:10d6280038bd4ff0ff35fae74ff0ff35f7e700bf99
:04d6380038b90020dd
:020000040000fa
:020000040102f7
:10d63c0038b570b90a4805f00ff968b1084c54f8c0
:10d64c00083b5b6998470546204604f01bfd2846bd
:10d65c0038bd4ff0ff35fae74ff0ff35f7e700bf65
:04d66c0038b90020a9
:020000040000fa
:020000040102f7
:10d6700038b570b90a4805f0f5f868b1084c54f8a7
:10d68000083b9b6898470546204604f001fd284664
:10d6900038bd4ff0ff35fae74ff0ff35f7e700bf31
:04d6a00038b9002075
:020000040000fa
:020000040102f7
:10d6a40038b570b90a4805f0dbf868b1084c54f88d
:10d6b400083b5b6898470546204604f0e7fc28468b
:10d6c40038bd4ff0ff35fae74ff0ff35f7e700bffd
:04d6d40038b9002041
:020000040000fa
:020000040102f7
:10d6d80010b40b4b03f1a804002002e01c33a34252
:10d6e8000bd0da79002af9d09a78022af6d1da78ba
:10d6f800022a04bf0130c0b2f0e75df8044b70475e
:04d7080074b10020d8
:020000040000fa
:020000040102f7
:10d70c0010b540b90a4b4ff080521a60bff34f8fdf
:10d71c00bff36f8f10bd044605f052fc002120466c
:10d72c00eef736ffe4f774fd0028f3d1eae700bf0b
:04d73c0004ed00e018
:020000040000fa
:020000040102f7
:10d7400030b40d68b5f1ff3f02d000f1080202e0ed
:10d75000026904e01a4653681c68ac42fad953685f
:10d760004b6099608a60516008610368013303600f
:04d7700030bc704712
:020000040000fa
:020000040102f7
:10d7740070b50b4e33680546db6b0c2098470446a6
:10d7840060b1856001464ff4885001f089fd33682b
:10d7940025881b6c20469847284670bd0225fbe768
:04d7a400c0ba0020e7
:020000040000fa
:020000040102f7
:10d7a80070b50b4e33680546db6b0c209847044672
:10d7b80060b18560014641f2011001f06ffd3368e8
:10d7c80025881b6c20469847284670bd0225fbe734
:04d7d800c0ba0020b3
:020000040000fa
:020000040102f7
:10d7dc0070b50b4e33680546db6b0c20984704463e
:10d7ec0060b18560014641f2021001f055fd3368cd
:10d7fc0025881b6c20469847284670bd0225fbe700
:04d80c00c0ba00207e
:020000040000fa
:020000040102f7
:10d8100038b580b10a4d2a68002402f5087300bfac
:10d8200053f82420824207d106f016fa88342b6878
:10d83000002243f8242038bd0134082cf0d1fae747
:04d8400094ba002076
:020000040000fa
:020000040102f7
:10d8440070b50b4e33680546db6b0c2098470446d5
:10d8540060b1856001464ff4b85001f021fd336892
:10d8640025881b6c20469847284670bd0225fbe797
:04d87400c0ba002016
:020000040000fa
:020000040102f7
:10d8780070b50b4e33680546db6b0c2098470446a1
:10d8880060b1058101464ff4c05001f007fd3368cf
:10d8980025881b6c20469847284670bd0225fbe763
:04d8a800c0ba0020e2
:020000040000fa
:020000040102f7
:10d8ac0070b5c3880a4e022b054604d133681b7829
:10d8bc000bb1f0f7dbfc0024336803eb8403284640
:10d8cc00d3f8fc3101349847092cf5d170bd00bf59
:04d8dc0094ba0020da
:020000040000fa
:020000040102f7
:10d8e00070b50b4e33680546db6b0c209847044639
:10d8f00060b1856001464ff4805001f0d3fc33687d
:10d9000025881b6c20469847284670bd0225fbe7fa
:04d91000c0ba002079
:020000040000fa
:020000040102f7
:10d9140070b50b4e33680546db6b0c209847044604
:10d9240060b18560014641f2020001f0b9fc336840
:10d9340025881b6c20469847284670bd0225fbe7c6
:04d94400c0ba002045
:020000040000fa
:020000040102f7
:10d9480070b50b4e33680546db6b0c2098470446d0
:10d9580060b1856001464ff4905001f09ffc336838
:10d9680025881b6c20469847284670bd0225fbe792
:04d97800c0ba002011
:020000040000fa
:020000040102f7
:10d97c0070b50b4e33680546db6b0c20984704469c
:10d98c0060b10581014643f2040001f085fc336867
:10d99c0025881b6c20469847284670bd0225fbe75e
:04d9ac00c0ba0020dd
:020000040000fa
:020000040102f7
:10d9b00070b50b4e33680546db6b0c209847044668
:10d9c00060b10581014643f2060001f06bfc33684b
:10d9d00025881b6c20469847284670bd0225fbe72a
:04d9e000c0ba0020a9
:020000040000fa
:020000040102f7
:10d9e40000000000c5530101cd190301b540020137
:10d9f4008958020179f00101954a0201d516030103
:10da0400b7160301852b02017db90101f15802010a
:04da1400f316030101
:020000040000fa
:020000040102f7
:10da18001fb504460146e27911f8010bf4f78efbb5
:10da28000df10f038df80f00cde900430122082303
:10da380042f24e0140f2011001f046fc9df80f0041
:04da480004b010bd59
:020000040000fa
:020000040102f7
:10da4c0098b10a4a50f8043c126813420dd050f8b1
:10da5c00081c51b9064923ea02030a6840f8043c41
:10da6c00134408380b60fbf7d5be7047c4ba0020ce
:04da7c00c8ba002004
:020000040000fa
:020000040102f7
:10da800038b5044690b10379c3f3801503f0f2ff73
:10da9000074b1b68002203ebc503226059680c602a
:10daa0005c602271bde8384002f0babe38bd00bfec
:04dab000d8ba0020c0
:020000040000fa
:020000040102f7
:10dab40008b568b1084b1b68984740b1074b012271
:10dac4001a70074b1b78002b0cbf1046022008bdb0
:10dad400024b1870fbe700bfe4ba002026bc00200c
:04dae40025bc00203d
:020000040000fa
:020000040102f7
:10dae80013b50a4b01900446009302220123282112
:10daf800ec20ebf7f5f9064b1b680021a3f8004171
:10db08000320f4f7d9fa002002b010bd282d030134
:04db180000bb00202e
:020000040000fa
:020000040102f7
:10db1c0010b50b4c2368d3f85431984770b923686f
:10db2c00d3f85831984748b92368d3f85c319847f3
:10db3c0020b92368d3f86031984700b10c2010bd90
:04db4c0000bb0020fa
:020000040000fa
:020000040102f7
:10db500000b50a4b1b685b7d93b063b18423adf8bd
:10db60000030074b19682822133101a804f026f968
:10db7000684600f089f813b05df804fbfcba002099
:04db800000bb0020c6
:020000040000fa
:020000040102f7
:10db84000b4b1a6832b192f8c010012902d1107cf3
:10db940001280bd0586848b190f8c030012b04d14b
:10dba400007c431e5842584170470020704700bf14
:04dbb400ccb90020c8
:020000040000fa
:020000040102f7
:10dbb80013b50a4b0c780093022201234721ec206d
:10dbc800ebf78ef9064b0093022301941a4648217d
:10dbd800ec20ebf785f9002002b010bd60230301ab
:04dbe8006a230301a8
:020000040000fa
:020000040102f7
:10dbec00434d443a536574506174684c6f7373526f
:10dbfc0065706f7274696e67456e61626c652c48f6
:10dc0c00646c3d3078253034782c456e61626c65df
:04dc1c003d2564003e
:020000040000fa
:020000040102f7
:10dc2000032911d004d859b101290bd00020704725
:10dc30000a290bd018290bd00829f7d104f016bdfa
:10dc4000eef7eebbf7f7b3bcfaf7d2b9fef760ba5e
:04dc5000e8f7f2bf40
:020000040000fa
:020000040102f7
:10dc54000368084650f8012fc3f8d3214268c3f87b
:10dc6400d721b1f80920a3f8dc21084650f80b2f7e
:10dc7400c3f8de214268c3f8e221d1f81320c3f8c7
:04dc8400ee217047d6
:020000040000fa
:020000040102f7
:10dc880013b503880193094b00930446012302222c
:10dc98005f21ec20ebf724f9054b1b6823b12046e4
:10dca80002b0bde81040184702b010bdaa35030104
:04dcb80034bb002059
:020000040000fa
:020000040102f7
:10dcbc0010b5046e601a10f4800f0fd14c40084957
:10dccc000c420bd003eb9203084040f271225043fc
:10dcdc00b3eb500f2cbf0120002010bd0120fce73e
:04dcec00ffff7f00b7
:020000040000fa
:020000040102f7
:10dcf00008b5c38800f10801d8b213f47f4309d0f6
:10dd0000b3f5807f09d0064b1968fff72df981f82c
:10dd1000340308bdeef718fef5e7f5f701fff2e76b
:04dd200058bb0020cc
:020000040000fa
:020000040102f7
:10dd240013b590f85730044693b1826d019113787e
:10dd340043f008031370806d01a900f5ac7005f081
:10dd44000ffca06d062201a900f2591004f0aafeee
:04dd540002b010bd4c
:020000040000fa
:020000040102f7
:10dd580010b5f3f751ff044660b9074a137859071d
:10dd680008d443f004030548137005f00ffe044877
:10dd780005f01efe204610bd10b8002035c7000172
:04dd8800ef4702015e
:020000040000fa
:020000040102f7
:10dd8c0012280b4b11d003d8112807d00a3106e00a
:10dd9c0021380228fad801f5d37100e04c311a88e9
:10ddac0061f30e021a80002070473731f7e700bf8d
:04ddbc006c3801417d
:020000040000fa
:020000040102f7
:10ddc0001fb50b7b8df80c30022b08bf0168029049
:10ddd00002bf0b6e43f480030b660120009202ab7e
:10dde00008220349faf737fa05b05df804fb00bfd3
:04ddf0000006010127
:020000040000fa
:020000040102f7
:10ddf40010b5044605f018fa0369fe2b81bf002311
:10de04006376036882689abf012363769b18044a89
:10de140098bf436911689bb263f30f01116010bd91
:04de24004c34014138
:020000040000fa
:020000040102f7
:10de280038b504680546fcf7bdff236e23f0800370
:10de380043f48043236601f0d1fe236e5a0608d4ca
:10de4800227d0ab99b0004d52846bde83840dcf796
:04de580089bb38bd8d
:020000040000fa
:020000040102f7
:10de5c00074b084910b500241c60074b1c60074b8e
:10de6c001c60074b02201c6005f0a6fd204610bd6f
:10de7c009cbb002071b2020198bb0020a0bb00200b
:04de8c0094bb002023
:020000040000fa
:020000040102f7
:10de900010b5f3f7b5fe044660b9074a1378990741
:10dea00008d443f002030548137005f079fd0448d7
:10deb00005f064fd204610bd10b80020e1cb000144
:04dec000ef47020125
:020000040000fa
:020000040102f7
:10dec40008b5c37b032b11d8dfe803f00207020770
:10ded4000020bde80840edf79dbf054b186818b950
:10dee400ecf7f4fe0120f4e7d720f9e708bd00bf02
:04def40074bb0020db
:020000040000fa
:020000040102f7
:10def80038b50546f3f7aef9044678b12846f0f789
:10df0800cbff07498a780c2303fb02121379013be4
:10df1800dbb2137113b901220a701c46204638bdc2
:04df280010b4002011
:020000040000fa
:020000040102f7
:10df2c0010b5c4b2012c0b460ad01cb1022c0bd07c
:10df3c00002403e01146184602f09afe204610bd5c
:10df4c00034804f0bffdf3e7eff736fe0446f5e7b0
:04df5c00f7b90020f1
:020000040000fa
:020000040102f7
:10df6000c0f3c75191b142004fea40704fead2016d
:10df70004fea310101f16051b2f17f4f38bf704774
:10df800001f1605118bf41f40021704710f00041c9
:04df900000207047b6
:020000040000fa
:020000040102f7
:10df9400f7b506460c461f4601a802f10c031546c8
:10dfa4000193043405f046fcbdf8201001a805f0e7
:10dfb40041fc2b46a2b239463046f8f76bfa03b05f
:02dfc400f0bdae
:020000040000fa
:020000040102f7
:10dfc60038b50d46144601f0e0fa80b180f852509b
:10dfd6002378c3f3000380f854302378c3f3400357
:10dfe60080f85530012380f85630002038bd0320d4
:02dff600fce746
:020000040000fa
:020000040102f7
:10dff80038b590f846308b42044610d1002580f899
:10e0080046504ff4827005f021fe38b11322027099
:10e0180022888280042101f035ff284638bd01207e
:02e02800fce713
:020000040000fa
:020000040102f7
:10e02a00022806d0032807d0012810d10a32d000ce
:10e03a0070470b329000704701294feac2020cbfa9
:10e04a00022008202b32424302f5bc7070470020a0
:02e05a0070470d
:020000040000fa
:020000040102f7
:10e05c0000b593b00c220368adf8002000228df8b7
:10e06c0004201a88adf80620684693f86222d3f88b
:10e07c005e3202938df80c20fff700fe13b05df8b2
:02e08c0004fb93
:020000040000fa
:020000040102f7
:10e08e00434d443a52656d7465436f6e6e506172c6
:10e09e00615265714e65675265706c792c48646c7f
:10e0ae003d3078253034782c726561736f6e3d2566
:02e0be006400fc
:020000040000fa
:020000040102f7
:10e0c000434d443a5772697465417574685061797b
:10e0d0006c6f616454696d656f75742c48646c3d38
:10e0e0003078253034782c74696d656f75743d25f2
:02e0f0006400ca
:020000040000fa
:020000040102f7
:10e0f20070b5154604460e4600f02cf829782046e5
:10e10200f7f77df92a4631462046f4f7e0f8012870
:10e1120005d129782046bde87040fcf7acbe01204d
:02e1220070bdce
:020000040000fa
:020000040102f7
:10e1240090f86822042a04d80123934013f0170faf
:10e1340002d1002380f8683290f86922042a04d8b6
:10e144000123934013f0170f02d1002380f86932a2
:02e15400704712
:020000040000fa
:020000040102f7
:10e1560038b5046894f8c831db0711d5b4f8a012b5
:10e1660042f21075694304f52f70e7f74efeb4f8d6
:10e17600a21204f535706943bde83840e7f745be9d
:02e1860038bda2
:020000040000fa
:020000040102f7
:10e1880038b5800085b203f083f9044600bf00bfac
:10e1980000bf0821a94200d338bd03f079f98442b1
:10e1a80088bf01f2e241091b10fa81f189b20446e5
:02e1b800f0e78e
:020000040000fa
:020000040102f7
:10e1ba004ff4001c1ceb410f98bf1ceb430f0cd80b
:10e1ca0050ea410c08bf52ea430c08d0904208bffb
:10e1da0099420cbf0120002070470020704701209f
:02e1ea0070477c
:020000040000fa
:020000040102f7
:10e1ec0051554555452c52656d6f766520656d70a2
:10e1fc007479206c6973740051554555452c5265e2
:10e20c006d6f766520656c6d20696e76616c6964e6
:01e21c000001
:020000040000fa
:020000040102f7
:10e21d00434d443a52656164417574685061796c3f
:10e22d006f616454696d656f75742c48646c3d3015
:10e23d0078253034782c74696d656f75743d25645f
:01e24d0000d0
:020000040000fa
:020000040102f7
:10e24e00434d443a536574446174614c656e677412
:10e25e00682c48646c3d307825782c74784f637444
:10e26e006574733d25642c747854696d653d256421
:01e27e00009f
:020000040000fa
:020000040102f7
:10e2800000b1704700b5c3b001210748f3f7d6fecf
:10e2900002238df80430002201a9044804f0bafae0
:10e2a00043b05df804fb00bf59b90020080000200e
:020000040000fa
:020000040102f7
:10e2b00030b40a4b1c68231f1c3401e0a3420ad06f
:10e2c00053f8042f002af9d0957f8542f6d11388a0
:10e2d0000b80002000e0012030bc704718ba0020fd
:020000040000fa
:020000040102f7
:10e2e0000a4b002203e001329433082a0bd093f842
:10e2f00092100129f7d159888142f4d1034894231f
:10e3000003fb020070470020704700bf84a000207c
:020000040000fa
:020000040102f7
:10e3100038b5eff3108572b6084c20634ff4804394
:10e3200063600f2262601140a160a36002f0c6f832
:10e330004ff40043a36085f3108838bd0006004405
:020000040000fa
:020000040102f7
:10e340000a4b002203e001321c33062a0bd0d97994
:10e350000029f8d019888142f5d1c2ebc2020348e6
:10e3600000eb820070470020704700bf74b10020ae
:020000040000fa
:020000040102f7
:10e3700008b5094c094e4ff0805506e03560bff3f3
:10e380004f8fbff36f8f05f0a5fbfbf7a7f823684e
:10e39000012bf3d8f7e700bfacb3002004ed00e099
:020000040000fa
:020000040102f7
:10e3a0000a4b1b6898420ad0084a0123d16881426f
:10e3b00006d001330c32082bf8d10020704700231f
:10e3c00003eb4303014800eb8300704774b4002063
:020000040000fa
:020000040102f7
:10e3d00010b50a4b1a6802f5087102f5107200bff9
:10e3e00051f8043b23b1dc7814b11c88844202d07c
:10e3f0009142f5d10023184610bd00bf94ba002009
:020000040000fa
:020000040102f7
:10e4000008b50849082004f031fefdf7ddfc40b9ed
:10e41000054b064a1b68c3f88821bde8084004f094
:10e42000c1ba08bd0c3b030194ba0020edb1020152
:020000040000fa
:020000040102f7
:10e43000202870b504460e460ed8084d28682022c4
:10e440000021013004f05cfc28682246314601308e
:10e4500003f0b4fc002070bd0320fce794ba002058
:020000040000fa
:020000040102f7
:10e4600073b50d460a2104461646fff7c5fd68b987
:10e4700004f15400eaf768fb01366b1e00969bb26c
:10e48000b4f8482021880b20fcf780fb02b070bd57
:020000040000fa
:020000040102f7
:10e4900073b50d460c2104461646fff7adfd68b96d
:10e4a00004f15400eaf750fb01366b1e00969bb254
:10e4b000b4f8482021880d20fcf768fb02b070bd3d
:020000040000fa
:020000040102f7
:10e4c00010b50a4b1b681b680bb918460de09c89f8
:10e4d0008442f8d8dc898442f5d313609a895b685a
:10e4e000801a03eb00100860012010bda8ba0020bc
:020000040000fa
:020000040102f7
:10e4f0001b3a030147f70201456c02018129020121
:10e5000079f20201d97c020149c50201a91e02016a
:10e51000915a0201b3ba020155370301000000000d
:020000040000fa
:020000040102f7
:10e5200070b504464ff482700e4605f093fb70b14f
:10e530000b2202702288828018250022c280057278
:10e54000c0f80a204672042101f0a0fce57470bdf9
:020000040000fa
:020000040102f7
:10e5500010b50a4b1a68002302f16c01cc7834b173
:10e560000c88844203d11b3302eb830010bd0133be
:10e57000082b01f10401f1d10020f7e7acba00202b
:020000040000fa
:020000040102f7
:10e5800038b50a4c23680c2101fb00310546486967
:10e5900008b105f061fb0c2005fb0003206818445e
:10e5a000002303604360836038bd00bfacba002025
:020000040000fa
:020000040102f7
:10e5b00038b5094c236825463bb12b68074ac3e9a7
:10e5c0000022c3e90222012038bd102005f042fbe1
:10e5d00020600028f1d1f7e7b8ba0020513c0301d0
:020000040000fa
:020000040102f7
:10e5e00038b50379044603f0070503f043fa002326
:10e5f0002360064b03ebc5035a6814605c6002f0ad
:10e600000ff9bde8384003f033be00bfecb800207e
:020000040000fa
:020000040102f7
:10e6100038b50379044603f0070503f02bfa00230d
:10e620002360064b03ebc5035a6814605c6002f07c
:10e63000f7f8bde8384003f01bbe00bfecb800207f
:020000040000fa
:020000040102f7
:10e6400038b9084b1a68184620f8101b01681a8060
:10e650007047012801d1044bf4e70228f8d1034b9d
:10e66000f0e700bf303f0141343f0141383f0141f5
:020000040000fa
:020000040102f7
:10e6700007b5094b93f90320027093f902300b7030
:10e68000064b0093022201232921ec20eaf72cfcff
:10e69000002003b05df804fb28b80020803503019a
:020000040000fa
:020000040102f7
:10e6a000002330b51a461c46012500bf05fa03f1c8
:10e6b000014008d001320133202bf7d1944220468b
:10e6c00038bf104630bd944238bf14460a46f2e7c0
:020000040000fa
:020000040102f7
:10e6d000434d443a53657452616e64416464722cd4
:10e6e000616464723d307825303278253032782587
:10e6f0003032782530327825303278253032780043
:020000040000fa
:020000040102f7
:10e7000010b5044680b1c08802f0bcf970b123791d
:10e71000012262f305130022237122602281214627
:10e7200005f054fa104610bd0720fce70220fae776
:020000040000fa
:020000040102f7
:10e7300010b5044605f0b7f90c23b0fbf3f202fb69
:10e740001300637d054a053060f3040312686375a6
:10e75000127d62f34713637510bd00bffcba002041
:020000040000fa
:020000040102f7
:10e7600000b593b003688df8041041f20402adf8cf
:10e7700000201a88adf8062003f5db7302aa18689a
:10e78000596803c26846fff77ffa13b05df804fbcf
:020000040000fa
:020000040102f7
:10e7900000b593b0036841f20602adf800201a8874
:10e7a000adf804206846d3f84622d3f84a32cdf8b3
:10e7b0000620cdf80a30fff767fa13b05df804fbc6
:020000040000fa
:020000040102f7
:10e7c000064a074900231360064a1360064a13608d
:10e7d000064a0620136005f09bb800bf28bb002046
:10e7e000a1bf01012cbb002020bb002024bb0020c6
:020000040000fa
:020000040102f7
:10e7f00038b50a4b1b6804461d6804f08ffc58b9f5
:10e8000095f82c30a288012b638814bf00200c20bf
:10e810009a4288bf122038bd0c20fce740bb002084
:020000040000fa
:020000040102f7
:10e8200010b54ff4fa7005f015fa074a106048b1b8
:10e830000024064b4ff4fa7221461c7004f060fa73
:10e84000204610bd0720fce744bb00202fbc002061
:020000040000fa
:020000040102f7
:10e8500053434e3a46444361636865496e69742880
:10e8600031292c7374617475733d25640053434ed4
:10e870003a464443616368654672656528312900fc
:020000040000fa
:020000040102f7
:10e8800010b5084b1c78013ce4b21c7044b9064832
:10e89000eaf75af9054b1a7812b11c7001f06afabe
:10e8a000002010bd30bc0020f8b7002031bc002093
:020000040000fa
:020000040102f7
:10e8b000017a39b9437f1bb1816cb1fa81f1490901
:10e8c000e1f7d6b9012907d1836c3bb1437f002b17
:10e8d00014bf00211121f3e70021f1e71121efe737
:020000040000fa
:020000040102f7
:10e8e00013b5036b04467bb1084b009302230190e0
:10e8f0001a468721ec20eaf7f7fa236b206a2146b3
:10e9000002b0bde81040184702b010bdac2b0301a7
:020000040000fa
:020000040102f7
:10e9100013b5436b04467bb1084b0093022301906f
:10e920001a468821ec20eaf7dffa636b206a00219f
:10e9300002b0bde81040184702b010bdc02b030163
:020000040000fa
:020000040102f7
:10e94000c37a012b08bfc26b036e08bf9b1a074a2c
:10e950001168d1f8382308bfc3f3160312b9c1f800
:10e96000383302e09a1a5202f9d4704758bb00209b
:020000040000fa
:020000040102f7
:10e9700010b5fcf71bfa094b1b68d3f8804134b182
:10e98000d4e9001239b14a60d4e900231a6001f0d9
:10e9900029f9204610bdc3f88421f5e758bb0020b3
:020000040000fa
:020000040102f7
:10e9a0000b6a1b79042b08d1084b1a6892f827339d
:10e9b00040b9013382f8273303e013b90b7a002bf7
:10e9c000f2d07047002bfcd0013bf3e758bb00208e
:020000040000fa
:020000040102f7
:10e9d0000a4b1b68d3f89c2142b1d3f8a02122b185
:10e9e000d3f8a42142b104207047012203eb820333
:10e9f000c3f89c01002070470222f7e794ba002078
:020000040000fa
:020000040102f7
:10ea00000a4b1a68d2f8a83143b1d2f8ac3123b11d
:10ea1000d2f8b0313bb10420704701236a3342f889
:10ea20002300002070470223f8e700bf94ba0020bb
:020000040000fa
:020000040102f7
:10ea300010b50a4b1a6802f11001303251f8043b4c
:10ea400033b193f88540012c02d11c88844202d056
:10ea50009142f3d10023184610bd00bf6cbb0020cb
:020000040000fa
:020000040102f7
:10ea600008b5084a0421012003f0eafb0648fff735
:10ea7000afff0649042002f01ffcfdf7c3f9002098
:10ea800008bd00bfd9cf020181db000199870101d8
:020000040000fa
:020000040102f7
:10ea900048b9094b1a6842f004021a601a68d10595
:10eaa000fcd501207047054b1a8842f004021a80f9
:10eab0001a68d205fcd5f4e7203a0141283a014111
:020000040000fa
:020000040102f7
:10eac0000a4bd3f8002c60f31742c3f8002cd3f89c
:10ead000042c42f48022c3f8042c00bfd3f8042c89
:10eae0005203fbd4d3f8280c80b2704700240141b4
:020000040000fa
:020000040102f7
:10eaf0000a4b1a68012002f00f0200fa02f24ef2ed
:10eb00001c01114049b103f5e6731a8842f0100266
:10eb10001a801a8802431a80002070475c3801412d
:020000040000fa
:020000040102f7
:10eb200010b5028f1144018703460521002040f2f1
:10eb3000e1441a8fa24208d9a2f2e2421a87da6ba4
:10eb4000013222f07042da6301300139f1d110bd97
:020000040000fa
:020000040102f7
:10eb5000d0e92023b2ebd30f0ed3b2eb930f0dd33a
:10eb6000b2eb530f2cbf002002209b1a032b28bfaf
:10eb700001200630c0b270470420f6e70320f4e716
:020000040000fa
:020000040102f7
:10eb8000d0f87831084ad3f8ac30806f1340104089
:10eb9000834288bf00f50000c31a044883428cbf3b
:10eba00000200120704700bfffff7f00feff3f00f5
:020000040000fa
:020000040102f7
:10ebb00090f8c130012b0fd1084bd3f81c01c0f3e2
:10ebc000c02050b9d3f81c01c0f3002028b1d3f8fd
:10ebd0001c01c0f3c01070470020704700240141a1
:020000040000fa
:020000040102f7
:10ebe00008b50b785a1e022a08d8084a137843f051
:10ebf00001031370f2f704fc002008bd002bf9d1cb
:10ec0000024a137843f00203f3e700bf3fbc002041
:020000040000fa
:020000040102f7
:10ec10000a4b002210b501201a809a701146013269
:10ec2000d2b2082a1871d88019725972c3f80a1022
:10ec3000d98103f10c03f2d110bd00bf10b4002044
:020000040000fa
:020000040102f7
:10ec400008b530220021084804f05af80749072087
:10ec500004f0b8fe04f0a8fd002100b2e0f7a0f92e
:10ec6000bde8084004f02aba76b600202ddf020184
:020000040000fa
:020000040102f7
:10ec700010b5036893f862310c4643b1f3f748f8d6
:10ec80002278064b2ab91a8842f004021a80002022
:10ec900010bd1a8842f00802f8e700bf02bc00204d
:020000040000fa
:020000040102f7
:10eca00053b94ab9002908bf00281cbf4ff0ff31f3
:10ecb0004ff0ff3005f002b8adf1080c6de904ce5d
:10ecc000dcf79afdddf804e0dde9022304b07047cb
:020000040000fa
:020000040102f7
:10ecd00005070709090b0d0f111315171b1f232813
:10ece0002b335b626a737f0b0b0d0f10111315171b
:0fecf000191b1d1f2326282b2f33375b626a73d6
:020000040000fa
:020000040102f7
:10ed00004ff0884308225a6003f50c5329225a60b9
:10ed1000a3f5985301225a640222c3f83422002238
:0eed2000c3f88c22c3f8a822c3f8b8227047ab
:020000040000fa
:020000040102f7
:10ed2e0070b506460d461446fff733fb034620b179
:10ed3e001e605d609c60002070bd6ff00100fff7eb
:0eed4e0028fb03460028f3d16ff08300f4e7a2
:020000040000fa
:020000040102f7
:10ed5c0070b50589b5f5706f04460ed2867a042e0f
:10ed6c000bd82846fff72efb38b1d4e903233146e4
:0eed7c002846bde87040f5f70bba032070bdc5
:020000040000fa
:020000040102f7
:10ed8a00b0f5706f2de9f04104460d4616461f4650
:10ed9a000ad2fff718fb38b13b46324629462046cd
:0eedaa00bde8f041f7f7ddba0320bde8f081c7
:020000040000fa
:020000040102f7
:10edb80010b5c0b0fff738fb044668b90a230df157
:10edc80003010df102008df8003002f041fa04460b
:0eedd80010b96846f9f7c8ff204640b010bddc
:020000040000fa
:020000040102f7
:10ede60073b502f10c0306460c4601a815460193bd
:10edf600043404f01efd01a8052104f01afd2b467b
:0eee0600a2b200213046f7f744fb02b070bd07
:020000040000fa
:020000040102f7
:10ee140038b50446008904f007ff60b12089e5682d
:10ee2400fff704fe48b1f02280f844202946bde8eb
:0eee34003840f1f799ba042038bd0320fce7fe
:020000040000fa
:020000040102f7
:10ee420070b503f0ecfa0646eff789ff044666b1a7
:10ee5200002830460cbf0725002504f018ff14b126
:0eee62002046f0f7fcfc284670bd0725f7e7b8
:020000040000fa
:020000040102f7
:10ee700038b50546eff774ff78b1d5f8782100244e
:10ee80001460d5f8782141685160d5f878210a607e
:0eee9000426004f023fa204638bd0720fce75c
:020000040000fa
:020000040102f7
:10ee9e0008b50379052b03d0092b0cd0002008bd33
:10eeae008268114602f10c0331f8020b5289ebf71e
:0eeebe0038fe0120f3e78068f4f7b3fdf9e7b2
:020000040000fa
:020000040102f7
:10eecc0038b5122104460568f3f73efa20b92046fe
:10eedc00fff73bf9012038bd95f8ae31002bf6d188
:0eeeec001321204602f068fc0028f0d1f3e765
:020000040000fa
:020000040102f7
:10eefa0010b5036893f8ac31052b04460bd1e8f73b
:10ef0a0098ff10b12046fdf7f2ff00212046f6f7e0
:0eef1a00f2fe012010bd152102f00af8f9e701
:020000040000fa
:020000040102f7
:10ef2800f0b500240746204665b2ab4200dcf0bdd0
:10ef38000e5d12f804c0351aa5eb0c05edb2ae4211
:0eef480002d034bf012000203d550134ece71b
:020000040000fa
:020000040102f7
:10ef560013b5044604f02bfc48b12369c4f8ac3061
:10ef6600a36a13b12146206a984702b010bd01abcf
:0eef76000422072102200194f7f72bf9f5e79a
:020000040000fa
:020000040102f7
:10ef840013b504460df1020101a800f0a5ffbdf878
:10ef94000220019b110423f0704343bf02f2e242ba
:0eefa40003f1ff3322872287e36302b010bd22
:020000040000fa
:020000040102f7
:10efb20008b50a780368511e022909d893f8e4209b
:10efc20042f0010283f8e420f2f719fa002008bdaa
:0eefd200002af9d193f8e42042f00202f2e79f
:020000040000fa
:020000040102f7
:10efe000484f53543a436d64207263762c477270d5
:10eff0003d3078253032782c5375623d307825309d
:0df0000032782c4f703d307825303278008a
:020000040000fa
:020000040102f7
:10f00d00434d443a456e68616e6365645265616453
:10f01d005478506f7765724c6576656c0045525229
:0df02d003a5374617475733d307825780096
:020000040000fa
:020000040102f7
:10f03a004c4c43503a496e7374616e7455706461f6
:10f04a007465642c48646c3d3078253034782c6fb4
:0df05a0070436f64653d30782530327800da
:020000040000fa
:020000040102f7
:10f06700534d503a47656e206b65792c64686b6524
:10f0770079206661696c00534d503a47656e206b85
:0df0870065792c65646976206661696c000e
:020000040000fa
:020000040102f7
:10f0940038b5094c04f5946504e0f9f731f9943472
:10f0a400ac4208d0204694f89230012bf7d1637a11
:0cf0b4000c2bf4d9f1e738bd84a000203b
:020000040000fa
:020000040102f7
:10f0c0000003000065f902019dbc0201a5d6020102
:10f0d00071d60201d9bc020109d602013dd6020156
:0cf0e00087fc0101ad2f03011d3c030162
:020000040000fa
:020000040102f7
:10f0ec004ff0807340f8043c21f0010140f8081cfb
:10f0fc00054b40f80c3c40f8202c6ff0020340f814
:0cf10c00243c4438704700bf99110301f7
:020000040000fa
:020000040102f7
:10f1180008b54ff0200383f31188bff36f8fbff357
:10f128004f8fe0f779fe18b1034b4ff080521a6009
:0cf13800002383f3118808bd04ed00e003
:020000040000fa
:020000040102f7
:10f14400094b002203e001329433082a0ad059788b
:10f154000129f8d159888142f5d10348942303fb4e
:0cf16400020070470020704724a5002026
:020000040000fa
:020000040102f7
:10f17000f8b5094c04f594679426002532462946d3
:10f18000204603f0bdfd1723a3809434bc42f5d183
:0cf1900003f0f4fef8bd00bf24a5002031
:020000040000fa
:020000040102f7
:10f19c0010b5094a0178002312f833408c4205d18e
:10f1ac0002ebc3035b689847012010bd01331e2b93
:0cf1bc00f2d10020f9e700bf1081010132
:020000040000fa
:020000040102f7
:10f1c800094b1b681a7832b908b1eff751b803f543
:10f1d800f270e9f7b5bc28b1032903d1d3f874312b
:0cf1e80001201847704700bf94ba0020b7
:020000040000fa
:020000040102f7
:10f1f40010b5094b1a6802f11001303251f8043b82
:10f204002bb19c7a012c02d11c88844202d09142f9
:0cf21400f4d10023184610bd9cba002065
:020000040000fa
:020000040102f7
:10f2200029a1010119030101e5a30201e919030163
:10f2300095720201154e020101840201ff280201ac
:0cf24000e9d2020115ee020100000000fe
:020000040000fa
:020000040102f7
:10f24c0070b5c47a0d460023d9b28c4201d8802007
:10f25c000be0c16801eb830101330e889642f3d1b8
:0cf26c006868498804f0f4fc002070bdc4
:020000040000fa
:020000040102f7
:10f2780010b5094a038910680168002209b90120fc
:10f2880005e08c899c4203d102f03efa002010bdb3
:0cf298000a460968f2e700bfa8ba00208f
:020000040000fa
:020000040102f7
:10f2a40038b5054604200c46f6f724fc68b183887b
:10f2b400c58003f0f80343f4407343f001038380f3
:0cf2c4008460bde8384000f063bc38bd39
:020000040000fa
:020000040102f7
:10f2d0001fb5094c24686cb1adf80630069b02934b
:10f2e000079badf80000adf80210adf804200393c1
:0cf2f0006846a04704b010bde8ba00203a
:020000040000fa
:020000040102f7
:10f2fc0010b5094b1b68d3f82c21013ac3f82c210b
:10f30c0042b9d3f83021c3f82c210124eff74cfa81
:0cf31c00204610bd0024f9e700bb0020d3
:020000040000fa
:020000040102f7
:10f3280010b5094c02f0dafb2368d3f8543198473a
:10f3380018b12368d3f87031984700210320f2f7f9
:0cf34800bbfe002010bd00bf00bb002079
:020000040000fa
:020000040102f7
:10f3540010b5094c2368d3f86431984748b9236839
:10f36400d3f86831984720b92368d3f86c319847ab
:0cf3740000b10c2010bd00bf00bb002049
:020000040000fa
:020000040102f7
:10f38000430803f05533c31a980800f0333003f0f4
:10f390003333184400eb101000f00f3000eb102056
:0cf3a00000f0ff1000eb104080b270473e
:020000040000fa
:020000040102f7
:10f3ac00c0b2012808b50b4609d018b1022809d003
:10f3bc00002008bd11461846fff7b0fff8e7fef72e
:0cf3cc00c1fbf5e71046e5f7cdfef1e7c8
:020000040000fa
:020000040102f7
:10f3d80007b5084b1b68187459749a74064b009348
:10f3e800022201233821ec20e9f77afd002003b03e
:0cf3f8005df804fbfcba0020472703016d
:020000040000fa
:020000040102f7
:10f4040000b593b003688df8041041f21f02adf803
:10f4140000201a8893f8aa31adf8062068468df8c2
:0cf424000830fef72ffc13b05df804fb6d
:020000040000fa
:020000040102f7
:10f4300010b502210446002001f04cfd50b11d23ff
:10f440000373054b1b681b7d43730146204602f086
:0cf45000dbff012010bd00bffcba002053
:020000040000fa
:020000040102f7
:10f45c0010b502210446002001f036fd50b11e23e8
:10f46c000373054b1b681b7d43730146204602f05a
:0cf47c00c5ff012010bd00bffcba00203d
:020000040000fa
:020000040102f7
:10f4880070b5066896f8ac318b4204460d4602d139
:10f498000021f6f731fc96f8ae31ab4205d1204693
:0cf4a8000121bde87040f6f727bc70bde4
:020000040000fa
:020000040102f7
:10f4b40038b50568d5f8ec4204b938bd2368c5f8f9
:10f4c400ec321bb905f53b73c5f8f032a06804f0c3
:0cf4d400c1fb204604f0befbece700bfcb
:020000040000fa
:020000040102f7
:10f4e00013b5084c2378012b0ad1074a0092c72193
:10f4f0000222ec20e9f7f8fc03f044fb0023237020
:0cf5000002b010bdf8bb00203b2d030141
:020000040000fa
:020000040102f7
:10f50c0008b502f063fc02460b46ddf7cffe002285
:10f51c00054bdef747fd41ec100bebf73bfe51ecd6
:0cf52c00100b01f035fc08bd0088834086
:020000040000fa
:020000040102f7
:10f5380038b503680446186820b92046bde8384045
:10f5480004f049bb012305684372002380f85c304e
:0cf55800a0f85e30f4f740ff2846ede715
:020000040000fa
:020000040102f7
:10f5640013b5044680b101910df1030001a903f024
:10f57400f7ff04f15c00e9f7e5fa00239df80320a6
:0cf5840001212046eff74aff02b010bd45
:020000040000fa
:020000040102f7
:10f5900010b5094b1a6802f12c014c3251f8043baa
:10f5a00023b11c88844201d19c7814b99142f5d1d1
:0cf5b0000023184610bd00bf68bb0020ff
:020000040000fa
:020000040102f7
:10f5bc0010b5094b1a6802f12c014c3251f8043b7e
:10f5cc002bb19c781cb193f85340844202d09142e9
:0cf5dc00f4d10023184610bd68bb0020cd
:020000040000fa
:020000040102f7
:10f5e800084b1a6842f005021a601a685207fcd4e0
:10f5f8001a68d207fcd4044b53f804290a801b6804
:0cf6080003607047143e01410c3e0141bc
:020000040000fa
:020000040102f7
:10f61400084b1a6842f005021a601a685107fcd4b4
:10f624001a68d207fcd4044b53f80419186889b239
:0cf6340004f09eba143e01410c3e01415e
:020000040000fa
:020000040102f7
:10f6400090f8c83113f002030ad0074b1b685b0027
:10f6500008d590f8220004288cbf002001207047b4
:0cf660001846704701207047303401410b
:020000040000fa
:020000040102f7
:10f66c007fb50e7916f0300f04d1fef7a3fb002006
:10f67c0004b070bdcde90201009202ab0822024930
:0cf68c000120f8f7e2fdf2e74104010163
:020000040000fa
:020000040102f7
:10f69800094bd3f8002142f00062c3f80021d3f8e7
:10f6a80000216ff35d72c3f80021d3f8002142f006
:0cf6b8008042c3f800217047002401418b
:020000040000fa
:020000040102f7
:10f6c40008b528220021074803f018fb064a012147
:10f6d400002002f0b3fdfff7b1fabde80840f1f7ee
:0cf6e40001be00bfa8b60020d1d1020179
:020000040000fa
:020000040102f7
:10f6f00000b553ec112b83b051ec100b8ded002baa
:10f70000e5f79efc9ded002b53ec122bddf7d4fdad
:0cf7100041ec100b03b05df804fb00bfdf
:020000040000fa
:020000040102f7
:10f71c0000b585b00df10601fef7c4fd10b105b0c2
:10f72c005df804fb06238df80830bdf80630adf803
:0af73c000a3002a8faf75cfbf1e7bf
:020000040000fa
:020000040102f7
:10f7460038b50446c568008904f06dfa48b12089c9
:10f75600fff76bf938b129462089bde83840e2f752
:0af766002eb8042038bd0320fce794
:020000040000fa
:020000040102f7
:10f77000434d443a416464524c2c616464723d30a0
:10f78000782530327825303278253032782530327d
:0af7900078253032782530327800f9
:020000040000fa
:020000040102f7
:10f79a00434d443a416464574c2c616464723d3071
:10f7aa007825303278253032782530327825303253
:0af7ba0078253032782530327800cf
:020000040000fa
:020000040102f7
:10f7c400434d443a5374617274456e637279707434
:10f7d4002c48646c3d307825303478004552523ad8
:0af7e4007374617475733d256400b1
:020000040000fa
:020000040102f7
:10f7ee00042810d8012202fa00f313f017030ad0ee
:10f7fe00042908d802fa01f313f0170303d0431ab1
:0af80e00584258417047002070472f
:020000040000fa
:020000040102f7
:10f81800f0b50025074628466cb2a34200dcf0bdcf
:10f828004e5d545d34440444e4b2a64202d08cbf19
:0af83800012000207c550135eee7a9
:020000040000fa
:020000040102f7
:10f8420090f8573083b1826d137843f01003137030
:10f85200806d0b68c0f85f3100f25f124b68536035
:0af862008b689360cb68d360704799
:020000040000fa
:020000040102f7
:10f86c0090f8573083b1826d137843f00403137012
:10f87c00806d0b68c0f8483100f5a4724b6853607a
:0af88c008b689360cb68d36070476f
:020000040000fa
:020000040102f7
:10f8960090f8573083b1826d137843f001031370eb
:10f8a600806d0b68c0f82c3100f596724b6853607a
:0af8b6008b689360cb68d360704745
:020000040000fa
:020000040102f7
:10f8c0000103030303030305050505070709090be6
:10f8d0000b0d0f11131517191d21252b31375f69da
:0af8e000737f1b1f23292f376b7f56
:020000040000fa
:020000040102f7
:10f8ea00802910db812901dd83290cd113680733b4
:10f8fa0023f0070303f108011160d3e90023c0e9eb
:0af90a000023012070470020704721
:020000040000fa
:020000040102f7
:10f91400446973636f6e6e65637465642068646cb8
:10f924003d30782530345820726561736f6e3d30f8
:08f9340078253032580d0a005d
:020000040000fa
:020000040102f7
:10f93c0008b5024608461168064b196451681965ea
:10f94c0091681966d2681a670221fef7dbfc012068
:08f95c0008bd00bf00060044d5
:020000040000fa
:020000040102f7
:10f9640060b910b50c46064802f084fb012804d1a6
:10f974002268044b1a6001221a7110bd704700bf3f
:08f9840040b9002038b9002051
:020000040000fa
:020000040102f7
:10f98c00084b03f1a801002002e01c338b4208d085
:10f99c00da79002af9d09a78012a04bf0130c0b272
:08f9ac00f3e7704774b100207d
:020000040000fa
:020000040102f7
:10f9b400084b03f1a801002002e01c338b4208d05d
:10f9c400da79002af9d09a78022a04bf0130c0b249
:08f9d400f3e7704774b1002055
:020000040000fa
:020000040102f7
:10f9dc00074b1a68074b9a4201d000207047044b22
:10f9ec005868431e622b01d8c0b270470020704784
:08f9fc0064b9002001e5a7d168
:020000040000fa
:020000040102f7
:10fa040008b5074803f03efe03f0c6fa0028fbd110
:10fa1400044b4ff0ff321a60ff225a6008bd00bf4a
:08fa240000000f0164b900208d
:020000040000fa
:020000040102f7
:10fa2c00074b1b681b6823b9064b4ff0ff321a605b
:10fa3c007047034b1b68db681a68024b1a607047ef
:08fa4c0044ba002064ba002056
:020000040000fa
:020000040102f7
:10fa540008480068006880f308884ff0000080f3cd
:10fa6400148862b661b6bff34f8fbff36f8f00dfa8
:08fa740000bf000008ed00e0f6
:020000040000fa
:020000040102f7
:10fa7c0038b50489b4f5706f0cd2857a042d09d889
:10fa8c002046fef79ffc28b129462046bde83840a9
:08fa9c00fbf7dcb8032038bdc4
:020000040000fa
:020000040102f7
:10faa40010f0fd030ad001280ad14b7903f0c003fa
:10fab400402b07d0002b14bf0123032318467047a3
:08fac4000123fbe70223f9e72f
:020000040000fa
:020000040102f7
:10facc0070b41578074c002314f83360ae4204d19f
:10fadc0004ebc30370bc5b68184701330d2bf3d1e7
:08faec0070bc7047585902017b
:020000040000fa
:020000040102f7
:10faf40010b500f1180300f1380200bf53f8044bad
:10fb04002cb194f8044124b1a4b200f0a9f9204620
:08fb140010bd9342f2d1fae7a3
:020000040000fa
:020000040102f7
:10fb1c00084b1a6800230c321178012902d1518844
:10fb2c00814205d00133dbb2082b02f10c02f3d178
:08fb3c0018467047acba002026
:020000040000fa
:020000040102f7
:10fb4400036810b413b14468944203d15df8044bc4
:10fb540002f06cbf22b90b6001605df8044b704782
:08fb640013680b601160f8e763
:020000040000fa
:020000040102f7
:10fb6c0007b5074a0379019012680648526a03f0f8
:10fb7c00070301a900eb8300904703b05df804fb79
:08fb8c00c0ba00209cb9002062
:020000040000fa
:020000040102f7
:10fb940013b5074a0379019012680648146a03f002
:10fba4000703002201a900eb8300a04702b010bda7
:08fbb400c0ba00209cb900203a
:020000040000fa
:020000040102f7
:10fbbc0010b5064b06480024202221461c7003f089
:10fbcc0099f8044bc3e9004410bd00bf24bc0020cd
:08fbdc0034b70020a4b9002099
:020000040000fa
:020000040102f7
:10fbe400074a13785bb1013bdbb213703bb9054b99
:10fbf4004ff000421a6001225a6040225a60704756
:08fc040028bc002000e100e033
:020000040000fa
:020000040102f7
:10fc0c0010f0010f4fea400318bf43f00103202905
:10fc1c001dbf012202fa01f101f1ff314ff0ff315a
:08fc2c0058400840fff7a6bb99
:020000040000fa
:020000040102f7
:10fc3400434d443a536574486f73744368616e6e00
:10fc4400656c436c617373004552523a537461742a
:08fc540075733d30782578003e
:020000040000fa
:020000040102f7
:10fc5c00434d443a436f6e6e5570646174652c4825
:10fc6c00646c3d307825303478004552523a7374c8
:08fc7c00617475733d256400fd
:020000040000fa
:020000040102f7
:10fc8400434d443a5365745068792c48646c3d3054
:10fc94007825782c7478506879733d25642c7278b3
:08fca400506879733d256400ee
:020000040000fa
:020000040102f7
:10fcac0090f8a81090f81a32d0f81622026580f855
:10fcbc00543021b9c0f8ac2080f8b0307047c0f88f
:08fccc00bd2080f8c130704733
:020000040000fa
:020000040102f7
:10fcd40010b505210446002001f0faf858b1236854
:10fce40025220273d3f89232c0f80d300146204623
:08fcf40002f088fb012010bda5
:020000040000fa
:020000040102f7
:10fcfc0003684a7883f83a224a88a3f83c228a8817
:10fd0c00a3f83e22ca88a3f840220a89a3f842220b
:08fd1c004a89a3f84422704754
:020000040000fa
:020000040102f7
:10fd2400036851b193f86700112809d0122809d04b
:10fd340010f0200018bf0420704793f86600f3e722
:08fd4400012070470220704706
:020000040000fa
:020000040102f7
:10fd4c0053434e3a45525221207469643d25640058
:10fd5c0053434e3a5741524e21207072696d506494
:08fd6c0075436e743d2564002f
:020000040000fa
:020000040102f7
:10fd740010b5eef7f3ff58b1064b196800240c6078
:10fd84001c68416861600c601b68436003f0a4fa5e
:08fd9400002010bd4cbb002053
:020000040000fa
:020000040102f7
:10fd9c00f8b506460c461746bc420cda21463a46e4
:10fdac003046faf765fa21460546421e3046fff703
:08fdbc00efff6c1cf0e7f8bd3d
:020000040000fa
:020000040102f7
:10fdc40007b5009003f0f4fc28b16846fff7b2fbd6
:10fdd40003b05df804fb009b0193022101ab0422f4
:08fde4000846f6f7f7f9f3e712
:020000040000fa
:020000040102f7
:10fdec0013b5044603f0e0fc30b1636a13b121464d
:10fdfc00206a984702b010bd01ab042206210220f4
:08fe0c000194f6f7e3f9f5e7b4
:020000040000fa
:020000040102f7
:10fe140007b503238df80730064b1b68d3f8a432cb
:10fe24002bb1da6a1ab10df10701186a904703b0d1
:08fe34005df804fb58bb00203f
:020000040000fa
:020000040102f7
:10fe3c0030b50023074c0b7040fa03f2d20744bfd5
:10fe4c000a781d5d03f1010344bf2a430a70042b99
:08fe5c00f2d130bd983c030116
:020000040000fa
:020000040102f7
:10fe640070b5054600f1180400f1380654f8040b87
:10fe740020b103f0effe002344f8043cb442f5d172
:08fe8400002385f83b3070bd3e
:020000040000fa
:020000040102f7
:10fe8c0038b5084b1b6804460d463bb9224628463c
:10fe9c004ff48271bde8384000f074bc98470128db
:08feac00f4d138bd70bb002049
:020000040000fa
:020000040102f7
:10feb400084b1a4642f8040b118053f8102f42f4f1
:10fec400e0421a601a689104fcd41a68d204f9d486
:08fed400704700bf003e014130
:020000040000fa
:020000040102f7
:10fedc00074b1a8842f040021a801a685206fcd46a
:10feec00044b53f8042b02601b680b80704700bf57
:08fefc00143e0141003e0141ea
:020000040000fa
:020000040102f7
:10ff040010b5074b1c6803f047fc064b1b78e4b2a2
:10ff14001c442044404240b2bde8104001f0c0be41
:08ff2400b0380141fcbb0020d4
:020000040000fa
:020000040102f7
:10ff2c0010b500230446c382faf73aff236e1a0673
:10ff3c0044bf23f080732366236e23f040032366b3
:08ff4c00fff74afe002010bd82
:020000040000fa
:020000040102f7
:10ff540008b500210246fbf703f9104490f970023a
:10ff64007e2804bf034b93f90100bde80840e7f77e
:08ff7400f3bd00bf28b8002016
:020000040000fa
:020000040102f7
:10ff7c00222303fb01015631064b01f1140200bf91
:10ff8c0051f8040b43f8040b9142f9d10a881a80fa
:08ff9c00704700bf2e25014152
:020000040000fa
:020000040102f7
:10ffa400c1f30803074a490a2bb94942114043eafd
:10ffb4004121faf735bbc3f59c7301339bb2514021
:08ffc400f5e700bfffff7f001d
:020000040000fa
:020000040102f7
:10ffcc0008b51320fef776fd044b054a1880054b47
:10ffdc001b68c3f38703137008bd00bf04bc00206b
:08ffec0048bc00207037014100
:020000040000fa
:020000040102f7
:10fff40010b5074b074c1b6813b9236813b910bd20
:020000040103f6
:10000400012098472368002bf9d0bde81040184719
:08001400dcbb0020d4bb00207e
:020000040000fa
:020000040103f6
:10001c0010b5074b074c1b6813b9236813b910bdf7
:10002c00002098472368002bf9d0bde810401847f2
:08003c00d8bb0020d0bb00205e
:020000040000fa
:020000040103f6
:0400440000befee715
:020000040000fa
:020000040103f6
:10004800edaf16204a62304029bd56b31544e9bfca
:1000580077900d9cfe0b88c07e2615fa838073402e
:080068000fce674b80d541c0ab
:020000040000fa
:020000040103f6
:1000700038b50569954228bf154604465db12a4644
:10008000406901f09bfe636922692b44551b0022e5
:08009000636125611a7038bd9f
:020000040000fa
:020000040103f6
:10009800434d443a4c746b5265715265706c792cbf
:1000a80048646c3d30782578004552523a73746143
:0700b8007475733d2564001f
:020000040000fa
:020000040103f6
:1000bf00434f4e4e3a4c6c63705478446f6e653ab2
:1000cf0048646c3d3078253034782c4f70436f6422
:0700df00653d307825780033
:020000040000fa
:020000040103f6
:1000e60010b50c46fef7f9f850b1027b2ab1827bb7
:1000f60000ebc2031b8a238010bd00232380fbe78d
:0601060000232380f8e74e
:020000040000fa
:020000040103f6
:10010c0060b188420cd310b50c4602220021f9f7dd
:10011c00d1f8034600b18463184610bd002300e0fb
:06012c0000231846704795
:020000040000fa
:020000040103f6
:1001320038b504460d4601f03ef8a36c23b1002405
:1001420002f0c1fb204638bda36b13b9a56401249c
:06015200f6e70024f4e7cb
:020000040000fa
:020000040103f6
:1001580038b50489b4f5706f05460ad22046fef713
:1001680033f930b1ea7aa97a2046bde83840f7f782
:0601780033be032038bd78
:020000040000fa
:020000040103f6
:10017e0000b581790129c1b00ad1002318460222a7
:10018e00f3f7b3f8132368468df80030f8f7e9fd5e
:06019e0041b05df804fb16
:020000040000fa
:020000040103f6
:1001a400434d443a536574416476506172616d2cd9
:1001b400747970653d2564004552523a73746174d4
:0601c40075733d25640087
:020000040000fa
:020000040103f6
:1001ca00434d443a53657450434c50726573657499
:1001da002c55703d25642c4c6f773d25642c737427
:0601ea0065703d25640074
:020000040000fa
:020000040103f6
:1001f00000b593b01323adf8003001238df804301f
:100200000388adf806306846adf80810fdf73cfdf0
:0602100013b05df804fbd1
:020000040000fa
:020000040103f6
:1002160070b50368c43304460d4616460021b42261
:10022600184602f06afd3246034629462046bde8d6
:060236007040e8f738ba41
:020000040000fa
:020000040103f6
:10023c0070b505460068002450b1028943899a4282
:10024c0006d106682e6003f001fd01343046f3e759
:06025c002860204670bd81
:020000040000fa
:020000040103f6
:1002620090f81431072b03d1012381f8a83070478d
:10027200d0f8b4301b789b0603d590f8e730012bf9
:06028200f2d00023f1e7b9
:020000040000fa
:020000040103f6
:1002880000b593b003688df804100820adf800009d
:100298001b88adf8063068468df80820fdf7f0fc9d
:0602a80013b05df804fb39
:020000040000fa
:020000040103f6
:1002ae00434d443a446973636f6e6e6563742c48b4
:1002be00646c3d3078253034782c726561736f6ec6
:0602ce003d253032640002
:020000040000fa
:020000040103f6
:1002d40010b5046894f864304bb90821eef766ff52
:1002e40008b9002010bd012084f8ac01fae7012b05
:0602f400f7d10e21f2e734
:020000040000fa
:020000040103f6
:1002fa0070b50a460f2105460668f9f778fc0446e8
:10030a0038b196f8ae31112b03d101212846f5f701
:06031a00f2fc204670bd5c
:020000040000fa
:020000040103f6
:1003200010b5044602f0adf938b123680022a3f8f5
:10033000a8211a212046fff7a7ff20460021f5f744
:06034000dffc012010bdee
:020000040000fa
:020000040103f6
:100346000368d3f8ac2112f0ff1f08d193f8f4220a
:100356003ab9d3f8ec02b0fa80f0400970470020b1
:0603660070470120704702
:020000040000fa
:020000040103f6
:10036c0010b5013a52b2130601d5002010bd845cc1
:10037c008b5c9c4205d802f1ff32f4d24ff0ff3077
:06038c00f4e70120f2e796
:020000040000fa
:020000040103f6
:1003920010b590f82c30044663b9012380f82c3054
:1003a20000f2062002f047f804f5f770bde81040ad
:0603b200f5f7d9bc10bdf7
:020000040000fa
:020000040103f6
:1003b80008b503681a6e120601d4002008bdd3f8e8
:1003c8008020013ac3f88020002af6d18021eff777
:0603d800c9fd0120f2e75f
:020000040000fa
:020000040103f6
:1003de0000f189020023507828b9907818b9107866
:1003ee0008b90b7070470133dbb2042b02f13402f3
:0603fe00f1d10720704759
:020000040000fa
:020000040103f6
:10040400494e493a4c696e6b2065786973742100d2
:10041400494e493a4c696e6b73207265616368207a
:050424006d617821006c
:020000040000fa
:020000040103f6
:03042900300000a0
:020000040000fa
:020000040103f6
:10042c005452535043206469736320636f6d706c36
:10043c006574652068646c3d3078253034580d0a3d
:04044c00000000bfed
:020000040000fa
:020000040103f6
:1004500008b5074801f0e0fd03f0f8f8faf764fa90
:10046000034608b9184608bdfaf73cfa0346f9e70f
:040470001df7020171
:020000040000fa
:020000040103f6
:10047400064b1b78012b07d8054a42f823000133a9
:10048400024a1370002070470420704710000020b7
:040494001400002030
:020000040000fa
:020000040103f6
:1004980070b54ff4005442f20806e5b22046d6f78c
:1004a8003ffb28b10135edb20134a4b2b442f4d116
:0404b800284670bda5
:020000040000fa
:020000040103f6
:1004bc00064b00221a62064a1a6202f12b42a2f57e
:1004cc004b12a2f6ab421a62704700bf0006004402
:0404dc00556699aa1e
:020000040000fa
:020000040103f6
:1004e000074b03f1a801002002e01c338b4205d02a
:1004f000da79002af9d00130c0b2f6e7704700bfc0
:0405000074b10020b2
:020000040000fa
:020000040103f6
:10050400bff34f8f0549ca6802f4e062044b1343fa
:10051400cb60bff34f8f00bffde700bf00ed00e0ed
:040524000400fa05d0
:020000040000fa
:020000040103f6
:1005280053656e64204641494c2068646c3d3078c0
:1005380025303458206572723d3078253034580d96
:040548000a0000bfe6
:020000040000fa
:020000040103f6
:04054c0000befee708
:020000040000fa
:020000040103f6
:10055000074b19680868b0e8f04f80f30988bff3cb
:100560006f8f4ff0000080f311887047aff3008069
:0405700040ba00206d
:020000040000fa
:020000040103f6
:10057400054b00221a6005490a60054a4ff6ff112f
:10058400116007221a60704710e000e018e000e0f4
:0405940014e000e08f
:020000040000fa
:020000040103f6
:10059800026c72b110b5c3681344c3608468a34287
:1005a80024bf0368c3600c46c168204601f002fc02
:0405b80010bd7047bb
:020000040000fa
:020000040103f6
:1005bc0010b5024600210120f8f77cfe044638b144
:1005cc00002181600160c1600b460a46e2f7cefb58
:0405dc00204610bde8
:020000040000fa
:020000040103f6
:1005e00000b503781e2bc1b008d115238df800305b
:1005f00003798df802306846f8f7bafb012041b064
:040600005df804fba2
:020000040000fa
:020000040103f6
:1006040038b50489b4f5706f054609d22046fdf764
:10061400ddfe28b1a97a2046bde83840f9f766b86e
:04062400032038bdba
:020000040000fa
:020000040103f6
:1006280038b50489b4f5706f054609d22046fdf740
:10063800cbfe28b1a97a2046bde83840f8f7bcbb04
:04064800032038bd96
:020000040000fa
:020000040103f6
:10064c0038b50489b4f5706f054609d22046fdf71c
:10065c00b9fe28b1e9682046bde83840f7f7f4be8a
:04066c00032038bd72
:020000040000fa
:020000040103f6
:1006700038b50489b4f5706f054609d22046fdf7f8
:10068000a7fe28b1a97a2046bde83840faf7c2bad9
:04069000032038bd4e
:020000040000fa
:020000040103f6
:1006940008b5074b1a68137823f00403137002217a
:1006a4000020fef78ffdbde80840fcf7d3ba00bf79
:0406b40094ba0020d4
:020000040000fa
:020000040103f6
:1006b80038b50489b4f5706f0ad2c5682046fdf7cd
:1006c80083fe28b129462046bde83840f5f77cbeb0
:0406d800032038bd06
:020000040000fa
:020000040103f6
:1006dc0010b58468207800f0d9fd608803f03af8f2
:1006ec0023792bb1a38962892189e088e7f7acfad9
:0406fc00002010bd0d
:020000040000fa
:020000040103f6
:1007000070b5074e05460024336804f16a0253f8b9
:1007100022300bb1284698470134032cf4d170bd28
:0407200094ba002067
:020000040000fa
:020000040103f6
:10072400830708d5044b1a68002111601b68034a2b
:100734005a60034a9a6070479cba00207d300301d6
:04074400313c030140
:020000040000fa
:020000040103f6
:10074800072838b50bd8064d041d2b6853f824002c
:1007580028b103f07dfa2b68002243f8242038bd25
:040768009cba002017
:020000040000fa
:020000040103f6
:10076c0008b5fdf7effe40b1054b80781b685b7850
:10077c0098422cbf0020012008bd0120fce700bfdf
:04078c00acba0020e3
:020000040000fa
:020000040103f6
:1007900013b5074b8df800001446adf80210019216
:1007a0001b6868469847204603f056fa02b010bd11
:0407b000b4ba0020b7
:020000040000fa
:020000040103f6
:1007b40010b501f05df9064b1b7804461bb1fbf73d
:1007c400f1fbe2f789fb2046bde8104000f026b8b3
:0407d40025bc002020
:020000040000fa
:020000040103f6
:1007d800012805d008b1022804d0034b18887047b7
:1007e800024bfbe7024bf9e702ba0020daad002022
:0407f8005ab90020ca
:020000040000fa
:020000040103f6
:1007fc0010b9054b19807047012801d1034bf9e75b
:10080c000228f8d1024bf5e7203f0141243f01417a
:04081c00283f01412f
:020000040000fa
:020000040103f6
:1008200007b5074a0190137833b1013bdbb213706f
:1008300013b901a802f0e8ff03b05df804fb00bfa4
:040840002abc0020ae
:020000040000fa
:020000040103f6
:10084400064b1a8842f001021a801a68d207fcd4b7
:10085400034b186820f07040704700bf143e0141fc
:04086400083e014108
:020000040000fa
:020000040103f6
:10086800074b1b68586800b9704790f86031012b36
:1008780002d190f829200ab90068f4e718467047b1
:04088800f4ba00209e
:020000040000fa
:020000040103f6
:10088c00074b1b68586800b9704790f86031012b12
:10089c0001d1027c0ab10068f5e71846704700bf29
:0408ac00f4ba00207a
:020000040000fa
:020000040103f6
:1008b000074b1b680bb91846704799680a79043ac8
:1008c000012af6d80a68126c8242f2d101207047e0
:0408d000d4b9002077
:020000040000fa
:020000040103f6
:1008d400074a13691b1a136193680344b3f5c06f85
:1008e40083bf6ff4c0615b180120002093607047e0
:0408f400e0b7002049
:020000040000fa
:020000040103f6
:1008f800054b0022c3e90023044bc3e90023044b42
:10090800c3e90023704700bfb4b90020bcb9002078
:04091800c4b900203e
:020000040000fa
:020000040103f6
:10091c00074b1a681ab192f8c000012806d0586823
:10092c0020b190f8c000431e58425841704700bf98
:04093c00ccb9002012
:020000040000fa
:020000040103f6
:1009400000b593b03022adf80020036800228df886
:1009500004201b88adf806306846fdf795f913b002
:040960005df804fb3f
:020000040000fa
:020000040103f6
:10096400434d443a5265616452656d6f74655573c5
:10097400656446656174757265732c48646c3d30ba
:04098400782578005a
:020000040000fa
:020000040103f6
:10098800434d443a52656d7465436f6e6e506172a3
:1009980061725265715265706c792c48646c3d3097
:0409a8007825780036
:020000040000fa
:020000040103f6
:1009ac0010b51c46044b1860044b1046196002f03d
:1009bc006dff034a146010bd28bb002020bb002033
:0409cc0030bb00201c
:020000040000fa
:020000040103f6
:1009d00070b50622032105460668f9f70df90446ad
:1009e00030b10023a6f8a83101212846f5f788f98f
:0409f000204670bd70
:020000040000fa
:020000040103f6
:1009f4000368b1f80120a3f82a22b1f80320a3f870
:100a04002c22b1f80520a3f82622b1f80720a3f878
:040a140028227047dd
:020000040000fa
:020000040103f6
:100a1800437b012b07d1c36e5b08c0f8b030036974
:100a2800c0f8ac307047002bf9d1c26e03f27123c5
:040a38005343f1e74c
:020000040000fa
:020000040103f6
:100a3c0010b5836c044613b9036c834209d00023b0
:100a4c00a3732046e0f7e4fa2046bde81040fdf71a
:040a5c0071bf10bd99
:020000040000fa
:020000040103f6
:100a600013b5044602f0a6fe019401ab042204492a
:100a700020b10120f5f7b0fb02b010bd0320f9e76b
:040a80000c01000164
:020000040000fa
:020000040103f6
:100a8400074b1b680bb91a4608e09a6811790439b8
:100a94000129f6d8116809888142f2d110467047bd
:040aa400d4b90020a1
:020000040000fa
:020000040103f6
:100aa80008b5fff703fa064b1b6813f0060f05d0cd
:100ab80040210020bde80840fdf7bebd08bd00bfcd
:040ac800203f014189
:020000040000fa
:020000040103f6
:100acc0008b54ff43b7003f0bff8054b4ff43b7285
:100adc000021186002f00ef9bde80840f8f77ebf5f
:040aec0078bb0020b3
:020000040000fa
:020000040103f6
:100af00007b5064b06491b680193042201ab002091
:100b0000f5f76afb03b05df804fb00bf64bb00208f
:040b100006000100da
:020000040000fa
:020000040103f6
:100b140007b5064b06491b680193042201ab00206c
:100b2400f5f758fb03b05df804fb00bf64bb00207d
:040b340009000100b3
:020000040000fa
:020000040103f6
:100b380007b5064b06491b680193042201ab002048
:100b4800f5f746fb03b05df804fb00bf64bb00206b
:040b58000800010090
:020000040000fa
:020000040103f6
:100b5c0007b5064b06491b680193042201ab002024
:100b6c00f5f734fb03b05df804fb00bf64bb002059
:040b7c00070001006d
:020000040000fa
:020000040103f6
:100b800007b5064b06491b680193042201ab002000
:100b9000f5f722fb03b05df804fb00bf64bb002047
:040ba000020001004e
:020000040000fa
:020000040103f6
:100ba40007b5064b06491b680193042201ab0020dc
:100bb400f5f710fb03b05df804fb00bf64bb002035
:040bc4000300010029
:020000040000fa
:020000040103f6
:100bc80007b5064b06491b680193042201ab0020b8
:100bd800f5f7fefa03b05df804fb00bf64bb002024
:040be8000400010004
:020000040000fa
:020000040103f6
:100bec0008b5036893f86231012b06d1f1f78af846
:100bfc00034a138843f040031380002008bd00bf54
:040c0c0002bc002006
:020000040000fa
:020000040103f6
:100c100010b50468faf7caf8236ed4f8780123f007
:100c2000807343f000732366fef7acf9bde8104013
:040c3000fef7d8bf34
:020000040000fa
:020000040103f6
:100c3400027a074b42b1d3f8042140f2831161f3e5
:100c44000802c3f804217047d3f804210321f6e70e
:040c54000024014136
:020000040000fa
:020000040103f6
:100c5800027b074b42b1d3f8042140f2d71161f36c
:100c68000802c3f804217047d3f804215721f6e796
:040c78000024014112
:020000040000fa
:020000040103f6
:100c7c0038b5074d0024204601342946e4b200f073
:100c8c0015fc082c05f10605f5d1002038bd00bf78
:040c9c0076b6002008
:020000040000fa
:020000040103f6
:100ca00007b5064b06491b680193042201ab0020df
:100cb000f5f792fa03b05df804fb00bf64bb0020b7
:040cc000020201002b
:020000040000fa
:020000040103f6
:100cc40007b5064b06491b680193042201ab0020bb
:100cd400f5f780fa03b05df804fb00bf64bb0020a5
:040ce4000302010006
:020000040000fa
:020000040103f6
:100ce80007b5064b06491b680193042201ab002097
:100cf800f5f76efa03b05df804fb00bf64bb002093
:040d080002010100e3
:020000040000fa
:020000040103f6
:100d0c0007b5064b06491b680193042201ab002072
:100d1c00f5f75cfa03b05df804fb00bf64bb002080
:040d2c0001010100c0
:020000040000fa
:020000040103f6
:100d300007b5064b06491b680193042201ab00204e
:100d4000f5f74afa03b05df804fb00bf64bb00206e
:040d5000000101009d
:020000040000fa
:020000040103f6
:100d540007b5064b06491b680193042201ab00202a
:100d6400f5f738fa03b05df804fb00bf64bb00205c
:040d74000301010076
:020000040000fa
:020000040103f6
:100d780008b5064a08210120fbf730f9044a072183
:100d88000120bde80840fbf729b900bff5ff0201c3
:040d98001d00030136
:020000040000fa
:020000040103f6
:100d9c000b0d40f21e42d21a09dbcb0243ea505033
:100dac0040f00040202a28bf2022d0407047490044
:040dbc0080417047bb
:020000040000fa
:020000040103f6
:100dc000434d443a536574436f6e6e5478506f7759
:100dd00065725072657365742c73656c5077723de3
:030de00025640087
:020000040000fa
:020000040103f6
:100de30053434e3a636c725365635265712c746955
:100df300643d25640053434e3a636c7250726952ea
:030e030065710016
:020000040000fa
:020000040103f6
:100e0600534d503a446174612073656e642c706171
:100e16006972206661696c206572723d3078253092
:030e26003478001d
:020000040000fa
:020000040103f6
:100e2a000369416882688a60416851605a688242ef
:100e3a0004bf82685a60002202611868013818608b
:020e4a007047ef
:020000040000fa
:020000040103f6
:100e4c0010b50c46fef778f930b1027c32b1827cd9
:100e5c0000ebc203db8a02e0002300e000232380c6
:020e6c0010bdb7
:020000040000fa
:020000040103f6
:100e6e00017a427a41ea020313f0f80f07d1b1fa80
:100e7e0081f040090ab940f00200f9f720b90320c9
:020e8e007047ab
:020000040000fa
:020000040103f6
:100e9000434d443a5365744164765478506f776596
:100ea000725072657365742c73656c5077723d2552
:020eb0006400dc
:020000040000fa
:020000040103f6
:100eb20038b505680446e4f7d0fc122385f865309e
:100ec200204600220b21fff7a5f9bde83840f7f7cd
:020ed200e6b880
:020000040000fa
:020000040103f6
:100ed40038b5054601f10c000c4602f0b9fe38b1f4
:100ee4000379448165f305130371002303810360cf
:020ef40038bd07
:020000040000fa
:020000040103f6
:100ef60038b505460468f8f700f80521284600f0dd
:100f06005efc28b194f8c83143f0020384f8c83176
:020f160038bde4
:020000040000fa
:020000040103f6
:100f180038b504460d4600200221fff7d7ff38b147
:100f28000223037345730146204601f069fa012044
:020f380038bdc2
:020000040000fa
:020000040103f6
:100f3a0038b504460d4600200221fff7c6ff38b136
:100f4a000723037345730146204601f058fa01202e
:020f5a0038bda0
:020000040000fa
:020000040103f6
:100f5c0003684a7883f85e228a7883f85f22ca781d
:100f6c0083f860220a7983f861224a7983f8622235
:020f7c007047bc
:020000040000fa
:020000040103f6
:100f7e0010b5046894f8c831db0709d504f52f7055
:100f8e00e7f7dbfd04f53570bde81040e7f7d5bd9a
:020f9e0010bd84
:020000040000fa
:020000040103f6
:100fa00007b503688df8071093f84d20032a05d183
:100fb000da6a1ab10df10701186a904703b05df8bb
:020fc00004fb30
:020000040000fa
:020000040103f6
:100fc20010b5002380f84d30a0f84e300377437af5
:100fd20004460bb1f3f703fa2046f3f702fe0020b2
:020fe20010bd40
:020000040000fa
:020000040103f6
:100fe40010b50446062002f033fe014640b1082342
:100ff400037023888380bde81040062002f04cbdb6
:0210040010bd1d
:020000040000fa
:020000040103f6
:1010060010b50446062002f022fe014640b1042334
:10101600037023888380bde81040062002f03bbda4
:0210260010bdfb
:020000040000fa
:020000040103f6
:1010280010b50446062002f011fe014640b1072320
:10103800037023888380bde81040062002f02abd93
:0210480010bdd9
:020000040000fa
:020000040103f6
:10104a0012290ad002d8112904d07047213902295d
:10105a0005d97047012102f074b90221fbe7032187
:02106a00f9e7a4
:020000040000fa
:020000040103f6
:10106c0010b504680a46d4f8a41029b1fef7f8fab2
:10107c000023c4f8a43010bd1046bde81040fcf7a6
:02108c00f9bcad
:020000040000fa
:020000040103f6
:10108e0010b50468204601f00cfef9f788fe236eb9
:10109e0043f0006343f001032366bde81040fef702
:0210ae009abde9
:020000040000fa
:020000040103f6
:1010b00090f82030817d0422013a12f0ff0206d020
:1010c000042b1abf5b00dbb201230b42f4d118469c
:0210d000704767
:020000040000fa
:020000040103f6
:1010d20010f0004160b148bf40420a0d02f21d42c9
:1010e200b0fa80f3d21a9840c30a400503eb0251ca
:0210f200704745
:020000040000fa
:020000040103f6
:1010f400434d443a536574486f737446656174751f
:101104007265004552523a7374617475733d256477
:0111140000da
:020000040000fa
:020000040103f6
:10111500434d443a5265616443684d6170436d6463
:10112500004552523a5374617475733d3078257891
:0111350000b9
:020000040000fa
:020000040103f6
:10113600434d443a5265616452656d6f74655665f8
:1011460072496e666f2c48646c3d30782530347871
:011156000098
:020000040000fa
:020000040103f6
:101158005363616e20646f6e6520433d25642050a3
:101168003d256420666f756e643d25640d0a000098
:020000040000fa
:020000040103f6
:1011780010b582b030b141b1049c0094f4f7def9a7
:1011880002b010bd6ff0ac00fae76ff0ac00f7e703
:020000040000fa
:020000040103f6
:1011980082b0002301934ff0200383f31188bff33b
:1011a8006f8fbff34f8f019b002bfcd002b07047ad
:020000040000fa
:020000040103f6
:1011b8004ff0200383f31188bff36f8fbff34f8f76
:1011c800024a136801331360704700bf64bf0020f0
:020000040000fa
:020000040103f6
:1011d80000b58179c1b041b90846f4f7e9fa0823a6
:1011e80068468df80030f7f7bffd41b05df804fba5
:020000040000fa
:020000040103f6
:1011f80010b50c46fdf7e8f840b150f8043f2360fd
:101208008388a3808379a371002010bd0320fce7a5
:020000040000fa
:020000040103f6
:1012180008b50649072001f025fffaf7d1fd18b9ee
:10122800bde8084000f0f8bb08bd00bf043b03015f
:020000040000fa
:020000040103f6
:1012380010b50489b4f5706f08d22046fdf7c4f8dc
:1012480020b12046bde81040f8f774ba032010bd5d
:020000040000fa
:020000040103f6
:1012580030b5064d00232a681a44dcb2527812b918
:101268000470104630bdca540133f4e794ba002024
:020000040000fa
:020000040103f6
:10127800037853b9837843b9837933b9034b5988d1
:10128800172902d98088eef745bd7047a4ba002017
:020000040000fa
:020000040103f6
:10129800044b054a00280cbf18461046034b5861fa
:1012a800704700bfef3b0301f43b03011cb2002071
:020000040000fa
:020000040103f6
:1012b800042802d0062804d07047044b1b689960a4
:1012c8007047024b1b68d960704700bfb0ba002056
:020000040000fa
:020000040103f6
:1012d80010b1054b1b78037021b1044b1a680a60e2
:1012e8009b888b80704700bfe4b90020e5b90020d7
:020000040000fa
:020000040103f6
:1012f80010b504460069f9f7ddfde1f79dfefef73c
:10130800ddf96068fbf710febde8104002f0c6bcce
:020000040000fa
:020000040103f6
:1013180010b5064b1868f021043002f0b3fa002328
:101328001a461946bde81040eef7fabef4ba002096
:020000040000fa
:020000040103f6
:1013380010b5064b16301b6853f820300c4613b115
:10134800114620469847002010bd00bff8ba00207b
:020000040000fa
:020000040103f6
:10135800064a1368c01a0144b1f5c06f8cbfa1f2e8
:10136800026101f1ff31d160704700bfe0b7002092
:020000040000fa
:020000040103f6
:10137800014608b5054801f080fd0b7b43f00403e6
:101388000b73bde80840fbf77bbd00bfb4b9002074
:020000040000fa
:020000040103f6
:10139800014608b5054801f070fd0b7b43f00403d6
:1013a8000b73bde80840fbf76bbd00bfbcb900205c
:020000040000fa
:020000040103f6
:1013b80000b593b041f21403adf804006846adf8e7
:1013c80000308df80610fcf75bfc13b05df804fbe9
:020000040000fa
:020000040103f6
:1013d8001fb50023cde90231019001ab0c2203496e
:1013e8000120f4f7f5fe05b05df804fb01010001ea
:020000040000fa
:020000040103f6
:1013f80007b5036b33b1019001ab04220349032005
:10140800f4f7e6fe03b05df804fb00bf0a01000133
:020000040000fa
:020000040103f6
:1014180010b530b129b112f0030302d192089342fa
:1014280000d110bd51f8234040f823400133f6e7be
:020000040000fa
:020000040103f6
:10143800054b1a8842f001021a801a68d207fcd4b8
:10144800024b1868704700bf143e0141083e014135
:020000040000fa
:020000040103f6
:10145800054b1a8842f002021a801a689207fcd4d7
:10146800024b1868704700bf143e0141003e01411d
:020000040000fa
:020000040103f6
:10147800054b1a8842f008021a801a681207fcd431
:10148800024b186880b27047143e0141043e014186
:020000040000fa
:020000040103f6
:10149800054b1a8842f004021a801a685207fcd4d5
:1014a800024b186880b27047143e01410c3e01415e
:020000040000fa
:020000040103f6
:1014b800062340f2431203fb0020044b1b68184428
:1014c80003680b6083888b80704700bf78bb00205f
:020000040000fa
:020000040103f6
:1014d800054bd3f8682f60f3d752c3f8682f034b36
:1014e8001b685870704700bf0024014178bb00207a
:020000040000fa
:020000040103f6
:1014f800064b1b681a78002322fa03f1c907d8b2f1
:1015080003d50133082bf7d11846704778bb002064
:020000040000fa
:020000040103f6
:101518000103030303030305050507070909090b6d
:101528000d0f111315171b1f252931375f69777f99
:020000040000fa
:020000040103f6
:1015380007b5064b1b680193042201ab4ff001115c
:101548000020f4f745fe03b05df804fb64bb0020ff
:020000040000fa
:020000040103f6
:1015580010b50446fef75af801462046fef71efd70
:10156800024b984294bf0020012010bd38feff7f37
:020000040000fa
:020000040103f6
:1015780010b5036893f8623133b1044c22780ab18c
:10158800f0f7c2fb00232370002010bd47bc0020e9
:020000040000fa
:020000040103f6
:1015980008b50368d3f87c2132b10021d3f878016b
:1015a80002f070fb002008bd102100f071fff9e780
:020000040000fa
:020000040103f6
:1015b80010b50446fef72af801462046fef7eefc71
:1015c800024b984294bf0020012010bd38feff7fd7
:020000040000fa
:020000040103f6
:1015d80010b50446fef71af801462046fef7defc71
:1015e800024b984294bf0020012010bd38feff7fb7
:020000040000fa
:020000040103f6
:1015f80007b53a238df8043005226b4603490120cc
:10160800f4f7e6fd002003b05df804fb02050101d4
:020000040000fa
:020000040103f6
:10161800064b1b685b79022b06d100231a464ff450
:1016280084311846f4f7d4bd704700bfc0bb002012
:020000040000fa
:020000040103f6
:10163800064b1b685b79022b06d100231a464ff430
:1016480084311846f4f7c4bd704700bfc0bb002002
:020000040000fa
:020000040103f6
:1016580007b5064b1b680193042201ab4ff4813197
:101668000020f4f7b5fd03b05df804fb64bb00206f
:020000040000fa
:020000040103f6
:10167800434d443a53657441646472526573456ed0
:0f16880061626c652c656e61626c653d25640066
:020000040000fa
:020000040103f6
:1016980000b583b002238df80030adf802008df854
:0e16a80005106846f8f7a6fb03b05df804fbda
:020000040000fa
:020000040103f6
:1016b60008b50089fdf769ff38b18378032b04d19b
:0e16c6000521bde80840eef7b6bf032008bdc1
:020000040000fa
:020000040103f6
:1016d40008b50089fdf75aff38b18378022b04d18d
:0e16e4000521bde80840eef7a7bf032008bdb2
:020000040000fa
:020000040103f6
:1016f20010b5847a0089fdf74aff30b1836d23b1ba
:0e1702002146bde81040f8f7e5ba012010bd01
:020000040000fa
:020000040103f6
:1017100003688b4206d10b68036043688b4208bfa5
:0e17200042607047002af8d00b681360f5e7ae
:020000040000fa
:020000040103f6
:10172e0008b5ebf7acf848b9f6f735ff30b9faf76c
:0e173e009af818b9bde80840faf775b808bd6a
:020000040000fa
:020000040103f6
:10174c0038b505680446e4f783f8122385f865304c
:0e175c00204600220b21bde83840fef756bda6
:020000040000fa
:020000040103f6
:10176a00434f4e4e3a41434c206465736320616c8b
:0e177a006c6f63206661696c3a25303278002e
:020000040000fa
:020000040103f6
:10178800026892f8ac111329034604d192f8642038
:0e1798000ab9e0f785bc17211846fff7cabb57
:020000040000fa
:020000040103f6
:1017a60000b593b003685722adf800201b88adf84a
:0e17b60004306846fcf765fa13b05df804fbda
:020000040000fa
:020000040103f6
:1017c40038b504460d4600200121fff781fb28b1fe
:0e17d40005730146204600f015fe012038bdc9
:020000040000fa
:020000040103f6
:1017e20010b5826c52b9046c844207d1a273e4f73b
:0e17f200f2fe2046bde81040fdf7a1b810bd84
:020000040000fa
:020000040103f6
:1018000008b501f0d7ff034618b1dff795fd0020ba
:0e18100008bd02460f210220f4f7defcf7e7c8
:020000040000fa
:020000040103f6
:10181e0007b5c378db0708d504230093008800239f
:0e182e00fcf7b1fb03b05df804fb0120fae704
:020000040000fa
:020000040103f6
:10183c00036eca6843f002030366b0f84a309b009b
:0e184c008365528803eb8203c0e916317047b2
:020000040000fa
:020000040103f6
:10185a0038b505680446284600f057fa2b6e1b0671
:0e186a0004d52046bde83840e8f75db938bd2a
:020000040000fa
:020000040103f6
:1018780010b50023934206d113f0030018bf0120ce
:0e18880000eb930010bdc45ccc540133f2e7ba
:020000040000fa
:020000040103f6
:10189600434f4e4e3a4c4c206465736320616c6c2a
:0d18a6006f63206661696c3a25303278006e
:020000040000fa
:020000040103f6
:1018b300434d443a437265617465436f6e6e0045f0
:0d18c30052523a7374617475733d256400d0
:020000040000fa
:020000040103f6
:1018d00010b5054c0022227040f201114020f7f7ac
:0c18e000effc606010bd00bf04000020a1
:020000040000fa
:020000040103f6
:1018ec00506572696f64696320746f706f6c6f6799
:0c18fc0079207363616e0d0a000000bfcc
:020000040000fa
:020000040103f6
:1019080010b50446807a01f097fe034608b11846e0
:0c19180010bd2046f3f71efb0346f8e765
:020000040000fa
:020000040103f6
:1019240008b5a0f500539bb2072b04d8024b1b68e3
:0c1934000bb1c0b2984708bd14ba0020e7
:020000040000fa
:020000040103f6
:101940004a68044b1a60044b0a895a8002221a70b2
:0c195000002070476c0000202cba002022
:020000040000fa
:020000040103f6
:10195c005377656570207374616c652068646c3da9
:0c196c003078253034580d0a000000bf10
:020000040000fa
:020000040103f6
:1019780041434b2074696d656f7574206473743dc1
:0c1988002575207365713d25750d0a0062
:020000040000fa
:020000040103f6
:1019940010b50c46044b19681831fbf7cffe012132
:0c19a4002046eaf7f9fd10bd40ba002013
:020000040000fa
:020000040103f6
:1019b000054b1b6893f821300bb903707047022b5d
:0c19c0000cbf03230123f8e794ba0020b9
:020000040000fa
:020000040103f6
:1019cc0008b50089fdf7defd30b1836d23b1082128
:0c19dc00bde80840eef72cbe012008bd5d
:020000040000fa
:020000040103f6
:1019e80010b50446008902f01df928b161892089e3
:0c19f800bde81040eef78eb9042010bdd1
:020000040000fa
:020000040103f6
:101a040010b50c46f6f742fa2378ff2b16bf024bab
:0c1a1400012033f8100010bd2e1f02014d
:020000040000fa
:020000040103f6
:101a200010b500f03dfc044c10b134f8100010bdae
:0c1a300001f003faf9e700bf2e1f0201cd
:020000040000fa
:020000040103f6
:101a3c0010b50f230022c45c42ea4402ca54c25cb3
:0c1a4c0013f1ff334fead212f5d210bda7
:020000040000fa
:020000040103f6
:101a5800054b187029b10a68c3f801208a88a3f8d1
:0c1a68000520f7f7b3be00bfe4b9002072
:020000040000fa
:020000040103f6
:101a740007b501a801f06dfd034a019813780133fd
:0c1a8400137003b05df804fb2abc0020c6
:020000040000fa
:020000040103f6
:101a9000054b1b685b680bb91846704793f86001eb
:0c1aa0000128fad01b68f6e7f4ba002019
:020000040000fa
:020000040103f6
:101aac004144563a7265736368446573632c616490
:0c1abc0076457674547970653d25640011
:020000040000fa
:020000040103f6
:101ac800054b1a68c30800f00700d35c23fa00f03e
:0c1ad80000f00100704700bffcba0020c5
:020000040000fa
:020000040103f6
:101ae40010b5f2f763fd00231a4603490220bde84e
:0c1af4001040f4f76fbb00bf00070100ba
:020000040000fa
:020000040103f6
:101b000007b50422019001ab03490220f4f764fbfe
:0c1b100003b05df804fb00bf810601007b
:020000040000fa
:020000040103f6
:101b1c0007b50422019001ab03490220f4f756fbf0
:0c1b2c0003b05df804fb00bf820601005e
:020000040000fa
:020000040103f6
:101b380070b505460068002428b10668013402f033
:0c1b480087f83046f8e72860204670bda2
:020000040000fa
:020000040103f6
:101b540010b5054b53f820300c4613b111462046fe
:0c1b64009847002010bd00bf44b90020cd
:020000040000fa
:020000040103f6
:101b7000024b034a03490448fef718bf9fee0201d7
:0c1b8000313a020155d30201a7600201b6
:020000040000fa
:020000040103f6
:101b8c00434d443a4c746b5265714e6567526570a7
:0c1b9c006c792c48646c3d307825780092
:020000040000fa
:020000040103f6
:101ba8000368084650f8012fc3f8e6214268c3f8d5
:0c1bb800ea21d1f80920c3f8f22170479f
:020000040000fa
:020000040103f6
:101bc40010b5054b53f820300c4613b1114620468e
:0c1bd4009847002010bd00bfd0b60020d4
:020000040000fa
:020000040103f6
:101be00053434e3a616464507269526571005343c5
:0c1bf0004e3a61646453656352657100f5
:020000040000fa
:020000040103f6
:101bfc00036a1b791a1f012a07d8042b01d100f0a4
:0c1c0c0005b8018fc06bfef749bf7047a0
:020000040000fa
:020000040103f6
:101c1800054b1a6842f440721a601a68d105fcd460
:0c1c28001a689205f9d47047103e014183
:020000040000fa
:020000040103f6
:101c3400054b02460068186392889a865a6e61f3cf
:0c1c440018625a66704700bf003301416f
:020000040000fa
:020000040103f6
:101c5000054b0268c3f8362082885a875a6e61f3b2
:0c1c600059625a66704700bf0033014112
:020000040000fa
:020000040103f6
:101c6c00054bd3f8682f60f31242c3f8682fd3f8f2
:0c1c7c00700f00f00100704700240141cf
:020000040000fa
:020000040103f6
:101c8800044b1b6ac3f30723022b9abf024ad05c9a
:0c1c980020207047000a0044712703015f
:020000040000fa
:020000040103f6
:101ca400044b9b79012b04d1034b1b780bb10c30f3
:0c1cb40040b2704728b8002033bc00206c
:020000040000fa
:020000040103f6
:101cc000044b9b79012b03d13930a4bf024a137016
:0c1cd000704700bf28b8002033bc002083
:020000040000fa
:020000040103f6
:101cdc0008b56d20fcf7eefe024b1880024bff227c
:0c1cec001a7008bd00bc002035bc0020b0
:020000040000fa
:020000040103f6
:101cf80007b50422019001ab03490120f4f768fa03
:0c1d080003b05df804fb00bff104010112
:020000040000fa
:020000040103f6
:101d140010b50446f9f748f8236e23f4f81323f4b6
:0c1d240004632366bde81040fdf75abfc1
:020000040000fa
:020000040103f6
:101d300010b5054b1c68f7f773fa20461621bde86d
:0c1d4000104000f09dbb00bf64bb002001
:020000040000fa
:020000040103f6
:101d4c0010b5054b1c68f7f765fa20461721bde85e
:0c1d5c00104000f08fbb00bf64bb0020f3
:020000040000fa
:020000040103f6
:101d680008b501f0fbfd28b1034b1878bde8084021
:0c1d7800e4f7f8b908bd00bf44bc00202f
:020000040000fa
:020000040103f6
:101d8400c0f3080310f4007f40f271224fea902060
:0c1d940002fb003018bf00f59c70704787
:020000040000fa
:020000040103f6
:101da00030b501390024a24206d0035d01340d5d37
:0c1db000ab42f8d0581b00e0002030bd12
:020000040000fa
:020000040103f6
:101dbc005ab110b40a44431e11f8014b03f8014ff9
:0c1dcc009142f9d15df8044b704770475c
:020000040000fa
:020000040103f6
:101dd80050b140f21d42b0fa80f1521a8840c30a4d
:0c1de800400503eb0251704701007047fa
:020000040000fa
:020000040103f6
:101df40013b50446019201aad9f78ef8636813f06b
:0c1e0400100f18bf4ff0ff3002b010bdef
:020000040000fa
:020000040103f6
:101e10004c32433a446174612073656e642c726580
:0b1e20006a20727370206661696c001c
:020000040000fa
:020000040103f6
:101e2b00434d443a536574416476456e61626c650b
:0b1e3b002c656e61626c653d25640043
:020000040000fa
:020000040103f6
:101e4600434d443a5265616452656d6f74655478ca
:0b1e5600506f7765724c6576656c007c
:020000040000fa
:020000040103f6
:101e6100434d443a53657453636e456e61626c65cc
:0b1e71002c656e61626c653d2564000d
:020000040000fa
:020000040103f6
:101e7c0000b583b0002300931022fff777f90030f0
:0a1e8c0018bf012003b05df804fb4d
:020000040000fa
:020000040103f6
:101e960010b5fcf752fa38b10446012383710023ca
:0a1ea600037601f018fce06010bda7
:020000040000fa
:020000040103f6
:101eb000434d443a5365745363616e527370446189
:0a1ec00074612c6c656e3d25640012
:020000040000fa
:020000040103f6
:101eca0003680b6023b943684b601960416070472f
:0a1eda00486003685960016070471a
:020000040000fa
:020000040103f6
:101ee4000346006840b1026812b9c3e90023704791
:0a1ef40053601a6812681a60704704
:020000040000fa
:020000040103f6
:101efe0010b504460830fef79af928b181b2204693
:0a1f0e00bde81040fef76db910bdec
:020000040000fa
:020000040103f6
:101f1800037b417b1a0748bf043123f0080303738e
:0a1f280048bfc9b20069fff713ba01
:020000040000fa
:020000040103f6
:101f320010b5837904461bb1c06808b101f08bfe6d
:0a1f42002046bde8104001f086be05
:020000040000fa
:020000040103f6
:101f4c0010b50446006801f0b3f928b120461221ff
:0a1f5c00bde81040fff730bc10bdd7
:020000040000fa
:020000040103f6
:101f660038b50d4614460021182200f0c6fe40f290
:0a1f76000112c5600281448138bdec
:020000040000fa
:020000040103f6
:101f800001fb00f211b9b2fbf0f07047b0fbf1f3c6
:0a1f900001fb130308461946f4e7ad
:020000040000fa
:020000040103f6
:101f9a0008b590f8c8319b0705d500f5e770fbf73f
:0a1faa0086f80439c9b2084608bde4
:020000040000fa
:020000040103f6
:101fb40008b5014618b1012804d0002008bdf7f780
:0a1fc4005dfdfae7edf7c6fdf7e753
:020000040000fa
:020000040103f6
:101fce0052433a53757370656e645265712c20726c
:091fde006f756e643a2025640061
:020000040000fa
:020000040103f6
:101fe70001010201020105020106020202010201ca
:091ff700010101010206020106cc
:020000040000fa
:020000040103f6
:1020000008b5037813b1012b03d008bde0f7b3fe88
:08201000fbe7e1f786fbf8e7ae
:020000040000fa
:020000040103f6
:1020180008b5034b18600348d4f7d6fb08bd00bfca
:0820280014ba00202519030180
:020000040000fa
:020000040103f6
:102030003d200201092103013d280301a19e010168
:08204000ed3a030151280301f0
:020000040000fa
:020000040103f6
:1020480008b518b1012804d0002008bd00f0baff77
:08205800fae7fff7adf8f7e726
:020000040000fa
:020000040103f6
:1020600008b500231a4619460068e0f785fe0128e6
:0820700014bf0020012008bd8f
:020000040000fa
:020000040103f6
:1020780003680bb10020704710b504460120fef735
:0820880099fa2060012010bd4f
:020000040000fa
:020000040103f6
:1020900008b500231a4619460068e0f76dfe0128ce
:0820a00014bf0020012008bd5f
:020000040000fa
:020000040103f6
:1020a80010b50446084611460022f7f705f92060e6
:0820b800003018bf012010bd2b
:020000040000fa
:020000040103f6
:1020c00008b5044b1b681bb1024b58681b68984746
:0820d00008bd00bf5cb900204f
:020000040000fa
:020000040103f6
:1020d80008b50b46034a106401211846fcf714f9a9
:0820e800012008bd00060044c0
:020000040000fa
:020000040103f6
:1020f000044a9368d06883423ebf024a12699b1823
:08210000181a704704b6002014
:020000040000fa
:020000040103f6
:10210800044bd86a9b6a984282bf024a126b9b189a
:08211800181a704704b60020fc
:020000040000fa
:020000040103f6
:10212000044b93f8342083f8340083f83c101046b5
:08213000704700bf04b6002057
:020000040000fa
:020000040103f6
:10213800044b186880ea403080ea504080ea40103a
:08214800186070473cba00204a
:020000040000fa
:020000040103f6
:10215000034b044a92e8030083e80300704700bf82
:0821600064b9002000000f012a
:020000040000fa
:020000040103f6
:10216800034b1b680360034b1b684360704700bf49
:0821780068ba002074ba0020cf
:020000040000fa
:020000040103f6
:1021800000b583b0002301930a4601a9e4f738fba8
:08219000019803b05df804fba7
:020000040000fa
:020000040103f6
:10219800c36843b110b50446184601f09ffc0023fc
:0821a800e360637210bd704793
:020000040000fa
:020000040103f6
:1021b000ed2f0301dd2f03010d5102012d35030128
:0821c0008dbd0201e9390301a4
:020000040000fa
:020000040103f6
:1021c80038b500250446c563a0f84450006c10b12a
:0821d80001f03efd256438bd55
:020000040000fa
:020000040103f6
:1021e000042806d8034b00f1804001381b6843f8ef
:0821f00020107047b8ba00206e
:020000040000fa
:020000040103f6
:1021f800044a136803605368436093688360d36834
:08220800c3607047dcb8002040
:020000040000fa
:020000040103f6
:10221000044a036813604368536083689360c3682b
:08222000d3607047dcb8002018
:020000040000fa
:020000040103f6
:102228004d454d2c416c6c6f63206661696c65642b
:082238002c6c656e3d2564006d
:020000040000fa
:020000040103f6
:1022400018b9034b43f821207047024bfae700bf4f
:08225000a4b9002034b70020fe
:020000040000fa
:020000040103f6
:10225800044b4ff080521a60bff34f8fbff36f8f5c
:08226800704700bf04ed00e027
:020000040000fa
:020000040103f6
:10227000044b4022c3f80421bff34f8fbff36f8f8d
:08228000704700bf00e100e01f
:020000040000fa
:020000040103f6
:102288008b784a781b0403eb02230a781344ca7834
:0822980003eb026303607047d1
:020000040000fa
:020000040103f6
:1022a00008b5f5f779fe30b901f0eafc18b9bde8d8
:0822b0000840fbf7d3bd08bd97
:020000040000fa
:020000040103f6
:1022b80008b5f5f7c5fe30b9f1f7f2fb18b9bde876
:0822c8000840f9f773bb08bde3
:020000040000fa
:020000040103f6
:1022d0000138c0b206289abf024b185c4ff4fa705e
:0822e000704700bf933b0301ae
:020000040000fa
:020000040103f6
:1022e80008b50146406800f08dff20b98868bde850
:0822f800084000f087bf08bd9b
:020000040000fa
:020000040103f6
:10230000044ad2e90231994238bf01f20161cb1a85
:0823100013617047e0b70020e3
:020000040000fa
:020000040103f6
:10231800034b0b221a70034bcd221a8001f03ab9f5
:082328002dbc00200aba0020c0
:020000040000fa
:020000040103f6
:1023300008b5044b00221a60f2f7c0ffbde8084060
:08234000eef75cb804bb0020bd
:020000040000fa
:020000040103f6
:10234800431eaa21023000bf13f8012f4a408342de
:082358001a71f9d1704700bfb2
:020000040000fa
:020000040103f6
:10236000494e493a436c6f736500494e493a4352ae
:082370003d3078253032780081
:020000040000fa
:020000040103f6
:10237800036893f8ac2132b993f8ae31213b012bb5
:0823880001d9f9f7dfbe70472f
:020000040000fa
:020000040103f6
:1023900010b50446006800f091ff20b12046bde86a
:0823a0001040fdf745b810bd27
:020000040000fa
:020000040103f6
:1023a80008b50368d3f88421d20703d493f8b3118e
:0823b80000f05afd012008bdf0
:020000040000fa
:020000040103f6
:1023c0000368ca88a3f81c2251f8012fc3f816220b
:0823d0000a7983f81a22704714
:020000040000fa
:020000040103f6
:1023d80003684a7883f868228a7883f86922b1f812
:0823e8000320a3f86a227047ec
:020000040000fa
:020000040103f6
:1023f0000368194491f970027e2804bf014b93f9d8
:082400000100704728b800201c
:020000040000fa
:020000040103f6
:1024080038b505460c46097bf1f7a8f82146284659
:08241800bde8384001f0d6bb1d
:020000040000fa
:020000040103f6
:1024200010b5b42001f016fc044618b1b422002106
:0824300000f066fc204610bd1f
:020000040000fa
:020000040103f6
:102438000246044b0068516803c39068d16803c31f
:08244800704700bfa034014100
:020000040000fa
:020000040103f6
:1024500010f1310f06da503104db002a0cbf1120d5
:082460000020704711207047b5
:020000040000fa
:020000040103f6
:10246800037c1bb190f93000e5f774bb014b93f97d
:082478000000f9e728b800207c
:020000040000fa
:020000040103f6
:1024800007b50422019001ab41f483310020f3f73a
:08249000a3fe03b05df804fb9c
:020000040000fa
:020000040103f6
:102498000379042b0cbf024b024b1b68184700bf83
:0824a80068bf00206cbf00209a
:020000040000fa
:020000040103f6
:1024b00003783bb1034600bf13f8012f002afbd17c
:0824c000181a70471846704716
:020000040000fa
:020000040103f6
:1024c800416e63686f72204d6f76653a48646c3d63
:0724d8003078253034780054
:020000040000fa
:020000040103f6
:1024e00010b50446e2f73cf82046d7f7edf8204651
:0624f000def75afa10bdf0
:020000040000fa
:020000040103f6
:1024f60008b510b1012803d008bddff78cfefbe755
:0625060000f0dff9f8e728
:020000040000fa
:020000040103f6
:10250c0010b5044608681146fff734fe2060003011
:06251c0018bf012010bdf4
:020000040000fa
:020000040103f6
:1025220000f1080343604ff0ff328260c360036131
:0625320000230360704766
:020000040000fa
:020000040103f6
:1025380010b50446fef73cfea46b00f0c1f9b4faee
:0625480084f0400910bd03
:020000040000fa
:020000040103f6
:10254e000389b3f5706f04d2418911b11846f6f7bd
:06255e0058bc0320704789
:020000040000fa
:020000040103f6
:1025640003460089b0f5706f03d2d3e90312f4f780
:0625740097bb0320704735
:020000040000fa
:020000040103f6
:10257a00036833b100201b68013080b2002bfad106
:06258a007047184670477f
:020000040000fa
:020000040103f6
:1025900010b50a685478137803eb042303800b68a2
:0625a00002330b6010bdc8
:020000040000fa
:020000040103f6
:1025a600434d443a536574416476446174612c6cbe
:0625b600656e3d25640086
:020000040000fa
:020000040103f6
:1025bc0003681bb119791a6811b10260184670478b
:0625cc0018461346f5e776
:020000040000fa
:020000040103f6
:1025d200036833b15a891989914206bf1a680260a9
:0625e200002318467047bb
:020000040000fa
:020000040103f6
:1025e80008b50b7913f0300f0cbf0430083000f039
:0625f800caff002008bd2f
:020000040000fa
:020000040103f6
:1025fe00222303fb0101b1f86030502b28bf50237a
:06260e00a1f85e307047e8
:020000040000fa
:020000040103f6
:1026140010b5046894f8b511fef77cfc10b10323df
:0626240084f8ac3110bd8a
:020000040000fa
:020000040103f6
:10262a0010b50468022384f8ac31f7f7dafd08b96b
:06263a0084f8ac0110bda4
:020000040000fa
:020000040103f6
:1026400010b500210446f3f75bfb20460021fcf7a0
:0626500087f8012010bd17
:020000040000fa
:020000040103f6
:1026560010b500210446fcf7d2fe20460021f3f710
:062666004cfb012010bd39
:020000040000fa
:020000040103f6
:10266c00036893f86430012b02d10921ecf79abd71
:06267c000821fef75cbc22
:020000040000fa
:020000040103f6
:10268200036893f8ac2192065abf93f8ae01c0f3e7
:062692004010012070471a
:020000040000fa
:020000040103f6
:1026980007b50b4601900022012101a8e4f7e2feec
:0626a80003b05df804fb25
:020000040000fa
:020000040103f6
:1026ae000023c0f8253090f8a631002b14bf00236c
:0626be00022303767047c1
:020000040000fa
:020000040103f6
:1026c400034690f80b0129b920b993f80d0108b914
:0626d40093f80c017047b1
:020000040000fa
:020000040103f6
:1026da0010b50c4601f041f920b12046bde8104082
:0626ea00e3f73fbd10bd47
:020000040000fa
:020000040103f6
:1026f00010b50446e6f73cf92046eff7f9ffbde8d0
:062700001040fff731bba1
:020000040000fa
:020000040103f6
:1027060040f271224000b0fbf2f302fb13005b02c1
:0627160043ea5000704789
:020000040000fa
:020000040103f6
:10271c0068076c094c836a9074a07ac00080688842
:06272c0000846c820081b4
:020000040000fa
:020000040103f6
:10273200544d522c5374617274206e756c6c206906
:052742006e70757400cb
:020000040000fa
:020000040103f6
:10274700434d443a53657444656661756c745068cb
:0527570079436d6400f0
:020000040000fa
:020000040103f6
:10275c00434d443a437265617465436f6e6e4361d9
:05276c006e63656c00c6
:020000040000fa
:020000040103f6
:0327710060403095
:020000040000fa
:020000040103f6
:10277400110749535343fe7d4ae58fa99fafd20504
:04278400e45500bf59
:020000040000fa
:020000040103f6
:102788007e3b07ff1c51492fb3398a4c43535349a9
:04279800100000bf6e
:020000040000fa
:020000040103f6
:10279c000229000000000000000000000000000002
:0427ac00020000bf68
:020000040000fa
:020000040103f6
:1027b000b39b7234beecd4a8f443418843535349cd
:0427c000100000bf46
:020000040000fa
:020000040103f6
:1027c40016962447c62361bad94b4d1e4353534929
:0427d400100000bf32
:020000040000fa
:020000040103f6
:1027d80002290000000000000000000000000000c6
:0427e800020000bf2c
:020000040000fa
:020000040103f6
:1027ec0010b50446084600f085ff2060003018bf85
:0427fc00012010bdeb
:020000040000fa
:020000040103f6
:1028000008b509680068fdf794fc012814bf002092
:04281000012008bdde
:020000040000fa
:020000040103f6
:1028140008b500230068e0f7adfa012814bf0020d2
:04282400012008bdca
:020000040000fa
:020000040103f6
:1028280008b5034b186b0021fbf76efd08bd00bf10
:042838000006004452
:020000040000fa
:020000040103f6
:10283c0010b5034b1c6bfff761fc013c201a10bd5b
:04284c0004b60020ae
:020000040000fa
:020000040103f6
:1028500010b5034b1c69fff74bfc013c201a10bd5f
:0428600004b600209a
:020000040000fa
:020000040103f6
:1028640008b54ff0ff31083000f0b8fa003018bf57
:04287400012008bd7a
:020000040000fa
:020000040103f6
:1028780008b5a8220021024800f03efa08bd00bfb2
:0428880074b1002007
:020000040000fa
:020000040103f6
:10288c0008b5fdf727fe04289abfc0f10500c0b2b9
:04289c00002008bd53
:020000040000fa
:020000040103f6
:1028a000034b186810b1836c01338364704700bf19
:0428b00040ba00200a
:020000040000fa
:020000040103f6
:1028b400dff80c00016841f470010160704700000a
:0428c40088ed00e0bb
:020000040000fa
:020000040103f6
:1028c800034a1368013b13600bb983f311887047ff
:0428d80064bf0020b9
:020000040000fa
:020000040103f6
:1028dc0008b5002202491046fcf723fa08bd00bfd8
:0428ec00a93b030100
:020000040000fa
:020000040103f6
:1028f0000389b3f5706f03d2c1681846f5f7d4bdec
:0429000003207047f9
:020000040000fa
:020000040103f6
:102904000389b3f5706f03d2c1681846f5f73aba74
:0429140003207047e5
:020000040000fa
:020000040103f6
:10291800034b1b6853f82030104653f821301847f2
:0429280098ba002039
:020000040000fa
:020000040103f6
:10292c0010b504460621f3f749f9637903f03f0328
:04293c00637110bdf6
:020000040000fa
:020000040103f6
:1029400008b5034b1b689b689847002008bd00bf73
:042950009cba00200d
:020000040000fa
:020000040103f6
:10295400034b53f82030104653f82130184700bf7a
:0429640084b9002012
:020000040000fa
:020000040103f6
:1029680008b5034b1b689881e4f7fcfc002008bd00
:04297800a8ba0020d9
:020000040000fa
:020000040103f6
:10297c001346427a12b1827ad20702d45222e2f77b
:04298c0029ba7047ad
:020000040000fa
:020000040103f6
:1029900008b5fef7ccfe024b33f8100008bd00bfaf
:0429a0002e1f0201e3
:020000040000fa
:020000040103f6
:1029a40008b500f051fa024b33f8100008bd00bf1f
:0429b4002e1f0201cf
:020000040000fa
:020000040103f6
:1029b80008b5faf72dfa024b33f8100008bd00bf2e
:0429c8002e1f0201bb
:020000040000fa
:020000040103f6
:1029cc0008b5faf707fa024b33f8100008bd00bf40
:0429dc002e1f0201a7
:020000040000fa
:020000040103f6
:1029e00008b500f02fff024b33f8100008bd00bf00
:0429f0002e1f020193
:020000040000fa
:020000040103f6
:1029f40008b5f5f71ffa024b33f8100008bd00bf05
:042a04002e1f02017e
:020000040000fa
:020000040103f6
:102a080008b5fff755fc024b33f8100008bd00bfae
:042a18002e1f02016a
:020000040000fa
:020000040103f6
:102a1c0030b50023c45ccd5c6c40d4540133102b16
:042a2c00f8d130bdf0
:020000040000fa
:020000040103f6
:102a300000230b60036813b901604160704743686d
:042a40001960fae738
:020000040000fa
:020000040103f6
:102a44004d6963726f636869704368696d6572612b
:042a54004144445263
:020000040000fa
:020000040103f6
:102a58004d53472c476574206661696c2c6c656e14
:042a68003d256400a4
:020000040000fa
:020000040103f6
:102a6c005359530000484f5354004c484349004cb1
:042a7c004d00000009
:020000040000fa
:020000040103f6
:102a8000544d522c53746f70206e756c6c20696eaf
:042a900070757400e9
:020000040000fa
:020000040103f6
:102a940001390244824200d1704711f8013f02f823
:042aa400013df7e712
:020000040000fa
:020000040103f6
:102aa80038b50c4609681546fff784f922682a44a8
:042ab800226038bda3
:020000040000fa
:020000040103f6
:102abc0038b5044600681546fff77af922682a44af
:042acc00226038bd8f
:020000040000fa
:020000040103f6
:102ad000034b1b6853f8e02f02609b88838070478c
:042ae00000bb002017
:020000040000fa
:020000040103f6
:102ae400d0f8783123b10023c0f878311846704704
:042af4000120704706
:020000040000fa
:020000040103f6
:102af800034b1878072894bf00200120704700bfb7
:042b08002ebc0020bf
:020000040000fa
:020000040103f6
:102b0c0008b5102001f0a0f818b100238380837160
:042b1c00c36008bdcd
:020000040000fa
:020000040103f6
:102b2000034b1b6853f8d02f02611b790375704764
:042b3000c0bb002006
:020000040000fa
:020000040103f6
:102b340010b50446f5f7dcfd18b12368122283f8ba
:042b4400ac2110bdf3
:020000040000fa
:020000040103f6
:102b4800024b1860024b1960704700bf2cbb002075
:042b580024bb00207a
:020000040000fa
:020000040103f6
:102b5c00036893f8643013b90321e4f7ecb810213f
:042b6c00e6f760b870
:020000040000fa
:020000040103f6
:102b70000138c0b207289abf014b185cff2070478c
:042b80005c3b0301b6
:020000040000fa
:020000040103f6
:102b840010b5034c206801f065f80023236010bde4
:042b940044bb00201e
:020000040000fa
:020000040103f6
:102b980010b5d0e900230c6804604c684460c1e9b2
:042ba800002310bd39
:020000040000fa
:020000040103f6
:102bac0052433a436c6561724362207265713a25f7
:042bbc003038780035
:020000040000fa
:020000040103f6
:102bc00052433a53757370656e6443622072657147
:042bd0003a2578002a
:020000040000fa
:020000040103f6
:102bd400534d503a47656e206b65792c66342066f8
:042be40061696c00b7
:020000040000fa
:020000040103f6
:102be800534d503a47656e206b65792c66352066e3
:042bf80061696c00a3
:020000040000fa
:020000040103f6
:102bfc00534d503a47656e206b65792c66362066ce
:042c0c0061696c008e
:020000040000fa
:020000040103f6
:102c1000534d503a47656e206b65792c67322066bc
:042c200061696c007a
:020000040000fa
:020000040103f6
:102c240008b5fbf703ff18b101230372002008bda8
:042c34000320fce796
:020000040000fa
:020000040103f6
:102c3800034b53f82030104653f82130184700bf93
:042c4800dcb90020d3
:020000040000fa
:020000040103f6
:102c4c00034b1b681878a0f1ff035842584170479a
:042c5c0078bb002021
:020000040000fa
:020000040103f6
:102c6000034b1b681878b0fa80f04009704700bf2a
:042c700078bb00200d
:020000040000fa
:020000040103f6
:102c7400034b1b681b7823fa00f000f00100704737
:042c840078bb0020f9
:020000040000fa
:020000040103f6
:102c8800034b1a68000c60f31f421a60704700bfbc
:042c980000240141d2
:020000040000fa
:020000040103f6
:102c9c0008b5034b00681b689847002008bd00bfaf
:042cac008cbb0020bd
:020000040000fa
:020000040103f6
:102cb000b0f84e30b0f84a20db00b3fbf2f3c0e9c5
:042cc0002033704706
:020000040000fa
:020000040103f6
:102cc40008b50368d3f87c3113b91121fff7e2fb8f
:042cd400002008bd17
:020000040000fa
:020000040103f6
:102cd800024b00201860024b18707047c4bb0020dc
:042ce80047bc0020c5
:020000040000fa
:020000040103f6
:102cec00372f030179180301b93c0301b93c0301e7
:042cfc00b93c0301db
:020000040000fa
:020000040103f6
:102d000032b1c9b20244034603f8011b9342fbd11e
:042d1000704700bf49
:020000040000fa
:020000040103f6
:102d1400034600bf11f8012b184603f8012b002ac3
:042d2400f8d170472b
:020000040000fa
:020000040103f6
:102d2800434d443a536574525041544f2c544f3dcf
:032d38002564000f
:020000040000fa
:020000040103f6
:102d3b0053434e3a46444361636865467265652862
:032d4b003229002a
:020000040000fa
:020000040103f6
:102d4e004348433a616464205265712c5065723d6c
:032d5e00256400e9
:020000040000fa
:020000040103f6
:102d620008b50378122b00d008bd406800f0b9fe08
:022d7200fae77e
:020000040000fa
:020000040103f6
:102d740008b511461a4600f004f8003018bf0120c7
:022d840008bd88
:020000040000fa
:020000040103f6
:102d860008b518b100f0c8fb002008bd6ff0ac0014
:022d9600fbe759
:020000040000fa
:020000040103f6
:102d98004ff0200383f31188bff36f8fbff34f8f7a
:022da800fee744
:020000040000fa
:020000040103f6
:102daa004ff0200383f31188bff36f8fbff34f8f68
:022dba00fee732
:020000040000fa
:020000040103f6
:102dbc0008b50068e0f70afe012814bf00200120c6
:022dcc0008bd40
:020000040000fa
:020000040103f6
:102dce0008b5006800f029f8ff2828bfff20c0b220
:022dde0008bd2e
:020000040000fa
:020000040103f6
:102de00008b50068e0f7f8fd012814bf00200120b5
:022df00008bd1c
:020000040000fa
:020000040103f6
:102df20008b50068e3f703fd012814bf0020012095
:022e020008bd09
:020000040000fa
:020000040103f6
:102e040008b5006800f082fb012814bf00200120ef
:022e140008bdf7
:020000040000fa
:020000040103f6
:102e160010b5fbf792fa18b1044600f05cfce060ce
:022e260010bddd
:020000040000fa
:020000040103f6
:102e280010b50446fef7c4f9a46bfff749fd204628
:022e380010bdcb
:020000040000fa
:020000040103f6
:102e3a0008b5f6f710f818b9bde80840faf787bfe1
:022e4a0008bdc1
:020000040000fa
:020000040103f6
:102e4c0008b5f6f77ff818b9bde80840fbf71ab8d3
:022e5c0008bdaf
:020000040000fa
:020000040103f6
:102e5e00434d443a5264416476412c68646c3d257e
:022e6e006400fe
:020000040000fa
:020000040103f6
:102e70000368162983f89d1101d1fef741befef7c4
:022e80004dbe45
:020000040000fa
:020000040103f6
:102e82000346006820b102681a600ab95b607047a5
:022e9200704787
:020000040000fa
:020000040103f6
:102e94004389092b9abf03f1ff33dbb20823c371c3
:022ea400704775
:020000040000fa
:020000040103f6
:102ea60010b50468ebf739fa10b1052384f8ac3194
:022eb60010bd4d
:020000040000fa
:020000040103f6
:102eb80010b50468f6f7c1fe10b1132384f8ac31dd
:022ec80010bd3b
:020000040000fa
:020000040103f6
:102eca00012805d0022803d0042814bf01200320ba
:022eda0070473f
:020000040000fa
:020000040103f6
:102edc0001680b69c1f8ac308b6a0bb1086a1847f2
:022eec0070472d
:020000040000fa
:020000040103f6
:102eee0010b5841a64024cbf501ac01ac0f3805039
:022efe0010bd05
:020000040000fa
:020000040103f6
:102f000090f8c831db0703d500f2c910faf7d4b83e
:022f1000704708
:020000040000fa
:020000040103f6
:102f120010b50446f1f7d5fe2046bde81040faf799
:022f220068bf86
:020000040000fa
:020000040103f6
:102f2400000102000201010002010200020001028c
:022f340001009a
:020000040000fa
:020000040103f6
:102f36000a440023914201d10020704701f8013b69
:022f4600f8e7aa
:020000040000fa
:020000040103f6
:102f4800434d443a47656e5075624b6579436d64ed
:012f58000078
:020000040000fa
:020000040103f6
:102f5a0008b5e7f7d8fbf4f73cf9fbf74cfa08bddc
:020000040000fa
:020000040103f6
:022f6a0008005d
:020000040000fa
:020000040103f6
:102f6c0055e405d2af9fa98fe54a7dfe43535349e3
:020000040000fa
:020000040103f6
:102f7c0008b509210148f8f75dff08bd8cbe00209b
:020000040000fa
:020000040103f6
:102f8c00024b186800f44050704700bf0006004424
:020000040000fa
:020000040103f6
:102f9c00024b1868c0f3c030704700bf00060044f5
:020000040000fa
:020000040103f6
:102fac0010b9024b187970470320704738b90020cc
:020000040000fa
:020000040103f6
:102fbc00424c45004150505f5461736b730000bf2d
:020000040000fa
:020000040103f6
:102fcc00024a136801331360704700bf54ba0020e3
:020000040000fa
:020000040103f6
:102fdc00806803781f2b01d8f8f768bf032070476f
:020000040000fa
:020000040103f6
:102fec00806803781f2b01d8f8f742bf0320704785
:020000040000fa
:020000040103f6
:102ffc00024b1b68d3f88431184700bf94ba0020e9
:020000040000fa
:020000040103f6
:10300c00024b1b68d3f88831184700bf94ba0020d4
:020000040000fa
:020000040103f6
:10301c00024b1b68d3f89031184700bf94ba0020bc
:020000040000fa
:020000040103f6
:10302c00024b1b68d3f87831184700bf94ba0020c4
:020000040000fa
:020000040103f6
:10303c00024b1b68d3f89431184700bf94ba002098
:020000040000fa
:020000040103f6
:10304c00024b1b68d3f87c31184700bf94ba0020a0
:020000040000fa
:020000040103f6
:10305c00024b1b68d3f89831184700bf94ba002074
:020000040000fa
:020000040103f6
:10306c00024b1b6843f82010704700bf98ba002031
:020000040000fa
:020000040103f6
:10307c0008b500231a461946edf7e2f8c0b208bdb0
:020000040000fa
:020000040103f6
:10308c00024b104653f82130184700bfe4d9020117
:020000040000fa
:020000040103f6
:10309c00000001000300010001000100010002001a
:020000040000fa
:020000040103f6
:1030ac0003681bb11a68026002b942601846704787
:020000040000fa
:020000040103f6
:1030bc00024b01221a700020704700bf3abc00205e
:020000040000fa
:020000040103f6
:1030cc00437df02b01d100f00bb890f86c007047e9
:020000040000fa
:020000040103f6
:1030dc00024b1b6803eb800041627047f8ba00207a
:020000040000fa
:020000040103f6
:1030ec00024b1b6893f8e600704700bf00bb002042
:020000040000fa
:020000040103f6
:1030fc00024b1b6883f80301704700bf00bb002024
:020000040000fa
:020000040103f6
:10310c00024b1b6883f80401704700bf00bb002012
:020000040000fa
:020000040103f6
:10311c00024b1b6893f80401704700bf00bb0020f2
:020000040000fa
:020000040103f6
:10312c00024b1b68b3f80001704700bf00bb0020c6
:020000040000fa
:020000040103f6
:10313c00024b1b68c3f84401704700bf00bb002062
:020000040000fa
:020000040103f6
:10314c00024b1b68c3f84801704700bf00bb00204e
:020000040000fa
:020000040103f6
:10315c00024b1b68c3e94b00704700bf00bb00204b
:020000040000fa
:020000040103f6
:10316c00024b1b68c3f84c01704700bf00bb00202a
:020000040000fa
:020000040103f6
:10317c00024b1b68c3f85001704700bf00bb002016
:020000040000fa
:020000040103f6
:10318c00024b1b68c3f85401704700bf00bb002002
:020000040000fa
:020000040103f6
:10319c00024b1b68c3f85801704700bf00bb0020ee
:020000040000fa
:020000040103f6
:1031ac00024b1b68c3f85c01704700bf00bb0020da
:020000040000fa
:020000040103f6
:1031bc00024b1b68c3f86401704700bf00bb0020c2
:020000040000fa
:020000040103f6
:1031cc00024b1b68c3f86801704700bf00bb0020ae
:020000040000fa
:020000040103f6
:1031dc00024b1b68c3f86c01704700bf00bb00209a
:020000040000fa
:020000040103f6
:1031ec00024b1b68c3f87001704700bf00bb002086
:020000040000fa
:020000040103f6
:1031fc00434d443a47656e44684b6579436d6400b2
:020000040000fa
:020000040103f6
:10320c0028b1028943899a4201d10068f8e77047d6
:020000040000fa
:020000040103f6
:10321c0008b500f059fb10b100f018fd012008bdf5
:020000040000fa
:020000040103f6
:10322c0008b5fff767f8014808bd00bfe0b70020fc
:020000040000fa
:020000040103f6
:10323c0008b51c2000f008fd08b10223037308bd7b
:020000040000fa
:020000040103f6
:10324c0008b5182000f000fd08b10123037308bd78
:020000040000fa
:020000040103f6
:10325c00434d443a5265616452737369436d640023
:020000040000fa
:020000040103f6
:10326c0008b5fdf755fb00280cbf0c20002008bd4d
:020000040000fa
:020000040103f6
:10327c0001490248fff762bc21dc02010d61020129
:020000040000fa
:020000040103f6
:10328c0003684a7883f86e228a7883f86f22704735
:020000040000fa
:020000040103f6
:10329c0003684a7883f8b2218a7883f8b32170479f
:020000040000fa
:020000040103f6
:1032ac0003684a7883f865228a7883f86622704727
:020000040000fa
:020000040103f6
:1032bc00d0f8ac3113f0ff1f0cbf01200020704779
:020000040000fa
:020000040103f6
:1032cc0007b5019001a8e2f755fb03b05df804fbcc
:020000040000fa
:020000040103f6
:1032dc0007b5019001a8e8f71dff03b05df804fbea
:020000040000fa
:020000040103f6
:1032ec00024b1b6893f83403704700bf58bb002097
:020000040000fa
:020000040103f6
:1032fc00024b1b68d86000f08fbc00bf68bb00207d
:020000040000fa
:020000040103f6
:10330c00be83605adb0b376038a5f5aa9183886cb5
:020000040000fa
:020000040103f6
:10331c00024b1a8860f308221a807047183e01414c
:020000040000fa
:020000040103f6
:10332c00024b1a8860f349221a807047183e0141fb
:020000040000fa
:020000040103f6
:10333c00024b1b681844c078704700bf78bb002054
:020000040000fa
:020000040103f6
:10334c0000f0fd00012802d10846f7f79fbe704738
:020000040000fa
:020000040103f6
:10335c00024a0b210020f8f73fbe00bf810b03018e
:020000040000fa
:020000040103f6
:10336c00024a0c210020f8f737be00bf39150301c3
:020000040000fa
:020000040103f6
:10337c00024a0d210020f8f72fbe00bfa50b030158
:020000040000fa
:020000040103f6
:10338c00024a04210120f8f727be00bfc90b030134
:020000040000fa
:020000040103f6
:10339c0008b50b46c1b21846fff778f8002008bdf7
:020000040000fa
:020000040103f6
:1033ac00d0f87831987a0a289cbf0130c0b27047a7
:020000040000fa
:020000040103f6
:1033bc00024b93f90000e4f7cbbb00bf28b8002008
:020000040000fa
:020000040103f6
:1033cc00024b93f90000e4f7c3bb00bf28b8002000
:020000040000fa
:020000040103f6
:1033dc00024b00eb400003eb4000704776b6002038
:020000040000fa
:020000040103f6
:1033ec00024b1a6802609b8883807047f7b90020f3
:020000040000fa
:020000040103f6
:1033fc0040f2fc7303ea8003400a138008607047b4
:020000040000fa
:020000040103f6
:10340c00024a08210220f8f7e7bd00bfa10c030116
:020000040000fa
:020000040103f6
:10341c00024a09210220f8f7dfbd00bf59c402019e
:020000040000fa
:020000040103f6
:10342c00024a0a210220f8f7d7bd00bf5916030142
:020000040000fa
:020000040103f6
:10343c00024a0d210020f8f7cfbd00bfc50c0301d7
:020000040000fa
:020000040103f6
:10344c00024a08210220f8f7c7bd00bfe90c0301ae
:020000040000fa
:020000040103f6
:10345c00024a09210220f8f7bfbd00bf0d0d030180
:020000040000fa
:020000040103f6
:10346c00024a0a210220f8f7b7bd00bf310d030153
:020000040000fa
:020000040103f6
:10347c00024a0d210020f8f7afbd00bf550d030126
:020000040000fa
:020000040103f6
:10348c00494e4600696e66004e414e006e616e00fc
:020000040000fa
:020000040103f6
:10349c00494e4600696e66004e414e006e616e00ec
:020000040000fa
:020000040103f6
:0f34ac00000102030304050506070707070708c9
:020000040000fa
:020000040103f6
:0f34bb00434d443a52656164506879436d640033
:020000040000fa
:020000040103f6
:0e34ca0008b50020def7b9f8f4f741fffce783
:020000040000fa
:020000040103f6
:0e34d80010b50c46faf730ff00b1047110bdbc
:020000040000fa
:020000040103f6
:0e34e60008b5faf72aff08b10122427108bdad
:020000040000fa
:020000040103f6
:0e34f40010b50c46faf722ff00b1c47010bdef
:020000040000fa
:020000040103f6
:0e35020008b5fcf76afa003018bf012008bdba
:020000040000fa
:020000040103f6
:0e351000836bc06b984214bf002001207047ef
:020000040000fa
:020000040103f6
:0e351e0008b513460a461946e9f779ff08bdbd
:020000040000fa
:020000040103f6
:0e352c00037a4189181c18bf0120f2f73fb93d
:020000040000fa
:020000040103f6
:0e353a00827a90f9091090f90800fff756ba4e
:020000040000fa
:020000040103f6
:0e35480010b504460830f6f75df8208010bd7f
:020000040000fa
:020000040103f6
:0e355600eff31083036072b6bff35f8f704710
:020000040000fa
:020000040103f6
:0e3564000b681b7803700b6801330b60704717
:020000040000fa
:020000040103f6
:0e35720000230b6043684b6019604160704796
:020000040000fa
:020000040103f6
:0e358000434d443a52656164547850777200ae
:020000040000fa
:020000040103f6
:0e358e00036813b90160184670471846f8e745
:020000040000fa
:020000040103f6
:0e359c0008b5fdf7abf9bde80840f5f727b814
:020000040000fa
:020000040103f6
:0e35aa004556543a69643d3078253034780037
:020000040000fa
:020000040103f6
:0e35b8004348433a434820496e642c25640082
:020000040000fa
:020000040103f6
:0e35c60008b5fbf7e2ff08b190f8560008bd0b
:020000040000fa
:020000040103f6
:0e35d4000707111102110b110811024111021b
:020000040000fa
:020000040103f6
:0e35e20090f8c83103f0010380f823307047e1
:020000040000fa
:020000040103f6
:0e35f00010b50446fef778fec4f8a00010bd2a
:020000040000fa
:020000040103f6
:0e35fe00a0f14103192b98bf40f02000704748
:020000040000fa
:020000040103f6
:0e360c00a0f16103192b98bf00f05f0070471a
:020000040000fa
:020000040103f6
:02361a00001896
:020000040000fa
:020000040103f6
:0c361c0044494d4d45525f30310000bf65
:020000040000fa
:020000040103f6
:0c36280008b500210120f9f78ff808bd5b
:020000040000fa
:020000040103f6
:0c36340008b500210120f9f789f808bd55
:020000040000fa
:020000040103f6
:0c364000014b18700020704709bc0020ee
:020000040000fa
:020000040103f6
:0c364c00014b01221a70704709bc0020dd
:020000040000fa
:020000040103f6
:0c365800014b1860704700bf1cba002036
:020000040000fa
:020000040103f6
:0c366400014b1860704700bf24ba002022
:020000040000fa
:020000040103f6
:0c3670000000000003000000000000004b
:020000040000fa
:020000040103f6
:0c367c00083c0301c0f002010000000047
:020000040000fa
:020000040103f6
:0c36880008b50421faf740fe012008bd3f
:020000040000fa
:020000040103f6
:0c36940008b1014a9063704704b60020a2
:020000040000fa
:020000040103f6
:0c36a000014b18625962704704b600200c
:020000040000fa
:020000040103f6
:0c36ac00014b5888704700bf2cba00206a
:020000040000fa
:020000040103f6
:0c36b800014b1868704700bf6c00002038
:020000040000fa
:020000040103f6
:0c36c400014b1878704700bf1abc0020b2
:020000040000fa
:020000040103f6
:0c36d00008b5f7f78ff9f0f779fc08bd9a
:020000040000fa
:020000040103f6
:0c36dc00014b1868704700bf74ba002052
:020000040000fa
:020000040103f6
:0c36e800014b1868704700bf4cba00206e
:020000040000fa
:020000040103f6
:0c36f400014b01221a60704778ba0020d8
:020000040000fa
:020000040103f6
:0c37000008b500220421f5f7dbfd08bd30
:020000040000fa
:020000040103f6
:0c370c00014b1860704700bf90ba00200d
:020000040000fa
:020000040103f6
:0c371800d0e90423c1680089fbf733bb33
:020000040000fa
:020000040103f6
:0c3724008389827a417a007aeff7e4bdd5
:020000040000fa
:020000040103f6
:0c373000397202012537030149350301fd
:020000040000fa
:020000040103f6
:0c373c00014b1b685b6818479cba00201a
:020000040000fa
:020000040103f6
:0c374800014b1b68184700bfa0ba00200e
:020000040000fa
:020000040103f6
:0c3754008368187808b1e2f7e9bb704701
:020000040000fa
:020000040103f6
:0c3760000146014800f07abaa6b600202d
:020000040000fa
:020000040103f6
:0c376c00014b1b6858607047acba00208d
:020000040000fa
:020000040103f6
:0c377800014b1b6898607047acba002041
:020000040000fa
:020000040103f6
:0c3784000148fff7f7bf00bff13302015e
:020000040000fa
:020000040103f6
:0c379000014b1860704700bfb4ba002065
:020000040000fa
:020000040103f6
:0c379c00014b93f90000704723bc002093
:020000040000fa
:020000040103f6
:0c37a800014b93f90000704722bc002088
:020000040000fa
:020000040103f6
:0c37b400014b1878704700bf24bc0020b7
:020000040000fa
:020000040103f6
:0c37c000014b1860704700bfe4ba002005
:020000040000fa
:020000040103f6
:0c37cc00014b1860704700bfe0ba0020fd
:020000040000fa
:020000040103f6
:0c37d800014b1878704700bf26bc002091
:020000040000fa
:020000040103f6
:0c37e400014b1870704700bf26bc00208d
:020000040000fa
:020000040103f6
:0c37f000014b00221a70704725bc00201d
:020000040000fa
:020000040103f6
:0c37fc00014b1878704700bf25bc00206e
:020000040000fa
:020000040103f6
:0c380800bff35f8f036883f310887047e4
:020000040000fa
:020000040103f6
:0c381400014b1878704700bf29bc002051
:020000040000fa
:020000040103f6
:0c3820004a780b7803eb0223038070470a
:020000040000fa
:020000040103f6
:0c382c00036819700368013303607047e3
:020000040000fa
:020000040103f6
:0c383800036819800368023303607047c6
:020000040000fa
:020000040103f6
:0c384400014b0020187070473abc0020b7
:020000040000fa
:020000040103f6
:0c385000014b1b68d8667047f8ba0020d6
:020000040000fa
:020000040103f6
:0c385c00014b1b68d8607047f8ba0020d0
:020000040000fa
:020000040103f6
:0c386800014b1b6898617047f8ba002003
:020000040000fa
:020000040103f6
:0c387400014b1b68d8617047f8ba0020b7
:020000040000fa
:020000040103f6
:0c388000014b1b6818627047f8ba00206a
:020000040000fa
:020000040103f6
:0c388c00006810b1437d8b42fad17047f8
:020000040000fa
:020000040103f6
:0c389800014b1b68d8647047fcba00208c
:020000040000fa
:020000040103f6
:0c38a400014b1860704700bf0cbb0020f7
:020000040000fa
:020000040103f6
:0c38b000014b01221a60704708bb002089
:020000040000fa
:020000040103f6
:0c38bc00014b00221a60704708bb00207e
:020000040000fa
:020000040103f6
:0c38c800014b1878704700bf2ebc002098
:020000040000fa
:020000040103f6
:0c38d40011b90430fef77bbe0830fbe7a2
:020000040000fa
:020000040103f6
:0c38e000014b1860704700bf1cbb0020ab
:020000040000fa
:020000040103f6
:0c38ec00014b1860704700bf18bb0020a3
:020000040000fa
:020000040103f6
:0c38f800014b1860704700bf14bb00209b
:020000040000fa
:020000040103f6
:0c390400014b1860704700bf10bb002092
:020000040000fa
:020000040103f6
:0c391000014b43f82010704754b7002012
:020000040000fa
:020000040103f6
:0c391c00014b1860704700bf34bb002056
:020000040000fa
:020000040103f6
:0c392800014b43f820107047d0b600207f
:020000040000fa
:020000040103f6
:0c39340001684b6a0bb1086a1847704725
:020000040000fa
:020000040103f6
:0c39400008b5e9f7fbfbc0f3870008bde9
:020000040000fa
:020000040103f6
:0c394c00014b43f820107047dcb900204c
:020000040000fa
:020000040103f6
:0c395800014b1b685878704778bb0020ba
:020000040000fa
:020000040103f6
:0c396400014b1b689878704778bb00206e
:020000040000fa
:020000040103f6
:0c397000014b00221a70704733bc00208d
:020000040000fa
:020000040103f6
:0c397c00014b1860704700bf7cbb0020ae
:020000040000fa
:020000040103f6
:0c398800014b1860704700bf8cbb002092
:020000040000fa
:020000040103f6
:0c399400014b1860704700bf68bf0020a6
:020000040000fa
:020000040103f6
:0c39a000014b1860704700bf6cbf002096
:020000040000fa
:020000040103f6
:0c39ac0008b51221fef772fd002008bdd6
:020000040000fa
:020000040103f6
:0c39b800014b1860704700bf94bb00205a
:020000040000fa
:020000040103f6
:0c39c400014b43f820107047a8b600200b
:020000040000fa
:020000040103f6
:0c39d00010b50446fff79ef9204610bd1c
:020000040000fa
:020000040103f6
:0b39dc004552523a4c31364230730025
:020000040000fa
:020000040103f6
:0a39e800c168007a4a1cfef709b816
:020000040000fa
:020000040103f6
:0a39f200c16890f90800fef7e8bf75
:020000040000fa
:020000040103f6
:0a39fc00c16890f90800fef7d9bf7a
:020000040000fa
:020000040103f6
:0a3a06000a4601460220fcf7c0be8c
:020000040000fa
:020000040103f6
:0a3a100000231a461946ecf719bc12
:020000040000fa
:020000040103f6
:0a3a1a00427b017b8068f7f7d6b805
:020000040000fa
:020000040103f6
:0a3a240003680bb1fff750bc7047b8
:020000040000fa
:020000040103f6
:0a3a2e0003680bb1fff753bc7047ab
:020000040000fa
:020000040103f6
:0a3a3800434d443a436c72524c00b7
:020000040000fa
:020000040103f6
:0a3a4200434d443a436c72574c00a8
:020000040000fa
:020000040103f6
:0a3a4c0008b500f003f9002008bde2
:020000040000fa
:020000040103f6
:0a3a56000368da680a60d96070475f
:020000040000fa
:020000040103f6
:0a3a60000a4601461320dbf76bbd98
:020000040000fa
:020000040103f6
:0a3a6a0003680bb1fff735bc70478d
:020000040000fa
:020000040103f6
:0a3a740003684a7883f8b321704715
:020000040000fa
:020000040103f6
:0a3a7e0003684a7883f8b42170470a
:020000040000fa
:020000040103f6
:0a3a8800307825782c30782578007e
:020000040000fa
:020000040103f6
:0a3a920003680bb1fff721bc704779
:020000040000fa
:020000040103f6
:0a3a9c000a4601460320fcf775be40
:020000040000fa
:020000040103f6
:0a3aa60008b5fdf7c6fcc0b208bd6c
:020000040000fa
:020000040103f6
:0a3ab00000b9704700bf0138fae7c3
:020000040000fa
:020000040103f6
:0a3aba00036e43f4c0730366704707
:020000040000fa
:020000040103f6
:083ac40008b5f1f77ffa08bd17
:020000040000fa
:020000040103f6
:083acc00a3000100a8000100a5
:020000040000fa
:020000040103f6
:083ad40008b5f2f7a0fe08bde1
:020000040000fa
:020000040103f6
:083adc0008b5e1f74ff808bd41
:020000040000fa
:020000040103f6
:083ae40008b5ebf779fa08bd03
:020000040000fa
:020000040103f6
:083aec0008b5fef7fffa08bd62
:020000040000fa
:020000040103f6
:083af40008b5daf76dfcfce7f0
:020000040000fa
:020000040103f6
:083afc000048704774b100207e
:020000040000fa
:020000040103f6
:083b0400218001019506030177
:020000040000fa
:020000040103f6
:083b0c0039120301b90603019f
:020000040000fa
:020000040103f6
:083b1400c168007afaf78abccf
:020000040000fa
:020000040103f6
:083b1c00d0e90201f5f732be09
:020000040000fa
:020000040103f6
:083b2400003018bf01207047ba
:020000040000fa
:020000040103f6
:083b2c00d0e90201fdf792bb94
:020000040000fa
:020000040103f6
:083b34005049433332435800ad
:020000040000fa
:020000040103f6
:083b3c0069e60101254a0201be
:020000040000fa
:020000040103f6
:083b440013461222e1f74ab911
:020000040000fa
:020000040103f6
:083b4c00456363446f6e6500e0
:020000040000fa
:020000040103f6
:083b540000680c30fef730bde3
:020000040000fa
:020000040103f6
:083b5c000001ff02ffffff035f
:020000040000fa
:020000040103f6
:083b6400004870474abc002034
:020000040000fa
:020000040103f6
:083b6c008168c088f4f7c4bcb5
:020000040000fa
:020000040103f6
:083b7400890841ea4020704776
:020000040000fa
:020000040103f6
:083b7c0083f00043d9f79abb66
:020000040000fa
:020000040103f6
:083b8400286e696c2900250080
:020000040000fa
:020000040103f6
:073b8c000093939367110001
:020000040000fa
:020000040103f6
:073b9300fa96644b321e1488
:020000040000fa
:020000040103f6
:073b9a00286e756c6c290018
:020000040000fa
:020000040103f6
:063ba200002303617047df
:020000040000fa
:020000040103f6
:063ba8006ff48770704706
:020000040000fa
:020000040103f6
:063bae008068f9f76eb813
:020000040000fa
:020000040103f6
:063bb400411cf8f7bbb94b
:020000040000fa
:020000040103f6
:063bba008068fff7fabf6e
:020000040000fa
:020000040103f6
:063bc000103000f047b8d0
:020000040000fa
:020000040103f6
:063bc600c043faf76abdde
:020000040000fa
:020000040103f6
:063bcc000068fef70bbdce
:020000040000fa
:020000040103f6
:063bd2000221e3f7b5b883
:020000040000fa
:020000040103f6
:063bd8002221fff749b9ac
:020000040000fa
:020000040103f6
:063bde000068ebf73ebe9b
:020000040000fa
:020000040103f6
:063be40001230377704786
:020000040000fa
:020000040103f6
:053bea00020500012aa4
:020000040000fa
:020000040103f6
:053bef00020300002aa2
:020000040000fa
:020000040103f6
:053bf4000a0300002a95
:020000040000fa
:020000040103f6
:053bf9000a1500292b54
:020000040000fa
:020000040103f6
:053bfe000217002a2b54
:020000040000fa
:020000040103f6
:053c0300201200052a5b
:020000040000fa
:020000040103f6
:043c08003020030164
:020000040000fa
:020000040103f6
:043c0c0000befee711
:020000040000fa
:020000040103f6
:043c10008163704715
:020000040000fa
:020000040103f6
:043c14004163704751
:020000040000fa
:020000040103f6
:043c1800416170474f
:020000040000fa
:020000040103f6
:043c1c0001207047cc
:020000040000fa
:020000040103f6
:043c2000fef7debe0f
:020000040000fa
:020000040103f6
:043c2400f9f7a4b850
:020000040000fa
:020000040103f6
:043c2800f2f704bcef
:020000040000fa
:020000040103f6
:043c2c00fcf79ebd46
:020000040000fa
:020000040103f6
:043c300000207047b9
:020000040000fa
:020000040103f6
:043c340000f010b8d4
:020000040000fa
:020000040103f6
:043c380000207047b1
:020000040000fa
:020000040103f6
:043c3c00edf7d0be12
:020000040000fa
:020000040103f6
:043c400000207047a9
:020000040000fa
:020000040103f6
:043c440000207047a5
:020000040000fa
:020000040103f6
:043c480000207047a1
:020000040000fa
:020000040103f6
:043c4c00002070479d
:020000040000fa
:020000040103f6
:043c50000020704799
:020000040000fa
:020000040103f6
:043c5400e7f70ab9cb
:020000040000fa
:020000040103f6
:043c5800f9f7f8bec2
:020000040000fa
:020000040103f6
:043c5c00018070472c
:020000040000fa
:020000040103f6
:043c60000160704748
:020000040000fa
:020000040103f6
:043c6400fef7aab805
:020000040000fa
:020000040103f6
:043c6800fff71cbe88
:020000040000fa
:020000040103f6
:043c6c00fff720be80
:020000040000fa
:020000040103f6
:043c7000fff724be78
:020000040000fa
:020000040103f6
:043c7400faf744bd5a
:020000040000fa
:020000040103f6
:043c7800fff750be44
:020000040000fa
:020000040103f6
:043c7c00002070476d
:020000040000fa
:020000040103f6
:043c80000020704769
:020000040000fa
:020000040103f6
:043c8400f8f762ba31
:020000040000fa
:020000040103f6
:043c8800f8f760ba2f
:020000040000fa
:020000040103f6
:043c8c00dbf746bd5f
:020000040000fa
:020000040103f6
:043c9000fff7e2bf99
:020000040000fa
:020000040103f6
:043c94000020704755
:020000040000fa
:020000040103f6
:043c9800030c100009
:020000040000fa
:020000040103f6
:043c9c00130002000f
:020000040000fa
:020000040103f6
:043ca0000100ffff21
:020000040000fa
:020000040103f6
:043ca400fdf768b808
:020000040000fa
:020000040103f6
:043ca8000020704741
:020000040000fa
:020000040103f6
:043cac00002070473d
:020000040000fa
:020000040103f6
:043cb0000020704739
:020000040000fa
:020000040103f6
:043cb4000020704735
:020000040000fa
:020000040103f6
:043cb8000020704731
:020000040000fa
:020000040103f6
:043cbc00704700bf8e
:020000040000fa
:020000040103f6
:023cc000020000
:020000040000fa
:020000040103f6
:023cc200704749
:020000040000fa
:020000040103f6
:023cc400704747
:020000040000fa
:020000040103f6
:023cc600704745
:020000040000fa
:020000040103f6
:023cc800704743
:020000040000fa
:020000040103f6
:023cca00292ba4
:020000040000fa
:020000040103f6
:023ccc002a2ba1
:020000040000fa
:020000040103f6
:023cce00052ac5
:020000040000fa
:020000040103f6
:023cd0000500ed
:020000040000fa
:020000040103f6
:023cd2000500eb
:020000040000fa
:020000040103f6
:023cd4000500e9
:020000040000fa
:020000040103f6
:023cd6000100eb
:020000040000fa
:020000040103f6
:023cd8001000da
:020000040000fa
:020000040103f6
:023cda000200e6
:020000040000fa
:020000040103f6
:023cdc000400e2
:020000040000fa
:020000040103f6
:023cde000118cb
:020000040000fa
:020000040103f6
:023ce0000200e0
:020000040000fa
:020000040103f6
:023ce200704729
:020000040000fa
:020000040103f6
:023ce400704727
:020000040000fa
:020000040103f6
:023ce600704725
:00000001FF
